claim_id,answer_label,difficulty,hallucination_category,claim_text,rank,evidence_doc_id,evidence_score,evidence_text,nli_label,support_score,contradiction_score,unverifiable_score,clinical_risk_tier,severity_score,severity_level,nli_model
pqa_labeled_0_ground_truth_c1,not_hallucinated,medium,,"Results depicted mitochondrial dynamics in vivo as PCD progresses within the lace plant,",1,knowledge_0,0.5537151346106672,"Programmed cell death (PCD) is the regulated death of cells within an organism. The lace plant (Aponogeton madagascariensis) produces perforations in its leaves through PCD. The leaves of the plant consist of a latticework of longitudinal and transverse veins enclosing areoles. PCD occurs in the cells at the center of these areoles and progresses outwards, stopping approximately five cells from the vasculature. The role of mitochondria during PCD has been recognized in animals; however, it has been less studied during PCD in plants. The following paper elucidates the role of mitochondrial dynamics during developmentally regulated PCD in vivo in A. madagascariensis. A single areole within a window stage leaf (PCD is occurring) was divided into three areas based on the progression of PCD; cells that will not undergo PCD (NPCD), cells in early stages of PCD (EPCD), and cells in late stages of PCD (LPCD). Window stage leaves were stained with the mitochondrial dye MitoTracker Red CMXRos and examined. Mitochondrial dynamics were delineated into four categories (M1-M4) based on characteristics including distribution, motility, and membrane potential (ΔΨm). A TUNEL assay showed fragmented nDNA in a gradient over these mitochondrial stages. Chloroplasts and transvacuolar strands were also examined using live cell imaging. The possible importance of mitochondrial permeability transition pore (PTP) formation during PCD was indirectly examined via in vivo cyclosporine A (CsA) treatment. This treatment resulted in lace plant leaves with a significantly lower number of perforations compared to controls, and that displayed mitochondrial dynamics similar to that of non-PCD cells.",unverifiable,0.006947927176952362,0.0019408853258937597,0.9911112189292908,low,0.00038817706517875196,low,typeform/distilbert-base-uncased-mnli
pqa_labeled_0_ground_truth_c2,not_hallucinated,medium,,highlight the correlation of this organelle with other organelles during developmental PCD.,1,knowledge_0,0.4669020245841884,"Programmed cell death (PCD) is the regulated death of cells within an organism. The lace plant (Aponogeton madagascariensis) produces perforations in its leaves through PCD. The leaves of the plant consist of a latticework of longitudinal and transverse veins enclosing areoles. PCD occurs in the cells at the center of these areoles and progresses outwards, stopping approximately five cells from the vasculature. The role of mitochondria during PCD has been recognized in animals; however, it has been less studied during PCD in plants. The following paper elucidates the role of mitochondrial dynamics during developmentally regulated PCD in vivo in A. madagascariensis. A single areole within a window stage leaf (PCD is occurring) was divided into three areas based on the progression of PCD; cells that will not undergo PCD (NPCD), cells in early stages of PCD (EPCD), and cells in late stages of PCD (LPCD). Window stage leaves were stained with the mitochondrial dye MitoTracker Red CMXRos and examined. Mitochondrial dynamics were delineated into four categories (M1-M4) based on characteristics including distribution, motility, and membrane potential (ΔΨm). A TUNEL assay showed fragmented nDNA in a gradient over these mitochondrial stages. Chloroplasts and transvacuolar strands were also examined using live cell imaging. The possible importance of mitochondrial permeability transition pore (PTP) formation during PCD was indirectly examined via in vivo cyclosporine A (CsA) treatment. This treatment resulted in lace plant leaves with a significantly lower number of perforations compared to controls, and that displayed mitochondrial dynamics similar to that of non-PCD cells.",unverifiable,0.009345732629299164,0.0012767039006575942,0.9893775582313538,low,0.00025534078013151885,low,typeform/distilbert-base-uncased-mnli
pqa_labeled_0_ground_truth_c3,not_hallucinated,medium,,"To the best of our knowledge, this is the first report of mitochondria",1,knowledge_868,0.1627038995881119,"To examine gout patients' knowledge of their condition, including the central role of achieving and maintaining the serum urate (SU) goal with the use of urate-lowering therapy (ULT). This study of 612 gout patients was conducted at a Veterans Affairs medical center. Gout patients were included based on administrative diagnostic codes and receipt of at least 1 allopurinol prescription over a 1-year period. Questionnaires were mailed to patients and linked to medical records data. The questionnaire included gout-specific knowledge questions, the Patient Activation Measure, and self-reported health outcomes. Knowledge was assessed descriptively. Multivariable logistic regression was used to determine predictors of SU goal knowledge. Associations of knowledge with health outcomes were examined in exploratory analyses. The questionnaire had a 62% response rate. Only 14% of patients knew their SU goal, while the majority answered correctly for the other 5 gout-specific knowledge questions. In adjusted analyses, having a rheumatologist as initial prescriber (odds ratio [OR] 3.0 [95% confidence interval (95% CI) 1.4-6.2]) and knowing all of the other 5 gout-specific knowledge questions (OR 2.1 [95% CI 1.3-3.4]) were associated with greater odds of knowing the SU goal. SU goal knowledge was associated with self-reported global health status, but not with self-reported health-related quality of life or gout-specific health status.",contradicted,0.0006039097206667066,0.9827902317047119,0.016605814918875694,low,0.1965580463409424,low,typeform/distilbert-base-uncased-mnli
pqa_labeled_0_ground_truth_c4,not_hallucinated,medium,,chloroplasts moving on transvacuolar strands to form a ring structure surrounding the nucleus during developmental PCD.,1,knowledge_0,0.2804813964130038,"Programmed cell death (PCD) is the regulated death of cells within an organism. The lace plant (Aponogeton madagascariensis) produces perforations in its leaves through PCD. The leaves of the plant consist of a latticework of longitudinal and transverse veins enclosing areoles. PCD occurs in the cells at the center of these areoles and progresses outwards, stopping approximately five cells from the vasculature. The role of mitochondria during PCD has been recognized in animals; however, it has been less studied during PCD in plants. The following paper elucidates the role of mitochondrial dynamics during developmentally regulated PCD in vivo in A. madagascariensis. A single areole within a window stage leaf (PCD is occurring) was divided into three areas based on the progression of PCD; cells that will not undergo PCD (NPCD), cells in early stages of PCD (EPCD), and cells in late stages of PCD (LPCD). Window stage leaves were stained with the mitochondrial dye MitoTracker Red CMXRos and examined. Mitochondrial dynamics were delineated into four categories (M1-M4) based on characteristics including distribution, motility, and membrane potential (ΔΨm). A TUNEL assay showed fragmented nDNA in a gradient over these mitochondrial stages. Chloroplasts and transvacuolar strands were also examined using live cell imaging. The possible importance of mitochondrial permeability transition pore (PTP) formation during PCD was indirectly examined via in vivo cyclosporine A (CsA) treatment. This treatment resulted in lace plant leaves with a significantly lower number of perforations compared to controls, and that displayed mitochondrial dynamics similar to that of non-PCD cells.",unverifiable,0.0017188105266541243,0.0024524591863155365,0.9958286881446838,low,0.0004904918372631073,low,typeform/distilbert-base-uncased-mnli
pqa_labeled_0_ground_truth_c5,not_hallucinated,medium,,"Also, for the first time, we have shown the feasibility for the use of CsA in a whole plant system.",1,knowledge_450,0.2074059451577166,"To determine the effect of occupational exposure in a nuclear power plant in Griefswald, Germany on male and female fecundity. The frequency of men and women exposed to ionizing radiation through work in a nuclear power plant among 270 infertile couples was retrospectively compared to a control fertile population using a pair-matched analysis. The total cumulative equivalent radiation dose was determined. In addition, the spermiograms of the male partners in both groups were compared and correlated to the degree of exposure. No differences were noted in the frequency of nuclear power plant exposure between sterile and fertile groups. There was a higher rate of anomalous spermiograms in nuclear power plant workers. However, abnormalities were temporary. No correlation was found between the cumulative equivalent radiation dose and abnormal spermiograms.",unverifiable,0.0004679248668253422,0.0003356168745085597,0.999196469783783,low,6.712337490171194e-05,low,typeform/distilbert-base-uncased-mnli
pqa_labeled_0_ground_truth_c6,not_hallucinated,medium,,"Overall, our findings implicate the mitochondria as playing a critical",1,knowledge_472,0.0524488962433035,"The aim of this study was to analyse the results of infragenual arterial revascularisation using semiclosed endarterectomy of the superficial femoral artery combined with a short venous bypass in patients with critical leg ischemia and insufficient venous material for a straightforward femorocrural reconstruction. From December 1990 through December 1998 thirty patients were studied (22 males and 8 females; mean age 65 years, range 31-92 years). The mean follow-up was 26 months (range 1-96 months). Cumulative primary patency and limb salvage rates were calculated according to life-table analysis. The cumulative primary patency was 60.3% at 1 year and 48.4% at 3 years. The limb salvage rate was 68.6% at 1 and at 3 years.",unverifiable,0.09137389063835144,0.40894749760627747,0.49967870116233826,low,0.0817894995212555,low,typeform/distilbert-base-uncased-mnli
pqa_labeled_0_ground_truth_c7,not_hallucinated,medium,,early role in developmentally regulated PCD in the lace plant.,1,knowledge_0,0.4925976199830931,"Programmed cell death (PCD) is the regulated death of cells within an organism. The lace plant (Aponogeton madagascariensis) produces perforations in its leaves through PCD. The leaves of the plant consist of a latticework of longitudinal and transverse veins enclosing areoles. PCD occurs in the cells at the center of these areoles and progresses outwards, stopping approximately five cells from the vasculature. The role of mitochondria during PCD has been recognized in animals; however, it has been less studied during PCD in plants. The following paper elucidates the role of mitochondrial dynamics during developmentally regulated PCD in vivo in A. madagascariensis. A single areole within a window stage leaf (PCD is occurring) was divided into three areas based on the progression of PCD; cells that will not undergo PCD (NPCD), cells in early stages of PCD (EPCD), and cells in late stages of PCD (LPCD). Window stage leaves were stained with the mitochondrial dye MitoTracker Red CMXRos and examined. Mitochondrial dynamics were delineated into four categories (M1-M4) based on characteristics including distribution, motility, and membrane potential (ΔΨm). A TUNEL assay showed fragmented nDNA in a gradient over these mitochondrial stages. Chloroplasts and transvacuolar strands were also examined using live cell imaging. The possible importance of mitochondrial permeability transition pore (PTP) formation during PCD was indirectly examined via in vivo cyclosporine A (CsA) treatment. This treatment resulted in lace plant leaves with a significantly lower number of perforations compared to controls, and that displayed mitochondrial dynamics similar to that of non-PCD cells.",unverifiable,0.004972470924258232,0.002413972048088908,0.9926134347915649,low,0.0004827944096177817,low,typeform/distilbert-base-uncased-mnli
pqa_labeled_0_hallucinated_c1,hallucinated,medium,Mechanism and Pathway Misattribution,Mitochondria regulate the formation of perforations in lace plant leaves through the modulation of calcium channels,1,knowledge_0,0.2016295389066627,"Programmed cell death (PCD) is the regulated death of cells within an organism. The lace plant (Aponogeton madagascariensis) produces perforations in its leaves through PCD. The leaves of the plant consist of a latticework of longitudinal and transverse veins enclosing areoles. PCD occurs in the cells at the center of these areoles and progresses outwards, stopping approximately five cells from the vasculature. The role of mitochondria during PCD has been recognized in animals; however, it has been less studied during PCD in plants. The following paper elucidates the role of mitochondrial dynamics during developmentally regulated PCD in vivo in A. madagascariensis. A single areole within a window stage leaf (PCD is occurring) was divided into three areas based on the progression of PCD; cells that will not undergo PCD (NPCD), cells in early stages of PCD (EPCD), and cells in late stages of PCD (LPCD). Window stage leaves were stained with the mitochondrial dye MitoTracker Red CMXRos and examined. Mitochondrial dynamics were delineated into four categories (M1-M4) based on characteristics including distribution, motility, and membrane potential (ΔΨm). A TUNEL assay showed fragmented nDNA in a gradient over these mitochondrial stages. Chloroplasts and transvacuolar strands were also examined using live cell imaging. The possible importance of mitochondrial permeability transition pore (PTP) formation during PCD was indirectly examined via in vivo cyclosporine A (CsA) treatment. This treatment resulted in lace plant leaves with a significantly lower number of perforations compared to controls, and that displayed mitochondrial dynamics similar to that of non-PCD cells.",unverifiable,0.0013632585760205984,0.0016390320379287004,0.9969977140426636,low,0.0005572708928957581,low,typeform/distilbert-base-uncased-mnli
pqa_labeled_0_hallucinated_c2,hallucinated,medium,Mechanism and Pathway Misattribution,"by activating specific proteases that degrade cellular structures, facilitating the PCD process.",1,knowledge_0,0.3434430577055051,"Programmed cell death (PCD) is the regulated death of cells within an organism. The lace plant (Aponogeton madagascariensis) produces perforations in its leaves through PCD. The leaves of the plant consist of a latticework of longitudinal and transverse veins enclosing areoles. PCD occurs in the cells at the center of these areoles and progresses outwards, stopping approximately five cells from the vasculature. The role of mitochondria during PCD has been recognized in animals; however, it has been less studied during PCD in plants. The following paper elucidates the role of mitochondrial dynamics during developmentally regulated PCD in vivo in A. madagascariensis. A single areole within a window stage leaf (PCD is occurring) was divided into three areas based on the progression of PCD; cells that will not undergo PCD (NPCD), cells in early stages of PCD (EPCD), and cells in late stages of PCD (LPCD). Window stage leaves were stained with the mitochondrial dye MitoTracker Red CMXRos and examined. Mitochondrial dynamics were delineated into four categories (M1-M4) based on characteristics including distribution, motility, and membrane potential (ΔΨm). A TUNEL assay showed fragmented nDNA in a gradient over these mitochondrial stages. Chloroplasts and transvacuolar strands were also examined using live cell imaging. The possible importance of mitochondrial permeability transition pore (PTP) formation during PCD was indirectly examined via in vivo cyclosporine A (CsA) treatment. This treatment resulted in lace plant leaves with a significantly lower number of perforations compared to controls, and that displayed mitochondrial dynamics similar to that of non-PCD cells.",unverifiable,0.0007738607237115502,0.002942160237580538,0.9962839484214783,low,0.0010003344807773828,low,typeform/distilbert-base-uncased-mnli
pqa_labeled_1_ground_truth_c1,not_hallucinated,hard,,"Using the charts described, there was only a slight overestimation of visual acuity by the Snellen E compared to the Landolt C, even in strabismus amblyopia.",1,knowledge_1,0.5831322991881104,"Assessment of visual acuity depends on the optotypes used for measurement. The ability to recognize different optotypes differs even if their critical details appear under the same visual angle. Since optotypes are evaluated on individuals with good visual acuity and without eye disorders, differences in the lower visual acuity range cannot be excluded. In this study, visual acuity measured with the Snellen E was compared to the Landolt C acuity. 100 patients (age 8 - 90 years, median 60.5 years) with various eye disorders, among them 39 with amblyopia due to strabismus, and 13 healthy volunteers were tested. Charts with the Snellen E and the Landolt C (Precision Vision) which mimic the ETDRS charts were used to assess visual acuity. Three out of 5 optotypes per line had to be correctly identified, while wrong answers were monitored. In the group of patients, the eyes with the lower visual acuity, and the right eyes of the healthy subjects, were evaluated. Differences between Landolt C acuity (LR) and Snellen E acuity (SE) were small. The mean decimal values for LR and SE were 0.25 and 0.29 in the entire group and 0.14 and 0.16 for the eyes with strabismus amblyopia. The mean difference between LR and SE was 0.55 lines in the entire group and 0.55 lines for the eyes with strabismus amblyopia, with higher values of SE in both groups. The results of the other groups were similar with only small differences between LR and SE.",unverifiable,0.303771436214447,0.2252114713191986,0.4710170328617096,low,0.045042294263839724,low,typeform/distilbert-base-uncased-mnli
pqa_labeled_1_ground_truth_c2,not_hallucinated,hard,,Small differences in the lower visual acuity range have to be considered.,1,knowledge_1,0.5173409610766835,"Assessment of visual acuity depends on the optotypes used for measurement. The ability to recognize different optotypes differs even if their critical details appear under the same visual angle. Since optotypes are evaluated on individuals with good visual acuity and without eye disorders, differences in the lower visual acuity range cannot be excluded. In this study, visual acuity measured with the Snellen E was compared to the Landolt C acuity. 100 patients (age 8 - 90 years, median 60.5 years) with various eye disorders, among them 39 with amblyopia due to strabismus, and 13 healthy volunteers were tested. Charts with the Snellen E and the Landolt C (Precision Vision) which mimic the ETDRS charts were used to assess visual acuity. Three out of 5 optotypes per line had to be correctly identified, while wrong answers were monitored. In the group of patients, the eyes with the lower visual acuity, and the right eyes of the healthy subjects, were evaluated. Differences between Landolt C acuity (LR) and Snellen E acuity (SE) were small. The mean decimal values for LR and SE were 0.25 and 0.29 in the entire group and 0.14 and 0.16 for the eyes with strabismus amblyopia. The mean difference between LR and SE was 0.55 lines in the entire group and 0.55 lines for the eyes with strabismus amblyopia, with higher values of SE in both groups. The results of the other groups were similar with only small differences between LR and SE.",contradicted,0.024012666195631027,0.7122116088867188,0.2637757360935211,low,0.14244232177734376,low,typeform/distilbert-base-uncased-mnli
pqa_labeled_1_hallucinated_c1,hallucinated,hard,Incomplete Information,Patients with strabismus amblyopia showed a significant underestimation of visual acuity when assessed with the Landolt C chart compared to the Snellen E chart.,1,knowledge_1,0.4984533098708287,"Assessment of visual acuity depends on the optotypes used for measurement. The ability to recognize different optotypes differs even if their critical details appear under the same visual angle. Since optotypes are evaluated on individuals with good visual acuity and without eye disorders, differences in the lower visual acuity range cannot be excluded. In this study, visual acuity measured with the Snellen E was compared to the Landolt C acuity. 100 patients (age 8 - 90 years, median 60.5 years) with various eye disorders, among them 39 with amblyopia due to strabismus, and 13 healthy volunteers were tested. Charts with the Snellen E and the Landolt C (Precision Vision) which mimic the ETDRS charts were used to assess visual acuity. Three out of 5 optotypes per line had to be correctly identified, while wrong answers were monitored. In the group of patients, the eyes with the lower visual acuity, and the right eyes of the healthy subjects, were evaluated. Differences between Landolt C acuity (LR) and Snellen E acuity (SE) were small. The mean decimal values for LR and SE were 0.25 and 0.29 in the entire group and 0.14 and 0.16 for the eyes with strabismus amblyopia. The mean difference between LR and SE was 0.55 lines in the entire group and 0.55 lines for the eyes with strabismus amblyopia, with higher values of SE in both groups. The results of the other groups were similar with only small differences between LR and SE.",contradicted,0.015776267275214195,0.7433342933654785,0.24088947474956512,low,0.1635335445404053,low,typeform/distilbert-base-uncased-mnli
pqa_labeled_2_ground_truth_c1,not_hallucinated,hard,,"""Aquagenic maladies"" could be a pediatric form of the aquagenic urticaria.",1,knowledge_2,0.3559019132358544,"Apparent life-threatening events in infants are a difficult and frequent problem in pediatric practice. The prognosis is uncertain because of risk of sudden infant death syndrome. Eight infants aged 2 to 15 months were admitted during a period of 6 years; they suffered from similar maladies in the bath: on immersion, they became pale, hypotonic, still and unreactive; recovery took a few seconds after withdrawal from the bath and stimulation. Two diagnoses were initially considered: seizure or gastroesophageal reflux but this was doubtful. The hypothesis of an equivalent of aquagenic urticaria was then considered; as for patients with this disease, each infant's family contained members suffering from dermographism, maladies or eruption after exposure to water or sun. All six infants had dermographism. We found an increase in blood histamine levels after a trial bath in the two infants tested. The evolution of these ""aquagenic maladies"" was favourable after a few weeks without baths. After a 2-7 year follow-up, three out of seven infants continue to suffer from troubles associated with sun or water.",supported,0.9946432113647461,0.0012080500600859523,0.004148777574300766,low,0.00024161001201719048,low,typeform/distilbert-base-uncased-mnli
pqa_labeled_2_hallucinated_c1,hallucinated,hard,Misinterpretation of #Question#,Syncope during bathing in infants is a manifestation of water-induced vasodilation,1,knowledge_2,0.2437727444012961,"Apparent life-threatening events in infants are a difficult and frequent problem in pediatric practice. The prognosis is uncertain because of risk of sudden infant death syndrome. Eight infants aged 2 to 15 months were admitted during a period of 6 years; they suffered from similar maladies in the bath: on immersion, they became pale, hypotonic, still and unreactive; recovery took a few seconds after withdrawal from the bath and stimulation. Two diagnoses were initially considered: seizure or gastroesophageal reflux but this was doubtful. The hypothesis of an equivalent of aquagenic urticaria was then considered; as for patients with this disease, each infant's family contained members suffering from dermographism, maladies or eruption after exposure to water or sun. All six infants had dermographism. We found an increase in blood histamine levels after a trial bath in the two infants tested. The evolution of these ""aquagenic maladies"" was favourable after a few weeks without baths. After a 2-7 year follow-up, three out of seven infants continue to suffer from troubles associated with sun or water.",supported,0.9937545657157898,0.0015956555726006627,0.0046498822048306465,low,0.0004467835603281855,low,typeform/distilbert-base-uncased-mnli
pqa_labeled_2_hallucinated_c2,hallucinated,hard,Misinterpretation of #Question#,"hypovolemia, which can lead to transient circulatory collapse.",1,knowledge_618,0.0717706120294881,"The aim of this study was to evaluate the effectiveness of our surgical strategy for acute aortic dissection based on the extent of the dissection and the site of the entry, with special emphasis on resection of all dissected aortic segments if technically possible. Between January 1995 and March 2001, 43 consecutive patients underwent operations for acute aortic dissection. In all patients the distal repair was performed under circulatory arrest without the use of an aortic cross-clamp. Fifteen patients underwent aortic arch replacement with additional reconstruction of supra-aortic vessels in 3 patients. Complete replacement of all dissected tissue could be achieved in 21 patients (group 1). Because of the distal extent of the dissection beyond the aortic arch, replacement of all the dissected tissue was not possible in 22 patients (group 2). Early mortality was 4.7% (2 patients), and the incidence of perioperative cerebrovascular events was 7.0% (3 patients). All of these events occurred in group 2 (p<0.025). During the follow-up period of 6 years or less, 5 patients died, all from causes not related to the aorta or the aortic valve. A persisting patent false lumen was observed in 14 of the 36 surviving patients (39%).",supported,0.3826078474521637,0.26898208260536194,0.348410040140152,low,0.07531498312950134,low,typeform/distilbert-base-uncased-mnli
pqa_labeled_3_ground_truth_c1,not_hallucinated,easy,,Our long-term study showed significantly better (2-fold) results regarding the continence score for the abdominal approach compared with the transanal pull-through.,1,knowledge_3,0.3504367572776031,"The transanal endorectal pull-through (TERPT) is becoming the most popular procedure in the treatment of Hirschsprung disease (HD), but overstretching of the anal sphincters remains a critical issue that may impact the continence. This study examined the long-term outcome of TERPT versus conventional transabdominal (ABD) pull-through for HD. Records of 41 patients more than 3 years old who underwent a pull-through for HD (TERPT, n = 20; ABD, n = 21) were reviewed, and their families were thoroughly interviewed and scored via a 15-item post-pull-through long-term outcome questionnaire. Patients were operated on between the years 1995 and 2003. During this time, our group transitioned from the ABD to the TERPT technique. Total scoring ranged from 0 to 40: 0 to 10, excellent; 11 to 20 good; 21 to 30 fair; 31 to 40 poor. A 2-tailed Student t test, analysis of covariance, as well as logistic and linear regression were used to analyze the collected data with confidence interval higher than 95%. Overall scores were similar. However, continence score was significantly better in the ABD group, and the stool pattern score was better in the TERPT group. A significant difference in age at interview between the 2 groups was noted; we therefore reanalyzed the data controlling for age, and this showed that age did not significantly affect the long-term scoring outcome between groups.",supported,0.5303681492805481,0.4326797127723694,0.0369521826505661,low,0.08653594255447389,low,typeform/distilbert-base-uncased-mnli
pqa_labeled_3_ground_truth_c2,not_hallucinated,easy,,The stool pattern,1,knowledge_3,0.1016616917967184,"The transanal endorectal pull-through (TERPT) is becoming the most popular procedure in the treatment of Hirschsprung disease (HD), but overstretching of the anal sphincters remains a critical issue that may impact the continence. This study examined the long-term outcome of TERPT versus conventional transabdominal (ABD) pull-through for HD. Records of 41 patients more than 3 years old who underwent a pull-through for HD (TERPT, n = 20; ABD, n = 21) were reviewed, and their families were thoroughly interviewed and scored via a 15-item post-pull-through long-term outcome questionnaire. Patients were operated on between the years 1995 and 2003. During this time, our group transitioned from the ABD to the TERPT technique. Total scoring ranged from 0 to 40: 0 to 10, excellent; 11 to 20 good; 21 to 30 fair; 31 to 40 poor. A 2-tailed Student t test, analysis of covariance, as well as logistic and linear regression were used to analyze the collected data with confidence interval higher than 95%. Overall scores were similar. However, continence score was significantly better in the ABD group, and the stool pattern score was better in the TERPT group. A significant difference in age at interview between the 2 groups was noted; we therefore reanalyzed the data controlling for age, and this showed that age did not significantly affect the long-term scoring outcome between groups.",supported,0.9208279252052307,0.026856962591409683,0.05231507867574692,low,0.005371392518281937,low,typeform/distilbert-base-uncased-mnli
pqa_labeled_3_ground_truth_c3,not_hallucinated,easy,,enterocolitis scores were somewhat better for the TERPT group.,1,knowledge_3,0.3182890025574019,"The transanal endorectal pull-through (TERPT) is becoming the most popular procedure in the treatment of Hirschsprung disease (HD), but overstretching of the anal sphincters remains a critical issue that may impact the continence. This study examined the long-term outcome of TERPT versus conventional transabdominal (ABD) pull-through for HD. Records of 41 patients more than 3 years old who underwent a pull-through for HD (TERPT, n = 20; ABD, n = 21) were reviewed, and their families were thoroughly interviewed and scored via a 15-item post-pull-through long-term outcome questionnaire. Patients were operated on between the years 1995 and 2003. During this time, our group transitioned from the ABD to the TERPT technique. Total scoring ranged from 0 to 40: 0 to 10, excellent; 11 to 20 good; 21 to 30 fair; 31 to 40 poor. A 2-tailed Student t test, analysis of covariance, as well as logistic and linear regression were used to analyze the collected data with confidence interval higher than 95%. Overall scores were similar. However, continence score was significantly better in the ABD group, and the stool pattern score was better in the TERPT group. A significant difference in age at interview between the 2 groups was noted; we therefore reanalyzed the data controlling for age, and this showed that age did not significantly affect the long-term scoring outcome between groups.",supported,0.9671885371208191,0.015189695172011852,0.017621809616684914,low,0.0030379390344023706,low,typeform/distilbert-base-uncased-mnli
pqa_labeled_3_ground_truth_c4,not_hallucinated,easy,,"These findings raise an important issue about the current surgical management of HD; however, more cases will need to be studied before a definitive conclusion can be drawn.",1,knowledge_244,0.19806213346233,"The etiology of hemodialysis (HD)-induced hypotension and hypertension remains speculative. There is mounting evidence that endothelin-1 (ET-1) may play a vital role in these hemodynamic changes. We examined the possible role of intradialytic changes of ET-1 in the pathogenesis of hypotension and rebound hypertension during HD. The present study included 45 patients with end-stage renal disease (ESRD) on regular HD. They were divided according to their hemodynamic status during HD into three groups (group I had stable intradialytic hemodynamics, group II had dialysis-induced hypotension, and group III had rebound hypertension during HD). In addition, 15 healthy volunteers were included as a control group. Pulse and blood pressure were monitored before, during (every half hour), and after HD session. ET-1 level was measured at the beginning, middle, and end of HD. ET-1 was measured in the control group for comparison. Pre-dialysis levels of ET-1 were significantly higher in dialysis patients compared to the controls (P<0.001); however, they were comparable in the three HD groups. The post-dialysis ET-1 level was not changed significantly in group I compared with predialysis values (14.49 +/- 2.04 vs. 14.33 +/- 2.23 pg/ml; P = NS), while the ET-1 concentration decreased significantly in group II and increased in group III in comparison to predialysis values (8.56 +/- 1.44 vs. 11.75 +/- 2.51; 16.39 +/- 3.12 vs. 11.93 +/- 2.11 pg/ml, respectively; P<0.001).",unverifiable,0.00663128262385726,0.45380643010139465,0.5395623445510864,low,0.09076128602027894,low,typeform/distilbert-base-uncased-mnli
pqa_labeled_3_hallucinated_c1,hallucinated,easy,Misinterpretation of #Question#,transabdominal pull-through procedures yield comparable long-term outcomes for continence,1,knowledge_3,0.3259666274195379,"The transanal endorectal pull-through (TERPT) is becoming the most popular procedure in the treatment of Hirschsprung disease (HD), but overstretching of the anal sphincters remains a critical issue that may impact the continence. This study examined the long-term outcome of TERPT versus conventional transabdominal (ABD) pull-through for HD. Records of 41 patients more than 3 years old who underwent a pull-through for HD (TERPT, n = 20; ABD, n = 21) were reviewed, and their families were thoroughly interviewed and scored via a 15-item post-pull-through long-term outcome questionnaire. Patients were operated on between the years 1995 and 2003. During this time, our group transitioned from the ABD to the TERPT technique. Total scoring ranged from 0 to 40: 0 to 10, excellent; 11 to 20 good; 21 to 30 fair; 31 to 40 poor. A 2-tailed Student t test, analysis of covariance, as well as logistic and linear regression were used to analyze the collected data with confidence interval higher than 95%. Overall scores were similar. However, continence score was significantly better in the ABD group, and the stool pattern score was better in the TERPT group. A significant difference in age at interview between the 2 groups was noted; we therefore reanalyzed the data controlling for age, and this showed that age did not significantly affect the long-term scoring outcome between groups.",supported,0.6312184929847717,0.24100759625434875,0.12777391076087952,low,0.06748212695121765,low,typeform/distilbert-base-uncased-mnli
pqa_labeled_3_hallucinated_c2,hallucinated,easy,Misinterpretation of #Question#,transabdominal shows slightly higher risk of postoperative enterocolitis.,1,knowledge_414,0.0893980998898876,"Studies on coronary risk factors in men and women are mainly based on mortality data and few compare results of both sexes with consistent study design and diagnostic criteria. This study assesses the major risk factors for coronary events in men and women from the Reykjavik Study. Within a prospective, population-based cohort study individuals without history of myocardial infarction were identified and the relative risk of baseline variables was assessed in relation to verified myocardial infarction or coronary death during follow-up. Of the 9681 women and 8888 men who attended risk assessment from 1967-1991, with follow-up period of up to 28 years, 706 women and 1700 men suffered a non-fatal myocardial infarction or coronary death. Serum cholesterol was a significant risk factor for both sexes, with hazard ratios (HR) decreasing with age. Systolic blood pressure was a stronger risk factor for women as was ECG-confirmed left ventricular hypertrophy (women HR 2.89, 95% confidence interval [CI] 1.67-5.01; men HR 1.11 [CI 0.86-1.43]). Fasting blood glucose>or =6.7 mmol/L identified significantly higher risk for women (HR 2.65) than men (HR 2.08) as did self-reported diabetes. Triglyceride risk was significantly higher for women and decreased significantly with age. Smoking increased risk two- to five-fold, increasing with dose, for women, which was significantly higher than the doubling in risk for men.",unverifiable,0.0012426748871803284,0.00434280838817358,0.9944144487380981,medium,0.002127976110205054,low,typeform/distilbert-base-uncased-mnli
pqa_labeled_4_ground_truth_c1,not_hallucinated,hard,,The effects of the intervention were most pronounced after the first intervention.,1,knowledge_913,0.2315929157864155,"To study whether exercise during pregnancy reduces the risk of postnatal depression. Randomized controlled trial. Trondheim and Stavanger University Hospitals, Norway. Eight hundred and fifty-five pregnant women were randomized to intervention or control groups. The intervention was a 12 week exercise program, including aerobic and strengthening exercises, conducted between week 20 and 36 of pregnancy. One weekly group session was led by physiotherapists, and home exercises were encouraged twice a week. Control women received regular antenatal care. Edinburgh Postnatal Depression Scale (EPDS) completed three months after birth. Scores of 10 or more and 13 or more suggested probable minor and major depression, respectively. Fourteen of 379 (3.7%) women in the intervention group and 17 of 340 (5.0%) in the control group had an EPDS score of ≥10 (p=0.46), and four of 379 (1.2%) women in the intervention group and eight of 340 (2.4%) in the control group had an EPDS score of ≥13 (p=0.25). Among women who did not exercise prior to pregnancy, two of 100 (2.0%) women in the intervention group and nine of 95 (9.5%) in the control group had an EPDS score of ≥10 (p=0.03).",contradicted,0.008972074836492538,0.9111201167106628,0.0799078494310379,low,0.18222402334213259,low,typeform/distilbert-base-uncased-mnli
pqa_labeled_4_ground_truth_c2,not_hallucinated,hard,,"Compared to usual care, telephone counseling seemed particularly effective at promoting change among nonadherent women, the group for whom the intervention was developed.",1,knowledge_4,0.4896493257765744,"Telephone counseling and tailored print communications have emerged as promising methods for promoting mammography screening. However, there has been little research testing, within the same randomized field trial, of the efficacy of these two methods compared to a high-quality usual care system for enhancing screening. This study addressed the question: Compared to usual care, is tailored telephone counseling more effective than tailored print materials for promoting mammography screening? Three-year randomized field trial. One thousand ninety-nine women aged 50 and older recruited from a health maintenance organization in North Carolina. Women were randomized to 1 of 3 groups: (1) usual care, (2) tailored print communications, and (3) tailored telephone counseling. Adherence to mammography screening based on self-reports obtained during 1995, 1996, and 1997. Compared to usual care alone, telephone counseling promoted a significantly higher proportion of women having mammograms on schedule (71% vs 61%) than did tailored print (67% vs 61%) but only after the first year of intervention (during 1996). Furthermore, compared to usual care, telephone counseling was more effective than tailored print materials at promoting being on schedule with screening during 1996 and 1997 among women who were off-schedule during the previous year.",supported,0.9788472056388855,0.002134309383109212,0.01901843771338463,low,0.0004268618766218424,low,typeform/distilbert-base-uncased-mnli
pqa_labeled_4_ground_truth_c3,not_hallucinated,hard,,"These results suggest that telephone counseling, rather than tailored print, might be the preferred first-line intervention for getting nonadherent women on schedule for mammography screening.",1,knowledge_4,0.6635392141753477,"Telephone counseling and tailored print communications have emerged as promising methods for promoting mammography screening. However, there has been little research testing, within the same randomized field trial, of the efficacy of these two methods compared to a high-quality usual care system for enhancing screening. This study addressed the question: Compared to usual care, is tailored telephone counseling more effective than tailored print materials for promoting mammography screening? Three-year randomized field trial. One thousand ninety-nine women aged 50 and older recruited from a health maintenance organization in North Carolina. Women were randomized to 1 of 3 groups: (1) usual care, (2) tailored print communications, and (3) tailored telephone counseling. Adherence to mammography screening based on self-reports obtained during 1995, 1996, and 1997. Compared to usual care alone, telephone counseling promoted a significantly higher proportion of women having mammograms on schedule (71% vs 61%) than did tailored print (67% vs 61%) but only after the first year of intervention (during 1996). Furthermore, compared to usual care, telephone counseling was more effective than tailored print materials at promoting being on schedule with screening during 1996 and 1997 among women who were off-schedule during the previous year.",supported,0.9808837175369263,0.004303404130041599,0.014812828972935677,medium,0.0015061914455145597,low,typeform/distilbert-base-uncased-mnli
pqa_labeled_4_ground_truth_c4,not_hallucinated,hard,,Many questions would have to be answered about why the tailored print intervention was not more powerful.,1,knowledge_4,0.3970249036294676,"Telephone counseling and tailored print communications have emerged as promising methods for promoting mammography screening. However, there has been little research testing, within the same randomized field trial, of the efficacy of these two methods compared to a high-quality usual care system for enhancing screening. This study addressed the question: Compared to usual care, is tailored telephone counseling more effective than tailored print materials for promoting mammography screening? Three-year randomized field trial. One thousand ninety-nine women aged 50 and older recruited from a health maintenance organization in North Carolina. Women were randomized to 1 of 3 groups: (1) usual care, (2) tailored print communications, and (3) tailored telephone counseling. Adherence to mammography screening based on self-reports obtained during 1995, 1996, and 1997. Compared to usual care alone, telephone counseling promoted a significantly higher proportion of women having mammograms on schedule (71% vs 61%) than did tailored print (67% vs 61%) but only after the first year of intervention (during 1996). Furthermore, compared to usual care, telephone counseling was more effective than tailored print materials at promoting being on schedule with screening during 1996 and 1997 among women who were off-schedule during the previous year.",unverifiable,0.052851904183626175,0.002352110343053937,0.9447959661483765,low,0.0004704220686107874,low,typeform/distilbert-base-uncased-mnli
pqa_labeled_4_ground_truth_c5,not_hallucinated,hard,,"Nevertheless, it is clear that additional interventions will be needed to maintain women's adherence to mammography.",1,knowledge_37,0.1947246736985081,"To compare adherence to follow-up recommendations for colposcopy or repeated Papanicolaou (Pap) smears for women with previously abnormal Pap smear results. Retrospective cohort study. Three northern California family planning clinics. All women with abnormal Pap smear results referred for initial colposcopy and a random sample of those referred for repeated Pap smear. Medical records were located and reviewed for 90 of 107 women referred for colposcopy and 153 of 225 women referred for repeated Pap smears. Routine clinic protocols for follow-up--telephone call, letter, or certified letter--were applied without regard to the type of abnormality seen on a Pap smear or recommended examination. Documented adherence to follow-up within 8 months of an abnormal result. Attempts to contact the patients for follow-up, adherence to follow-up recommendations, and patient characteristics were abstracted from medical records. The probability of adherence to follow-up vs the number of follow-up attempts was modeled with survival analysis. Cox proportional hazards models were used to examine multivariate relationships related to adherence. The rate of overall adherence to follow-up recommendations was 56.0% (136/243). Adherence to a second colposcopy was not significantly different from that to a repeated Pap smear (odds ratio, 1.40; 95% confidence interval, 0.80-2.46). The use of as many as 3 patient reminders substantially improved adherence to follow-up. Women without insurance and women attending 1 of the 3 clinics were less likely to adhere to any follow-up recommendation (hazard ratio for no insurance, 0.43 [95% confidence interval, 0.20-0.93], and for clinic, 0.35 [95% confidence interval, 0.15-0.73]).",unverifiable,0.0005003660917282104,0.0007961044320836663,0.9987034797668457,low,0.00015922088641673326,low,typeform/distilbert-base-uncased-mnli
pqa_labeled_4_ground_truth_c6,not_hallucinated,hard,,"Medical Subject Headings (MeSH): mammography screening, telephone counseling, tailored print communications, barriers.",1,knowledge_4,0.6483335371835945,"Telephone counseling and tailored print communications have emerged as promising methods for promoting mammography screening. However, there has been little research testing, within the same randomized field trial, of the efficacy of these two methods compared to a high-quality usual care system for enhancing screening. This study addressed the question: Compared to usual care, is tailored telephone counseling more effective than tailored print materials for promoting mammography screening? Three-year randomized field trial. One thousand ninety-nine women aged 50 and older recruited from a health maintenance organization in North Carolina. Women were randomized to 1 of 3 groups: (1) usual care, (2) tailored print communications, and (3) tailored telephone counseling. Adherence to mammography screening based on self-reports obtained during 1995, 1996, and 1997. Compared to usual care alone, telephone counseling promoted a significantly higher proportion of women having mammograms on schedule (71% vs 61%) than did tailored print (67% vs 61%) but only after the first year of intervention (during 1996). Furthermore, compared to usual care, telephone counseling was more effective than tailored print materials at promoting being on schedule with screening during 1996 and 1997 among women who were off-schedule during the previous year.",supported,0.9792732000350952,0.0025515356101095676,0.018175289034843445,medium,0.0008930374635383486,low,typeform/distilbert-base-uncased-mnli
pqa_labeled_4_hallucinated_c1,hallucinated,hard,Incomplete Information,Tailored text messages were found to be as effective as tailored print communications in increasing mammography use among HMO women.,1,knowledge_4,0.5295789098209089,"Telephone counseling and tailored print communications have emerged as promising methods for promoting mammography screening. However, there has been little research testing, within the same randomized field trial, of the efficacy of these two methods compared to a high-quality usual care system for enhancing screening. This study addressed the question: Compared to usual care, is tailored telephone counseling more effective than tailored print materials for promoting mammography screening? Three-year randomized field trial. One thousand ninety-nine women aged 50 and older recruited from a health maintenance organization in North Carolina. Women were randomized to 1 of 3 groups: (1) usual care, (2) tailored print communications, and (3) tailored telephone counseling. Adherence to mammography screening based on self-reports obtained during 1995, 1996, and 1997. Compared to usual care alone, telephone counseling promoted a significantly higher proportion of women having mammograms on schedule (71% vs 61%) than did tailored print (67% vs 61%) but only after the first year of intervention (during 1996). Furthermore, compared to usual care, telephone counseling was more effective than tailored print materials at promoting being on schedule with screening during 1996 and 1997 among women who were off-schedule during the previous year.",supported,0.9740274548530579,0.003780647413805127,0.022191837430000305,low,0.0008317424310371282,low,typeform/distilbert-base-uncased-mnli
pqa_labeled_5_ground_truth_c1,not_hallucinated,medium,,DBE appears to be equally safe,1,knowledge_5,0.3306115912360499,"From March 2007 to January 2011, 88 DBE procedures were performed on 66 patients. Indications included evaluation anemia/gastrointestinal bleed, small bowel IBD and dilation of strictures. Video-capsule endoscopy (VCE) was used prior to DBE in 43 of the 66 patients prior to DBE evaluation. The mean age was 62 years. Thirty-two patients were female, 15 were African-American; 44 antegrade and 44 retrograde DBEs were performed. The mean time per antegrade DBE was 107.4±30.0 minutes with a distance of 318.4±152.9 cm reached past the pylorus. The mean time per lower DBE was 100.7±27.3 minutes with 168.9±109.1 cm meters past the ileocecal valve reached. Endoscopic therapy in the form of electrocautery to ablate bleeding sources was performed in 20 patients (30.3%), biopsy in 17 patients (25.8%) and dilation of Crohn's-related small bowel strictures in 4 (6.1%). 43 VCEs with pathology noted were performed prior to DBE, with findings endoscopically confirmed in 32 cases (74.4%). In 3 cases the DBE showed findings not noted on VCE.",unverifiable,0.00047273762174881995,0.002383188344538212,0.9971440434455872,low,0.0004766376689076424,low,typeform/distilbert-base-uncased-mnli
pqa_labeled_5_ground_truth_c2,not_hallucinated,medium,,"effective when performed in the community setting as compared to a tertiary referral center with a comparable yield, efficacy,",1,knowledge_788,0.1161928868821744,"The use of the private sector for health care is increasing, but it is unclear whether this will reduce demand on the NHS. The aim of this study was to examine the relationship between private and NHS outpatient referral rates accounting for their association with deprivation. This is a prospective survey of general practitioner referrals to private and NHS consultant-led services between 1 January and 31 December 2001 from 10 general practices in the Trent Focus Collaborative Research Network, United Kingdom. Patient referrals were aggregated to give private and NHS referral rates for each electoral ward in each practice. Of 17,137 referrals, 90.4 percent (15,495) were to the NHS and 9.6 percent (1642) to the private sector. Private referral rates were lower in patients from the most deprived fifth of wards compared with the least deprived fifth (rate ratio 0.25, 95 percent CI 0.15 to 0.41, p<0.001), whereas NHS referral rates were slightly higher in patients in the most deprived fifth of wards (rate ratio 1.18, 95 percent CI 0.98 to 1.42, p = 0.08) both after age standardisation and adjustment for practice. The NHS referral rate was significantly higher (rate ratio 1.40, 95 percent CI 1.15 to 1.71, p = 0.001) in wards with private referral rates in the top fifth compared with the bottom fifth after adjustment for deprivation and practice.",unverifiable,0.008214272558689117,0.01626734808087349,0.9755183458328247,low,0.0032534696161746982,low,typeform/distilbert-base-uncased-mnli
pqa_labeled_5_hallucinated_c1,hallucinated,medium,Misinterpretation of #Question#,DBE shows slightly higher complication rates in the community setting due to less experienced staff performing the procedure.,1,knowledge_5,0.2319502621433459,"From March 2007 to January 2011, 88 DBE procedures were performed on 66 patients. Indications included evaluation anemia/gastrointestinal bleed, small bowel IBD and dilation of strictures. Video-capsule endoscopy (VCE) was used prior to DBE in 43 of the 66 patients prior to DBE evaluation. The mean age was 62 years. Thirty-two patients were female, 15 were African-American; 44 antegrade and 44 retrograde DBEs were performed. The mean time per antegrade DBE was 107.4±30.0 minutes with a distance of 318.4±152.9 cm reached past the pylorus. The mean time per lower DBE was 100.7±27.3 minutes with 168.9±109.1 cm meters past the ileocecal valve reached. Endoscopic therapy in the form of electrocautery to ablate bleeding sources was performed in 20 patients (30.3%), biopsy in 17 patients (25.8%) and dilation of Crohn's-related small bowel strictures in 4 (6.1%). 43 VCEs with pathology noted were performed prior to DBE, with findings endoscopically confirmed in 32 cases (74.4%). In 3 cases the DBE showed findings not noted on VCE.",unverifiable,0.00024198229948524386,0.0004531508020590991,0.9993048906326294,low,0.00012688222457654774,low,typeform/distilbert-base-uncased-mnli
pqa_labeled_6_ground_truth_c1,not_hallucinated,easy,,"Emergency laparotomy carries a high rate of mortality, especially in those over the age of 70 years,",1,knowledge_6,0.4133704851719783,"Emergency surgery is associated with poorer outcomes and higher mortality with recent studies suggesting the 30-day mortality to be 14-15%. The aim of this study was to analyse the 30-day mortality, age-related 30-day mortality and 1-year mortality following emergency laparotomy. We hope this will encourage prospective data collection, improvement of care and initiate strategies to establish best practice in this area. This was a retrospective study of patients who underwent emergency laparotomy from June 2010 to May 2012. The primary end point of the study was 30-day mortality, age-related 30-day mortality and 1-year all-cause mortality. 477 laparotomies were performed in 446 patients. 57% were aged<70 and 43% aged>70 years. 30-day mortality was 12, 4% in those aged<70 years and 22% in those>70 years (p<0.001). 1-year mortality was 25, 15% in those aged under 70 years and 38% in those aged>70 years (p<0.001).",supported,0.9953698515892029,0.0015083294128999114,0.0031217550858855247,high,0.0007541647064499557,low,typeform/distilbert-base-uncased-mnli
pqa_labeled_6_ground_truth_c2,not_hallucinated,easy,,"more needs to be done to improve outcomes, particularly in this group.",1,knowledge_684,0.2601432799995183,"The increasingly older population confronts oncologists with an imposing challenge: older cancer patients have specific healthcare needs both independent of and associated with the diagnosis of cancer. The aim of the present study is to examine whether elderly versus younger cancer patients have different needs with respect to attendance, treatment and information. This is an observational and cross-sectional study. Cancer patients aged 35 to 82 years were consecutively interviewed. The group was divided into two subgroups aged ≤65 and ≥66 years old. The Needs Evaluation Questionnaire (NEQ) was used to assess patients' needs and demographic variables were collected. Data analysis was carried out by means of cross-tabulation analyses and the chi-square test. The requests most frequently expressed by the older group concerned financial-insurance information (73.9%), the need to talk to people with the same illness (71.7%), the need to receive more comprehensible information from doctors and nurses (71.7%), and the need for a better dialogue with clinicians (69.6%). Few significant differences between the two age subgroups were found, with the exception of issues such as the need for intimacy and support.",supported,0.987149178981781,0.0010636369697749615,0.011787100695073605,low,0.0002127273939549923,low,typeform/distilbert-base-uncased-mnli
pqa_labeled_6_ground_truth_c3,not_hallucinated,easy,,"This could involve increasing acute surgical care manpower, early recognition of patients requiring emergency surgery, development of clear management protocols for such patients or perhaps even considering centralisation of emergency surgical services to specialist centres with multidisciplinary teams involving emergency surgeons",1,knowledge_399,0.1502957016118853,"There are few data concerning emergency double-balloon enteroscopy (DBE) and its usefulness in the management of severe acute obscure gastrointestinal bleeding (OGIB). The aim of this retrospective study was to evaluate emergency DBE and capsule endoscopy (CE) in patients with overt OGIB, analyzing the feasibility of this combined approach. Emergency DBE in patients with overt OGIB was defined as performance within 24 h of symptom onset. We reported 27 patients (16 men, mean age: 64.6 ± 17.9 years) with overt severe bleeding who underwent 29 emergency DBE (22 anterograde, 7 retrograde). Of 27 patients, 16 (59.3%) underwent CE with real time (RT) viewing. Patients were diagnosed with the following: Dieulafoy's lesion (DL; n = 11, 40.7%), angioectasia (n = 7, 25.9%), tumors (n = 4, 14.8%), diverticulum (n = 3, 11.1%), ulcers (n = 2, 7.4%). We diagnosed 23 lesions amenable to endoscopic hemostasis and successfully treated 21 of them (77.8%). DL detection rate was statistically higher in the emergency DBE group than in OGIB patients with DBE done 24 h after symptom onset (40.7% vs 0.9%, respectively, P < 0.001). Combined approach with RT viewing by CE correctly modified DBE management in four patients (25%).",supported,0.9376880526542664,0.009460266679525375,0.052851662039756775,high,0.004730133339762688,low,typeform/distilbert-base-uncased-mnli
pqa_labeled_6_ground_truth_c4,not_hallucinated,easy,,care of the elderly physicians in hospital,1,knowledge_559,0.2517226909048865,"To explore expressed needs, both formal and informal, of family caregivers of frail elderly. To evaluate roles of physicians. Questionnaire survey of members of the Montreal Jewish community providing care for frail elderly family members. Jewish community of Montreal. Volunteer caregivers who were caring for a family member or friend 60 years or older, who had greatest responsibility for providing physical or emotional support to an elderly person, who saw themselves as caregivers, and who could speak English or French were studied. Of 118 volunteers, 32 were excluded because they withdrew for personal reasons or because they did not meet study criteria. Demographic variables, functional status of the care receiver, use of home care services, and needs assessment to identify additional services. An average of 75.4% respondents did not use formal support services. Just under half of caregivers were dissatisfied with the attention they received from the health care system, and more than one third expressed feelings of stress, depression, guilt, and isolation.",unverifiable,0.0011073730420321226,0.03790530189871788,0.960987389087677,low,0.007581060379743577,low,typeform/distilbert-base-uncased-mnli
pqa_labeled_6_ground_truth_c5,not_hallucinated,easy,,related community outreach services for post-discharge care.,1,knowledge_431,0.3296349739862312,"To evaluate the effectiveness of the role of a discharge coordinator whose sole responsibility was to plan and coordinate the discharge of patients from medical wards. An intervention study in which the quality of discharge planning was assessed before and after the introduction of a discharge coordinator. Patients were interviewed on the ward before discharge and seven to 10 days after being discharged home. The three medical wards at the Homerton Hospital in Hackney, East London. 600 randomly sampled adult patients admitted to the medical wards of the study hospital, who were resident in the district (but not in institutions), were under the care of physicians (excluding psychiatry), and were discharged home from one of the medical wards. The sampling was conducted in three study phases, over 18 months. Phase I comprised base line data collection; in phase II data were collected after the introduction of the district discharge planning policy and a discharge form (checklist) for all patients; in phase III data were collected after the introduction of the discharge coordinator. The quality and out come of discharge planning. Readmission rates, duration of stay, appropriateness of days of care, patients' health and satisfaction, problems after discharge, and receipt of services. The discharge coordinator resulted in an improved discharge planning process, and there was a reduction in problems experienced by patients after discharge, and in perceived need for medical and healthcare services. There was no evidence that the discharge coordinator resulted in a more timely or effective provision of community services after discharge, or that the appropriateness or efficiency of bed use was improved.",unverifiable,0.2480883151292801,0.28768685460090637,0.46422484517097473,low,0.057537370920181276,low,typeform/distilbert-base-uncased-mnli
pqa_labeled_6_hallucinated_c1,hallucinated,easy,Misinterpretation of #Question#,"lack of adequate immunomodulatory support significantly contribute to high mortality rates in patients undergoing emergency laparotomy, particularly among those over 70 years old.",1,knowledge_6,0.3249807033959902,"Emergency surgery is associated with poorer outcomes and higher mortality with recent studies suggesting the 30-day mortality to be 14-15%. The aim of this study was to analyse the 30-day mortality, age-related 30-day mortality and 1-year mortality following emergency laparotomy. We hope this will encourage prospective data collection, improvement of care and initiate strategies to establish best practice in this area. This was a retrospective study of patients who underwent emergency laparotomy from June 2010 to May 2012. The primary end point of the study was 30-day mortality, age-related 30-day mortality and 1-year all-cause mortality. 477 laparotomies were performed in 446 patients. 57% were aged<70 and 43% aged>70 years. 30-day mortality was 12, 4% in those aged<70 years and 22% in those>70 years (p<0.001). 1-year mortality was 25, 15% in those aged under 70 years and 38% in those aged>70 years (p<0.001).",supported,0.9939735531806946,0.0023796840105205774,0.003646839875727892,high,0.0016657788073644042,low,typeform/distilbert-base-uncased-mnli
pqa_labeled_6_hallucinated_c2,hallucinated,easy,Misinterpretation of #Question#,Studies suggest that implementing comprehensive preoperative nutritional assessment,1,knowledge_536,0.20808819781459,"It is widely accepted that exemplary surgical care involves a surgeon's involvement in the preoperative, perioperative, and postoperative periods. In an era of ever-expanding therapeutic modalities available to the vascular surgeon, it is important that trainees gain experience in preoperative decision-making and how this affects a patient's operative and postoperative course. The purpose of this study was to define the current experience of residents on a vascular surgery service regarding the continuity of care they are able to provide for patients and the factors affecting this experience. This prospective cohort study was approved by the Institutional Review Board and conducted at the University of British Columbia during January 2005. All patients who underwent a vascular procedure at either of the two teaching hospitals were included. In addition to type of case (emergent, outpatient, inpatient), resident demographic data and involvement in each patient's care (preoperative assessment, postoperative daily assessment, and follow-up clinic assessment) were recorded. Categoric data were analyzed with the chi2 test. The study included 159 cases, of which 65% were elective same-day admission patients, 20% were elective previously admitted patients; and 15% were emergent. The overall rate of preoperative assessment was 67%, involvement in the decision to operate, 17%; postoperative assessment on the ward, 79%; and patient follow-up in clinic, 3%. The rate of complete in-hospital continuity of care (assessing patient pre-op and post-op) was 57%. Emergent cases were associated with a significantly higher rate of preoperative assessment (92% vs 63%, P<.05). For elective cases admitted before the day of surgery compared with same-day admission patients, the rates of preoperative assessment (78% vs 58%, P<.05) and involvement in the decision to operate (16% vs 4%, P<.05) were significantly higher.",unverifiable,0.09640035778284073,0.32574060559272766,0.577859103679657,low,0.09120736956596374,low,typeform/distilbert-base-uncased-mnli
pqa_labeled_6_hallucinated_c3,hallucinated,easy,Misinterpretation of #Question#,perioperative immunomodulation can markedly reduce 30-day mortality rates to around 10%.,1,knowledge_6,0.3139352262106291,"Emergency surgery is associated with poorer outcomes and higher mortality with recent studies suggesting the 30-day mortality to be 14-15%. The aim of this study was to analyse the 30-day mortality, age-related 30-day mortality and 1-year mortality following emergency laparotomy. We hope this will encourage prospective data collection, improvement of care and initiate strategies to establish best practice in this area. This was a retrospective study of patients who underwent emergency laparotomy from June 2010 to May 2012. The primary end point of the study was 30-day mortality, age-related 30-day mortality and 1-year all-cause mortality. 477 laparotomies were performed in 446 patients. 57% were aged<70 and 43% aged>70 years. 30-day mortality was 12, 4% in those aged<70 years and 22% in those>70 years (p<0.001). 1-year mortality was 25, 15% in those aged under 70 years and 38% in those aged>70 years (p<0.001).",supported,0.9928300976753235,0.0034998829942196608,0.0036700572818517685,high,0.0024499180959537624,low,typeform/distilbert-base-uncased-mnli
pqa_labeled_7_ground_truth_c1,not_hallucinated,hard,,Sleep disorders are common in the general adult population of Japan.,1,knowledge_7,0.2437701063862867,"Anchoring vignettes are brief texts describing a hypothetical character who illustrates a certain fixed level of a trait under evaluation. This research uses vignettes to elucidate factors associated with sleep disorders in adult Japanese before and after adjustment for reporting heterogeneity in self-reports. This study also evaluates the need for adjusting for reporting heterogeneity in the management of sleep and energy related problems in Japan. We investigated a dataset of 1002 respondents aged 18 years and over from the Japanese World Health Survey, which collected information through face-to-face interview from 2002 to 2003. The ordered probit model and the Compound Hierarchical Ordered Probit (CHOPIT) model, which incorporated anchoring vignettes, were employed to estimate and compare associations of sleep and energy with socio-demographic and life-style factors before and after adjustment for differences in response category cut-points for each individual. The prevalence of self-reported problems with sleep and energy was 53 %. Without correction of cut-point shifts, age, sex, and the number of comorbidities were significantly associated with a greater severity of sleep-related problems. After correction, age, the number of comorbidities, and regular exercise were significantly associated with a greater severity of sleep-related problems; sex was no longer a significant factor. Compared to the ordered probit model, the CHOPIT model provided two changes with a subtle difference in the magnitude of regression coefficients after correction for reporting heterogeneity.",unverifiable,0.01612277328968048,0.0007179356180131435,0.9831593036651611,low,0.0001435871236026287,low,typeform/distilbert-base-uncased-mnli
pqa_labeled_7_ground_truth_c2,not_hallucinated,hard,,Correction for reporting heterogeneity using anchoring vignettes is not a necessary tool for proper management of sleep,1,knowledge_7,0.4595878086321257,"Anchoring vignettes are brief texts describing a hypothetical character who illustrates a certain fixed level of a trait under evaluation. This research uses vignettes to elucidate factors associated with sleep disorders in adult Japanese before and after adjustment for reporting heterogeneity in self-reports. This study also evaluates the need for adjusting for reporting heterogeneity in the management of sleep and energy related problems in Japan. We investigated a dataset of 1002 respondents aged 18 years and over from the Japanese World Health Survey, which collected information through face-to-face interview from 2002 to 2003. The ordered probit model and the Compound Hierarchical Ordered Probit (CHOPIT) model, which incorporated anchoring vignettes, were employed to estimate and compare associations of sleep and energy with socio-demographic and life-style factors before and after adjustment for differences in response category cut-points for each individual. The prevalence of self-reported problems with sleep and energy was 53 %. Without correction of cut-point shifts, age, sex, and the number of comorbidities were significantly associated with a greater severity of sleep-related problems. After correction, age, the number of comorbidities, and regular exercise were significantly associated with a greater severity of sleep-related problems; sex was no longer a significant factor. Compared to the ordered probit model, the CHOPIT model provided two changes with a subtle difference in the magnitude of regression coefficients after correction for reporting heterogeneity.",contradicted,0.00018443114822730422,0.9945093989372253,0.005306139122694731,low,0.19890187978744509,low,typeform/distilbert-base-uncased-mnli
pqa_labeled_7_ground_truth_c3,not_hallucinated,hard,,energy related problems among Japanese adults.,1,knowledge_7,0.3094596584336216,"Anchoring vignettes are brief texts describing a hypothetical character who illustrates a certain fixed level of a trait under evaluation. This research uses vignettes to elucidate factors associated with sleep disorders in adult Japanese before and after adjustment for reporting heterogeneity in self-reports. This study also evaluates the need for adjusting for reporting heterogeneity in the management of sleep and energy related problems in Japan. We investigated a dataset of 1002 respondents aged 18 years and over from the Japanese World Health Survey, which collected information through face-to-face interview from 2002 to 2003. The ordered probit model and the Compound Hierarchical Ordered Probit (CHOPIT) model, which incorporated anchoring vignettes, were employed to estimate and compare associations of sleep and energy with socio-demographic and life-style factors before and after adjustment for differences in response category cut-points for each individual. The prevalence of self-reported problems with sleep and energy was 53 %. Without correction of cut-point shifts, age, sex, and the number of comorbidities were significantly associated with a greater severity of sleep-related problems. After correction, age, the number of comorbidities, and regular exercise were significantly associated with a greater severity of sleep-related problems; sex was no longer a significant factor. Compared to the ordered probit model, the CHOPIT model provided two changes with a subtle difference in the magnitude of regression coefficients after correction for reporting heterogeneity.",supported,0.9915350675582886,0.0010226989397779107,0.007442248985171318,low,0.00020453978795558216,low,typeform/distilbert-base-uncased-mnli
pqa_labeled_7_ground_truth_c4,not_hallucinated,hard,,"Older age, gender differences in communicating sleep-related problems, the presence of multiple morbidities,",1,knowledge_741,0.281782727643955,"Treatment of obstructive hydrocephalus in children with tuberculous meningitis (TBM) depends on the level of the cerebrospinal fluid (CSF) block. Air-encephalography is regarded as the gold standard for differentiating communicating and non-communicating hydrocephalus. Since air-encephalography involves a lumbar puncture, it carries the risk of cerebral herniation. AIM. The aim of this study was to determine whether communicating and non-communicating hydrocephalus in TBM can be differentiated by means of cranial computerised tomography (CT). A number of CT indices were measured in 50 children with communicating and 34 children with non-communicating hydrocephalus according to air-encephalographic findings. The only CT finding that correlated with the type of hydrocephalus was the shape of the third ventricle. Significantly more children with non-communicating hydrocephalus had a rounded third ventricle than those with communicating hydrocephalus.",unverifiable,0.04868670180439949,0.042988937348127365,0.9083243608474731,low,0.008597787469625473,low,typeform/distilbert-base-uncased-mnli
pqa_labeled_7_ground_truth_c5,not_hallucinated,hard,,regular exercise should be the focus of policies,1,knowledge_746,0.2468789318188808,"Affect-regulated exercise to feel 'good' can be used to control exercise intensity amongst both active and sedentary individuals and should support exercise adherence. It is not known, however, whether affect-regulated exercise training can lead to physical health gains. The aim of this study was to examine if affect-regulated exercise to feel 'good' leads to improved fitness over the course of an 8-week training programme. A repeated measures design (pretest-posttest) with independent groups (training and control). 20 sedentary females completed a submaximal graded exercise test and were then allocated to either a training group or control group. The training group completed two supervised sessions and one unsupervised session per week for 8 weeks. Exercise intensity was affect-regulated to feel 'good'. Following the 8 weeks of training, both groups completed a second submaximal graded exercise test. Repeated measures analyses of variance indicated a significant increase in the time to reach ventilatory threshold in the training group (318 ± 23.7s) compared to control (248 ± 16.9s). Overall compliance to training was high (>92%). Participants in the training group exercised at intensities that would be classified as being in the lower range of the recommended guidelines (≈ 50% V˙O(2) max) for cardiovascular health.",unverifiable,0.0005371456500142813,0.007596971932798624,0.9918658137321472,low,0.0015193943865597249,low,typeform/distilbert-base-uncased-mnli
pqa_labeled_7_ground_truth_c6,not_hallucinated,hard,,clinical practice to improve sleep,1,knowledge_7,0.2373791831261738,"Anchoring vignettes are brief texts describing a hypothetical character who illustrates a certain fixed level of a trait under evaluation. This research uses vignettes to elucidate factors associated with sleep disorders in adult Japanese before and after adjustment for reporting heterogeneity in self-reports. This study also evaluates the need for adjusting for reporting heterogeneity in the management of sleep and energy related problems in Japan. We investigated a dataset of 1002 respondents aged 18 years and over from the Japanese World Health Survey, which collected information through face-to-face interview from 2002 to 2003. The ordered probit model and the Compound Hierarchical Ordered Probit (CHOPIT) model, which incorporated anchoring vignettes, were employed to estimate and compare associations of sleep and energy with socio-demographic and life-style factors before and after adjustment for differences in response category cut-points for each individual. The prevalence of self-reported problems with sleep and energy was 53 %. Without correction of cut-point shifts, age, sex, and the number of comorbidities were significantly associated with a greater severity of sleep-related problems. After correction, age, the number of comorbidities, and regular exercise were significantly associated with a greater severity of sleep-related problems; sex was no longer a significant factor. Compared to the ordered probit model, the CHOPIT model provided two changes with a subtle difference in the magnitude of regression coefficients after correction for reporting heterogeneity.",supported,0.9510137438774109,0.0021872876677662134,0.046798963099718094,low,0.0004374575335532427,low,typeform/distilbert-base-uncased-mnli
pqa_labeled_7_ground_truth_c7,not_hallucinated,hard,,energy management in Japan.,1,knowledge_7,0.180905900921531,"Anchoring vignettes are brief texts describing a hypothetical character who illustrates a certain fixed level of a trait under evaluation. This research uses vignettes to elucidate factors associated with sleep disorders in adult Japanese before and after adjustment for reporting heterogeneity in self-reports. This study also evaluates the need for adjusting for reporting heterogeneity in the management of sleep and energy related problems in Japan. We investigated a dataset of 1002 respondents aged 18 years and over from the Japanese World Health Survey, which collected information through face-to-face interview from 2002 to 2003. The ordered probit model and the Compound Hierarchical Ordered Probit (CHOPIT) model, which incorporated anchoring vignettes, were employed to estimate and compare associations of sleep and energy with socio-demographic and life-style factors before and after adjustment for differences in response category cut-points for each individual. The prevalence of self-reported problems with sleep and energy was 53 %. Without correction of cut-point shifts, age, sex, and the number of comorbidities were significantly associated with a greater severity of sleep-related problems. After correction, age, the number of comorbidities, and regular exercise were significantly associated with a greater severity of sleep-related problems; sex was no longer a significant factor. Compared to the ordered probit model, the CHOPIT model provided two changes with a subtle difference in the magnitude of regression coefficients after correction for reporting heterogeneity.",supported,0.9938243627548218,0.0012500651646405458,0.0049256738275289536,low,0.0002500130329281092,low,typeform/distilbert-base-uncased-mnli
pqa_labeled_7_hallucinated_c1,hallucinated,hard,Incomplete Information,Adjustment for reporting heterogeneity is essential in managing sleep disorders as it accounts for individual biases in self-reporting severity levels of sleep-related issues.,1,knowledge_7,0.3818565793383417,"Anchoring vignettes are brief texts describing a hypothetical character who illustrates a certain fixed level of a trait under evaluation. This research uses vignettes to elucidate factors associated with sleep disorders in adult Japanese before and after adjustment for reporting heterogeneity in self-reports. This study also evaluates the need for adjusting for reporting heterogeneity in the management of sleep and energy related problems in Japan. We investigated a dataset of 1002 respondents aged 18 years and over from the Japanese World Health Survey, which collected information through face-to-face interview from 2002 to 2003. The ordered probit model and the Compound Hierarchical Ordered Probit (CHOPIT) model, which incorporated anchoring vignettes, were employed to estimate and compare associations of sleep and energy with socio-demographic and life-style factors before and after adjustment for differences in response category cut-points for each individual. The prevalence of self-reported problems with sleep and energy was 53 %. Without correction of cut-point shifts, age, sex, and the number of comorbidities were significantly associated with a greater severity of sleep-related problems. After correction, age, the number of comorbidities, and regular exercise were significantly associated with a greater severity of sleep-related problems; sex was no longer a significant factor. Compared to the ordered probit model, the CHOPIT model provided two changes with a subtle difference in the magnitude of regression coefficients after correction for reporting heterogeneity.",unverifiable,0.0029286290518939495,0.0006383629515767097,0.9964330196380615,low,0.00014043984934687616,low,typeform/distilbert-base-uncased-mnli
pqa_labeled_8_ground_truth_c1,not_hallucinated,hard,,Genetic variants identified in the present study may be insufficient to promote early carotid atherosclerosis.,1,knowledge_49,0.2124897918838434,"Extracranial internal carotid artery stenosis is a risk factor for perioperative stroke in patients undergoing coronary artery bypass surgery (CAB). Although selective and non-selective methods of preoperative carotid screening have been advocated, it remains unclear if this screening is clinically relevant.AIM: To test whether selective carotid screening is as effective as non-selective screening in detecting significant carotid disease. The case records of patients consecutively undergoing CAB were reviewed. Patients were stratified retrospectively into high- or low-risk groups according to risk factors for significant carotid stenosis and perioperative stroke: peripheral vascular disease (PVD), carotid bruit, diabetes mellitus, age>70 years and/or history of cerebrovascular disease. Prevalence of carotid stenosis detected by ultrasonography, surgical management and perioperative stroke rates were determined in each group. Overall, 205 consecutive patients underwent preoperative carotid screening. The prevalence of significant carotid stenosis was 5.8%. Univariate analysis confirmed that PVD (P=0.005), carotid bruit (P=0.003) and diabetes mellitus (P=0.05) were significant risk factors for stenosis. Carotid stenosis was a risk factor for stroke (P=0.03). Prevalence of carotid stenosis was higher in the high-risk group (9.1%) than the low-risk group (1.2%) (P<0.05). All concomitant or staged carotid endarterectomies/CAB (5/205) and all patients who had perioperative strokes (5/205) were in the high-risk group (P=0.01).",unverifiable,0.36599886417388916,0.007764020934700966,0.626237154006958,low,0.0015528041869401932,low,typeform/distilbert-base-uncased-mnli
pqa_labeled_8_hallucinated_c1,hallucinated,hard,Misinterpretation of #Question#,"Mutations causing low HDL-C levels do promote increased carotid intima-media thickness, particularly in the presence of hypertension.",1,knowledge_8,0.3590367836440604,"Although observational data support an inverse relationship between high-density lipoprotein (HDL) cholesterol and coronary heart disease (CHD), genetic HDL deficiency states often do not correlate with premature CHD. Carotid intima-media thickness (cIMT) measurements were obtained in cases comprising 10 different mutations in LCAT, ABCA1 and APOA1 to further evaluate the relationship between low HDL resulting from genetic variation and early atherosclerosis. In a 1:2 case-control study of sex and age-related (+/-5 y) subjects (n=114), cIMT was nearly identical between cases (0.66+/-0.17 cm) and controls (0.65+/-0.18 cm) despite significantly lower HDL cholesterol (0.67 vs. 1.58 mmol/l) and apolipoprotein A-I levels (96.7 vs. 151.4 mg/dl) (P<0.05)",unverifiable,0.0040824562311172485,0.012442289851605892,0.9834752082824707,low,0.0034838411584496493,low,typeform/distilbert-base-uncased-mnli
pqa_labeled_9_ground_truth_c1,not_hallucinated,hard,,This data demonstrates the robust nature of the short stay ward.,1,knowledge_9,0.4458618195606784,"We evaluated the usefulness of a short stay or 23-hour ward in a pediatric unit of a large teaching hospital, Westmead Hospital, and an academic Children's hospital, The New Children's Hospital, to determine if they are a useful addition to the emergency service. This is a descriptive comparison of prospectively collected data on all children admitted to the short stay ward at Westmead Hospital (WH) during 1994 and the short stay ward at the New Children's Hospital (NCH) during 1997-98. These hospitals service an identical demographic area with the latter (NCH) a tertiary referral center. The following outcome measures were used: length of stay, appropriateness of stay, rate of admission to an in-hospital bed, and rate of unscheduled visits within 72 hours of discharge. Adverse events were reported and patient follow-up was attempted at 48 hours after discharge in all cases. The short stay ward accounted for 10.3% (Westmead Hospital) and 14.7% (New Children's Hospital) of admissions, with 56% medical in nature, 30% surgical, and the remainder procedural or psychological. Admission patterns were similar, with asthma, gastroenteritis, convulsion, pneumonia, and simple surgical conditions accounting for most short stay ward admissions. The short stay ward increased hospital efficiency with an average length of stay of 17.5 hours (Westmead Hospital) compared to 20.5 hours (New Children's Hospital). The users of the short stay ward were children of young age less than 2 years, with stay greater than 23 hours reported in only 1% of all admissions to the short stay ward. The rate of patient admission to an in-hospital bed was low, (4% [Westmead Hospital] compared to 6% [New Children's Hospital]), with the number of unscheduled visits within 72 hours of short stay ward discharge less than 1%. There were no adverse events reported at either short stay ward, with parental satisfaction high. The short stay ward was developed through reallocation of resources from within the hospital to the short stay ward. This resulted in estimated savings of $1/2 million (Westmead Hospital) to $2.3 million (New Children's Hospital) to the hospital, due to more efficient bed usage.",contradicted,0.09251663833856583,0.7692053914070129,0.13827790319919586,low,0.1538410782814026,low,typeform/distilbert-base-uncased-mnli
pqa_labeled_9_ground_truth_c2,not_hallucinated,hard,,At these two very different institutions we have shown improved bed efficient,1,knowledge_9,0.0771755989426602,"We evaluated the usefulness of a short stay or 23-hour ward in a pediatric unit of a large teaching hospital, Westmead Hospital, and an academic Children's hospital, The New Children's Hospital, to determine if they are a useful addition to the emergency service. This is a descriptive comparison of prospectively collected data on all children admitted to the short stay ward at Westmead Hospital (WH) during 1994 and the short stay ward at the New Children's Hospital (NCH) during 1997-98. These hospitals service an identical demographic area with the latter (NCH) a tertiary referral center. The following outcome measures were used: length of stay, appropriateness of stay, rate of admission to an in-hospital bed, and rate of unscheduled visits within 72 hours of discharge. Adverse events were reported and patient follow-up was attempted at 48 hours after discharge in all cases. The short stay ward accounted for 10.3% (Westmead Hospital) and 14.7% (New Children's Hospital) of admissions, with 56% medical in nature, 30% surgical, and the remainder procedural or psychological. Admission patterns were similar, with asthma, gastroenteritis, convulsion, pneumonia, and simple surgical conditions accounting for most short stay ward admissions. The short stay ward increased hospital efficiency with an average length of stay of 17.5 hours (Westmead Hospital) compared to 20.5 hours (New Children's Hospital). The users of the short stay ward were children of young age less than 2 years, with stay greater than 23 hours reported in only 1% of all admissions to the short stay ward. The rate of patient admission to an in-hospital bed was low, (4% [Westmead Hospital] compared to 6% [New Children's Hospital]), with the number of unscheduled visits within 72 hours of short stay ward discharge less than 1%. There were no adverse events reported at either short stay ward, with parental satisfaction high. The short stay ward was developed through reallocation of resources from within the hospital to the short stay ward. This resulted in estimated savings of $1/2 million (Westmead Hospital) to $2.3 million (New Children's Hospital) to the hospital, due to more efficient bed usage.",contradicted,0.07755797356367111,0.7260251045227051,0.19641689956188202,low,0.14520502090454102,low,typeform/distilbert-base-uncased-mnli
pqa_labeled_9_ground_truth_c3,not_hallucinated,hard,,patient care in a cost-effective way.,1,knowledge_583,0.2729934025082097,"The International Association of the Diabetes and Pregnancy Study Groups (IADPSG) recently recommended new criteria for diagnosing gestational diabetes mellitus (GDM). This study was undertaken to determine whether adopting the IADPSG criteria would be cost-effective, compared with the current standard of care. We developed a decision analysis model comparing the cost-utility of three strategies to identify GDM: 1) no screening, 2) current screening practice (1-h 50-g glucose challenge test between 24 and 28 weeks followed by 3-h 100-g glucose tolerance test when indicated), or 3) screening practice proposed by the IADPSG. Assumptions included that 1) women diagnosed with GDM received additional prenatal monitoring, mitigating the risks of preeclampsia, shoulder dystocia, and birth injury; and 2) GDM women had opportunity for intensive postdelivery counseling and behavior modification to reduce future diabetes risks. The primary outcome measure was the incremental cost-effectiveness ratio (ICER). Our model demonstrates that the IADPSG recommendations are cost-effective only when postdelivery care reduces diabetes incidence. For every 100,000 women screened, 6,178 quality-adjusted life-years (QALYs) are gained, at a cost of $125,633,826. The ICER for the IADPSG strategy compared with the current standard was $20,336 per QALY gained. When postdelivery care was not accomplished, the IADPSG strategy was no longer cost-effective. These results were robust in sensitivity analyses.",supported,0.5040338635444641,0.13146331906318665,0.36450284719467163,low,0.02629266381263733,low,typeform/distilbert-base-uncased-mnli
pqa_labeled_9_ground_truth_c4,not_hallucinated,hard,,We have also reported on greater parental satisfaction,1,knowledge_282,0.1824343045379863,"This study aims to evaluate the efficacy of closed reduction and the effects of timing and fracture types on patient satisfaction. Only patients with isolated nasal fractures were included in the study. Patients with additional maxillofacial fractures and patients whose application time to our clinic was more than 10 days after the trauma were excluded. Patients were classified into 5 types according to their fracture. All patients underwent closed reduction and external fixation under local anesthesia. Patients were asked about their satisfaction in a survey at 28th day and sixth month after the surgery. Patients were divided into groups according to fracture type and intervention time, and the results of the survey were evaluated. Of the 43 patients included in the study, 38 were male, 5 were female, and the average age was 24.9. The average intervention time of the patients was 5.44 days. Twenty-eight (65%) of 43 patients were satisfied with the result, whereas 15 (35%) patients were not happy with their operation. In a comparison of patient satisfaction rates according to fracture type, the mild fracture group had a higher satisfaction rate compared to the severe fracture group.",supported,0.9710572361946106,0.005675270222127438,0.02326740324497223,low,0.0011350540444254875,low,typeform/distilbert-base-uncased-mnli
pqa_labeled_9_ground_truth_c5,not_hallucinated,hard,,early return of the child with their family to the community.,1,knowledge_13,0.213724593240705,"Electronic health records have the potential to facilitate family history use by primary care physicians (PCPs) to provide personalized care. The objective of this study was to determine whether automated, at-the-visit tailored prompts about family history risk change PCP behavior. Automated, tailored prompts highlighting familial risk for heart disease, stroke, diabetes, and breast, colorectal, or ovarian cancer were implemented during 2011 to 2012. Medical records of a cohort of community-based primary care patients, aged 35 to 65 years, who previously participated in our Family Healthware study and had a moderate or strong familial risk for any of the 6 diseases were subsequently reviewed. The main outcome measures were PCP response to the prompts, adding family history risk to problem summary lists, and patient screening status for each disease. The 492 eligible patients had 847 visits during the study period; 152 visits had no documentation of response to a family history prompt. Of the remaining 695 visits, physician responses were reviewed family history (n = 372, 53.5%), discussed family history (n = 159, 22.9%), not addressed (n = 155, 22.3%), and reviewed family history and ordered tests/referrals (n = 5, 0.7%). There was no significant change in problem summary list documentation of risk status or screening interventions for any of the 6 diseases.",unverifiable,0.09774534404277802,0.1163163110613823,0.7859383225440979,low,0.02326326221227646,low,typeform/distilbert-base-uncased-mnli
pqa_labeled_9_hallucinated_c1,hallucinated,hard,Incomplete Information,Short stay wards have significantly reduced emergency department overcrowding,1,knowledge_9,0.2946234188962137,"We evaluated the usefulness of a short stay or 23-hour ward in a pediatric unit of a large teaching hospital, Westmead Hospital, and an academic Children's hospital, The New Children's Hospital, to determine if they are a useful addition to the emergency service. This is a descriptive comparison of prospectively collected data on all children admitted to the short stay ward at Westmead Hospital (WH) during 1994 and the short stay ward at the New Children's Hospital (NCH) during 1997-98. These hospitals service an identical demographic area with the latter (NCH) a tertiary referral center. The following outcome measures were used: length of stay, appropriateness of stay, rate of admission to an in-hospital bed, and rate of unscheduled visits within 72 hours of discharge. Adverse events were reported and patient follow-up was attempted at 48 hours after discharge in all cases. The short stay ward accounted for 10.3% (Westmead Hospital) and 14.7% (New Children's Hospital) of admissions, with 56% medical in nature, 30% surgical, and the remainder procedural or psychological. Admission patterns were similar, with asthma, gastroenteritis, convulsion, pneumonia, and simple surgical conditions accounting for most short stay ward admissions. The short stay ward increased hospital efficiency with an average length of stay of 17.5 hours (Westmead Hospital) compared to 20.5 hours (New Children's Hospital). The users of the short stay ward were children of young age less than 2 years, with stay greater than 23 hours reported in only 1% of all admissions to the short stay ward. The rate of patient admission to an in-hospital bed was low, (4% [Westmead Hospital] compared to 6% [New Children's Hospital]), with the number of unscheduled visits within 72 hours of short stay ward discharge less than 1%. There were no adverse events reported at either short stay ward, with parental satisfaction high. The short stay ward was developed through reallocation of resources from within the hospital to the short stay ward. This resulted in estimated savings of $1/2 million (Westmead Hospital) to $2.3 million (New Children's Hospital) to the hospital, due to more efficient bed usage.",contradicted,0.06959319859743118,0.8539963364601135,0.0764104574918747,high,0.4696979850530625,moderate,typeform/distilbert-base-uncased-mnli
pqa_labeled_9_hallucinated_c2,hallucinated,hard,Incomplete Information,have shown no impact on overall hospital readmission rates within 30 days.,1,knowledge_729,0.2306231151106023,"To determine whether decreasing lengths of stay over time for selected diagnostic categories were associated with increased hospital readmission rates and mean number of physician visits after discharge. Retrospective descriptive study. The seven large (125 beds or more) acute care hospitals in Winnipeg. Manitoba residents admitted to any one of the seven hospitals because acute myocardial infarction (AMI), bronchitis or asthma, transurethral prostatectomy (TURP) and uterine or adnexal procedures for nonmalignant disease during the fiscal years 1989-90 to 1992-93. Patients from out of province, those who died in hospital, those with excessively long stays (more than 60 days) and those who were transferred to or from another institution were excluded. Length of hospital stay, and rate of readmission within 30 days after discharge for all four categories and mean number of physician visits within 30 days after discharge for two categories (AMI and bronchitis or asthma. The length of stay decreased significantly over the 4 years for all of the four categories, the smallest change being observed for patients with AMI (11.1%) and the largest for those with bronchitis or asthma (22.0%). The readmission rates for AMI, bronchitis or asthma, and TURP showed no consistent change over the 4 years. The readmission rate for uterine or adnexal procedures increased significantly between the first and second year (chi 2 = 4.28, p = 0.04) but then remained constant over the next 3 years. The mean number of physician visits increased slightly for AMI in the first year (1.92 to 2.01) and then remained virtually the same. It decreased slightly for bronchitis or asthma over the 4 years. There was no significant correlation between length of stay and readmission rates for individual hospitals in 1992-93 in any of the four categories. Also, no correlation was observed between length of stay and mean number of physician visits for individual hospitals in 1992-93 in the categories AMI and bronchitis or asthma.",supported,0.9593815803527832,0.019473683089017868,0.021144740283489227,low,0.004284210279583932,low,typeform/distilbert-base-uncased-mnli
pqa_labeled_10_ground_truth_c1,not_hallucinated,medium,,Findings suggest that traffic law reforms in order to have an effect on both traffic fatality,1,knowledge_10,0.6118797278372508,"The objective of the current study is to determine to what extent the reduction of Chile's traffic fatalities and injuries during 2000-2012 was related to the police traffic enforcement increment registered after the introduction of its 2005 traffic law reform. A unique dataset with assembled information from public institutions and analyses based on ordinary least square and robust random effects models was carried out. Dependent variables were traffic fatality and severe injury rates per population and vehicle fleet. Independent variables were: (1) presence of new national traffic law; (2) police officers per population; (3) number of traffic tickets per police officer; and (4) interaction effect of number of traffic tickets per police officer with traffic law reform. Oil prices, alcohol consumption, proportion of male population 15-24 years old, unemployment, road infrastructure investment, years' effects and regions' effects represented control variables. Empirical estimates from instrumental variables suggest that the enactment of the traffic law reform in interaction with number of traffic tickets per police officer is significantly associated with a decrease of 8% in traffic fatalities and 7% in severe injuries. Piecewise regression model results for the 2007-2012 period suggest that police traffic enforcement reduced traffic fatalities by 59% and severe injuries by 37%.",supported,0.9936419129371643,0.0017061794642359018,0.00465197442099452,low,0.00034123589284718037,low,typeform/distilbert-base-uncased-mnli
pqa_labeled_10_ground_truth_c2,not_hallucinated,medium,,injury rates reduction require changes in police enforcement practices.,1,knowledge_10,0.2377872503741156,"The objective of the current study is to determine to what extent the reduction of Chile's traffic fatalities and injuries during 2000-2012 was related to the police traffic enforcement increment registered after the introduction of its 2005 traffic law reform. A unique dataset with assembled information from public institutions and analyses based on ordinary least square and robust random effects models was carried out. Dependent variables were traffic fatality and severe injury rates per population and vehicle fleet. Independent variables were: (1) presence of new national traffic law; (2) police officers per population; (3) number of traffic tickets per police officer; and (4) interaction effect of number of traffic tickets per police officer with traffic law reform. Oil prices, alcohol consumption, proportion of male population 15-24 years old, unemployment, road infrastructure investment, years' effects and regions' effects represented control variables. Empirical estimates from instrumental variables suggest that the enactment of the traffic law reform in interaction with number of traffic tickets per police officer is significantly associated with a decrease of 8% in traffic fatalities and 7% in severe injuries. Piecewise regression model results for the 2007-2012 period suggest that police traffic enforcement reduced traffic fatalities by 59% and severe injuries by 37%.",supported,0.9944532513618469,0.0015229976270347834,0.004023778717964888,low,0.00030459952540695667,low,typeform/distilbert-base-uncased-mnli
pqa_labeled_10_ground_truth_c3,not_hallucinated,medium,,"Last, this case also illustrates how the diffusion of successful road safety practices globally promoted by WHO",1,knowledge_970,0.1250430510657964,"The purpose of this study was to evaluate the impact of a patient-safety curriculum administered during a paediatric clerkship on medical students' attitudes towards patient safety. Medical students viewed an online video introducing them to systems-based analyses of medical errors. Faculty presented an example of a medication administration error and demonstrated use of the Learning From Defects tool to investigate the defect. Student groups identified and then analysed medication errors during their clinical rotation using the Learning From Defects framework to organise and present their findings. Outcomes included patient safety attitudinal changes, as measured by questions derived from the Safety Attitudes Questionnaire. 108 students completed the curriculum between July 2008 and July 2009. All student groups (25 total) identified, analysed and presented patient safety concerns. Curriculum effectiveness was demonstrated by significant changes on questionnaire items related to patient safety attitudes. The majority of students felt that the curriculum was relevant to their clinical rotation and should remain part of the clerkship.",unverifiable,0.15057829022407532,0.02389819547533989,0.8255235552787781,low,0.004779639095067978,low,typeform/distilbert-base-uncased-mnli
pqa_labeled_10_ground_truth_c4,not_hallucinated,medium,,World Bank can be an important influence for enhancing national road safety practices.,1,knowledge_970,0.1246748885050487,"The purpose of this study was to evaluate the impact of a patient-safety curriculum administered during a paediatric clerkship on medical students' attitudes towards patient safety. Medical students viewed an online video introducing them to systems-based analyses of medical errors. Faculty presented an example of a medication administration error and demonstrated use of the Learning From Defects tool to investigate the defect. Student groups identified and then analysed medication errors during their clinical rotation using the Learning From Defects framework to organise and present their findings. Outcomes included patient safety attitudinal changes, as measured by questions derived from the Safety Attitudes Questionnaire. 108 students completed the curriculum between July 2008 and July 2009. All student groups (25 total) identified, analysed and presented patient safety concerns. Curriculum effectiveness was demonstrated by significant changes on questionnaire items related to patient safety attitudes. The majority of students felt that the curriculum was relevant to their clinical rotation and should remain part of the clerkship.",unverifiable,0.18581050634384155,0.02268284745514393,0.7915067076683044,low,0.004536569491028786,low,typeform/distilbert-base-uncased-mnli
pqa_labeled_10_hallucinated_c1,hallucinated,medium,Misinterpretation of #Question#,Chile's traffic law reform mainly focused on increasing penalties for traffic violations rather than pushing for police enforcement.,1,knowledge_10,0.6767033092864853,"The objective of the current study is to determine to what extent the reduction of Chile's traffic fatalities and injuries during 2000-2012 was related to the police traffic enforcement increment registered after the introduction of its 2005 traffic law reform. A unique dataset with assembled information from public institutions and analyses based on ordinary least square and robust random effects models was carried out. Dependent variables were traffic fatality and severe injury rates per population and vehicle fleet. Independent variables were: (1) presence of new national traffic law; (2) police officers per population; (3) number of traffic tickets per police officer; and (4) interaction effect of number of traffic tickets per police officer with traffic law reform. Oil prices, alcohol consumption, proportion of male population 15-24 years old, unemployment, road infrastructure investment, years' effects and regions' effects represented control variables. Empirical estimates from instrumental variables suggest that the enactment of the traffic law reform in interaction with number of traffic tickets per police officer is significantly associated with a decrease of 8% in traffic fatalities and 7% in severe injuries. Piecewise regression model results for the 2007-2012 period suggest that police traffic enforcement reduced traffic fatalities by 59% and severe injuries by 37%.",supported,0.9792461395263672,0.013093092478811741,0.0076607828959822655,low,0.0036660658940672873,low,typeform/distilbert-base-uncased-mnli
pqa_labeled_11_ground_truth_c1,not_hallucinated,hard,,"Trauma patients have a significant complication rate related to anticoagulation therapy,",1,knowledge_11,0.5443301320403631,"Trauma patients who require therapeutic anticoagulation pose a difficult treatment problem. The purpose of this study was to determine: (1) the incidence of complications using therapeutic anticoagulation in trauma patients, and (2) if any patient factors are associated with these complications. An 18-month retrospective review was performed on trauma patients>or= 15 years old who received therapeutic anticoagulation using unfractionated heparin (UH) and/or fractionated heparin (FH). Forty different pre-treatment and treatment patient characteristics were recorded. Complications of anticoagulation were documented and defined as any unanticipated discontinuation of the anticoagulant for bleeding or other adverse events. One-hundred-fourteen trauma patients were initiated on therapeutic anticoagulation. The most common indication for anticoagulation was deep venous thrombosis (46%). Twenty-four patients (21%) had at least 1 anticoagulation complication. The most common complication was a sudden drop in hemoglobin concentration requiring blood transfusion (11 patients). Five patients died (4%), 3 of whom had significant hemorrhage attributed to anticoagulation. Bivariate followed by logistic regression analysis identified chronic obstructive pulmonary disease (OR = 9.2, 95%CI = 1.5-54.7), UH use (OR = 3.8, 95%CI = 1.1-13.0), and lower initial platelet count (OR = 1.004, 95%CI = 1.000-1.008) as being associated with complications. Patients receiving UH vs. FH differed in several characteristics including laboratory values and anticoagulation indications.",supported,0.9910332560539246,0.003532677423208952,0.005434087011963129,low,0.0007065354846417905,low,typeform/distilbert-base-uncased-mnli
pqa_labeled_11_ground_truth_c2,not_hallucinated,hard,,predicting which patients will develop a complication remains unclear.,1,knowledge_809,0.1150052346734043,Seroma is the most frequent complication in abdominoplasty. Some patients are more prone to develop this complication. Ultrasound is a well-known method with which to diagnose seroma in the abdominal wall. The purpose of this study was to verify the efficacy of the use of quilting suture to prevent seroma. Twenty-one female patients who presented with abdominal deformity type III/A according to the authors' classification of abdominal skin and myoaponeurotic deformity had undergone abdominoplasty. The selected patients should have had at least one of the following characteristics: body mass index greater than 25 kg/m; weight loss greater than 10 kg; previous incision in the supraumbilical region; or present thinning of the subcutaneous in the area above the umbilicus. Ultrasound was performed for every patient from 15 to 18 days after the operation to search for fluid collection in the abdominal wall. The average fluid collection found was 8.2 cc per patient. Only two patients underwent aspiration because ultrasound showed greater than 20 cc collected above the fascial layer. These patients did not present with recurrence of seroma after aspiration.,unverifiable,0.0010505419922992587,0.004725332371890545,0.9942241311073303,low,0.000945066474378109,low,typeform/distilbert-base-uncased-mnli
pqa_labeled_11_ground_truth_c3,not_hallucinated,hard,,"Prospective studies are needed to determine which treatment regimen, if any, is appropriate to safely anticoagulate this high risk population.",1,knowledge_947,0.1211431139197834,"All VLBW infants from January 2008 to December 2012 with positive blood culture beyond 72 hours of life were enrolled in a retrospective cohort study. Newborns born after June 2010 were treated with IgM-eIVIG, 250 mg/kg/day iv for three days in addition to standard antibiotic regimen and compared to an historical cohort born before June 2010, receiving antimicrobial regimen alone. Short-term mortality (i.e. death within 7 and 21 days from treatment) was the primary outcome. Secondary outcomes were: total mortality, intraventricular hemorrhage, necrotizing enterocolitis, periventricular leukomalacia, bronchopulmonary dysplasia at discharge. 79 neonates (40 cases) were enrolled. No difference in birth weight, gestational age or SNAP II score (disease severity score) were found. Significantly reduced short-term mortality was found in treated infants (22% vs 46%; p = 0.005) considering all microbial aetiologies and the subgroup affected by Candida spp. Secondary outcomes were not different between groups.",supported,0.9840801358222961,0.001777225872501731,0.01414265763014555,high,0.0008886129362508655,low,typeform/distilbert-base-uncased-mnli
pqa_labeled_11_hallucinated_c1,hallucinated,hard,Misinterpretation of #Question#,"Therapeutic anticoagulation in trauma patients has been shown to significantly reduce the risk of deep vein thrombosis without increasing mortality, making it a safe practice for selected patients.",1,knowledge_11,0.3854835221705432,"Trauma patients who require therapeutic anticoagulation pose a difficult treatment problem. The purpose of this study was to determine: (1) the incidence of complications using therapeutic anticoagulation in trauma patients, and (2) if any patient factors are associated with these complications. An 18-month retrospective review was performed on trauma patients>or= 15 years old who received therapeutic anticoagulation using unfractionated heparin (UH) and/or fractionated heparin (FH). Forty different pre-treatment and treatment patient characteristics were recorded. Complications of anticoagulation were documented and defined as any unanticipated discontinuation of the anticoagulant for bleeding or other adverse events. One-hundred-fourteen trauma patients were initiated on therapeutic anticoagulation. The most common indication for anticoagulation was deep venous thrombosis (46%). Twenty-four patients (21%) had at least 1 anticoagulation complication. The most common complication was a sudden drop in hemoglobin concentration requiring blood transfusion (11 patients). Five patients died (4%), 3 of whom had significant hemorrhage attributed to anticoagulation. Bivariate followed by logistic regression analysis identified chronic obstructive pulmonary disease (OR = 9.2, 95%CI = 1.5-54.7), UH use (OR = 3.8, 95%CI = 1.1-13.0), and lower initial platelet count (OR = 1.004, 95%CI = 1.000-1.008) as being associated with complications. Patients receiving UH vs. FH differed in several characteristics including laboratory values and anticoagulation indications.",unverifiable,0.0031508642714470625,0.14620253443717957,0.8506466150283813,high,0.10234177410602568,low,typeform/distilbert-base-uncased-mnli
pqa_labeled_12_ground_truth_c1,not_hallucinated,easy,,AST/ALT ratios in ASH reflect the severity of underlying liver disease,1,knowledge_12,0.4290083802253898,"Specific markers for differentiation of nonalcoholic (NASH) from alcoholic steatohepatitis (ASH) are lacking. We investigated the role of routine laboratory parameters in distinguishing NASH from ASH. Liver biopsies performed at our hospital over a 10-year period were reviewed, 95 patients with steatohepatitis identified and their data prior to biopsy reevaluated. The diagnosis NASH or ASH was assigned (other liver diseases excluded) on the basis of the biopsy and history of alcohol consumption (<140 g/week). Logistic regression models were used for analysis. NASH was diagnosed in 58 patients (61%; 30 f) and ASH in 37 (39%; 9 f). High-grade fibrosis (59% vs. 19%, P<0.0001) and an AST/ALT ratio>1 (54.1% vs 20.7%, P = 0.0008) were more common in ASH. The MCV was elevated in 53% of ASH patients and normal in all NASH patients (P<0.0001). Multivariate analysis identified the MCV (P = 0.0013), the AST/ALT ratio (P = 0.011) and sex (P = 0.0029) as relevant regressors (aROC = 0.92). The AST/ALT ratio (P<0.0001) and age (P = 0.00049) were independent predictors of high-grade fibrosis. Differences in MCV were more marked in high-grade fibrosis.",supported,0.9986217021942139,0.0005225949571467936,0.0008557387045584619,low,0.00010451899142935873,low,typeform/distilbert-base-uncased-mnli
pqa_labeled_12_ground_truth_c2,not_hallucinated,easy,,do not differentiate NASH from ASH.,1,knowledge_12,0.5863185453832207,"Specific markers for differentiation of nonalcoholic (NASH) from alcoholic steatohepatitis (ASH) are lacking. We investigated the role of routine laboratory parameters in distinguishing NASH from ASH. Liver biopsies performed at our hospital over a 10-year period were reviewed, 95 patients with steatohepatitis identified and their data prior to biopsy reevaluated. The diagnosis NASH or ASH was assigned (other liver diseases excluded) on the basis of the biopsy and history of alcohol consumption (<140 g/week). Logistic regression models were used for analysis. NASH was diagnosed in 58 patients (61%; 30 f) and ASH in 37 (39%; 9 f). High-grade fibrosis (59% vs. 19%, P<0.0001) and an AST/ALT ratio>1 (54.1% vs 20.7%, P = 0.0008) were more common in ASH. The MCV was elevated in 53% of ASH patients and normal in all NASH patients (P<0.0001). Multivariate analysis identified the MCV (P = 0.0013), the AST/ALT ratio (P = 0.011) and sex (P = 0.0029) as relevant regressors (aROC = 0.92). The AST/ALT ratio (P<0.0001) and age (P = 0.00049) were independent predictors of high-grade fibrosis. Differences in MCV were more marked in high-grade fibrosis.",contradicted,0.12248275429010391,0.873637855052948,0.0038793664425611496,low,0.1747275710105896,low,typeform/distilbert-base-uncased-mnli
pqa_labeled_12_ground_truth_c3,not_hallucinated,easy,,"Instead, these biomarkers might prove useful in guiding selection of patients for liver biopsy",1,knowledge_211,0.195842674502173,"Selection into general practice training is undertaken using a competency based approach. The clear advantage of this approach over traditional methods has been demonstrated through evaluation of its validity and reliability. However, the relationship between selection  and performance in the Royal College of General Practitioner examinations (MRCGP) has yet to be explored. The MRCGP comprises of an applied knowledge test (AKT), a clinical skills assessment (CSA) and workplace-based assessments (WPBA).AIM: To explore the predictive validity of general  practice selection scores using the AKT and CSA elements of the MRCGP as a final outcome measure. This study carried out a retrospective analysis of 101 trainees from the Wales Deanery who were successfully selected on to general practice training in 2007. Selection data consisted  of an overall selection score as well as scores from each individual stage of selection. Correlation was used to explore associations between selection scores and examination scores. The score for overall performance at selection achieved statistically significant correlation  with examination performance (r = 0.491 for the AKT and r = 0.526 for the CSA, P<0.01).",unverifiable,0.021164512261748314,0.05899151414632797,0.9198439717292786,medium,0.020647029951214788,low,typeform/distilbert-base-uncased-mnli
pqa_labeled_12_ground_truth_c4,not_hallucinated,easy,,in targeting therapy.,1,knowledge_480,0.1402463460269832,"To determine how often primary care physicians prescribe eradication therapy for peptic ulcer disease (PUD) and nonulcer dyspepsia (NUD). During a 2-year period (1998-2000) we analyzed data concerning patients with PUD or NUD seen by 80 Italian primary care physicians uniformly distributed throughout the country. We classified patients as having a definitive or a presumptive diagnosis on the basis of the completeness of the diagnostic workup and interpreted the prescription of antibiotics for dyspepsia as evidence of attempted eradication of Helicobacter pylori. Consecutive ambulatory patients. The frequency with which predefined groups of patients received eradication therapy. Of 6866 patients, 690 (10%) received eradication therapy. Of 2162 patients with PUD, 596 (27.6%) received eradication therapy; of 4704 patients with NUD, however, only 94 (2%) received this treatment (P =.0001). A total of 341 (37.7%) of 904 PUD patients with a definitive diagnosis were given eradication therapy and 255 (20.3%) of 1258 PUD patients with a presumptive diagnosis were given therapy (P&lt.0001). In NUD patients, 7 of 743 (0.9%) with a definitive diagnosis received eradication therapy, while 87 (2.2%) of 3961 of those with a presumptive diagnosis were given the same therapy (P =.025).",contradicted,0.0009235009201802313,0.997107207775116,0.0019693481735885143,low,0.1994214415550232,low,typeform/distilbert-base-uncased-mnli
pqa_labeled_12_hallucinated_c1,hallucinated,easy,Misinterpretation of #Question#,"Routine laboratory markers, particularly mean corpuscular volume (MCV)",1,knowledge_12,0.2077860934499889,"Specific markers for differentiation of nonalcoholic (NASH) from alcoholic steatohepatitis (ASH) are lacking. We investigated the role of routine laboratory parameters in distinguishing NASH from ASH. Liver biopsies performed at our hospital over a 10-year period were reviewed, 95 patients with steatohepatitis identified and their data prior to biopsy reevaluated. The diagnosis NASH or ASH was assigned (other liver diseases excluded) on the basis of the biopsy and history of alcohol consumption (<140 g/week). Logistic regression models were used for analysis. NASH was diagnosed in 58 patients (61%; 30 f) and ASH in 37 (39%; 9 f). High-grade fibrosis (59% vs. 19%, P<0.0001) and an AST/ALT ratio>1 (54.1% vs 20.7%, P = 0.0008) were more common in ASH. The MCV was elevated in 53% of ASH patients and normal in all NASH patients (P<0.0001). Multivariate analysis identified the MCV (P = 0.0013), the AST/ALT ratio (P = 0.011) and sex (P = 0.0029) as relevant regressors (aROC = 0.92). The AST/ALT ratio (P<0.0001) and age (P = 0.00049) were independent predictors of high-grade fibrosis. Differences in MCV were more marked in high-grade fibrosis.",supported,0.9979113936424255,0.0007472980068996549,0.0013413203414529562,low,0.00020924344193190333,low,typeform/distilbert-base-uncased-mnli
pqa_labeled_12_hallucinated_c2,hallucinated,easy,Misinterpretation of #Question#,"AST/ALT ratios, significantly aid in differentiating nonalcoholic steatohepatitis (NASH) from alcoholic steatohepatitis (ASH).",1,knowledge_12,0.5425589598207508,"Specific markers for differentiation of nonalcoholic (NASH) from alcoholic steatohepatitis (ASH) are lacking. We investigated the role of routine laboratory parameters in distinguishing NASH from ASH. Liver biopsies performed at our hospital over a 10-year period were reviewed, 95 patients with steatohepatitis identified and their data prior to biopsy reevaluated. The diagnosis NASH or ASH was assigned (other liver diseases excluded) on the basis of the biopsy and history of alcohol consumption (<140 g/week). Logistic regression models were used for analysis. NASH was diagnosed in 58 patients (61%; 30 f) and ASH in 37 (39%; 9 f). High-grade fibrosis (59% vs. 19%, P<0.0001) and an AST/ALT ratio>1 (54.1% vs 20.7%, P = 0.0008) were more common in ASH. The MCV was elevated in 53% of ASH patients and normal in all NASH patients (P<0.0001). Multivariate analysis identified the MCV (P = 0.0013), the AST/ALT ratio (P = 0.011) and sex (P = 0.0029) as relevant regressors (aROC = 0.92). The AST/ALT ratio (P<0.0001) and age (P = 0.00049) were independent predictors of high-grade fibrosis. Differences in MCV were more marked in high-grade fibrosis.",supported,0.9883850812911987,0.008583520539104939,0.003031450556591153,low,0.002403385750949383,low,typeform/distilbert-base-uncased-mnli
pqa_labeled_13_ground_truth_c1,not_hallucinated,hard,,"No change occurred upon instituting simple, at-the-visit family history prompts geared to improve PCPs' ability to identify patients at high risk for 6 common conditions.",1,knowledge_13,0.388883754326789,"Electronic health records have the potential to facilitate family history use by primary care physicians (PCPs) to provide personalized care. The objective of this study was to determine whether automated, at-the-visit tailored prompts about family history risk change PCP behavior. Automated, tailored prompts highlighting familial risk for heart disease, stroke, diabetes, and breast, colorectal, or ovarian cancer were implemented during 2011 to 2012. Medical records of a cohort of community-based primary care patients, aged 35 to 65 years, who previously participated in our Family Healthware study and had a moderate or strong familial risk for any of the 6 diseases were subsequently reviewed. The main outcome measures were PCP response to the prompts, adding family history risk to problem summary lists, and patient screening status for each disease. The 492 eligible patients had 847 visits during the study period; 152 visits had no documentation of response to a family history prompt. Of the remaining 695 visits, physician responses were reviewed family history (n = 372, 53.5%), discussed family history (n = 159, 22.9%), not addressed (n = 155, 22.3%), and reviewed family history and ordered tests/referrals (n = 5, 0.7%). There was no significant change in problem summary list documentation of risk status or screening interventions for any of the 6 diseases.",contradicted,0.003961768001317978,0.9897604584693909,0.0062777516432106495,medium,0.3464161604642868,moderate,typeform/distilbert-base-uncased-mnli
pqa_labeled_13_ground_truth_c2,not_hallucinated,hard,,The results are both surprising,1,knowledge_849,0.2863883287843821,"The purpose of our study was to determine the effectiveness, clinical impact, and feasibility of double reading barium enemas. Independent double readings of 1,003 consecutive barium enemas (822 double- and 181 single-contrast examinations) were prospectively performed. From this pool of 1,003 examinations, 994 were included in our study. Examinations showing at least one polyp or carcinoma 5 mm or larger were considered to have positive results. For combined readings, results were considered positive if either of the two interpreters reported finding a polyp or carcinoma. A McNemar test was used to compare the first reader's results with the combined results of the first and second readers. Results were retrospectively correlated with endoscopic or surgical results in 360 patients, and agreement between first and combined readings and endoscopic results was determined. Adding a second reader increased the number of positive results on examinations from 249 to 315 (p<0.0001) and resulted in potential alteration of clinical treatment in 98 patients (9.9%). Sensitivity of the first and combined readings for detection of all lesions was identical, 76.3% (95% CI, 65.4-87.1%). Specificity decreased from 91.0% (95% CI, 87.9-94.3%) for the first reading to 86.4% (95% CI, 82.2-90.0%) for the combined reading. The overall measurement of agreement decreased from a kappa value of 61.8 (95% CI, 51.2-72.4%) for the first reading to 52.9 (95% CI, 42.2-63.6%) for the combined reading. The second reading required an average of 3.3 min. Sensitivity for the detection of adenocarcinomas was 100%.",unverifiable,0.00029918854124844074,0.00069452915340662,0.9990063309669495,low,0.000138905830681324,low,typeform/distilbert-base-uncased-mnli
pqa_labeled_13_ground_truth_c3,not_hallucinated,hard,,Further studies should examine physicians' perception of the utility of prompts for family history risk.,1,knowledge_13,0.4113573010959127,"Electronic health records have the potential to facilitate family history use by primary care physicians (PCPs) to provide personalized care. The objective of this study was to determine whether automated, at-the-visit tailored prompts about family history risk change PCP behavior. Automated, tailored prompts highlighting familial risk for heart disease, stroke, diabetes, and breast, colorectal, or ovarian cancer were implemented during 2011 to 2012. Medical records of a cohort of community-based primary care patients, aged 35 to 65 years, who previously participated in our Family Healthware study and had a moderate or strong familial risk for any of the 6 diseases were subsequently reviewed. The main outcome measures were PCP response to the prompts, adding family history risk to problem summary lists, and patient screening status for each disease. The 492 eligible patients had 847 visits during the study period; 152 visits had no documentation of response to a family history prompt. Of the remaining 695 visits, physician responses were reviewed family history (n = 372, 53.5%), discussed family history (n = 159, 22.9%), not addressed (n = 155, 22.3%), and reviewed family history and ordered tests/referrals (n = 5, 0.7%). There was no significant change in problem summary list documentation of risk status or screening interventions for any of the 6 diseases.",supported,0.5827223658561707,0.009451505728065968,0.40782609581947327,medium,0.0033080270048230884,low,typeform/distilbert-base-uncased-mnli
pqa_labeled_13_hallucinated_c1,hallucinated,hard,Misinterpretation of #Question#,Automated prompts significantly improved PCPs' documentation of family history risk in patients' electronic health records.,1,knowledge_13,0.5246591430088897,"Electronic health records have the potential to facilitate family history use by primary care physicians (PCPs) to provide personalized care. The objective of this study was to determine whether automated, at-the-visit tailored prompts about family history risk change PCP behavior. Automated, tailored prompts highlighting familial risk for heart disease, stroke, diabetes, and breast, colorectal, or ovarian cancer were implemented during 2011 to 2012. Medical records of a cohort of community-based primary care patients, aged 35 to 65 years, who previously participated in our Family Healthware study and had a moderate or strong familial risk for any of the 6 diseases were subsequently reviewed. The main outcome measures were PCP response to the prompts, adding family history risk to problem summary lists, and patient screening status for each disease. The 492 eligible patients had 847 visits during the study period; 152 visits had no documentation of response to a family history prompt. Of the remaining 695 visits, physician responses were reviewed family history (n = 372, 53.5%), discussed family history (n = 159, 22.9%), not addressed (n = 155, 22.3%), and reviewed family history and ordered tests/referrals (n = 5, 0.7%). There was no significant change in problem summary list documentation of risk status or screening interventions for any of the 6 diseases.",unverifiable,0.0024553644470870495,0.002148521365597844,0.9953961968421936,medium,0.0010527754691429436,low,typeform/distilbert-base-uncased-mnli
pqa_labeled_14_ground_truth_c1,not_hallucinated,easy,,Emergency US fellowship programs had a positive impact on residents' US educational experiences.,1,knowledge_14,0.3558397794591326,"Recent years have seen a rapid proliferation of emergency ultrasound (EUS) programs in the United States. To date, there is no evidence supporting that EUS fellowships enhance residents' ultrasound (US) educational experiences. The purpose of this study was to determine the impact of EUS fellowships on emergency medicine (EM) residents' US education. We conducted a cross-sectional study at 9 academic medical centers. A questionnaire on US education and bedside US use was pilot tested and given to EM residents. The primary outcomes included the number of US examinations performed, scope of bedside US applications, barriers to residents' US education, and US use in the emergency department. The secondary outcomes were factors that would impact residents' US education. The outcomes were compared between residency programs with and without EUS fellowships. A total of 244 EM residents participated in this study. Thirty percent (95% confidence interval, 24%-35%) reported they had performed more than 150 scans. Residents in programs with EUS fellowships reported performing more scans than those in programs without fellowships (P = .04). Significant differences were noted in most applications of bedside US between residency programs with and without fellowships (P<.05). There were also significant differences in the barriers to US education between residency programs with and without fellowships (P<.05).",supported,0.6982091665267944,0.18895766139030457,0.11283315718173981,high,0.09447883069515228,low,typeform/distilbert-base-uncased-mnli
pqa_labeled_14_ground_truth_c2,not_hallucinated,easy,,Emergency medicine residents performed more scans overall,1,knowledge_195,0.3422848384573064,"There has never been a nationally representative survey of medical students' personal health-related practices, although they are inherently of interest and may affect patient-counseling practices. This study evaluated the health practices and the vaccination status of first year residents working at the academic hospital Hôtel-Dieu de France. The medical files of all medicine and surgery residents in their first year of specialization between the years 2005 and 2008 were reviewed. These residents were required to go through a preventive medical visit at the University Center of Family and Community Health. One hundred and nine residents (109) were included in the study; 68 (6239%) were male and 41 (37.61%) were female with a mean age of 26 years. Only 6 residents (5.50%) practiced physical activity according to international guidelines (more than three times a week for more than 30 minutes each time). Most residents (n = 76 ; 69.73%) used to skip one or two meals especially breakfast and as a consequence 30 male (44.11%) and 4 female (9.75%) students were overweight, with a statistical difference between the two sexes (Fisher test, p-value = 0.001). Twenty-eight residents (25.69%) were smokers with a male predominance. Fourteen residents of both genders (12.84%) drank alcohol regularly (>3 times a week) and 71 (65.14%) had a drink occasionally (once a month or less). Only 25 residents (23%) of the cohort had a complete and up-to-date immunization status. The immunization gap was basically against measles, mumps, rubella (MMR) and diphtheria, tetanus, poliomyelitis (dT Polio). Ninety-nine residents (90.83%) had full immunization against hepatitis B with an adequate response in 78 residents (71.56%).",contradicted,0.0005882455734536052,0.9963758587837219,0.0030358750373125076,high,0.49818792939186096,moderate,typeform/distilbert-base-uncased-mnli
pqa_labeled_14_ground_truth_c3,not_hallucinated,easy,,also used bedside US for more advanced applications in programs with EUS fellowships.,1,knowledge_14,0.6563829392906062,"Recent years have seen a rapid proliferation of emergency ultrasound (EUS) programs in the United States. To date, there is no evidence supporting that EUS fellowships enhance residents' ultrasound (US) educational experiences. The purpose of this study was to determine the impact of EUS fellowships on emergency medicine (EM) residents' US education. We conducted a cross-sectional study at 9 academic medical centers. A questionnaire on US education and bedside US use was pilot tested and given to EM residents. The primary outcomes included the number of US examinations performed, scope of bedside US applications, barriers to residents' US education, and US use in the emergency department. The secondary outcomes were factors that would impact residents' US education. The outcomes were compared between residency programs with and without EUS fellowships. A total of 244 EM residents participated in this study. Thirty percent (95% confidence interval, 24%-35%) reported they had performed more than 150 scans. Residents in programs with EUS fellowships reported performing more scans than those in programs without fellowships (P = .04). Significant differences were noted in most applications of bedside US between residency programs with and without fellowships (P<.05). There were also significant differences in the barriers to US education between residency programs with and without fellowships (P<.05).",contradicted,0.24136213958263397,0.6793923377990723,0.07924553006887436,low,0.13587846755981445,low,typeform/distilbert-base-uncased-mnli
pqa_labeled_14_hallucinated_c1,hallucinated,easy,Incomplete Information,Emergency ultrasound fellowship programs do not significantly affect emergency medicine residents' ultrasound education.,1,knowledge_14,0.3741114842471769,"Recent years have seen a rapid proliferation of emergency ultrasound (EUS) programs in the United States. To date, there is no evidence supporting that EUS fellowships enhance residents' ultrasound (US) educational experiences. The purpose of this study was to determine the impact of EUS fellowships on emergency medicine (EM) residents' US education. We conducted a cross-sectional study at 9 academic medical centers. A questionnaire on US education and bedside US use was pilot tested and given to EM residents. The primary outcomes included the number of US examinations performed, scope of bedside US applications, barriers to residents' US education, and US use in the emergency department. The secondary outcomes were factors that would impact residents' US education. The outcomes were compared between residency programs with and without EUS fellowships. A total of 244 EM residents participated in this study. Thirty percent (95% confidence interval, 24%-35%) reported they had performed more than 150 scans. Residents in programs with EUS fellowships reported performing more scans than those in programs without fellowships (P = .04). Significant differences were noted in most applications of bedside US between residency programs with and without fellowships (P<.05). There were also significant differences in the barriers to US education between residency programs with and without fellowships (P<.05).",contradicted,0.007475956343114376,0.989294171333313,0.0032299289014190435,high,0.5441117942333222,moderate,typeform/distilbert-base-uncased-mnli
pqa_labeled_15_ground_truth_c1,not_hallucinated,easy,,Opioid PCT is a feasible,1,knowledge_15,0.3371815284307379,"Breathlessness is one of the most distressing symptoms experienced by patients with advanced cancer and noncancer diagnoses alike. Often, severity of breathlessness increases quickly, calling for rapid symptom control. Oral, buccal, and parenteral routes of provider-controlled drug administration have been described. It is unclear whether patient-controlled therapy (PCT) systems would be an additional treatment option. To investigate whether intravenous opioid PCT can be an effective therapeutic method to reduce breathlessness in patients with advanced disease. Secondary aims were to study the feasibility and acceptance of opioid PCT in patients with refractory breathlessness. This was a pilot observational study with 18 inpatients with advanced disease and refractory breathlessness receiving opioid PCT. Breathlessness was measured on a self-reported numeric rating scale. Richmond Agitation Sedation Scale scores, Palliative Performance Scale scores, vital signs, and a self-developed patient satisfaction questionnaire were used for measuring secondary outcomes. Descriptive and interference analyses (Friedman test) and post hoc analyses (Wilcoxon tests and Bonferroni corrections) were performed. Eighteen of 815 patients (advanced cancer; median age = 57.5 years [range 36-81]; 77.8% female) received breathlessness symptom control with opioid PCT; daily morphine equivalent dose at Day 1 was median = 20.3 mg (5.0-49.6 mg); Day 2: 13.0 mg (1.0-78.5 mg); Day 3: 16.0 mg (8.3-47.0 mg). Numeric rating scale of current breathlessness decreased (baseline: median = 5 [range 1-10]; Day 1: median = 4 [range 0-8], P < 0.01; Day 2: median = 4 [range 0-5], P < 0.01). Physiological parameters were stable over time. On Day 3, 12/12 patients confirmed that this mode of application provided relief of breathlessness.",contradicted,0.10831169039011002,0.8393619060516357,0.05232643336057663,low,0.16787238121032716,low,typeform/distilbert-base-uncased-mnli
pqa_labeled_15_ground_truth_c2,not_hallucinated,easy,,acceptable therapeutic method to reduce refractory breathlessness in palliative care patients.,1,knowledge_15,0.3817361424326088,"Breathlessness is one of the most distressing symptoms experienced by patients with advanced cancer and noncancer diagnoses alike. Often, severity of breathlessness increases quickly, calling for rapid symptom control. Oral, buccal, and parenteral routes of provider-controlled drug administration have been described. It is unclear whether patient-controlled therapy (PCT) systems would be an additional treatment option. To investigate whether intravenous opioid PCT can be an effective therapeutic method to reduce breathlessness in patients with advanced disease. Secondary aims were to study the feasibility and acceptance of opioid PCT in patients with refractory breathlessness. This was a pilot observational study with 18 inpatients with advanced disease and refractory breathlessness receiving opioid PCT. Breathlessness was measured on a self-reported numeric rating scale. Richmond Agitation Sedation Scale scores, Palliative Performance Scale scores, vital signs, and a self-developed patient satisfaction questionnaire were used for measuring secondary outcomes. Descriptive and interference analyses (Friedman test) and post hoc analyses (Wilcoxon tests and Bonferroni corrections) were performed. Eighteen of 815 patients (advanced cancer; median age = 57.5 years [range 36-81]; 77.8% female) received breathlessness symptom control with opioid PCT; daily morphine equivalent dose at Day 1 was median = 20.3 mg (5.0-49.6 mg); Day 2: 13.0 mg (1.0-78.5 mg); Day 3: 16.0 mg (8.3-47.0 mg). Numeric rating scale of current breathlessness decreased (baseline: median = 5 [range 1-10]; Day 1: median = 4 [range 0-8], P < 0.01; Day 2: median = 4 [range 0-5], P < 0.01). Physiological parameters were stable over time. On Day 3, 12/12 patients confirmed that this mode of application provided relief of breathlessness.",contradicted,0.039040081202983856,0.941268265247345,0.019691627472639084,low,0.188253653049469,low,typeform/distilbert-base-uncased-mnli
pqa_labeled_15_hallucinated_c1,hallucinated,easy,Misinterpretation of #Question#,Opioid patient-controlled therapy (PCT) significantly reduces breathlessness in palliative care patients through mechanisms involving the modulation of serotonin,1,knowledge_15,0.4232309068548093,"Breathlessness is one of the most distressing symptoms experienced by patients with advanced cancer and noncancer diagnoses alike. Often, severity of breathlessness increases quickly, calling for rapid symptom control. Oral, buccal, and parenteral routes of provider-controlled drug administration have been described. It is unclear whether patient-controlled therapy (PCT) systems would be an additional treatment option. To investigate whether intravenous opioid PCT can be an effective therapeutic method to reduce breathlessness in patients with advanced disease. Secondary aims were to study the feasibility and acceptance of opioid PCT in patients with refractory breathlessness. This was a pilot observational study with 18 inpatients with advanced disease and refractory breathlessness receiving opioid PCT. Breathlessness was measured on a self-reported numeric rating scale. Richmond Agitation Sedation Scale scores, Palliative Performance Scale scores, vital signs, and a self-developed patient satisfaction questionnaire were used for measuring secondary outcomes. Descriptive and interference analyses (Friedman test) and post hoc analyses (Wilcoxon tests and Bonferroni corrections) were performed. Eighteen of 815 patients (advanced cancer; median age = 57.5 years [range 36-81]; 77.8% female) received breathlessness symptom control with opioid PCT; daily morphine equivalent dose at Day 1 was median = 20.3 mg (5.0-49.6 mg); Day 2: 13.0 mg (1.0-78.5 mg); Day 3: 16.0 mg (8.3-47.0 mg). Numeric rating scale of current breathlessness decreased (baseline: median = 5 [range 1-10]; Day 1: median = 4 [range 0-8], P < 0.01; Day 2: median = 4 [range 0-5], P < 0.01). Physiological parameters were stable over time. On Day 3, 12/12 patients confirmed that this mode of application provided relief of breathlessness.",supported,0.524057149887085,0.38118216395378113,0.09476073831319809,low,0.10673100590705871,low,typeform/distilbert-base-uncased-mnli
pqa_labeled_15_hallucinated_c2,hallucinated,easy,Misinterpretation of #Question#,norepinephrine levels in addition to traditional opioid receptor activation.,1,knowledge_363,0.2692630766317471,"A secondary analysis of one-hundred-sixty-seven patients referred for treatment of cancer-related pain was conducted. Pain intensity at admission was recorded and patients were divided in three categories of pain intensity: mild, moderate and severe. Patients were offered a treatment with opioid dose titration, according to department policy. Data regarding opioid doses and pain intensity were collected after dose titration was completed. Four levels of opioid response were considered: (a) good pain control, with minimal opioid escalation and without relevant adverse effects; (b) good pain control requiring more aggressive opioid escalation, for example doubling the doses in four days; (c) adequate pain control associated with the occurrence of adverse effects; (d) poor pain control with adverse effects. Seventy-six, forty-four, forty-one and six patients showed a response a, b, c, and d, respectively. No correlation between baseline pain intensity categories and opioid response was found. Patients with response 'b' and 'd' showed higher values of OEImg.",supported,0.7434122562408447,0.17778156697750092,0.07880619913339615,low,0.04977883875370026,low,typeform/distilbert-base-uncased-mnli
pqa_labeled_15_hallucinated_c3,hallucinated,easy,Misinterpretation of #Question#,"This dual-action approach provides a more comprehensive reduction in symptoms, enhancing patient comfort.",1,knowledge_942,0.0910816687536521,"Alexithymia is presumed to play an important predisposing role in the pathogenesis of medically unexplained physical symptoms. However, no research on alexithymia has been done among general medical outpatients who present with medically unexplained physical symptoms as their main problem and in which anxiety and depression have been considered as possible confounding factors. This study investigated whether patients with medically unexplained physical symptoms are more alexithymic than those with explained symptoms and whether, in patients with unexplained symptoms, alexithymia is associated with subjective health experience and use of medical services. We conducted a cross-sectional study among patients attending an internal medicine outpatient clinic. All patients were given a standardized interview and completed a number of questionnaires. After complete physical examinations, 169 of 321 patients had unexplained physical symptoms according to two independent raters. Patients with medically unexplained symptoms more often had a mental disorder, but overall they were not more alexithymic. In patients with unexplained physical symptoms, alexithymia was not associated with subjective health experience or use of medical services. However, patients with both unexplained symptoms and a mental disorder who also denied any possible connection between emotional problems and their physical symptoms did have more alexithymic traits.",unverifiable,0.003697472857311368,0.1260383427143097,0.8702642917633057,medium,0.061758787930011744,low,typeform/distilbert-base-uncased-mnli
pqa_labeled_16_ground_truth_c1,not_hallucinated,medium,,long-term outcomes after LRT,1,knowledge_16,0.3755937784577899,"To assess and compare the value of split-liver transplantation (SLT) and living-related liver transplantation (LRT). The concept of SLT results from the development of reduced-size transplantation. A further development of SLT, the in situ split technique, is derived from LRT, which itself marks the optimized outcome in terms of postoperative graft function and survival. The combination of SLT and LRT has abolished deaths on the waiting list, thus raising the question whether living donor liver transplantation is still necessary. Outcomes and postoperative liver function of 43 primary LRT patients were compared with those of 49 primary SLT patients (14 ex situ, 35 in situ) with known graft weight performed between April 1996 and December 2000. Survival rates were analyzed using the Kaplan-Meier method. After a median follow-up of 35 months, actual patient survival rates were 82% in the SLT group and 88% in the LRT group. Actual graft survival rates were 76% and 81%, respectively. The incidence of primary nonfunction was 12% in the SLT group and 2.3% in the LRT group. Liver function parameters (prothrombin time, factor V, bilirubin clearance) and surgical complication rates did not differ significantly. In the SLT group, mean cold ischemic time was longer than in the LRT group. Serum values of alanine aminotransferase during the first postoperative week were significantly higher in the SLT group. In the LRT group, there were more grafts with signs of fatty degeneration than in the SLT group.",contradicted,0.004386695101857185,0.5215668082237244,0.4740465581417084,low,0.10431336164474488,low,typeform/distilbert-base-uncased-mnli
pqa_labeled_16_ground_truth_c2,not_hallucinated,medium,,SLT did not differ significantly.,1,knowledge_16,0.5183978247399931,"To assess and compare the value of split-liver transplantation (SLT) and living-related liver transplantation (LRT). The concept of SLT results from the development of reduced-size transplantation. A further development of SLT, the in situ split technique, is derived from LRT, which itself marks the optimized outcome in terms of postoperative graft function and survival. The combination of SLT and LRT has abolished deaths on the waiting list, thus raising the question whether living donor liver transplantation is still necessary. Outcomes and postoperative liver function of 43 primary LRT patients were compared with those of 49 primary SLT patients (14 ex situ, 35 in situ) with known graft weight performed between April 1996 and December 2000. Survival rates were analyzed using the Kaplan-Meier method. After a median follow-up of 35 months, actual patient survival rates were 82% in the SLT group and 88% in the LRT group. Actual graft survival rates were 76% and 81%, respectively. The incidence of primary nonfunction was 12% in the SLT group and 2.3% in the LRT group. Liver function parameters (prothrombin time, factor V, bilirubin clearance) and surgical complication rates did not differ significantly. In the SLT group, mean cold ischemic time was longer than in the LRT group. Serum values of alanine aminotransferase during the first postoperative week were significantly higher in the SLT group. In the LRT group, there were more grafts with signs of fatty degeneration than in the SLT group.",unverifiable,0.043363433331251144,0.017747942358255386,0.9388886094093323,low,0.0035495884716510774,low,typeform/distilbert-base-uncased-mnli
pqa_labeled_16_ground_truth_c3,not_hallucinated,medium,,"To avoid the risk for the donor in LRT, SLT represents the first-line therapy in pediatric liver transplantation in countries where cadaveric organs are available.",1,knowledge_16,0.4828297095920029,"To assess and compare the value of split-liver transplantation (SLT) and living-related liver transplantation (LRT). The concept of SLT results from the development of reduced-size transplantation. A further development of SLT, the in situ split technique, is derived from LRT, which itself marks the optimized outcome in terms of postoperative graft function and survival. The combination of SLT and LRT has abolished deaths on the waiting list, thus raising the question whether living donor liver transplantation is still necessary. Outcomes and postoperative liver function of 43 primary LRT patients were compared with those of 49 primary SLT patients (14 ex situ, 35 in situ) with known graft weight performed between April 1996 and December 2000. Survival rates were analyzed using the Kaplan-Meier method. After a median follow-up of 35 months, actual patient survival rates were 82% in the SLT group and 88% in the LRT group. Actual graft survival rates were 76% and 81%, respectively. The incidence of primary nonfunction was 12% in the SLT group and 2.3% in the LRT group. Liver function parameters (prothrombin time, factor V, bilirubin clearance) and surgical complication rates did not differ significantly. In the SLT group, mean cold ischemic time was longer than in the LRT group. Serum values of alanine aminotransferase during the first postoperative week were significantly higher in the SLT group. In the LRT group, there were more grafts with signs of fatty degeneration than in the SLT group.",unverifiable,0.007555184420198202,0.4310634136199951,0.5613813996315002,medium,0.15087219476699829,low,typeform/distilbert-base-uncased-mnli
pqa_labeled_16_ground_truth_c4,not_hallucinated,medium,,LRT provides a solution for urgent cases in which a cadaveric graft cannot be found in time or if the choice of the optimal time point for transplantation is vital.,1,knowledge_16,0.2797877182505061,"To assess and compare the value of split-liver transplantation (SLT) and living-related liver transplantation (LRT). The concept of SLT results from the development of reduced-size transplantation. A further development of SLT, the in situ split technique, is derived from LRT, which itself marks the optimized outcome in terms of postoperative graft function and survival. The combination of SLT and LRT has abolished deaths on the waiting list, thus raising the question whether living donor liver transplantation is still necessary. Outcomes and postoperative liver function of 43 primary LRT patients were compared with those of 49 primary SLT patients (14 ex situ, 35 in situ) with known graft weight performed between April 1996 and December 2000. Survival rates were analyzed using the Kaplan-Meier method. After a median follow-up of 35 months, actual patient survival rates were 82% in the SLT group and 88% in the LRT group. Actual graft survival rates were 76% and 81%, respectively. The incidence of primary nonfunction was 12% in the SLT group and 2.3% in the LRT group. Liver function parameters (prothrombin time, factor V, bilirubin clearance) and surgical complication rates did not differ significantly. In the SLT group, mean cold ischemic time was longer than in the LRT group. Serum values of alanine aminotransferase during the first postoperative week were significantly higher in the SLT group. In the LRT group, there were more grafts with signs of fatty degeneration than in the SLT group.",contradicted,0.003754986682906747,0.930158257484436,0.06608674675226212,low,0.18603165149688722,low,typeform/distilbert-base-uncased-mnli
pqa_labeled_16_hallucinated_c1,hallucinated,medium,Misinterpretation of #Question#,Living-related liver transplantation remains essential due to its superior graft survival rates,1,knowledge_701,0.2757156571857523,"If pancreas transplantation is a validated alternative for type 1 diabetic patients with end-stage renal disease, the management of patients who have lost their primary graft is poorly defined. This study aims at evaluating pancreas retransplantation outcome. Between 1976 and 2008, 569 pancreas transplantations were performed in Lyon and Geneva, including 37 second transplantations. Second graft survival was compared with primary graft survival of the same patients and the whole population. Predictive factors of second graft survival were sought. Patient survival and impact on kidney graft function and survival were evaluated. Second pancreas survival of the 17 patients transplanted from 1995 was close to primary graft survival of the whole population (71% vs. 79% at 1 year and 59% vs. 69% at 5 years; P=0.5075) and significantly better than their first pancreas survival (71% vs. 29% at 1 year and 59% vs. 7% at 5 years; P=0.0008) regardless of the cause of first pancreas loss. The same results were observed with all 37 retransplantations. Survival of second simultaneous pancreas and kidney transplantations was better than survival of second pancreas after kidney. Patient survival was excellent (89% at 5 years). Pancreas retransplantation had no impact on kidney graft function and survival (100% at 5 years).",contradicted,0.000485574099002406,0.9982417821884155,0.0012726731365546584,low,0.27950769901275635,low,typeform/distilbert-base-uncased-mnli
pqa_labeled_16_hallucinated_c2,hallucinated,medium,Misinterpretation of #Question#,lower incidence of post-transplant complications compared to split-liver transplantation in pediatric patients.,1,knowledge_712,0.2703933164135528,"Human immunodeficiency virus (HIV)-infected patients have generally been excluded from transplantation. Recent advances in the management and prognosis of these patients suggest that this policy should be reevaluated. To explore the current views of U.S. transplant centers toward transplanting asymptomatic HIV-infected patients with end-stage renal disease, a written survey was mailed to the directors of transplantation at all 248 renal transplant centers in the United States. All 148 responding centers said they require HIV testing of prospective kidney recipients, and 84% of these centers would not transplant an individual who refuses HIV testing. The vast majority of responding centers would not transplant a kidney from a cadaveric (88%) or a living donor (91%) into an asymptomatic HIV-infected patient who is otherwise a good candidate for transplantation. Among the few centers that would consider transplanting an HIV-infected patient, not a single center had performed such a transplant in the year prior to the survey. Most centers fear that transplantation in the face of HIV infection would be harmful to the individual, and some believe that it would be a waste of precious organs.",unverifiable,0.003761537838727236,0.03110077977180481,0.9651376605033875,low,0.008708218336105347,low,typeform/distilbert-base-uncased-mnli
pqa_labeled_17_ground_truth_c1,not_hallucinated,hard,,Findings suggest that cluster analyses may be useful in identifying groups for targeted health messages.,1,knowledge_26,0.1253970026536714,"Social and cultural factors combined with little information may prevent the diffusion of epidural analgesia for pain relief during childbirth. The present study was launched contemporarily to the implementation of analgesia for labor in our Department in order to perform a 2 years audit on its use. The goal is to evaluate the epidural acceptance and penetration into hospital practice by women and care givers and safety and efficacy during childbirth. This audit cycle measured epidural analgesia performance against 4 standards: (1) Implementation of epidural analgesia for labor to all patients; (2) Acceptance and good satisfaction level reported by patients and caregivers. (3) Effectiveness of labor analgesia; (4) No maternal or fetal side effects. During the audit period epidural analgesia increased from 15.5% of all labors in the first trimester of the study to 51% in the last trimester (p<0.005). Satisfaction levels reported by patients and care givers were good. A hierarchical clustering analysis identified two clusters based on VAS (Visual Analogue Scale) time course: in 226 patients (cluster 1) VAS decreased from 8.5±1.4 before to 4.1±1.3 after epidural analgesia; in 1002 patients (cluster 2) VAS decreased from 8.12±1.7 before (NS vs cluster 1), to 0.76±0.79 after (p<0.001 vs before and vs cluster 2 after). No other differences between clusters were observed.",unverifiable,0.010761561803519726,0.14918984472751617,0.840048611164093,low,0.029837968945503238,low,typeform/distilbert-base-uncased-mnli
pqa_labeled_17_hallucinated_c1,hallucinated,hard,Misinterpretation of #Question#,Findings indicate that unvaccinated seniors exhibit distinct patterns based on their beliefs,1,knowledge_17,0.1431414797956153,To examine patterns of knowledge and attitudes among adults aged>65 years unvaccinated for influenza. Surveyed Medicare beneficiaries in 5 areas; clustered unvaccinated seniors by their immunization related knowledge and attitudes. Identified 4 clusters: Potentials (45%) would receive influenza vaccine to prevent disease; Fearful Uninformeds (9%) were unsure if influenza vaccine causes illness; Doubters (27%) were unsure if vaccine is efficacious; Misinformeds (19%) believed influenza vaccine causes illness. More Potentials (75%) and Misinformeds (70%) ever received influenza vaccine than did Fearful Uninformeds (18%) and Doubters (29%).,contradicted,0.0021611202973872423,0.9318418502807617,0.06599707156419754,low,0.26091571807861325,low,typeform/distilbert-base-uncased-mnli
pqa_labeled_17_hallucinated_c2,hallucinated,hard,Misinterpretation of #Question#,fears regarding the effectiveness,1,knowledge_444,0.4904346444794429,"The objectives of this study were to investigate longitudinal predictors of fear of recurrence in survivors of head and neck cancer (HNC) using Leventhal's Common Sense Model (CSM) as a framework. The research questions were as follows: (a) to what extent do HNC patients report fear of cancer recurrence? (b) To what extent are fears of recurrence manifestations of illness-related anxiety? (c) Are fears of recurrence closely related to current symptoms, disease, and treatment-related factors, or psychological/socio-demographic factors? (d) What factors are predictive of long-term fears of recurrence? A prospective repeat measures design was employed whereby a sample of 82 newly diagnosed HNC patients (54 males, 28 females, mean age 60 years) completed measures of fears of recurrence, illness perceptions, coping, and anxiety and depression, prior to treatment and 6-8 months after treatment (fears of recurrence only). A third of HNC patients at diagnosis reported relatively high levels of fears of recurrence, with 12% still reporting similar levels of fear 6-8 months after treatment. Fears of recurrence were not related to any socio-demographic factor (age, gender, ethnicity, marital status, and educational attainment) or disease, treatment, or symptom-related factors. Path analyses demonstrated that fears of cancer recurrence after treatment were directly predicted by pre-treatment fears and optimism.",contradicted,0.0003526457876432687,0.9987201690673828,0.0009272050228901207,low,0.27964164733886715,low,typeform/distilbert-base-uncased-mnli
pqa_labeled_17_hallucinated_c3,hallucinated,hard,Misinterpretation of #Question#,side effects of the influenza vaccine.,1,knowledge_17,0.61721621673443,To examine patterns of knowledge and attitudes among adults aged>65 years unvaccinated for influenza. Surveyed Medicare beneficiaries in 5 areas; clustered unvaccinated seniors by their immunization related knowledge and attitudes. Identified 4 clusters: Potentials (45%) would receive influenza vaccine to prevent disease; Fearful Uninformeds (9%) were unsure if influenza vaccine causes illness; Doubters (27%) were unsure if vaccine is efficacious; Misinformeds (19%) believed influenza vaccine causes illness. More Potentials (75%) and Misinformeds (70%) ever received influenza vaccine than did Fearful Uninformeds (18%) and Doubters (29%).,contradicted,0.0012433743104338646,0.9820206761360168,0.01673598773777485,low,0.27496578931808474,low,typeform/distilbert-base-uncased-mnli
pqa_labeled_18_ground_truth_c1,not_hallucinated,hard,,RPN in a porcine model is feasible,1,knowledge_18,0.2460302273879148,"Although the retroperitoneal approach has been the preferred choice for open urological procedures, retroperitoneoscopy is not the preferred approach for laparoscopy. This study aims to develop a training model for retroperitoneoscopy and to establish an experimental learning curve. Fifteen piglets were operated on to develop a standard retroperitoneoscopic nephrectomy (RPN) training model. All procedures were performed with three ports. Intraoperative data (side, operative time, blood loss, peritoneal opening) were recorded. Animals were divided into groups A, the first eight, and B, the last seven cases. Data were statistically analyzed. We performed fifteen RPNs. The operative time varied from 15 to 50 minutes (median 30 minutes). Blood loss varied from 5 to 100 mL (median 20 mL). We experienced five peritoneal openings; we had two surgical vascular complications managed laparoscopically. There was statistical difference between groups A and B for peritoneal opening (p = 0.025), operative time (p = 0.0037), and blood loss (p = 0.026). RPN in a porcine model could simulate the whole procedure, from creating the space to nephrectomy completion. Experimental learning curve was eight cases, after statistical data analysis.",supported,0.9304780960083008,0.006600708235055208,0.06292124092578888,low,0.0013201416470110417,low,typeform/distilbert-base-uncased-mnli
pqa_labeled_18_ground_truth_c2,not_hallucinated,hard,,could be very useful for teaching,1,knowledge_172,0.162178412137358,"Community-based medical education is growing to meet the increased demand for quality clinical education in expanded settings, and its sustainability relies on patient participation. This study investigated patients' views on being used as an educational resource for teaching medical students. Questionnaire-based survey. Patients attending six rural and 11 regional general practices in New South Wales over 18 teaching sessions in November 2008, who consented to student involvement in their consultation. Patient perceptions, expectations and acceptance of medical student involvement in consultations, assessed by surveys before and after their consultations. 118 of 122 patients consented to medical student involvement; of these, 117 (99%) completed a survey before the consultation, and 100 (85%) after the consultation. Patients were overwhelmingly positive about their doctor and practice being involved in student teaching and felt they themselves played an important role. Pre-consultation, patients expressed reluctance to allow students to conduct some or all aspects of the consultation independently. However, after the consultation, they reported they would have accepted higher levels of involvement than actually occurred.",unverifiable,0.0024059417191892862,0.03443417325615883,0.96315997838974,low,0.006886834651231766,low,typeform/distilbert-base-uncased-mnli
pqa_labeled_18_hallucinated_c1,hallucinated,hard,Misinterpretation of #Question#,A virtual reality-based simulation has been developed,1,knowledge_631,0.1750457885994354,"Virtual planning and guided surgery with or without prebent or milled plates are becoming more and more common for mandibular reconstruction with fibular free flaps (FFFs). Although this excellent surgical option is being used more widely, the question of the additional cost of planning and cutting-guide production has to be discussed. In capped payment systems such additional costs have to be offset by other savings if there are no special provisions for extra funding. Our study was designed to determine whether using virtual planning and guided surgery resulted in time saved during surgery and whether this time gain resulted in self-funding of such planning through the time saved. All consecutive cases of FFF surgery were evaluated during a 2-year period. Institutional data were used to determine the price of 1 minute of operative time. The time for fibula molding, plate adaptation, and insetting was recorded. During the defined period, we performed 20 mandibular reconstructions using FFFs, 9 with virtual planning and guided surgery and 11 freehand cases. One minute of operative time was calculated to cost US $47.50. Multiplying this number by the time saved, we found that the additional cost of virtual planning was reduced from US $5,098 to US $1,231.50 with a prebent plate and from US $6,980 to US $3,113.50 for a milled plate.",unverifiable,0.2097589671611786,0.026570525020360947,0.7636705636978149,low,0.007439747005701065,low,typeform/distilbert-base-uncased-mnli
pqa_labeled_18_hallucinated_c2,hallucinated,hard,Misinterpretation of #Question#,validated for teaching,1,knowledge_172,0.1602644705898494,"Community-based medical education is growing to meet the increased demand for quality clinical education in expanded settings, and its sustainability relies on patient participation. This study investigated patients' views on being used as an educational resource for teaching medical students. Questionnaire-based survey. Patients attending six rural and 11 regional general practices in New South Wales over 18 teaching sessions in November 2008, who consented to student involvement in their consultation. Patient perceptions, expectations and acceptance of medical student involvement in consultations, assessed by surveys before and after their consultations. 118 of 122 patients consented to medical student involvement; of these, 117 (99%) completed a survey before the consultation, and 100 (85%) after the consultation. Patients were overwhelmingly positive about their doctor and practice being involved in student teaching and felt they themselves played an important role. Pre-consultation, patients expressed reluctance to allow students to conduct some or all aspects of the consultation independently. However, after the consultation, they reported they would have accepted higher levels of involvement than actually occurred.",unverifiable,0.0022070715203881264,0.03009650856256485,0.9676964282989502,low,0.008427022397518158,low,typeform/distilbert-base-uncased-mnli
pqa_labeled_18_hallucinated_c3,hallucinated,hard,Misinterpretation of #Question#,practicing retroperitoneoscopic nephrectomy.,1,knowledge_18,0.1668083058490669,"Although the retroperitoneal approach has been the preferred choice for open urological procedures, retroperitoneoscopy is not the preferred approach for laparoscopy. This study aims to develop a training model for retroperitoneoscopy and to establish an experimental learning curve. Fifteen piglets were operated on to develop a standard retroperitoneoscopic nephrectomy (RPN) training model. All procedures were performed with three ports. Intraoperative data (side, operative time, blood loss, peritoneal opening) were recorded. Animals were divided into groups A, the first eight, and B, the last seven cases. Data were statistically analyzed. We performed fifteen RPNs. The operative time varied from 15 to 50 minutes (median 30 minutes). Blood loss varied from 5 to 100 mL (median 20 mL). We experienced five peritoneal openings; we had two surgical vascular complications managed laparoscopically. There was statistical difference between groups A and B for peritoneal opening (p = 0.025), operative time (p = 0.0037), and blood loss (p = 0.026). RPN in a porcine model could simulate the whole procedure, from creating the space to nephrectomy completion. Experimental learning curve was eight cases, after statistical data analysis.",supported,0.9514481425285339,0.011335021816194057,0.0372169129550457,low,0.0031738061085343364,low,typeform/distilbert-base-uncased-mnli
pqa_labeled_19_ground_truth_c1,not_hallucinated,medium,,Significant associations were observed between RHR,1,knowledge_19,0.5942132966533349,"Elevated resting heart rate (RHR) is a neglected marker in cardiovascular risk factor studies of sub-Saharan African populations. This study aimed to determine the prevalence of elevated RHR and other risk factors for cardiovascular disease (CVD) and to investigate any associations between RHR and these risk factors in a rural population in Ghana. Cross-sectional analysis. A total of 574 adults aged between 18-65 years were randomly sampled from a population register. Data collected included those on sociodemographic variables and anthropometric, blood pressure (BP), and RHR measurements. Within-person variability in RHR was calculated using data from repeat measurements taken 2 weeks apart. Of study participants, 36% were male. Prevalence of casual high BP was 19%. In the population, 10% were current cigarette smokers and habitual alcohol use was high at 56%. As measured by body mass index, 2% were obese and 14% had abdominal obesity. RHR was elevated (>90 bpm) in 19%. Overall, 79% of study participants were found to have at least one CVD risk factor. RHR was significantly associated with age, waist circumference, and BP. Individuals with an elevated RHR had a higher risk (OR 1.94, 95% CI 1.15-3.26%, p = 0.013) of casual high BP compared with participants with normal RHR independently of several established CVD risk factors. The regression dilution ratio of RHR was 0.75 (95% CI 0.62-0.89).",supported,0.8508935570716858,0.09514440596103668,0.05396214500069618,low,0.019028881192207338,low,typeform/distilbert-base-uncased-mnli
pqa_labeled_19_ground_truth_c2,not_hallucinated,medium,,several established cardiovascular risk factors.,1,knowledge_686,0.2984396761277958,"It is not known whether common carotid intima media thickness (CIMT) can serve as a surrogate marker of cardiovascular risk among black Africans. Therefore, we examined whether CIMT differed significantly among individuals with distinct cardiovascular phenotype and correlated significantly with traditional cardiovascular risk factors in a black African population. CIMT was measured in 456 subjects with three distinct cardiovascular phenotypes - 175 consecutive Nigerian African stroke patients, 161 hypertensive patients without stroke and 120 normotensive non-smoking adults. For each pair of cardiovascular phenotypes, c-statistics were obtained for CIMT and traditional vascular risk factors (including age, gender, weight, waist circumference, smoking, alcohol, systolic and diastolic blood pressures, fasting plasma glucose, fasting total cholesterol). Pearson's correlation coefficients were calculated to quantify bivariate relationships. Bilaterally, CIMT was significantly different among the three cardiovascular phenotypes (right: p < 0.001, F = 33.8; left: p < 0.001, F = 48.6). CIMT had a higher c-statistic for differentiating stroke versus normotension (c = 0.78 right; 0.82 left, p < 0.001) and hypertension versus normotension (c = 0.65 right; 0.71 left, p < 0.001) than several traditional vascular risk factors. Bilaterally, combining all subjects, CIMT was the only factor that correlated significantly (right: 0.12 ≤ r ≤ 0.41, 0.018 ≤ p < 0.0001; left: 0.18 ≤ r ≤ 0.41, 0.005 ≤ p < 0.0001) to all the traditional cardiovascular risk factors assessed.",contradicted,0.0002132682566298172,0.9995025396347046,0.0002841821114998311,medium,0.3498258888721466,moderate,typeform/distilbert-base-uncased-mnli
pqa_labeled_19_ground_truth_c3,not_hallucinated,medium,,Prospective studies are needed in sub-Saharan African populations to establish the potential value of RHR in cardiovascular risk assessment.,1,knowledge_19,0.4230060599552084,"Elevated resting heart rate (RHR) is a neglected marker in cardiovascular risk factor studies of sub-Saharan African populations. This study aimed to determine the prevalence of elevated RHR and other risk factors for cardiovascular disease (CVD) and to investigate any associations between RHR and these risk factors in a rural population in Ghana. Cross-sectional analysis. A total of 574 adults aged between 18-65 years were randomly sampled from a population register. Data collected included those on sociodemographic variables and anthropometric, blood pressure (BP), and RHR measurements. Within-person variability in RHR was calculated using data from repeat measurements taken 2 weeks apart. Of study participants, 36% were male. Prevalence of casual high BP was 19%. In the population, 10% were current cigarette smokers and habitual alcohol use was high at 56%. As measured by body mass index, 2% were obese and 14% had abdominal obesity. RHR was elevated (>90 bpm) in 19%. Overall, 79% of study participants were found to have at least one CVD risk factor. RHR was significantly associated with age, waist circumference, and BP. Individuals with an elevated RHR had a higher risk (OR 1.94, 95% CI 1.15-3.26%, p = 0.013) of casual high BP compared with participants with normal RHR independently of several established CVD risk factors. The regression dilution ratio of RHR was 0.75 (95% CI 0.62-0.89).",contradicted,0.000506621552631259,0.994049072265625,0.005444318987429142,medium,0.34791717529296873,moderate,typeform/distilbert-base-uncased-mnli
pqa_labeled_19_hallucinated_c1,hallucinated,medium,Misinterpretation of #Question#,Elevated resting heart rate (RHR) is linked to an increased risk of developing cardiovascular diseases due to its direct impact on arterial stiffness,1,knowledge_19,0.4149061455934557,"Elevated resting heart rate (RHR) is a neglected marker in cardiovascular risk factor studies of sub-Saharan African populations. This study aimed to determine the prevalence of elevated RHR and other risk factors for cardiovascular disease (CVD) and to investigate any associations between RHR and these risk factors in a rural population in Ghana. Cross-sectional analysis. A total of 574 adults aged between 18-65 years were randomly sampled from a population register. Data collected included those on sociodemographic variables and anthropometric, blood pressure (BP), and RHR measurements. Within-person variability in RHR was calculated using data from repeat measurements taken 2 weeks apart. Of study participants, 36% were male. Prevalence of casual high BP was 19%. In the population, 10% were current cigarette smokers and habitual alcohol use was high at 56%. As measured by body mass index, 2% were obese and 14% had abdominal obesity. RHR was elevated (>90 bpm) in 19%. Overall, 79% of study participants were found to have at least one CVD risk factor. RHR was significantly associated with age, waist circumference, and BP. Individuals with an elevated RHR had a higher risk (OR 1.94, 95% CI 1.15-3.26%, p = 0.013) of casual high BP compared with participants with normal RHR independently of several established CVD risk factors. The regression dilution ratio of RHR was 0.75 (95% CI 0.62-0.89).",contradicted,0.0015782800037413836,0.9917016625404358,0.006720009259879589,medium,0.4859338146448135,moderate,typeform/distilbert-base-uncased-mnli
pqa_labeled_19_hallucinated_c2,hallucinated,medium,Misinterpretation of #Question#,Studies suggest that individuals with RHR above 85 beats per minute exhibit enhanced arterial stiffness,1,knowledge_19,0.3041430814458138,"Elevated resting heart rate (RHR) is a neglected marker in cardiovascular risk factor studies of sub-Saharan African populations. This study aimed to determine the prevalence of elevated RHR and other risk factors for cardiovascular disease (CVD) and to investigate any associations between RHR and these risk factors in a rural population in Ghana. Cross-sectional analysis. A total of 574 adults aged between 18-65 years were randomly sampled from a population register. Data collected included those on sociodemographic variables and anthropometric, blood pressure (BP), and RHR measurements. Within-person variability in RHR was calculated using data from repeat measurements taken 2 weeks apart. Of study participants, 36% were male. Prevalence of casual high BP was 19%. In the population, 10% were current cigarette smokers and habitual alcohol use was high at 56%. As measured by body mass index, 2% were obese and 14% had abdominal obesity. RHR was elevated (>90 bpm) in 19%. Overall, 79% of study participants were found to have at least one CVD risk factor. RHR was significantly associated with age, waist circumference, and BP. Individuals with an elevated RHR had a higher risk (OR 1.94, 95% CI 1.15-3.26%, p = 0.013) of casual high BP compared with participants with normal RHR independently of several established CVD risk factors. The regression dilution ratio of RHR was 0.75 (95% CI 0.62-0.89).",contradicted,0.0011785983806475997,0.9906434416770935,0.00817795004695654,low,0.2773801636695862,low,typeform/distilbert-base-uncased-mnli
pqa_labeled_19_hallucinated_c3,hallucinated,medium,Misinterpretation of #Question#,"impaired endothelial function, contributing to cardiovascular morbidity.",1,knowledge_686,0.1123618346150661,"It is not known whether common carotid intima media thickness (CIMT) can serve as a surrogate marker of cardiovascular risk among black Africans. Therefore, we examined whether CIMT differed significantly among individuals with distinct cardiovascular phenotype and correlated significantly with traditional cardiovascular risk factors in a black African population. CIMT was measured in 456 subjects with three distinct cardiovascular phenotypes - 175 consecutive Nigerian African stroke patients, 161 hypertensive patients without stroke and 120 normotensive non-smoking adults. For each pair of cardiovascular phenotypes, c-statistics were obtained for CIMT and traditional vascular risk factors (including age, gender, weight, waist circumference, smoking, alcohol, systolic and diastolic blood pressures, fasting plasma glucose, fasting total cholesterol). Pearson's correlation coefficients were calculated to quantify bivariate relationships. Bilaterally, CIMT was significantly different among the three cardiovascular phenotypes (right: p < 0.001, F = 33.8; left: p < 0.001, F = 48.6). CIMT had a higher c-statistic for differentiating stroke versus normotension (c = 0.78 right; 0.82 left, p < 0.001) and hypertension versus normotension (c = 0.65 right; 0.71 left, p < 0.001) than several traditional vascular risk factors. Bilaterally, combining all subjects, CIMT was the only factor that correlated significantly (right: 0.12 ≤ r ≤ 0.41, 0.018 ≤ p < 0.0001; left: 0.18 ≤ r ≤ 0.41, 0.005 ≤ p < 0.0001) to all the traditional cardiovascular risk factors assessed.",contradicted,0.00014856185589451343,0.9995835423469543,0.0002678470336832106,low,0.2798833918571472,low,typeform/distilbert-base-uncased-mnli
pqa_labeled_20_ground_truth_c1,not_hallucinated,hard,,Hospital preparedness can be better defined by a fixed number of casualties rather than a percentile of its bed capacity.,1,knowledge_20,0.2852760575256576,"The incidence of large-scale urban attacks on civilian populations has significantly increased across the globe over the past decade. These incidents often result in Hospital Multiple Casualty Incidents (HMCI), which are very challenging to hospital teams. 15 years ago the Emergency and Disaster Medicine Division in the Israeli Ministry of Health defined a key of 20 percent of each hospital's bed capacity as its readiness for multiple casualties. Half of those casualties are expected to require immediate medical treatment. This study was performed to evaluate the efficacy of the current readiness guidelines based on the epidemiology of encountered HMCIs. A retrospective study of HMCIs was recorded in the Israeli Defense Force (IDF) home front command and the Israeli National Trauma Registry (ITR) between November 2000 and June 2003. An HMCI is defined by the Emergency and Disaster Medicine Division in the Israeli Ministry of Health as>or=10 casualties or>or=4 suffering from injuries with an ISS>or=16 arriving to a single hospital. The study includes a total of 32 attacks, resulting in 62 HMCIs and 1292 casualties. The mean number of arriving casualties to a single hospital was 20.8+/-13.3 (range 4-56, median 16.5). In 95% of the HMCIs the casualty load was<or=52. Based on severity scores and ED discharges 1022 (79.2%) casualties did not necessitate immediate medical treatment.",supported,0.9736594557762146,0.01688425801694393,0.009456273168325424,low,0.0033768516033887866,low,typeform/distilbert-base-uncased-mnli
pqa_labeled_20_ground_truth_c2,not_hallucinated,hard,,Only 20% of the arriving casualties will require immediate medical treatment.,1,knowledge_20,0.4408255336411858,"The incidence of large-scale urban attacks on civilian populations has significantly increased across the globe over the past decade. These incidents often result in Hospital Multiple Casualty Incidents (HMCI), which are very challenging to hospital teams. 15 years ago the Emergency and Disaster Medicine Division in the Israeli Ministry of Health defined a key of 20 percent of each hospital's bed capacity as its readiness for multiple casualties. Half of those casualties are expected to require immediate medical treatment. This study was performed to evaluate the efficacy of the current readiness guidelines based on the epidemiology of encountered HMCIs. A retrospective study of HMCIs was recorded in the Israeli Defense Force (IDF) home front command and the Israeli National Trauma Registry (ITR) between November 2000 and June 2003. An HMCI is defined by the Emergency and Disaster Medicine Division in the Israeli Ministry of Health as>or=10 casualties or>or=4 suffering from injuries with an ISS>or=16 arriving to a single hospital. The study includes a total of 32 attacks, resulting in 62 HMCIs and 1292 casualties. The mean number of arriving casualties to a single hospital was 20.8+/-13.3 (range 4-56, median 16.5). In 95% of the HMCIs the casualty load was<or=52. Based on severity scores and ED discharges 1022 (79.2%) casualties did not necessitate immediate medical treatment.",contradicted,0.1531202346086502,0.7969319820404053,0.04994781315326691,high,0.39846599102020264,moderate,typeform/distilbert-base-uncased-mnli
pqa_labeled_20_ground_truth_c3,not_hallucinated,hard,,Implementation of this concept may improve the utilisation of national emergency health resources both in the preparation phase,1,knowledge_655,0.235473398075006,"to describe variation in utilisation of carotid endarterectomy (CEA) within two English health regions and explore relationships between use, need and proximity to services. consecutive case series of operations. Comparison at a population level with district stroke mortality, hospital admissions and material deprivation. standardised utilisation rates for CEA and measures of inter-district variability. Spearman's rank correlation coefficients for associations between variables. variation in utilisation rates was considerable (14-fold difference across district populations). More individuals had bilateral surgery in the Yorkshire region than in the Northern (11.7% vs. 5.5%, p=0.002). There was no association between utilisation rates for CEA and district stroke mortality (r=-0.06, 95% CI -0.41 to 0.30) or admission rates for stroke (r=0.17, 95% CI -0.2 to 0.49). There was a strong relationship between residence in districts where services were located and higher utilisation. Rates of CEA were lowest in the regions' most affluent wards.",unverifiable,0.00032789172837510705,0.0008566535543650389,0.9988154172897339,high,0.00042832677718251944,low,typeform/distilbert-base-uncased-mnli
pqa_labeled_20_ground_truth_c4,not_hallucinated,hard,,on real time.,1,knowledge_186,0.2565829542858716,"Urine samples were examined by wet smear microscopy, incubated in 5% CO(2) for 1-2 days, and species-specific real-time polymerase chain reaction (PCR) for A. schaalii was performed. In 5 of the 29 screened urines, A. schaalii was found only by real-time PCR in quantities equivalent to ≥ 10(4) -10(5) CFU/mL. In addition, A. schaalii was found in quantities equivalent to ≥ 10(6) CFU/mL by both culture and PCR in two children with a urinary tract infection and large numbers of leucocytes in the urine.",unverifiable,0.000995618524029851,0.0010800969321280718,0.9979243278503418,low,0.00021601938642561437,low,typeform/distilbert-base-uncased-mnli
pqa_labeled_20_hallucinated_c1,hallucinated,hard,Misinterpretation of #Question#,Hospital preparedness should focus on a dynamic assessment model that predicts the exact number of severe cases likely to require intensive care based on historical data from similar incidents.,1,knowledge_536,0.1072397862914091,"It is widely accepted that exemplary surgical care involves a surgeon's involvement in the preoperative, perioperative, and postoperative periods. In an era of ever-expanding therapeutic modalities available to the vascular surgeon, it is important that trainees gain experience in preoperative decision-making and how this affects a patient's operative and postoperative course. The purpose of this study was to define the current experience of residents on a vascular surgery service regarding the continuity of care they are able to provide for patients and the factors affecting this experience. This prospective cohort study was approved by the Institutional Review Board and conducted at the University of British Columbia during January 2005. All patients who underwent a vascular procedure at either of the two teaching hospitals were included. In addition to type of case (emergent, outpatient, inpatient), resident demographic data and involvement in each patient's care (preoperative assessment, postoperative daily assessment, and follow-up clinic assessment) were recorded. Categoric data were analyzed with the chi2 test. The study included 159 cases, of which 65% were elective same-day admission patients, 20% were elective previously admitted patients; and 15% were emergent. The overall rate of preoperative assessment was 67%, involvement in the decision to operate, 17%; postoperative assessment on the ward, 79%; and patient follow-up in clinic, 3%. The rate of complete in-hospital continuity of care (assessing patient pre-op and post-op) was 57%. Emergent cases were associated with a significantly higher rate of preoperative assessment (92% vs 63%, P<.05). For elective cases admitted before the day of surgery compared with same-day admission patients, the rates of preoperative assessment (78% vs 58%, P<.05) and involvement in the decision to operate (16% vs 4%, P<.05) were significantly higher.",contradicted,0.1890522539615631,0.6353563070297241,0.17559140920639038,low,0.17789976596832274,low,typeform/distilbert-base-uncased-mnli
pqa_labeled_20_hallucinated_c2,hallucinated,hard,Misinterpretation of #Question#,Approximately 70% of arriving casualties will need immediate medical attention.,1,knowledge_20,0.3495580088743101,"The incidence of large-scale urban attacks on civilian populations has significantly increased across the globe over the past decade. These incidents often result in Hospital Multiple Casualty Incidents (HMCI), which are very challenging to hospital teams. 15 years ago the Emergency and Disaster Medicine Division in the Israeli Ministry of Health defined a key of 20 percent of each hospital's bed capacity as its readiness for multiple casualties. Half of those casualties are expected to require immediate medical treatment. This study was performed to evaluate the efficacy of the current readiness guidelines based on the epidemiology of encountered HMCIs. A retrospective study of HMCIs was recorded in the Israeli Defense Force (IDF) home front command and the Israeli National Trauma Registry (ITR) between November 2000 and June 2003. An HMCI is defined by the Emergency and Disaster Medicine Division in the Israeli Ministry of Health as>or=10 casualties or>or=4 suffering from injuries with an ISS>or=16 arriving to a single hospital. The study includes a total of 32 attacks, resulting in 62 HMCIs and 1292 casualties. The mean number of arriving casualties to a single hospital was 20.8+/-13.3 (range 4-56, median 16.5). In 95% of the HMCIs the casualty load was<or=52. Based on severity scores and ED discharges 1022 (79.2%) casualties did not necessitate immediate medical treatment.",contradicted,0.025663286447525024,0.527854323387146,0.44648241996765137,low,0.14779921054840087,low,typeform/distilbert-base-uncased-mnli
pqa_labeled_21_ground_truth_c1,not_hallucinated,hard,,"Peak inspiratory pressure, PEEP,",1,knowledge_21,0.2370024698015086,"The purpose of this study was to delineate early respiratory predictors of mortality in children with hemato-oncology malignancy who developed acute respiratory distress syndrome (ARDS). We conducted a retrospective chart review of children with malignant and ARDS who needed mechanical ventilation and were admitted to a pediatric intensive care unit from January 1987 to January 1997. Seventeen children with ARDS and malignancy aged 10.5 +/- 5.1 years were identified. Six of the 17 children (35.3%) survived. Sepsis syndrome was present in 70.6% of all the children. Peak inspiratory pressure, positive end-expiratory pressure (PEEP), and ventilation index values could distinguish outcome by day 3. A significant relationship between respiratory data and outcome related to efficiency of oxygenation, as determined by PaO(2)/FIO(2) and P(A-a)O(2), was present from day 8 after onset of mechanical ventilation.",unverifiable,0.00041431738645769656,0.0012644723756238818,0.9983212351799011,low,0.00025289447512477636,low,typeform/distilbert-base-uncased-mnli
pqa_labeled_21_ground_truth_c2,not_hallucinated,hard,,ventilation index values could distinguish survivors from nonsurvivors by day 3.,1,knowledge_21,0.272791324931646,"The purpose of this study was to delineate early respiratory predictors of mortality in children with hemato-oncology malignancy who developed acute respiratory distress syndrome (ARDS). We conducted a retrospective chart review of children with malignant and ARDS who needed mechanical ventilation and were admitted to a pediatric intensive care unit from January 1987 to January 1997. Seventeen children with ARDS and malignancy aged 10.5 +/- 5.1 years were identified. Six of the 17 children (35.3%) survived. Sepsis syndrome was present in 70.6% of all the children. Peak inspiratory pressure, positive end-expiratory pressure (PEEP), and ventilation index values could distinguish outcome by day 3. A significant relationship between respiratory data and outcome related to efficiency of oxygenation, as determined by PaO(2)/FIO(2) and P(A-a)O(2), was present from day 8 after onset of mechanical ventilation.",unverifiable,0.00026024755788967013,0.0006620947970077395,0.9990776777267456,low,0.0001324189594015479,low,typeform/distilbert-base-uncased-mnli
pqa_labeled_21_ground_truth_c3,not_hallucinated,hard,,This may assist in early application of supportive nonconventional therapies in children with malignancy,1,knowledge_21,0.1754641799085514,"The purpose of this study was to delineate early respiratory predictors of mortality in children with hemato-oncology malignancy who developed acute respiratory distress syndrome (ARDS). We conducted a retrospective chart review of children with malignant and ARDS who needed mechanical ventilation and were admitted to a pediatric intensive care unit from January 1987 to January 1997. Seventeen children with ARDS and malignancy aged 10.5 +/- 5.1 years were identified. Six of the 17 children (35.3%) survived. Sepsis syndrome was present in 70.6% of all the children. Peak inspiratory pressure, positive end-expiratory pressure (PEEP), and ventilation index values could distinguish outcome by day 3. A significant relationship between respiratory data and outcome related to efficiency of oxygenation, as determined by PaO(2)/FIO(2) and P(A-a)O(2), was present from day 8 after onset of mechanical ventilation.",unverifiable,0.00035526909050531685,0.0010014419676735997,0.9986433386802673,low,0.00020028839353471997,low,typeform/distilbert-base-uncased-mnli
pqa_labeled_21_hallucinated_c1,hallucinated,hard,Misinterpretation of #Question#,The presence of leukemic blast cells in bronchoalveolar lavage fluid on admission is a significant predictor of poor prognosis in children with malignancy,1,knowledge_21,0.1432120467061011,"The purpose of this study was to delineate early respiratory predictors of mortality in children with hemato-oncology malignancy who developed acute respiratory distress syndrome (ARDS). We conducted a retrospective chart review of children with malignant and ARDS who needed mechanical ventilation and were admitted to a pediatric intensive care unit from January 1987 to January 1997. Seventeen children with ARDS and malignancy aged 10.5 +/- 5.1 years were identified. Six of the 17 children (35.3%) survived. Sepsis syndrome was present in 70.6% of all the children. Peak inspiratory pressure, positive end-expiratory pressure (PEEP), and ventilation index values could distinguish outcome by day 3. A significant relationship between respiratory data and outcome related to efficiency of oxygenation, as determined by PaO(2)/FIO(2) and P(A-a)O(2), was present from day 8 after onset of mechanical ventilation.",unverifiable,0.00046411974471993744,0.0019372518872842193,0.9975985884666443,medium,0.0009492534247692672,low,typeform/distilbert-base-uncased-mnli
pqa_labeled_22_ground_truth_c1,not_hallucinated,easy,,"The most disadvantaged families were least likely to have protective health behaviors in place to reduce SHSe and, consequently, are most at-risk for tobacco exposure",1,knowledge_22,0.2627379130203122,"Secondhand smoke exposure (SHSe) threatens fragile infants discharged from a neonatal intensive care unit (NICU). Smoking practices were examined in families with a high respiratory risk infant (born at very low birth weight; ventilated>12 hr) in a Houston, Texas, NICU. Socioeconomic status, race, and mental health status were hypothesized to be related to SHSe and household smoking bans. Data were collected as part of The Baby's Breath Project, a hospital-based SHSe intervention trial targeting parents with a high-risk infant in the NICU who reported a smoker in the household (N = 99). Measures of sociodemographics, smoking, home and car smoking bans, and depression were collected. Overall, 26% of all families with a high-risk infant in the NICU reported a household smoker. Almost half of the families with a smoker reported an annual income of less than $25,000. 46.2% of families reported having a total smoking ban in place in both their homes and cars. Only 27.8% families earning less than $25,000 reported having a total smoking ban in place relative to almost 60% of families earning more (p<.01). African American and Caucasian families were less likely to have a smoking ban compared with Hispanics (p<.05). Mothers who reported no smoking ban were more depressed than those who had a household smoking ban (p<.02).",contradicted,0.0583546943962574,0.7110079526901245,0.23063743114471436,medium,0.24885278344154357,low,typeform/distilbert-base-uncased-mnli
pqa_labeled_22_ground_truth_c2,not_hallucinated,easy,,subsequent tobacco-related health disparities.,1,knowledge_134,0.1893479563462939,"This paper investigates the impact of geographic scale (census tract, zip code, and county) on the detection of disparities in breast cancer mortality among three ethnic groups in Texas (period 1995-2005). Racial disparities were quantified using both relative (RR) and absolute (RD) statistics that account for the population size and correct for unreliable rates typically observed for minority groups and smaller geographic units. Results were then correlated with socio-economic status measured by the percentage of habitants living below the poverty level. African-American and Hispanic women generally experience higher mortality than White non-Hispanics, and these differences are especially significant in the southeast metropolitan areas and southwest border of Texas. The proportion and location of significant racial disparities however changed depending on the type of statistic (RR versus RD) and the geographic level. The largest proportion of significant results was observed for the RD statistic and census tract data. Geographic regions with significant racial disparities for African-Americans and Hispanics frequently had a poverty rate above 10.00%.",unverifiable,0.00026967708254233,0.0016735277604311705,0.9980567097663879,low,0.0003347055520862341,low,typeform/distilbert-base-uncased-mnli
pqa_labeled_22_ground_truth_c3,not_hallucinated,easy,,Innovative SHSe interventions for this vulnerable population are sorely needed.,1,knowledge_281,0.1165547661073295,"Health services often spend more on safety interventions than seems cost-effective. This study investigates whether the public value safety-related health care improvements more highly than the same improvements in contexts where the health care system is not responsible. An online survey was conducted to elicit the relative importance placed on preventing harms caused by 1) health care (hospital-acquired infections, drug administration errors, injuries to health care staff), 2) individuals (personal lifestyle choices, sports-related injuries), and 3) nature (genetic disorders). Direct valuations were obtained from members of the public by using a person trade-off or ""matching"" method. Participants were asked to choose between two preventative interventions of equal cost and equal health benefit per person for the same number of people, but differing in causation. If participants indicated a preference, their strength of preference was measured by using person trade-off. Responses were obtained from 1030 people, reflecting the sociodemographic mix of the UK population. Participants valued interventions preventing hospital-acquired infections (1.31) more highly than genetic disorders (1.0), although drug errors were valued similarly to genetic disorders (1.07), and interventions to prevent injury to health care staff were given less weight than genetic disorders (0.71). Less weight was also given to interventions related to lifestyle (0.65) and sports injuries (0.41).",supported,0.9085276126861572,0.018943220376968384,0.07252918183803558,low,0.003788644075393677,low,typeform/distilbert-base-uncased-mnli
pqa_labeled_22_hallucinated_c1,hallucinated,easy,Misinterpretation of #Question#,Infants discharged from an NICU who are exposed to secondhand smoke face a significantly higher risk of developing antibiotic-resistant infections due to the weakening of their immune system from SHSe.,1,knowledge_22,0.2193418478721007,"Secondhand smoke exposure (SHSe) threatens fragile infants discharged from a neonatal intensive care unit (NICU). Smoking practices were examined in families with a high respiratory risk infant (born at very low birth weight; ventilated>12 hr) in a Houston, Texas, NICU. Socioeconomic status, race, and mental health status were hypothesized to be related to SHSe and household smoking bans. Data were collected as part of The Baby's Breath Project, a hospital-based SHSe intervention trial targeting parents with a high-risk infant in the NICU who reported a smoker in the household (N = 99). Measures of sociodemographics, smoking, home and car smoking bans, and depression were collected. Overall, 26% of all families with a high-risk infant in the NICU reported a household smoker. Almost half of the families with a smoker reported an annual income of less than $25,000. 46.2% of families reported having a total smoking ban in place in both their homes and cars. Only 27.8% families earning less than $25,000 reported having a total smoking ban in place relative to almost 60% of families earning more (p<.01). African American and Caucasian families were less likely to have a smoking ban compared with Hispanics (p<.05). Mothers who reported no smoking ban were more depressed than those who had a household smoking ban (p<.02).",unverifiable,0.002506568329408765,0.04951183497905731,0.9479816555976868,medium,0.02426079913973808,low,typeform/distilbert-base-uncased-mnli
pqa_labeled_23_ground_truth_c1,not_hallucinated,medium,,Currently available nomograms used to predict BCR accurately predict PCSM,1,knowledge_23,0.6341030695075806,"To examine the ability of various postoperative nomograms to predict prostate cancer-specific mortality (PCSM) and to validate that they could predict aggressive biochemical recurrence (BCR). Prostate-specific antigen (PSA), grade, and stage are the classic triad used to predict BCR after radical prostatectomy (RP). Multiple nomograms use these to predict risk of BCR. A previous study showed that several nomograms could predict aggressive BCR (prostate-specific antigen doubling time [PSADT] <9 months) more accurately than BCR. However, it remains unknown if they can predict more definitive endpoints, such as PCSM. We performed Cox analyses to examine the ability of 4 postoperative nomograms, the Duke Prostate Center (DPC) nomogram, the Kattan postoperative nomogram, the Johns Hopkins Hospital (JHH) nomogram, and the joint Center for Prostate Disease Research(CPDR)/Cancer of the Prostate Strategic Urologic Research Endeavor (CaPSURE) nomogram to predict BCR and PCSM among 1778 men in the Shared Equal Access Regional Cancer Hospital (SEARCH) database who underwent RP between 1990 and 2009. We also compared their ability to predict BCR and aggressive BCR in a subset of men. We calculated the c-index for each nomogram to determine its predictive accuracy for estimating actual outcomes. We found that each nomogram could predict aggressive BCR and PCSM in a statistically significant manner and that they all predicted PCSM more accurately than they predicted BCR (ie, with higher c-index values).",unverifiable,0.0005678311572410166,0.0010808950755745173,0.9983513355255127,low,0.00021617901511490346,low,typeform/distilbert-base-uncased-mnli
pqa_labeled_23_ground_truth_c2,not_hallucinated,medium,,other more clinically relevant endpoints.,1,knowledge_344,0.0755711724423448,"To determine whether the use of empiric chest radiography (CXR) is of significant value in detecting clinically unsuspected acute chest syndrome (ACS) in febrile patients with sickle cell disease (SCD). Patients with SCD presenting to the emergency department and hematology clinic with temperature greater than or equal to 38 degrees C were prospectively evaluated using a physician-completed questionnaire. The questionnaire included inquiries into the patient's physical signs and symptoms and the physician's clinical impression for the presence of ACS. The questionnaire was completed before obtaining CXR results in all patients. Seventy-three patients with SCD with 96 febrile events were evaluated over a 1-year period. Twenty-four percent (23/96) of the patients had CXR evidence of ACS. On the basis of the questionnaire data, 61% (14/23) of ACS cases were not clinically suspected by the evaluating physician before obtaining CXR. Comparing the patients with and without ACS revealed that, with the exception of splinting (4/23 [17%] versus 0/73 [0%]), no symptom or physical examination finding helped to identify which patients had ACS. Fifty-seven percent of patients with ACS had completely normal findings on physical examination. The presentation of patients with clinically detected versus clinically unsuspected ACS also did not differ significantly. Length of hospitalization, oxygen use, and need for transfusion were the same in both the unsuspected and detected ACS groups. Overall physician sensitivity for predicting ACS was only 39%, and diagnostic accuracy did not improve significantly with increasing levels of pediatric training.",unverifiable,0.005268214736133814,0.01440412551164627,0.9803276658058167,low,0.0028808251023292545,low,typeform/distilbert-base-uncased-mnli
pqa_labeled_23_ground_truth_c3,not_hallucinated,medium,,"Moreover, not only do they significantly predict PCSM,",1,knowledge_23,0.4172353365380707,"To examine the ability of various postoperative nomograms to predict prostate cancer-specific mortality (PCSM) and to validate that they could predict aggressive biochemical recurrence (BCR). Prostate-specific antigen (PSA), grade, and stage are the classic triad used to predict BCR after radical prostatectomy (RP). Multiple nomograms use these to predict risk of BCR. A previous study showed that several nomograms could predict aggressive BCR (prostate-specific antigen doubling time [PSADT] <9 months) more accurately than BCR. However, it remains unknown if they can predict more definitive endpoints, such as PCSM. We performed Cox analyses to examine the ability of 4 postoperative nomograms, the Duke Prostate Center (DPC) nomogram, the Kattan postoperative nomogram, the Johns Hopkins Hospital (JHH) nomogram, and the joint Center for Prostate Disease Research(CPDR)/Cancer of the Prostate Strategic Urologic Research Endeavor (CaPSURE) nomogram to predict BCR and PCSM among 1778 men in the Shared Equal Access Regional Cancer Hospital (SEARCH) database who underwent RP between 1990 and 2009. We also compared their ability to predict BCR and aggressive BCR in a subset of men. We calculated the c-index for each nomogram to determine its predictive accuracy for estimating actual outcomes. We found that each nomogram could predict aggressive BCR and PCSM in a statistically significant manner and that they all predicted PCSM more accurately than they predicted BCR (ie, with higher c-index values).",unverifiable,0.0010369163937866688,0.0009724601404741406,0.997990608215332,low,0.00019449202809482813,low,typeform/distilbert-base-uncased-mnli
pqa_labeled_23_ground_truth_c4,not_hallucinated,medium,,do so with generally greater accuracy than BCR.,1,knowledge_23,0.3923482945185504,"To examine the ability of various postoperative nomograms to predict prostate cancer-specific mortality (PCSM) and to validate that they could predict aggressive biochemical recurrence (BCR). Prostate-specific antigen (PSA), grade, and stage are the classic triad used to predict BCR after radical prostatectomy (RP). Multiple nomograms use these to predict risk of BCR. A previous study showed that several nomograms could predict aggressive BCR (prostate-specific antigen doubling time [PSADT] <9 months) more accurately than BCR. However, it remains unknown if they can predict more definitive endpoints, such as PCSM. We performed Cox analyses to examine the ability of 4 postoperative nomograms, the Duke Prostate Center (DPC) nomogram, the Kattan postoperative nomogram, the Johns Hopkins Hospital (JHH) nomogram, and the joint Center for Prostate Disease Research(CPDR)/Cancer of the Prostate Strategic Urologic Research Endeavor (CaPSURE) nomogram to predict BCR and PCSM among 1778 men in the Shared Equal Access Regional Cancer Hospital (SEARCH) database who underwent RP between 1990 and 2009. We also compared their ability to predict BCR and aggressive BCR in a subset of men. We calculated the c-index for each nomogram to determine its predictive accuracy for estimating actual outcomes. We found that each nomogram could predict aggressive BCR and PCSM in a statistically significant manner and that they all predicted PCSM more accurately than they predicted BCR (ie, with higher c-index values).",unverifiable,0.0005177234997972846,0.0008423954714089632,0.9986398816108704,low,0.00016847909428179266,low,typeform/distilbert-base-uncased-mnli
pqa_labeled_23_hallucinated_c1,hallucinated,medium,Misinterpretation of #Question#,Nomograms designed to predict BCR perform poorly in comparison to other tools when predicting PCSM,1,knowledge_23,0.5010773208639789,"To examine the ability of various postoperative nomograms to predict prostate cancer-specific mortality (PCSM) and to validate that they could predict aggressive biochemical recurrence (BCR). Prostate-specific antigen (PSA), grade, and stage are the classic triad used to predict BCR after radical prostatectomy (RP). Multiple nomograms use these to predict risk of BCR. A previous study showed that several nomograms could predict aggressive BCR (prostate-specific antigen doubling time [PSADT] <9 months) more accurately than BCR. However, it remains unknown if they can predict more definitive endpoints, such as PCSM. We performed Cox analyses to examine the ability of 4 postoperative nomograms, the Duke Prostate Center (DPC) nomogram, the Kattan postoperative nomogram, the Johns Hopkins Hospital (JHH) nomogram, and the joint Center for Prostate Disease Research(CPDR)/Cancer of the Prostate Strategic Urologic Research Endeavor (CaPSURE) nomogram to predict BCR and PCSM among 1778 men in the Shared Equal Access Regional Cancer Hospital (SEARCH) database who underwent RP between 1990 and 2009. We also compared their ability to predict BCR and aggressive BCR in a subset of men. We calculated the c-index for each nomogram to determine its predictive accuracy for estimating actual outcomes. We found that each nomogram could predict aggressive BCR and PCSM in a statistically significant manner and that they all predicted PCSM more accurately than they predicted BCR (ie, with higher c-index values).",unverifiable,0.00040405921754427254,0.0012239894131198525,0.9983720183372498,low,0.0003427170356735587,low,typeform/distilbert-base-uncased-mnli
pqa_labeled_23_hallucinated_c2,hallucinated,medium,Misinterpretation of #Question#,other clinically relevant endpoints.,1,knowledge_344,0.0755711724423448,"To determine whether the use of empiric chest radiography (CXR) is of significant value in detecting clinically unsuspected acute chest syndrome (ACS) in febrile patients with sickle cell disease (SCD). Patients with SCD presenting to the emergency department and hematology clinic with temperature greater than or equal to 38 degrees C were prospectively evaluated using a physician-completed questionnaire. The questionnaire included inquiries into the patient's physical signs and symptoms and the physician's clinical impression for the presence of ACS. The questionnaire was completed before obtaining CXR results in all patients. Seventy-three patients with SCD with 96 febrile events were evaluated over a 1-year period. Twenty-four percent (23/96) of the patients had CXR evidence of ACS. On the basis of the questionnaire data, 61% (14/23) of ACS cases were not clinically suspected by the evaluating physician before obtaining CXR. Comparing the patients with and without ACS revealed that, with the exception of splinting (4/23 [17%] versus 0/73 [0%]), no symptom or physical examination finding helped to identify which patients had ACS. Fifty-seven percent of patients with ACS had completely normal findings on physical examination. The presentation of patients with clinically detected versus clinically unsuspected ACS also did not differ significantly. Length of hospitalization, oxygen use, and need for transfusion were the same in both the unsuspected and detected ACS groups. Overall physician sensitivity for predicting ACS was only 39%, and diagnostic accuracy did not improve significantly with increasing levels of pediatric training.",unverifiable,0.005133804865181446,0.012034289538860321,0.9828318953514099,low,0.00336960107088089,low,typeform/distilbert-base-uncased-mnli
pqa_labeled_24_ground_truth_c1,not_hallucinated,easy,,"Self-reported mechanical factors associated with chronic oro-facial pain are confounded, in part, by psychological factors",1,knowledge_24,0.6737978838818749,"(i) To examine the association between self-reported mechanical factors and chronic oro-facial pain. (ii) To test the hypothesis that this relationship could be explained by: (a) reporting of psychological factors, (b) common association of self-reported mechanical factors with other unexplained syndromes. A population based cross-sectional study of 4200 randomly selected adults registered with a General Medical Practice in North West, England. The study examined the association of chronic oro-facial pain with a variety of self-reported mechanical factors: teeth grinding, facial trauma, missing teeth and the feeling that the teeth did not fit together properly. Information was also collected on demographic factors, psychological factors and the reporting of other frequently unexplained syndromes. An adjusted response rate of 72% was achieved. Only two mechanical factors: teeth grinding (odds ratio (OR) 2.0, 95% CI 1.3-3.0) and facial trauma (OR 2.0; 95% CI 1.3-2.9) were independently associated with chronic oro-facial pain after adjusting for psychological factors. However, these factors were also commonly associated with the reporting of other frequently unexplained syndromes: teeth grinding (odds ratio (OR) 1.8, 95% CI 1.5-2.2), facial trauma (OR 2.1; 95% CI 1.7-2.6).",unverifiable,0.23964503407478333,0.028432834893465042,0.7319220900535583,low,0.005686566978693009,low,typeform/distilbert-base-uncased-mnli
pqa_labeled_24_ground_truth_c2,not_hallucinated,easy,,are equally common across other frequently unexplained syndromes.,1,knowledge_942,0.2804044854083561,"Alexithymia is presumed to play an important predisposing role in the pathogenesis of medically unexplained physical symptoms. However, no research on alexithymia has been done among general medical outpatients who present with medically unexplained physical symptoms as their main problem and in which anxiety and depression have been considered as possible confounding factors. This study investigated whether patients with medically unexplained physical symptoms are more alexithymic than those with explained symptoms and whether, in patients with unexplained symptoms, alexithymia is associated with subjective health experience and use of medical services. We conducted a cross-sectional study among patients attending an internal medicine outpatient clinic. All patients were given a standardized interview and completed a number of questionnaires. After complete physical examinations, 169 of 321 patients had unexplained physical symptoms according to two independent raters. Patients with medically unexplained symptoms more often had a mental disorder, but overall they were not more alexithymic. In patients with unexplained physical symptoms, alexithymia was not associated with subjective health experience or use of medical services. However, patients with both unexplained symptoms and a mental disorder who also denied any possible connection between emotional problems and their physical symptoms did have more alexithymic traits.",contradicted,0.0008052411722019315,0.9939467906951904,0.005247930996119976,low,0.19878935813903809,low,typeform/distilbert-base-uncased-mnli
pqa_labeled_24_ground_truth_c3,not_hallucinated,easy,,They may represent another feature of somatisation.,1,knowledge_560,0.0772098326336333,"Cytologic criteria reported to be helpful in the distinction of proliferative breast disease without atypia (PBD) from nonproliferative breast disease (NPBD) have not been rigorously tested. Fifty-one air-dried, Diff-Quik-stained fine-needle aspirates (FNA) of palpable breast lesions with biopsy-proven diagnoses of NPBD (34 cases) or PBD (17 cases) were reviewed. The smears were evaluated for the cellularity, size, and architectural arrangement of the epithelial groups; the presence of single epithelial cells and myoepithelial cells; and nuclear characteristics. The only cytologic feature found to be significantly different between PBD and NPBD was a swirling pattern of epithelial cells. A swirling pattern was noted in 13 of 17 PBD cases (76%) and 12 of 34 NPBD cases (35%) (P = 0.008).",unverifiable,0.012692632153630257,0.04278521239757538,0.9445222616195679,low,0.008557042479515076,low,typeform/distilbert-base-uncased-mnli
pqa_labeled_24_ground_truth_c4,not_hallucinated,easy,,Therefore the use of extensive invasive therapy such as occlusal adjustments,1,knowledge_428,0.11507188321533,"Updated guidelines for the screening and management of cervical cancer in the United States recommend starting Papanicolaou (Pap) testing at age 21 and screening less frequently with less aggressive management for abnormalities. We sought to examine updated Pap test screening guidelines and how they may affect the detection of invasive cervical cancer, especially among women<30 years of age. Patients diagnosed at Brigham and Women's Hospital with invasive cervical cancer between 2002 and 2012 were retrospectively identified. Prior screening history was obtained and patients were divided into two groups based on age<30 years or age ≥30 years. The two groups were then compared with respect to demographics, pathological findings, and time to diagnosis. A total of 288 patients with invasive cervical carcinoma were identified. Among these patients, 109 had adequate information on prior screening history. Invasive adenocarcinoma (IAC) was diagnosed in 37 (33.94%) patients, whereas 64 (58.72%) patients were diagnosed with invasive squamous cell carcinoma (ISCC). The remaining eight patients were diagnosed with other types of cancers of the cervix. A total of 13 patients were younger than 30 while 96 patients were 30 or older. The mean time from normal Pap to diagnosis of IAC was 15 months in patients younger than 30 years of age compared to 56 months in patients aged 30 and older (p < 0.001). The mean time from normal Pap to diagnosis of ISCC was 38 months in patients younger than 30 years of age and 82 months in patients aged 30 and older (p = 0.018).",unverifiable,0.3423386216163635,0.253726989030838,0.40393438935279846,low,0.0507453978061676,low,typeform/distilbert-base-uncased-mnli
pqa_labeled_24_ground_truth_c5,not_hallucinated,easy,,surgery to change mechanical factors may not be justified in many cases.,1,knowledge_24,0.2742091056644741,"(i) To examine the association between self-reported mechanical factors and chronic oro-facial pain. (ii) To test the hypothesis that this relationship could be explained by: (a) reporting of psychological factors, (b) common association of self-reported mechanical factors with other unexplained syndromes. A population based cross-sectional study of 4200 randomly selected adults registered with a General Medical Practice in North West, England. The study examined the association of chronic oro-facial pain with a variety of self-reported mechanical factors: teeth grinding, facial trauma, missing teeth and the feeling that the teeth did not fit together properly. Information was also collected on demographic factors, psychological factors and the reporting of other frequently unexplained syndromes. An adjusted response rate of 72% was achieved. Only two mechanical factors: teeth grinding (odds ratio (OR) 2.0, 95% CI 1.3-3.0) and facial trauma (OR 2.0; 95% CI 1.3-2.9) were independently associated with chronic oro-facial pain after adjusting for psychological factors. However, these factors were also commonly associated with the reporting of other frequently unexplained syndromes: teeth grinding (odds ratio (OR) 1.8, 95% CI 1.5-2.2), facial trauma (OR 2.1; 95% CI 1.7-2.6).",unverifiable,0.15227444469928741,0.008103066124022007,0.8396224975585938,low,0.0016206132248044016,low,typeform/distilbert-base-uncased-mnli
pqa_labeled_24_hallucinated_c1,hallucinated,easy,Misinterpretation of #Question#,"Chronic oro-facial pain is predominantly linked to mechanical dysfunctions, such as jaw misalignment",1,knowledge_24,0.3790096179042592,"(i) To examine the association between self-reported mechanical factors and chronic oro-facial pain. (ii) To test the hypothesis that this relationship could be explained by: (a) reporting of psychological factors, (b) common association of self-reported mechanical factors with other unexplained syndromes. A population based cross-sectional study of 4200 randomly selected adults registered with a General Medical Practice in North West, England. The study examined the association of chronic oro-facial pain with a variety of self-reported mechanical factors: teeth grinding, facial trauma, missing teeth and the feeling that the teeth did not fit together properly. Information was also collected on demographic factors, psychological factors and the reporting of other frequently unexplained syndromes. An adjusted response rate of 72% was achieved. Only two mechanical factors: teeth grinding (odds ratio (OR) 2.0, 95% CI 1.3-3.0) and facial trauma (OR 2.0; 95% CI 1.3-2.9) were independently associated with chronic oro-facial pain after adjusting for psychological factors. However, these factors were also commonly associated with the reporting of other frequently unexplained syndromes: teeth grinding (odds ratio (OR) 1.8, 95% CI 1.5-2.2), facial trauma (OR 2.1; 95% CI 1.7-2.6).",unverifiable,0.01496281661093235,0.005720516201108694,0.9793166518211365,low,0.0016017445363104344,low,typeform/distilbert-base-uncased-mnli
pqa_labeled_24_hallucinated_c2,hallucinated,easy,Misinterpretation of #Question#,"muscle tension, rather than somatisation.",1,knowledge_637,0.2433834834088587,"Although the mechanism of muscle wasting in end-stage renal disease is not fully understood, there is increasing evidence that acidosis induces muscle protein degradation and could therefore contribute to the loss of muscle protein stores of patients on hemodialysis, a prototypical state of chronic metabolic acidosis (CMA). Because body protein mass is controlled by the balance between synthesis and degradation, protein loss can occur as result of either increased breakdown, impaired synthesis, or both. Correction of acidosis may therefore help to maintain muscle mass and improve the health of patients with CMA. We evaluated whether alkalizing patients on hemodialysis might have a positive effect on protein synthesis and on nutritional parameters. Eight chronic hemodialysis patients were treated daily with oral sodium bicarbonate (NaHCO(3)) supplementation for 10-14 days, yielding a pre-dialytic plasma bicarbonate concentration of 28.6 +/-1.6 mmol/l. The fractional synthesis rates (FSR) of muscle protein and albumin were obtained by the L-[(2)H(5)ring]phenylalanine flooding technique. Oral NaHCO(3 )supplementation induced a significant increase in serum bicarbonate (21.5 +/- 3.4 vs. 28.6 +/- 1.6 mmol/l; p = 0.018) and blood pH (7.41 vs. 7.46; p = 0.041). The FSR of muscle protein and the FSR of albumin did not change significantly (muscle protein: 2.1 +/- 0.2 vs. 2.0 +/- 0.5% per day, p = 0.39; albumin: 8.3 +/- 2.2 vs. 8.6 +/- 2.5% per day, p = 0.31). Plasma concentrations of insulin-like growth factor 1 decreased significantly (33.4 +/- 21.3 vs. 25.4 +/- 12.3 nmol/l; p = 0.028), whereas thyroid-stimulating hormone, free thyroxin and free triiodothyronine did not change significantly and nutritional parameters showed no improvement.",contradicted,0.3949664235115051,0.40847620368003845,0.19655735790729523,low,0.11437333703041075,low,typeform/distilbert-base-uncased-mnli
pqa_labeled_24_hallucinated_c3,hallucinated,easy,Misinterpretation of #Question#,"A study published in the Journal of Orofacial Pain in 2020 concluded that mechanical factors account for over 70% of chronic oro-facial pain cases, independent of psychological factors.",1,knowledge_24,0.4545434623425869,"(i) To examine the association between self-reported mechanical factors and chronic oro-facial pain. (ii) To test the hypothesis that this relationship could be explained by: (a) reporting of psychological factors, (b) common association of self-reported mechanical factors with other unexplained syndromes. A population based cross-sectional study of 4200 randomly selected adults registered with a General Medical Practice in North West, England. The study examined the association of chronic oro-facial pain with a variety of self-reported mechanical factors: teeth grinding, facial trauma, missing teeth and the feeling that the teeth did not fit together properly. Information was also collected on demographic factors, psychological factors and the reporting of other frequently unexplained syndromes. An adjusted response rate of 72% was achieved. Only two mechanical factors: teeth grinding (odds ratio (OR) 2.0, 95% CI 1.3-3.0) and facial trauma (OR 2.0; 95% CI 1.3-2.9) were independently associated with chronic oro-facial pain after adjusting for psychological factors. However, these factors were also commonly associated with the reporting of other frequently unexplained syndromes: teeth grinding (odds ratio (OR) 1.8, 95% CI 1.5-2.2), facial trauma (OR 2.1; 95% CI 1.7-2.6).",contradicted,0.0009134042775258422,0.7537447810173035,0.24534182250499725,low,0.21104853868484497,low,typeform/distilbert-base-uncased-mnli
pqa_labeled_24_hallucinated_c4,hallucinated,easy,Misinterpretation of #Question#,"This finding suggests that mechanical issues are the primary drivers, necessitating targeted orthodontic interventions",1,knowledge_349,0.1551859634804593,"Most older drivers continue to drive as they age. To maintain safe and independent transport, mobility is important for all individuals, but especially for older drivers. The objective of this study was to investigate whether automatic transmission, compared with manual transmission, may improve the driving behavior of older drivers. In total, 31 older drivers (mean age 75.2 years) and 32 younger drivers - used as a control group (mean age 39.2 years) - were assessed twice on the same fixed route; once in a car with manual transmission and once in a car with automatic transmission. The cars were otherwise identical. The driving behavior was assessed with the Ryd On-Road Assessment driving protocol. Time to completion of left turns (right-hand side driving) and the impact of a distraction task were measured. The older group had more driving errors than the younger group, in both the manual and the automatic transmission car. However, and contrary to the younger drivers, automatic transmission improved the older participants' driving behavior as demonstrated by safer speed adjustment in urban areas, greater maneuvering skills, safer lane position and driving in accordance with the speed regulations.",unverifiable,0.041827328503131866,0.14571048319339752,0.8124620914459229,low,0.04079893529415131,low,typeform/distilbert-base-uncased-mnli
pqa_labeled_25_ground_truth_c1,not_hallucinated,hard,,Older people with a history of amblyopia who develop visual loss in the previously normal eye can experience recovery of visual function in the amblyopic eye over a period of time.,1,knowledge_44,0.251693004734888,"Studies have shown that schizophrenia patients have motion perception deficit, which was thought to cause eye-tracking abnormality in schizophrenia. However, eye movement closely interacts with motion perception. The known eye-tracking difficulties in schizophrenia patients may interact with their motion perception. Two speed discrimination experiments were conducted in a within-subject design. In experiment 1, the stimulus duration was 150 msec to minimize the chance of eye-tracking occurrence. In experiment 2, the duration was increased to 300 msec, increasing the possibility of eye movement intrusion. Regular eye-tracking performance was evaluated in a third experiment. At 150 msec, speed discrimination thresholds did not differ between schizophrenia patients (n = 38) and control subjects (n = 33). At 300 msec, patients had significantly higher thresholds than control subjects (p = .03). Furthermore, frequencies of eye tracking during the 300 msec stimulus were significantly correlated with speed discrimination in control subjects (p = .01) but not in patients, suggesting that eye-tracking initiation may benefit control subjects but not patients. The frequency of eye tracking during speed discrimination was not significantly related to regular eye-tracking performance.",supported,0.5614092946052551,0.038638319820165634,0.39995238184928894,low,0.007727663964033127,low,typeform/distilbert-base-uncased-mnli
pqa_labeled_25_ground_truth_c2,not_hallucinated,hard,,This recovery in visual function occurs in the wake of visual loss in the fellow eye,1,knowledge_1,0.2146020527540283,"Assessment of visual acuity depends on the optotypes used for measurement. The ability to recognize different optotypes differs even if their critical details appear under the same visual angle. Since optotypes are evaluated on individuals with good visual acuity and without eye disorders, differences in the lower visual acuity range cannot be excluded. In this study, visual acuity measured with the Snellen E was compared to the Landolt C acuity. 100 patients (age 8 - 90 years, median 60.5 years) with various eye disorders, among them 39 with amblyopia due to strabismus, and 13 healthy volunteers were tested. Charts with the Snellen E and the Landolt C (Precision Vision) which mimic the ETDRS charts were used to assess visual acuity. Three out of 5 optotypes per line had to be correctly identified, while wrong answers were monitored. In the group of patients, the eyes with the lower visual acuity, and the right eyes of the healthy subjects, were evaluated. Differences between Landolt C acuity (LR) and Snellen E acuity (SE) were small. The mean decimal values for LR and SE were 0.25 and 0.29 in the entire group and 0.14 and 0.16 for the eyes with strabismus amblyopia. The mean difference between LR and SE was 0.55 lines in the entire group and 0.55 lines for the eyes with strabismus amblyopia, with higher values of SE in both groups. The results of the other groups were similar with only small differences between LR and SE.",unverifiable,0.002744748955592513,0.030090397223830223,0.9671648740768433,low,0.006018079444766045,low,typeform/distilbert-base-uncased-mnli
pqa_labeled_25_ground_truth_c3,not_hallucinated,hard,,the improvement appears to be sustained.,1,knowledge_25,0.1626007725032074,The records of 465 patients with an established diagnosis of age related macular degeneration who had attended a specialist macular clinic between 1990 and 1998 were scrutinised. A full clinical examination and standardised refraction had been carried out in 189 of these cases on a minimum of two occasions. Cases were looked for where an improvement of one or more lines of either distance or near acuity was recorded in the eye unaffected by macular disease. In each one of these cases the improvement in visual acuity could not be attributed to treatment of other existing pathology. 12 such cases were detected. In nine of these the eye showing improvement of acuity had a history of amblyopia. The mean improvement in distance and near acuity in amblyopic eyes by 12 months was 3.3 and 1.9 lines logMAR respectively. The improvement in acuity generally occurred between 1 and 12 months from baseline and remained stable over the period of follow up.,contradicted,0.02752843126654625,0.9127680063247681,0.059703629463911057,low,0.18255360126495362,low,typeform/distilbert-base-uncased-mnli
pqa_labeled_25_hallucinated_c1,hallucinated,hard,Incomplete Information,Visual loss due to amblyopia is permanent unless treated with early intervention during childhood.,1,knowledge_1,0.1946346590574316,"Assessment of visual acuity depends on the optotypes used for measurement. The ability to recognize different optotypes differs even if their critical details appear under the same visual angle. Since optotypes are evaluated on individuals with good visual acuity and without eye disorders, differences in the lower visual acuity range cannot be excluded. In this study, visual acuity measured with the Snellen E was compared to the Landolt C acuity. 100 patients (age 8 - 90 years, median 60.5 years) with various eye disorders, among them 39 with amblyopia due to strabismus, and 13 healthy volunteers were tested. Charts with the Snellen E and the Landolt C (Precision Vision) which mimic the ETDRS charts were used to assess visual acuity. Three out of 5 optotypes per line had to be correctly identified, while wrong answers were monitored. In the group of patients, the eyes with the lower visual acuity, and the right eyes of the healthy subjects, were evaluated. Differences between Landolt C acuity (LR) and Snellen E acuity (SE) were small. The mean decimal values for LR and SE were 0.25 and 0.29 in the entire group and 0.14 and 0.16 for the eyes with strabismus amblyopia. The mean difference between LR and SE was 0.55 lines in the entire group and 0.55 lines for the eyes with strabismus amblyopia, with higher values of SE in both groups. The results of the other groups were similar with only small differences between LR and SE.",contradicted,0.008379928767681122,0.8787440061569214,0.1128760576248169,high,0.4833092033863068,moderate,typeform/distilbert-base-uncased-mnli
pqa_labeled_26_ground_truth_c1,not_hallucinated,hard,,"Present audit shows that the process of implementation of labor analgesia was quick, successful",1,knowledge_26,0.3692563856400197,"Social and cultural factors combined with little information may prevent the diffusion of epidural analgesia for pain relief during childbirth. The present study was launched contemporarily to the implementation of analgesia for labor in our Department in order to perform a 2 years audit on its use. The goal is to evaluate the epidural acceptance and penetration into hospital practice by women and care givers and safety and efficacy during childbirth. This audit cycle measured epidural analgesia performance against 4 standards: (1) Implementation of epidural analgesia for labor to all patients; (2) Acceptance and good satisfaction level reported by patients and caregivers. (3) Effectiveness of labor analgesia; (4) No maternal or fetal side effects. During the audit period epidural analgesia increased from 15.5% of all labors in the first trimester of the study to 51% in the last trimester (p<0.005). Satisfaction levels reported by patients and care givers were good. A hierarchical clustering analysis identified two clusters based on VAS (Visual Analogue Scale) time course: in 226 patients (cluster 1) VAS decreased from 8.5±1.4 before to 4.1±1.3 after epidural analgesia; in 1002 patients (cluster 2) VAS decreased from 8.12±1.7 before (NS vs cluster 1), to 0.76±0.79 after (p<0.001 vs before and vs cluster 2 after). No other differences between clusters were observed.",contradicted,0.0007772091194055974,0.9672077298164368,0.032015111297369,low,0.19344154596328736,low,typeform/distilbert-base-uncased-mnli
pqa_labeled_26_ground_truth_c2,not_hallucinated,hard,,"safe, notwithstanding the identification of one cluster of women with suboptimal response to epidural analgesia that need to be further studies, overall pregnant womens'adhesion to labor analgesia was satisfactory.",1,knowledge_26,0.5285295113597702,"Social and cultural factors combined with little information may prevent the diffusion of epidural analgesia for pain relief during childbirth. The present study was launched contemporarily to the implementation of analgesia for labor in our Department in order to perform a 2 years audit on its use. The goal is to evaluate the epidural acceptance and penetration into hospital practice by women and care givers and safety and efficacy during childbirth. This audit cycle measured epidural analgesia performance against 4 standards: (1) Implementation of epidural analgesia for labor to all patients; (2) Acceptance and good satisfaction level reported by patients and caregivers. (3) Effectiveness of labor analgesia; (4) No maternal or fetal side effects. During the audit period epidural analgesia increased from 15.5% of all labors in the first trimester of the study to 51% in the last trimester (p<0.005). Satisfaction levels reported by patients and care givers were good. A hierarchical clustering analysis identified two clusters based on VAS (Visual Analogue Scale) time course: in 226 patients (cluster 1) VAS decreased from 8.5±1.4 before to 4.1±1.3 after epidural analgesia; in 1002 patients (cluster 2) VAS decreased from 8.12±1.7 before (NS vs cluster 1), to 0.76±0.79 after (p<0.001 vs before and vs cluster 2 after). No other differences between clusters were observed.",contradicted,0.00023456339840777218,0.9952719807624817,0.004493502900004387,high,0.49763599038124084,moderate,typeform/distilbert-base-uncased-mnli
pqa_labeled_26_hallucinated_c1,hallucinated,hard,Misinterpretation of #Question#,"The implementation of epidural analgesia during labor demonstrates significant variability in effectiveness among different ethnic groups, indicating that cultural factors play a critical role in its successful application.",1,knowledge_26,0.3995955272304305,"Social and cultural factors combined with little information may prevent the diffusion of epidural analgesia for pain relief during childbirth. The present study was launched contemporarily to the implementation of analgesia for labor in our Department in order to perform a 2 years audit on its use. The goal is to evaluate the epidural acceptance and penetration into hospital practice by women and care givers and safety and efficacy during childbirth. This audit cycle measured epidural analgesia performance against 4 standards: (1) Implementation of epidural analgesia for labor to all patients; (2) Acceptance and good satisfaction level reported by patients and caregivers. (3) Effectiveness of labor analgesia; (4) No maternal or fetal side effects. During the audit period epidural analgesia increased from 15.5% of all labors in the first trimester of the study to 51% in the last trimester (p<0.005). Satisfaction levels reported by patients and care givers were good. A hierarchical clustering analysis identified two clusters based on VAS (Visual Analogue Scale) time course: in 226 patients (cluster 1) VAS decreased from 8.5±1.4 before to 4.1±1.3 after epidural analgesia; in 1002 patients (cluster 2) VAS decreased from 8.12±1.7 before (NS vs cluster 1), to 0.76±0.79 after (p<0.001 vs before and vs cluster 2 after). No other differences between clusters were observed.",contradicted,0.004173028748482466,0.6459043622016907,0.3499225974082947,low,0.1808532214164734,low,typeform/distilbert-base-uncased-mnli
pqa_labeled_27_ground_truth_c1,not_hallucinated,easy,,HER2 immunoreactivity might have a limited prognostic value for advanced urothelial carcinoma patients with adjuvant M-VEC.,1,knowledge_27,0.720175865699748,"To evaluate the impact of HER2 immunoreactivity on clinical outcome in locally advanced urothelial carcinoma patients who received surgery alone, or methotrexate, vinblastine, epirubicin, and cisplatin (M-VEC) as adjuvant chemotherapy. We studied 114 formalin-fixed paraffin-embedded specimens obtained from locally advanced urothelial carcinoma patients receiving surgery alone or adjuvant M-VEC. The authors evaluated HER2 immunoreactivity using immunohistochemical staining and explored the influence of pathological parameters and HER2 immunoreactivity on progression-free survival (PFS) and disease-specific overall survival (OS) using univariate and multivariate Cox's analyses. Urothelial carcinoma of the bladder had a significantly higher frequency of HER2 immunoreactivity than that of the upper urinary tract (60.7 vs. 20.7%, p<0.0001). Overall, nodal status was a strong and independent prognostic indicator for clinical outcome. The HER2 immunoreactivity was significantly associated with PFS (p = 0.02) and disease-specific OS (p = 0.005) in advanced urothelial carcinoma patients. As for patients with adjuvant M-VEC, HER2 immunoreactivity was a significant prognostic factor for PFS (p = 0.03) and disease-specific OS (p = 0.02) using univariate analysis, but not multivariate analysis, and not for patients receiving watchful waiting.",supported,0.9897472858428955,0.0010083932429552078,0.009244296699762344,low,0.00020167864859104158,low,typeform/distilbert-base-uncased-mnli
pqa_labeled_27_hallucinated_c1,hallucinated,easy,Misinterpretation of #Question#,HER2 immunoreactivity provides a definitive prognostic value for advanced urothelial carcinoma patients receiving adjuvant M-VEC chemotherapy.,1,knowledge_27,0.6671612125967977,"To evaluate the impact of HER2 immunoreactivity on clinical outcome in locally advanced urothelial carcinoma patients who received surgery alone, or methotrexate, vinblastine, epirubicin, and cisplatin (M-VEC) as adjuvant chemotherapy. We studied 114 formalin-fixed paraffin-embedded specimens obtained from locally advanced urothelial carcinoma patients receiving surgery alone or adjuvant M-VEC. The authors evaluated HER2 immunoreactivity using immunohistochemical staining and explored the influence of pathological parameters and HER2 immunoreactivity on progression-free survival (PFS) and disease-specific overall survival (OS) using univariate and multivariate Cox's analyses. Urothelial carcinoma of the bladder had a significantly higher frequency of HER2 immunoreactivity than that of the upper urinary tract (60.7 vs. 20.7%, p<0.0001). Overall, nodal status was a strong and independent prognostic indicator for clinical outcome. The HER2 immunoreactivity was significantly associated with PFS (p = 0.02) and disease-specific OS (p = 0.005) in advanced urothelial carcinoma patients. As for patients with adjuvant M-VEC, HER2 immunoreactivity was a significant prognostic factor for PFS (p = 0.03) and disease-specific OS (p = 0.02) using univariate analysis, but not multivariate analysis, and not for patients receiving watchful waiting.",supported,0.9646846055984497,0.0051857298240065575,0.03012959286570549,low,0.001452004350721836,low,typeform/distilbert-base-uncased-mnli
pqa_labeled_28_ground_truth_c1,not_hallucinated,medium,,"Halofantrine has mild to moderate pathological effects on cochlea histology,",1,knowledge_28,0.308241607795627,"Halofantrine is a newly developed antimalarial drug used for the treatment of Plasmodium falciparum malaria. The introduction of this drug has been delayed because of its possible side effects, and due to insufficient studies on adverse reactions in humans. There have been no studies investigating its effect on hearing. Thirty guinea pigs were divided into three groups: a control group, a halofantrine therapeutic dose group and a halofantrine double therapeutic dose group. One cochlea specimen from each animal was stained with haematoxylin and eosin and the other with toluidine blue. No changes were detected in the control group. The halofantrine therapeutic dose group showed loss and distortion of inner hair cells and inner phalangeal cells, and loss of spiral ganglia cells. In the halofantrine double therapeutic dose group, the inner and outer hair cells were distorted and there was loss of spiral ganglia cells.",unverifiable,0.0001874123845482245,0.00590889947488904,0.9939036965370178,low,0.001181779894977808,low,typeform/distilbert-base-uncased-mnli
pqa_labeled_28_ground_truth_c2,not_hallucinated,medium,,can be considered an ototoxic drug.,1,knowledge_341,0.3189138263720711,"In this study, an expert panel assessed causality of adverse reports by using the WHO global introspection (GI) method. The same reports were independently assessed using 15 published algorithms. The causality assessment level 'possible' was considered the lower limit for a report to be considered to be drug related. For a given algorithm, sensitivity was determined by the proportion of reports simultaneously classified as drug related by the algorithm and the GI method. Specificity was measured as the proportion of reports simultaneously considered non-drug related. The analysis was performed for the total sample and within serious or unexpected events. Five hundred adverse reports were studied. Algorithms presented high rates of sensitivity (average of 93%, positive predictive value of 89%) and low rates of specificity (average of 7%, negative predictive value of 31%).",contradicted,0.0073306504637002945,0.9674568176269531,0.025212526321411133,low,0.19349136352539065,low,typeform/distilbert-base-uncased-mnli
pqa_labeled_28_hallucinated_c1,hallucinated,medium,Misinterpretation of #Question#,Halofantrine is primarily associated with cardiovascular side effects rather than ototoxicity.,1,knowledge_28,0.3474168672590914,"Halofantrine is a newly developed antimalarial drug used for the treatment of Plasmodium falciparum malaria. The introduction of this drug has been delayed because of its possible side effects, and due to insufficient studies on adverse reactions in humans. There have been no studies investigating its effect on hearing. Thirty guinea pigs were divided into three groups: a control group, a halofantrine therapeutic dose group and a halofantrine double therapeutic dose group. One cochlea specimen from each animal was stained with haematoxylin and eosin and the other with toluidine blue. No changes were detected in the control group. The halofantrine therapeutic dose group showed loss and distortion of inner hair cells and inner phalangeal cells, and loss of spiral ganglia cells. In the halofantrine double therapeutic dose group, the inner and outer hair cells were distorted and there was loss of spiral ganglia cells.",unverifiable,0.00018397007079329342,0.005247524008154869,0.9945684671401978,low,0.0014693067222833634,low,typeform/distilbert-base-uncased-mnli
pqa_labeled_28_hallucinated_c2,hallucinated,medium,Misinterpretation of #Question#,Studies have shown that,1,knowledge_992,0.137935784773999,"Anteroposterior, lateral, and right and left oblique lumbar spine radiographs are often a standard part of the evaluation of children who are clinically suspected of having spondylolysis. Recent concerns regarding radiation exposure and costs have brought the value of oblique radiographs into question. The purpose of the present study was to determine the diagnostic value of oblique views in the diagnosis of spondylolysis. Radiographs of fifty adolescents with L5 spondylolysis without spondylolisthesis and fifty controls were retrospectively reviewed. All controls were confirmed not to have spondylolysis on the basis of computed tomographic scanning, magnetic resonance imaging, or bone scanning. Anteroposterior, lateral, and right and left oblique radiographs of the lumbar spine were arranged into two sets of slides: one showing four views (anteroposterior, lateral, right oblique, and left oblique) and one showing two views (anteroposterior and lateral only). The slides were randomly presented to four pediatric spine surgeons for diagnosis, with four-view slides being presented first, followed by two-view slides. The slides for twenty random patients were later reanalyzed in order to calculate of intra-rater agreement. A power analysis demonstrated that this study was adequately powered. Inter-rater and intra-rater agreement were assessed on the basis of the percentage of overall agreement and intraclass correlation coefficients (ICCs). PCXMC software was used to generate effective radiation doses. Study charges were determined from radiology billing data. There was no significant difference in sensitivity and specificity between four-view and two-view radiographs in the diagnosis of spondylolysis. The sensitivity was 0.59 for two-view studies and 0.53 for four-view studies (p = 0.33). The specificity was 0.96 for two-view studies and 0.94 for four-view studies (p = 0.60). Inter-rater agreement, intra-rater agreement, and agreement with gold-standard ICC values were in the moderate range and also demonstrated no significant differences. Percent overall agreement was 78% for four-view studies and 82% for two-view studies. The radiation effective dose was 1.26 mSv for four-view studies and 0.72 mSv for two-view studies (difference, 0.54 mSv). The charge for four-view studies was $145 more than that for two-view studies.",contradicted,0.00012633013830054551,0.9988335967063904,0.0010400557657703757,low,0.27967340707778926,low,typeform/distilbert-base-uncased-mnli
pqa_labeled_28_hallucinated_c3,hallucinated,medium,Misinterpretation of #Question#,"it can affect auditory structures under certain conditions, its main risk lies in cardiac toxicity, especially when administered in high doses or over extended periods.",1,knowledge_542,0.1094497093440514,"To examine the clinical effect (efficacy and tolerability) of high doses of zonisamide (ZNS) (>500 mg/d) in adult patients with pharmacoresistant epilepsy. Between 2006 and 2013, all epileptic outpatients treated with high doses of ZNS were selected. Safety and efficacy were assessed based on patient and caregiver reports. Serum levels of ZNS and other concomitant antiepileptic drugs were evaluated if available. Nine patients (5 female): 8 focal/1 generalized pharmacoresistant epilepsy. Mean age: 34 years. Most frequent seizure type: complex partial seizures; other seizure types: generalized tonic-clonic, tonic, myoclonia. Zonisamide in polytherapy in all (100%), administered in tritherapy in 3 (33%) of 9 patients; mean dose: 633 (600-700) mg/d; efficacy (>50% seizure reduction) was observed in 5 (55%) of 9 patients. Five of 9 patients are still taking high doses of ZNS (more than 1 year). Adverse events were observed in 3 (37%) of 8 patients. Good tolerance to high doses of other antiepileptic drugs had been observed in 6 (66%) of 9 patients. Plasma levels of ZNS were only available in 2 patients; both were in the therapeutic range (34.95, 30.91) (10-40 mg/L).",unverifiable,0.0035959386732429266,0.0013892867136746645,0.9950147271156311,high,0.0009725006995722651,low,typeform/distilbert-base-uncased-mnli
pqa_labeled_29_ground_truth_c1,not_hallucinated,easy,,VAT area measurement at a single level 3 cm above the lower margin of the L3 vertebra is feasible,1,knowledge_29,0.4025250878328353,"Measurement of visceral adipose tissue (VAT) needs to be accurate and sensitive to change for risk monitoring. The purpose of this study is to determine the CT slice location where VAT area can best reflect changes in VAT volume and body weight. 60 plain abdominal CT images from 30 males [mean age (range) 51 (41-68) years, mean body weight (range) 71.1 (101.9-50.9) kg] who underwent workplace screenings twice within a 1-year interval were evaluated. Automatically calculated and manually corrected areas of the VAT of various scan levels using ""freeform curve"" region of interest on CT were recorded and compared with body weight changes. The strongest correlations of VAT area with VAT volume and body weight changes were shown in a slice 3 cm above the lower margin of L3 with r values of 0.853 and 0.902, respectively.",unverifiable,0.00038977115764282644,0.0033948610071092844,0.9962154030799866,low,0.000678972201421857,low,typeform/distilbert-base-uncased-mnli
pqa_labeled_29_ground_truth_c2,not_hallucinated,easy,,can reflect changes in VAT volume,1,knowledge_29,0.5779902937234299,"Measurement of visceral adipose tissue (VAT) needs to be accurate and sensitive to change for risk monitoring. The purpose of this study is to determine the CT slice location where VAT area can best reflect changes in VAT volume and body weight. 60 plain abdominal CT images from 30 males [mean age (range) 51 (41-68) years, mean body weight (range) 71.1 (101.9-50.9) kg] who underwent workplace screenings twice within a 1-year interval were evaluated. Automatically calculated and manually corrected areas of the VAT of various scan levels using ""freeform curve"" region of interest on CT were recorded and compared with body weight changes. The strongest correlations of VAT area with VAT volume and body weight changes were shown in a slice 3 cm above the lower margin of L3 with r values of 0.853 and 0.902, respectively.",unverifiable,0.00030038540717214346,0.001570003223605454,0.9981295466423035,low,0.0003140006447210908,low,typeform/distilbert-base-uncased-mnli
pqa_labeled_29_ground_truth_c3,not_hallucinated,easy,,Advances in knowledge: As VAT area at a CT slice 3cm above the lower margin of L3 can best reflect interval changes in VAT volume,1,knowledge_29,0.6440192449621048,"Measurement of visceral adipose tissue (VAT) needs to be accurate and sensitive to change for risk monitoring. The purpose of this study is to determine the CT slice location where VAT area can best reflect changes in VAT volume and body weight. 60 plain abdominal CT images from 30 males [mean age (range) 51 (41-68) years, mean body weight (range) 71.1 (101.9-50.9) kg] who underwent workplace screenings twice within a 1-year interval were evaluated. Automatically calculated and manually corrected areas of the VAT of various scan levels using ""freeform curve"" region of interest on CT were recorded and compared with body weight changes. The strongest correlations of VAT area with VAT volume and body weight changes were shown in a slice 3 cm above the lower margin of L3 with r values of 0.853 and 0.902, respectively.",unverifiable,0.00043128611287102103,0.0031238836236298084,0.9964447617530823,low,0.0006247767247259617,low,typeform/distilbert-base-uncased-mnli
pqa_labeled_29_ground_truth_c4,not_hallucinated,easy,,"body weight, VAT area measurement should be selected at this location.",1,knowledge_29,0.6052116911977676,"Measurement of visceral adipose tissue (VAT) needs to be accurate and sensitive to change for risk monitoring. The purpose of this study is to determine the CT slice location where VAT area can best reflect changes in VAT volume and body weight. 60 plain abdominal CT images from 30 males [mean age (range) 51 (41-68) years, mean body weight (range) 71.1 (101.9-50.9) kg] who underwent workplace screenings twice within a 1-year interval were evaluated. Automatically calculated and manually corrected areas of the VAT of various scan levels using ""freeform curve"" region of interest on CT were recorded and compared with body weight changes. The strongest correlations of VAT area with VAT volume and body weight changes were shown in a slice 3 cm above the lower margin of L3 with r values of 0.853 and 0.902, respectively.",unverifiable,0.0003251159505452961,0.0019102258374914527,0.9977647066116333,low,0.00038204516749829054,low,typeform/distilbert-base-uncased-mnli
pqa_labeled_29_hallucinated_c1,hallucinated,easy,Misinterpretation of #Question#,VAT area measurement at a single level 3 cm below the lower margin of the L3 vertebra is feasible,1,knowledge_29,0.4025250878328353,"Measurement of visceral adipose tissue (VAT) needs to be accurate and sensitive to change for risk monitoring. The purpose of this study is to determine the CT slice location where VAT area can best reflect changes in VAT volume and body weight. 60 plain abdominal CT images from 30 males [mean age (range) 51 (41-68) years, mean body weight (range) 71.1 (101.9-50.9) kg] who underwent workplace screenings twice within a 1-year interval were evaluated. Automatically calculated and manually corrected areas of the VAT of various scan levels using ""freeform curve"" region of interest on CT were recorded and compared with body weight changes. The strongest correlations of VAT area with VAT volume and body weight changes were shown in a slice 3 cm above the lower margin of L3 with r values of 0.853 and 0.902, respectively.",unverifiable,0.00038816616870462894,0.003355399938300252,0.9962564706802368,low,0.0009395119827240706,low,typeform/distilbert-base-uncased-mnli
pqa_labeled_29_hallucinated_c2,hallucinated,easy,Misinterpretation of #Question#,can reflect changes in VAT volume,1,knowledge_29,0.5779902937234299,"Measurement of visceral adipose tissue (VAT) needs to be accurate and sensitive to change for risk monitoring. The purpose of this study is to determine the CT slice location where VAT area can best reflect changes in VAT volume and body weight. 60 plain abdominal CT images from 30 males [mean age (range) 51 (41-68) years, mean body weight (range) 71.1 (101.9-50.9) kg] who underwent workplace screenings twice within a 1-year interval were evaluated. Automatically calculated and manually corrected areas of the VAT of various scan levels using ""freeform curve"" region of interest on CT were recorded and compared with body weight changes. The strongest correlations of VAT area with VAT volume and body weight changes were shown in a slice 3 cm above the lower margin of L3 with r values of 0.853 and 0.902, respectively.",unverifiable,0.00030038540717214346,0.001570003223605454,0.9981295466423035,low,0.0004396009026095271,low,typeform/distilbert-base-uncased-mnli
pqa_labeled_30_ground_truth_c1,not_hallucinated,medium,,The results of this study cast doubt on the suggested advantage of HBO in reducing patient mortality,1,knowledge_30,0.3799084190105415,"The accepted treatment protocol for necrotizing fasciitis (NF) consists of extensive surgery and wide spectrum antibiotics. Hyperbaric oxygenation (HBO) has been recommended as adjuvant therapy for NF, improving patient mortality and outcome. However, the beneficial effect of HBO for NF remains controversial. A retrospective evaluation of treatment outcome in 37 patients treated for NF between 1984 and 1993 was carried out. The mortality rate, morbidity criteria, and risk factors for grave prognosis were compared between a group of 25 patients who received HBO as part of their treatment protocol and a group of the remaining 12 patients treated by surgical excision and antibiotics alone. The two groups were found to be similar with regard to age, gender, the incidence of individual risk factors for ominous prognosis, and the Acute Physiology and Chronic Health Evaluation (APACHE) II score for disease's severity on presentation. The mortality rate among the HBO-treated patients was 36%, as opposed to 25% in the non-HBO group. The mean number of surgical débridements required per patient was significantly higher in the HBO group: 3.3 compared with 1.5 in the non-HBO-treated patients. Although the average length of hospitalization for survivors was shorter for the HBO group, the difference between the groups did not reach statistical significance.",supported,0.6132211089134216,0.2981226444244385,0.0886562317609787,high,0.14906132221221924,low,typeform/distilbert-base-uncased-mnli
pqa_labeled_30_ground_truth_c2,not_hallucinated,medium,,morbidity when used as adjuvant therapy for NF.,1,knowledge_30,0.2692071471685969,"The accepted treatment protocol for necrotizing fasciitis (NF) consists of extensive surgery and wide spectrum antibiotics. Hyperbaric oxygenation (HBO) has been recommended as adjuvant therapy for NF, improving patient mortality and outcome. However, the beneficial effect of HBO for NF remains controversial. A retrospective evaluation of treatment outcome in 37 patients treated for NF between 1984 and 1993 was carried out. The mortality rate, morbidity criteria, and risk factors for grave prognosis were compared between a group of 25 patients who received HBO as part of their treatment protocol and a group of the remaining 12 patients treated by surgical excision and antibiotics alone. The two groups were found to be similar with regard to age, gender, the incidence of individual risk factors for ominous prognosis, and the Acute Physiology and Chronic Health Evaluation (APACHE) II score for disease's severity on presentation. The mortality rate among the HBO-treated patients was 36%, as opposed to 25% in the non-HBO group. The mean number of surgical débridements required per patient was significantly higher in the HBO group: 3.3 compared with 1.5 in the non-HBO-treated patients. Although the average length of hospitalization for survivors was shorter for the HBO group, the difference between the groups did not reach statistical significance.",supported,0.9867151379585266,0.0059509966522455215,0.007333846762776375,low,0.0011901993304491044,low,typeform/distilbert-base-uncased-mnli
pqa_labeled_30_hallucinated_c1,hallucinated,medium,Misinterpretation of #Question#,"The study confirms the significant reduction in mortality rates among patients treated with HBO alongside standard protocols, indicating its efficacy in managing NF.",1,knowledge_30,0.478324734743242,"The accepted treatment protocol for necrotizing fasciitis (NF) consists of extensive surgery and wide spectrum antibiotics. Hyperbaric oxygenation (HBO) has been recommended as adjuvant therapy for NF, improving patient mortality and outcome. However, the beneficial effect of HBO for NF remains controversial. A retrospective evaluation of treatment outcome in 37 patients treated for NF between 1984 and 1993 was carried out. The mortality rate, morbidity criteria, and risk factors for grave prognosis were compared between a group of 25 patients who received HBO as part of their treatment protocol and a group of the remaining 12 patients treated by surgical excision and antibiotics alone. The two groups were found to be similar with regard to age, gender, the incidence of individual risk factors for ominous prognosis, and the Acute Physiology and Chronic Health Evaluation (APACHE) II score for disease's severity on presentation. The mortality rate among the HBO-treated patients was 36%, as opposed to 25% in the non-HBO group. The mean number of surgical débridements required per patient was significantly higher in the HBO group: 3.3 compared with 1.5 in the non-HBO-treated patients. Although the average length of hospitalization for survivors was shorter for the HBO group, the difference between the groups did not reach statistical significance.",supported,0.7836823463439941,0.20494583249092102,0.01137183140963316,high,0.1434620827436447,low,typeform/distilbert-base-uncased-mnli
pqa_labeled_31_ground_truth_c1,not_hallucinated,hard,,"A positive Hawkins sign rules out that the fractured talus has developed avascular necrosis,",1,knowledge_31,0.6097046971844536,"To assess if the Hawkins sign can predict whether or not astragalus fractures of the neck will develop avascular necrosis. It is also assessed whether the occurrence of this complication is related to the displacement of the fracture, soft tissue injury, or delay in the reduction or surgery. The results were compared with those found in the literature. A retrospective study was conducted on 23 talar neck fractures recorded over a a period of thirteen years. The following variables were analysed: displacement of the fracture, soft tissue injury, delay and type of treatment, complications, observation of the Hawkins sign, and functional outcome. There were 7 type I Hawkins fractures, 11 type II, and 4 type III and 1 type IV. Four cases developed avascular necrosis (2 Hawkins type II and 2 type III). Hawkins sign was observed in 12 cases, of which none developed necrosis. Four cases with negative Hawkins sign developed necrosis. No statistically significant differences were found when comparing the development of avascular necrosis with the displacement of the fracture, soft tissue injury, or delay in treatment. Differences were found when comparing the development of avascular necrosis with the Hawkins sign (P=.03).",supported,0.5747969746589661,0.014890636317431927,0.41031238436698914,low,0.0029781272634863856,low,typeform/distilbert-base-uncased-mnli
pqa_labeled_31_ground_truth_c2,not_hallucinated,hard,,its absence does not confirm it.,1,knowledge_848,0.0927880288402685,"We investigated the role of surgical ablation targeting the autonomous nervous system during a Cox-Maze IV procedure in the maintenance of sinus rhythm at long-term follow-up. The patient population consisted of 519 subjects with persistent or long-standing persistent atrial fibrillation (AF) undergoing radiofrequency Maze IV during open heart surgery between January 2006 and July 2013 at three institutions without (Group 1) or with (Group 2) ganglionated plexi (GP) ablation. Recurrence of atrial fibrillation off-antiarrhythmic drugs was the primary outcome. Predictors of AF recurrence were evaluated by means of competing risk regression. Median follow-up was 36.7 months. The percentage of patients in normal sinus rhythm (NSR) off-antiarrhythmic drugs did not differ between groups (Group 1-75.5%, Group 2-67.8%, p = 0.08). Duration of AF ≥ 38 months (p = 0.01), left atrial diameter ≥ 54 mm (0.001), left atrial area ≥ 33 cm(2) (p = 0.005), absence of connecting lesions (p= 0.04), and absence of right atrial ablation (p<0.001) were independently associated with high incidence of AF recurrence. In contrast the absence of GP ablation was not a significant factor (p = 0.12).",unverifiable,0.10637397319078445,0.23842500150203705,0.6552010178565979,low,0.04768500030040741,low,typeform/distilbert-base-uncased-mnli
pqa_labeled_31_hallucinated_c1,hallucinated,hard,Misinterpretation of #Question#,A negative Hawkins sign is predictive of avascular necrosis in fractures of the neck of the astragalus.,1,knowledge_31,0.6875327183157053,"To assess if the Hawkins sign can predict whether or not astragalus fractures of the neck will develop avascular necrosis. It is also assessed whether the occurrence of this complication is related to the displacement of the fracture, soft tissue injury, or delay in the reduction or surgery. The results were compared with those found in the literature. A retrospective study was conducted on 23 talar neck fractures recorded over a a period of thirteen years. The following variables were analysed: displacement of the fracture, soft tissue injury, delay and type of treatment, complications, observation of the Hawkins sign, and functional outcome. There were 7 type I Hawkins fractures, 11 type II, and 4 type III and 1 type IV. Four cases developed avascular necrosis (2 Hawkins type II and 2 type III). Hawkins sign was observed in 12 cases, of which none developed necrosis. Four cases with negative Hawkins sign developed necrosis. No statistically significant differences were found when comparing the development of avascular necrosis with the displacement of the fracture, soft tissue injury, or delay in treatment. Differences were found when comparing the development of avascular necrosis with the Hawkins sign (P=.03).",unverifiable,0.2210758924484253,0.010476161725819111,0.7684479355812073,low,0.002933325283229351,low,typeform/distilbert-base-uncased-mnli
pqa_labeled_32_ground_truth_c1,not_hallucinated,hard,,Effective undergraduate surgical education can be offered in many specialty settings.,1,knowledge_411,0.2351398973301284,"Specialty pharmaceuticals have evolved beyond their status as niche drugs designed to treat rare conditions and are now poised to become the standard of care in a wide variety of common chronic illnesses. Due in part to the cost of these therapies, payers are increasingly demanding evidence of their value. Determining the value of these medications is hampered by a lack of robust pharmacoeconomic data. To outline emerging strategies and case study examples for the medical and pharmacy benefits management of specialty pharmaceuticals. The promise of specialty pharmaceuticals: increased life expectancy, improved quality of life, enhanced workplace productivity, decreased burden of disease, and reduced health care spending comes at a significant cost. These agents require special handling, administration, patient education, clinical support, and risk mitigation. Additionally, specialty drugs require distribution systems that ensure appropriate patient selection and data collection. With the specialty pharmaceutical pipeline overflowing with new medicines and an aging population increasingly relying on these novel treatments to treat common diseases, the challenge of managing the costs associated with these agents can be daunting. Aided by sophisticated pharmacoeconomic models to assess value, the cost impacts of these specialty drugs can be appropriately controlled.",unverifiable,0.20857436954975128,0.07296968996524811,0.7184559106826782,low,0.014593937993049623,low,typeform/distilbert-base-uncased-mnli
pqa_labeled_32_ground_truth_c2,not_hallucinated,hard,,Removal of the requirement for general surgery in clerkship may lead to a more effective use of all educational opportunities.,1,knowledge_32,0.3398899211194233,"Changes in the spectrum of general surgery and the delivery of surgical care have placed the requirement for a mandatory general surgery rotation in the surgical clerkship in question. We tested the hypothesis that equal mastery of surgical clerkship objectives can be obtained in a clerkship with and without general surgery. Students chose any two surgical rotations and were assessed by written examination, objective structured clinical examination (OSCE), ward evaluations, self-assessment objectives questionnaire, and satisfaction survey. Data for 54 students showed no differences in scores between groups on any parameter. No specific concerns related to the absence of general surgery were identified.",contradicted,3.9493112126365304e-05,0.9996205568313599,0.0003399236302357167,low,0.19992411136627197,low,typeform/distilbert-base-uncased-mnli
pqa_labeled_32_ground_truth_c3,not_hallucinated,hard,,A careful analysis of local programs,1,knowledge_504,0.2562232085075568,"To evaluate the effect of the 80-hour workweek restrictions on resident education within surgical programs in the New England area. Web-based survey. All Accreditation Council for Graduate Medical Education (ACGME) accredited surgical residency programs in New England (n = 20). Program directors/coordinators in each surgical residency program in New England. First, American Board of Surgery In-Training Examination (ABSITE) scores and the passing rate of the ABS certifying examination were recorded for the years 2001, 2002, 2005, and 2006. Second, the changes in the curriculum of surgical education were documented as perceived by program coordinators and directors. In all, 85% (17/20) of surgical programs in New England responded to the survey. The programs began to implement the 80-hour workweek from 2002 to 2004. An equal distribution of community (n = 8) and university programs (n = 9) was sampled. Prior to the initiation of the 80-hour workweek, residency programs emphasized weekly didactic sessions given by attending physicians (88%), mock orals (88%), and conventional journal club (76%). After the 80-hour workweek was implemented, the education curriculum most often consisted of didactic sessions by attending (100%), mock orals (88%), and simulation laboratories (75%). No difference was observed in ABSITE scores and first-time pass rates of the ABS examination before or after the introduction of the 80-hour workweek (20% response). Only 25% of programs felt that surgical education was improved after the implementation of the 80-hour workweek, whereas 31% felt education was worse. Overall, 44% of respondents believed that there was no difference in surgical education.",unverifiable,0.0011309348046779633,0.0019283973379060626,0.9969407320022583,low,0.00038567946758121256,low,typeform/distilbert-base-uncased-mnli
pqa_labeled_32_ground_truth_c4,not_hallucinated,hard,,facilities is necessary before suggesting this change to other institutions.,1,knowledge_818,0.0988660844357849,"Patients diagnosed with serious mental illness (SMI) who qualify for nursing home placement tend to require high levels of both psychiatric and nursing care. However, it is unknown whether they are equally likely to be admitted to nursing homes with adequate quality of care compared with other patients. We analyzed a national cohort of more than 1.3 million new nursing home admissions in 2007 using the minimum data set. The total and healthcare-related deficiency citations for each facility were obtained from the Online Survey, Certification, and Reporting file. Bivariate and multivariate regression analyses determined the association of schizophrenia or bipolar disorder with admissions to facilities with higher deficiencies. Compared with other patients, patients with schizophrenia (n=23,767) tended to enter nursing homes with more total (13.3 vs. 11.2, P<0.001) and healthcare-related deficiencies (8.6 vs. 7.2, P<0.001); and patients with bipolar disorder (n=19,741) were more likely to enter facilities with more problematic care too (12.5 vs. 11.2, P<0.001 for total deficiencies; and 8.2 vs. 7.2, P<0.001 for healthcare-related deficiencies). After sequentially controlling for the within-county choice of facilities, patient characteristics, and facility covariates, the association of SMI with admitting to higher-deficiency nursing homes persisted.",supported,0.7876811623573303,0.014707531780004501,0.1976112723350525,low,0.0029415063560009006,low,typeform/distilbert-base-uncased-mnli
pqa_labeled_32_hallucinated_c1,hallucinated,hard,Misinterpretation of #Question#,"Mandatory general surgery rotations are crucial as they provide the foundational skills necessary for all surgical subspecialties, including critical procedural competencies unique to general surgery that cannot be replicated elsewhere during a surgical clerkship.",1,knowledge_32,0.4085097718174227,"Changes in the spectrum of general surgery and the delivery of surgical care have placed the requirement for a mandatory general surgery rotation in the surgical clerkship in question. We tested the hypothesis that equal mastery of surgical clerkship objectives can be obtained in a clerkship with and without general surgery. Students chose any two surgical rotations and were assessed by written examination, objective structured clinical examination (OSCE), ward evaluations, self-assessment objectives questionnaire, and satisfaction survey. Data for 54 students showed no differences in scores between groups on any parameter. No specific concerns related to the absence of general surgery were identified.",contradicted,6.813599611632526e-05,0.9996564388275146,0.0002754275919869542,low,0.2799038028717041,low,typeform/distilbert-base-uncased-mnli
pqa_labeled_33_ground_truth_c1,not_hallucinated,hard,,The findings showed that acupuncture of voice-related acupoints could bring about improvement in vocal function,1,knowledge_33,0.4604599749982201,"To investigate the effectiveness of acupuncture in treating phonotraumatic vocal fold lesions.STUDY DESIGN/ A total of 123 dysphonic individuals with benign vocal pathologies were recruited. They were given either genuine acupuncture (n = 40), sham acupuncture (n = 44), or no treatment (n = 39) for 6 weeks (two 30-minute sessions/wk). The genuine acupuncture group received needles puncturing nine voice-related acupoints for 30 minutes, two times a week for 6 weeks, whereas the sham acupuncture group received blunted needles stimulating the skin surface of the nine acupoints for the same frequency and duration. The no-treatment group did not receive any intervention but attended just the assessment sessions. One-hundred seventeen subjects completed the study (genuine acupuncture = 40; sham acupuncture = 43; and no treatment = 34), but only 84 of them had a complete set of vocal functions and quality of life measures (genuine acupuncture = 29; sham acupuncture = 33; and no-treatment = 22) and 42 of them with a complete set of endoscopic data (genuine acupuncture = 16; sham acupuncture = 15; and no treatment = 11). Significant improvement in vocal function, as indicated by the maximum fundamental frequency produced, and also perceived quality of life, were found in both the genuine and sham acupuncture groups, but not in the no-treatment group. Structural (morphological) improvements were, however, only noticed in the genuine acupuncture group, which demonstrated a significant reduction in the size of the vocal fold lesions.",supported,0.9950119256973267,0.0008265344658866525,0.004161639139056206,low,0.0001653068931773305,low,typeform/distilbert-base-uncased-mnli
pqa_labeled_33_ground_truth_c2,not_hallucinated,hard,,healing of vocal fold lesions.,1,knowledge_33,0.2420802763492202,"To investigate the effectiveness of acupuncture in treating phonotraumatic vocal fold lesions.STUDY DESIGN/ A total of 123 dysphonic individuals with benign vocal pathologies were recruited. They were given either genuine acupuncture (n = 40), sham acupuncture (n = 44), or no treatment (n = 39) for 6 weeks (two 30-minute sessions/wk). The genuine acupuncture group received needles puncturing nine voice-related acupoints for 30 minutes, two times a week for 6 weeks, whereas the sham acupuncture group received blunted needles stimulating the skin surface of the nine acupoints for the same frequency and duration. The no-treatment group did not receive any intervention but attended just the assessment sessions. One-hundred seventeen subjects completed the study (genuine acupuncture = 40; sham acupuncture = 43; and no treatment = 34), but only 84 of them had a complete set of vocal functions and quality of life measures (genuine acupuncture = 29; sham acupuncture = 33; and no-treatment = 22) and 42 of them with a complete set of endoscopic data (genuine acupuncture = 16; sham acupuncture = 15; and no treatment = 11). Significant improvement in vocal function, as indicated by the maximum fundamental frequency produced, and also perceived quality of life, were found in both the genuine and sham acupuncture groups, but not in the no-treatment group. Structural (morphological) improvements were, however, only noticed in the genuine acupuncture group, which demonstrated a significant reduction in the size of the vocal fold lesions.",supported,0.9969192743301392,0.0006395716336555779,0.0024410889018326998,low,0.00012791432673111557,low,typeform/distilbert-base-uncased-mnli
pqa_labeled_33_hallucinated_c1,hallucinated,hard,Misinterpretation of #Question#,"The study published in the Journal of Voice in 2019 revealed that acupuncture, specifically targeting the auricular points associated with the larynx, significantly improves vocal function",1,knowledge_33,0.3648726488986248,"To investigate the effectiveness of acupuncture in treating phonotraumatic vocal fold lesions.STUDY DESIGN/ A total of 123 dysphonic individuals with benign vocal pathologies were recruited. They were given either genuine acupuncture (n = 40), sham acupuncture (n = 44), or no treatment (n = 39) for 6 weeks (two 30-minute sessions/wk). The genuine acupuncture group received needles puncturing nine voice-related acupoints for 30 minutes, two times a week for 6 weeks, whereas the sham acupuncture group received blunted needles stimulating the skin surface of the nine acupoints for the same frequency and duration. The no-treatment group did not receive any intervention but attended just the assessment sessions. One-hundred seventeen subjects completed the study (genuine acupuncture = 40; sham acupuncture = 43; and no treatment = 34), but only 84 of them had a complete set of vocal functions and quality of life measures (genuine acupuncture = 29; sham acupuncture = 33; and no-treatment = 22) and 42 of them with a complete set of endoscopic data (genuine acupuncture = 16; sham acupuncture = 15; and no treatment = 11). Significant improvement in vocal function, as indicated by the maximum fundamental frequency produced, and also perceived quality of life, were found in both the genuine and sham acupuncture groups, but not in the no-treatment group. Structural (morphological) improvements were, however, only noticed in the genuine acupuncture group, which demonstrated a significant reduction in the size of the vocal fold lesions.",unverifiable,0.03323595970869064,0.014548342674970627,0.9522156715393066,low,0.0040735359489917754,low,typeform/distilbert-base-uncased-mnli
pqa_labeled_33_hallucinated_c2,hallucinated,hard,Misinterpretation of #Question#,reduces inflammation in individuals suffering from phonotraumatic vocal pathologies.,1,knowledge_33,0.181184694499192,"To investigate the effectiveness of acupuncture in treating phonotraumatic vocal fold lesions.STUDY DESIGN/ A total of 123 dysphonic individuals with benign vocal pathologies were recruited. They were given either genuine acupuncture (n = 40), sham acupuncture (n = 44), or no treatment (n = 39) for 6 weeks (two 30-minute sessions/wk). The genuine acupuncture group received needles puncturing nine voice-related acupoints for 30 minutes, two times a week for 6 weeks, whereas the sham acupuncture group received blunted needles stimulating the skin surface of the nine acupoints for the same frequency and duration. The no-treatment group did not receive any intervention but attended just the assessment sessions. One-hundred seventeen subjects completed the study (genuine acupuncture = 40; sham acupuncture = 43; and no treatment = 34), but only 84 of them had a complete set of vocal functions and quality of life measures (genuine acupuncture = 29; sham acupuncture = 33; and no-treatment = 22) and 42 of them with a complete set of endoscopic data (genuine acupuncture = 16; sham acupuncture = 15; and no treatment = 11). Significant improvement in vocal function, as indicated by the maximum fundamental frequency produced, and also perceived quality of life, were found in both the genuine and sham acupuncture groups, but not in the no-treatment group. Structural (morphological) improvements were, however, only noticed in the genuine acupuncture group, which demonstrated a significant reduction in the size of the vocal fold lesions.",supported,0.9972137808799744,0.0006531170220114291,0.0021331841126084328,low,0.00018287276616320012,low,typeform/distilbert-base-uncased-mnli
pqa_labeled_33_hallucinated_c3,hallucinated,hard,Misinterpretation of #Question#,Auricular acupuncture was found to enhance blood flow,1,knowledge_33,0.4356387314774436,"To investigate the effectiveness of acupuncture in treating phonotraumatic vocal fold lesions.STUDY DESIGN/ A total of 123 dysphonic individuals with benign vocal pathologies were recruited. They were given either genuine acupuncture (n = 40), sham acupuncture (n = 44), or no treatment (n = 39) for 6 weeks (two 30-minute sessions/wk). The genuine acupuncture group received needles puncturing nine voice-related acupoints for 30 minutes, two times a week for 6 weeks, whereas the sham acupuncture group received blunted needles stimulating the skin surface of the nine acupoints for the same frequency and duration. The no-treatment group did not receive any intervention but attended just the assessment sessions. One-hundred seventeen subjects completed the study (genuine acupuncture = 40; sham acupuncture = 43; and no treatment = 34), but only 84 of them had a complete set of vocal functions and quality of life measures (genuine acupuncture = 29; sham acupuncture = 33; and no-treatment = 22) and 42 of them with a complete set of endoscopic data (genuine acupuncture = 16; sham acupuncture = 15; and no treatment = 11). Significant improvement in vocal function, as indicated by the maximum fundamental frequency produced, and also perceived quality of life, were found in both the genuine and sham acupuncture groups, but not in the no-treatment group. Structural (morphological) improvements were, however, only noticed in the genuine acupuncture group, which demonstrated a significant reduction in the size of the vocal fold lesions.",supported,0.9952163696289062,0.0008385546389035881,0.003945085685700178,low,0.00023479529889300463,low,typeform/distilbert-base-uncased-mnli
pqa_labeled_33_hallucinated_c4,hallucinated,hard,Misinterpretation of #Question#,"stimulate neural pathways, leading to faster recovery of vocal fold lesions.",1,knowledge_33,0.1545253044181192,"To investigate the effectiveness of acupuncture in treating phonotraumatic vocal fold lesions.STUDY DESIGN/ A total of 123 dysphonic individuals with benign vocal pathologies were recruited. They were given either genuine acupuncture (n = 40), sham acupuncture (n = 44), or no treatment (n = 39) for 6 weeks (two 30-minute sessions/wk). The genuine acupuncture group received needles puncturing nine voice-related acupoints for 30 minutes, two times a week for 6 weeks, whereas the sham acupuncture group received blunted needles stimulating the skin surface of the nine acupoints for the same frequency and duration. The no-treatment group did not receive any intervention but attended just the assessment sessions. One-hundred seventeen subjects completed the study (genuine acupuncture = 40; sham acupuncture = 43; and no treatment = 34), but only 84 of them had a complete set of vocal functions and quality of life measures (genuine acupuncture = 29; sham acupuncture = 33; and no-treatment = 22) and 42 of them with a complete set of endoscopic data (genuine acupuncture = 16; sham acupuncture = 15; and no treatment = 11). Significant improvement in vocal function, as indicated by the maximum fundamental frequency produced, and also perceived quality of life, were found in both the genuine and sham acupuncture groups, but not in the no-treatment group. Structural (morphological) improvements were, however, only noticed in the genuine acupuncture group, which demonstrated a significant reduction in the size of the vocal fold lesions.",supported,0.9957346320152283,0.001114306622184813,0.0031510067638009787,low,0.00031200585421174763,low,typeform/distilbert-base-uncased-mnli
pqa_labeled_34_ground_truth_c1,not_hallucinated,hard,,Better prognosis was obtained when ruptured aneurysm was repaired in the elderly than it was treated conservatively.,1,knowledge_34,0.2395193628618772,"With the advancement of an aging society in the world, an increasing number of elderly patients have been hospitalized due to aneurysmal subarachnoid hemorrhage (aSAH). There is no study that compares the elderly cases of aSAH who receive the definitive treatment with those who treated conservatively. The aim of this study was to investigate the feasibility of the definitive surgery for the acute subarachnoid cases aged 80 or older. We reviewed 500 consecutive cases with acute aSAH with surgical indication for aneurysm repair. Inoperable cases such as dead-on-arrival and the cases with both pupils dilated were excluded. We compared the cases aged 80 or older that received clipping or coil embolization with the controls that the family selected conservative treatment. 69 cases were included in this study (ranged 80-98, male:female=9:60). 56 cases (81.2%) had an aneurysm in the anterior circulation. 23 cases received clipping, 20 cases coil embolization and 26 cases treated conservatively. The cases with aneurysm repair showed significantly better clinical outcome than the controls, while World Federation of Neurological Surgeons (WFNS) grade on admission and premorbid modified Rankin Scale showed no difference between them.",unverifiable,0.0018533873371779919,0.00881835725158453,0.9893282055854797,high,0.004409178625792265,low,typeform/distilbert-base-uncased-mnli
pqa_labeled_34_ground_truth_c2,not_hallucinated,hard,,"From the results of this study, we should not hesitate to offer the definitive surgery for the elderly with aSAH.",1,knowledge_34,0.3067479268667721,"With the advancement of an aging society in the world, an increasing number of elderly patients have been hospitalized due to aneurysmal subarachnoid hemorrhage (aSAH). There is no study that compares the elderly cases of aSAH who receive the definitive treatment with those who treated conservatively. The aim of this study was to investigate the feasibility of the definitive surgery for the acute subarachnoid cases aged 80 or older. We reviewed 500 consecutive cases with acute aSAH with surgical indication for aneurysm repair. Inoperable cases such as dead-on-arrival and the cases with both pupils dilated were excluded. We compared the cases aged 80 or older that received clipping or coil embolization with the controls that the family selected conservative treatment. 69 cases were included in this study (ranged 80-98, male:female=9:60). 56 cases (81.2%) had an aneurysm in the anterior circulation. 23 cases received clipping, 20 cases coil embolization and 26 cases treated conservatively. The cases with aneurysm repair showed significantly better clinical outcome than the controls, while World Federation of Neurological Surgeons (WFNS) grade on admission and premorbid modified Rankin Scale showed no difference between them.",unverifiable,0.03810694068670273,0.017910083755850792,0.9439830183982849,low,0.0035820167511701586,low,typeform/distilbert-base-uncased-mnli
pqa_labeled_34_hallucinated_c1,hallucinated,hard,Incomplete Information,Conservative treatment yields similar outcomes to aneurysm repair in elderly patients with aSAH.,1,knowledge_34,0.3928087966905796,"With the advancement of an aging society in the world, an increasing number of elderly patients have been hospitalized due to aneurysmal subarachnoid hemorrhage (aSAH). There is no study that compares the elderly cases of aSAH who receive the definitive treatment with those who treated conservatively. The aim of this study was to investigate the feasibility of the definitive surgery for the acute subarachnoid cases aged 80 or older. We reviewed 500 consecutive cases with acute aSAH with surgical indication for aneurysm repair. Inoperable cases such as dead-on-arrival and the cases with both pupils dilated were excluded. We compared the cases aged 80 or older that received clipping or coil embolization with the controls that the family selected conservative treatment. 69 cases were included in this study (ranged 80-98, male:female=9:60). 56 cases (81.2%) had an aneurysm in the anterior circulation. 23 cases received clipping, 20 cases coil embolization and 26 cases treated conservatively. The cases with aneurysm repair showed significantly better clinical outcome than the controls, while World Federation of Neurological Surgeons (WFNS) grade on admission and premorbid modified Rankin Scale showed no difference between them.",unverifiable,0.0006752940826117992,0.0026242919266223907,0.9967003464698792,high,0.001443360559642315,low,typeform/distilbert-base-uncased-mnli
pqa_labeled_35_ground_truth_c1,not_hallucinated,hard,,"The analyses show that structural characteristics of a practice are not associated with uptake of a new IT facility,",1,knowledge_35,0.2557101520598867,"Recent evaluations of IT innovations in primary care have highlighted variations between centres and practices in uptake and use. We evaluated whether structural characteristics of a general practice were associated with variations in use of a web-based clinical information system underpinning a Managed Clinical Network in diabetes, between the years 2001 and 2003. Using a computerised audit trail, we calculated the numbers of web-based operations that occurred in each practice, stratified by staff type and year, and adjusted for the numbers of registered diabetic patients. In regression analyses, we determined whether total use was associated with structural characteristics of the practice (total list size, training status, numbers of GPs (general practitioners), mean age of the GPs, numbers of female GPs, level of deprivation of the population and whether staff had received advanced training in diabetes care). Initially there were a few practices which made very frequent use of the information system, with relatively high numbers of practices using the facility infrequently. However, overall use gradually became more evenly spread. This effect was particularly evident among nurse users. Frequent use by GPs was evident in only a small number of practices, with mean GP use decreasing over the three years. In linear regression analyses, none of the general practice variables were associated with online use, either overall or stratified by staff type, except for the numbers of diabetes-educated staff. This was consistently associated with increased use by nurses and GPs.",supported,0.7657045722007751,0.20992456376552582,0.024370849132537842,low,0.04198491275310517,low,typeform/distilbert-base-uncased-mnli
pqa_labeled_35_ground_truth_c2,not_hallucinated,hard,,that its use may be influenced by post-graduate education in the relevant clinical condition.,1,knowledge_669,0.1257919987822456,"Chronic low back pain (CLBP) is often accompanied by an abnormal motor performance. However, it has not been clarified yet whether these deviations also occur during motor tasks not involving the back and whether the performance is influenced by pain and pain-related cognitions. Therefore, the aim of the present study is to get insight in the contribution of both pain experience and pain-related cognitions to general motor task performance in CLBP. 13 CLBP patients and 15 healthy subjects performed a hand-function task in three conditions: sitting, lying prone (lying) and lying prone without trunk support (provoking). The last condition was assumed to provoke pain-related cognitions, which was considered successful when a patients' pain expectancy on a numeric rating scale was at least 1 point higher than actual pain experienced. Subjects' performance was expressed in reaction time and movement time. Repeated measures analysis of variance was performed to detect main effect for group and condition. Special interest was given to group*condition interaction, since significant interaction would indicate that patients and healthy subjects performed differently throughout the three conditions. Patients were slower throughout all conditions compared to healthy subjects. With respect to the provoking condition, patients showed deteriorated performance compared to lying while healthy subjects' performance remained equal between these two conditions. Further analysis of patients' data showed that provocation was successful in 54% of the patients. Especially this group showed deteriorated performance in the provoking condition.",unverifiable,0.0001136125938501209,0.00025944921071641147,0.9996269941329956,low,5.18898421432823e-05,low,typeform/distilbert-base-uncased-mnli
pqa_labeled_35_ground_truth_c3,not_hallucinated,hard,,"For this diabetes system at least, practice nurse use was critical in spreading uptake beyond initial GP enthusiasts",1,knowledge_183,0.2519031844854311,"Several studies have shown associations between hyperglycemia and risk of cardiovascular disease (CVD) and mortality, yet glucose-lowering treatment does little to mitigate this risk. We examined whether associations between hyperglycemia and CVD risk were explained by underlying insulin resistance. In 60 middle-aged individuals without diabetes we studied the associations of fasting plasma glucose, 2-hour post oral glucose tolerance test plasma glucose, insulin sensitivity as well as body fat percentage with CVD risk. Insulin sensitivity was measured as the glucose infusion rate during a euglycemic hyperinsulinemic clamp, body fat percentage was measured by dual X-ray absorptiometry, and CVD risk was estimated using the Framingham risk score. Associations of fasting plasma glucose, 2-hour plasma glucose, insulin sensitivity and body fat percentage with the Framingham risk score were assessed in linear regression models. Both fasting and 2-hour plasma glucose levels were associated with higher Framingham risk score (fasting glucose: r(2) = 0.21; 2-hour glucose: r(2) = 0.24; P<0.001 for both), and insulin sensitivity with lower Framingham risk score (r(2) = 0.36; P<0.001). However, adjustment for insulin sensitivity and 2-hour glucose made the effect of fasting glucose non-significant (P = 0.060). Likewise, when adjusting for insulin sensitivity and fasting glucose, the association between 2-hour glucose and Framingham risk score disappeared (P = 0.143). In contrast, insulin sensitivity was still associated with Framingham risk score after adjusting for glucose levels (P<0.001). Body fat was not associated with Framingham risk score when taking insulin sensitivity into account (P = 0.550).",contradicted,0.0030291336588561535,0.907774806022644,0.0891961082816124,high,0.453887403011322,moderate,typeform/distilbert-base-uncased-mnli
pqa_labeled_35_ground_truth_c4,not_hallucinated,hard,,rising use in subsequent years.,1,knowledge_129,0.1338037727136787,"Evidence suggests substantial comorbidity between symptoms of somatization and depression in clinical as well as nonclinical populations. However, as most existing research has been retrospective or cross-sectional in design, very little is known about the specific nature of this relationship. In particular, it is unclear whether somatic complaints may heighten the risk for the subsequent development of depressive symptoms. We report findings on the link between symptoms of somatization (assessed using the SCL-90-R) and depression 5 years later (assessed using the CES-D) in an initially healthy cohort of community adults, based on prospective data from the RENO Diet-Heart Study. Gender-stratified multiple regression analyses revealed that baseline CES-D scores were the best predictors of subsequent depressive symptoms for men and women. Baseline scores on the SCL-90-R somatization subscale significantly predicted subsequent self-reported symptoms of depressed mood 5 years later, but only in women. However, somatic complaints were a somewhat less powerful predictor than income and age.",unverifiable,0.0025641850661486387,0.003935869783163071,0.9934999346733093,low,0.0007871739566326142,low,typeform/distilbert-base-uncased-mnli
pqa_labeled_35_hallucinated_c1,hallucinated,hard,Misinterpretation of #Question#,"The analyses show that structural characteristics of a practice, such as the number of GPs",1,knowledge_35,0.4269294912134879,"Recent evaluations of IT innovations in primary care have highlighted variations between centres and practices in uptake and use. We evaluated whether structural characteristics of a general practice were associated with variations in use of a web-based clinical information system underpinning a Managed Clinical Network in diabetes, between the years 2001 and 2003. Using a computerised audit trail, we calculated the numbers of web-based operations that occurred in each practice, stratified by staff type and year, and adjusted for the numbers of registered diabetic patients. In regression analyses, we determined whether total use was associated with structural characteristics of the practice (total list size, training status, numbers of GPs (general practitioners), mean age of the GPs, numbers of female GPs, level of deprivation of the population and whether staff had received advanced training in diabetes care). Initially there were a few practices which made very frequent use of the information system, with relatively high numbers of practices using the facility infrequently. However, overall use gradually became more evenly spread. This effect was particularly evident among nurse users. Frequent use by GPs was evident in only a small number of practices, with mean GP use decreasing over the three years. In linear regression analyses, none of the general practice variables were associated with online use, either overall or stratified by staff type, except for the numbers of diabetes-educated staff. This was consistently associated with increased use by nurses and GPs.",supported,0.8670258522033691,0.12290841341018677,0.010065692476928234,low,0.03441435575485229,low,typeform/distilbert-base-uncased-mnli
pqa_labeled_35_hallucinated_c2,hallucinated,hard,Misinterpretation of #Question#,"staff training status, significantly impact the uptake of new IT facilities, suggesting a direct relationship between these factors",1,knowledge_35,0.1641450197583056,"Recent evaluations of IT innovations in primary care have highlighted variations between centres and practices in uptake and use. We evaluated whether structural characteristics of a general practice were associated with variations in use of a web-based clinical information system underpinning a Managed Clinical Network in diabetes, between the years 2001 and 2003. Using a computerised audit trail, we calculated the numbers of web-based operations that occurred in each practice, stratified by staff type and year, and adjusted for the numbers of registered diabetic patients. In regression analyses, we determined whether total use was associated with structural characteristics of the practice (total list size, training status, numbers of GPs (general practitioners), mean age of the GPs, numbers of female GPs, level of deprivation of the population and whether staff had received advanced training in diabetes care). Initially there were a few practices which made very frequent use of the information system, with relatively high numbers of practices using the facility infrequently. However, overall use gradually became more evenly spread. This effect was particularly evident among nurse users. Frequent use by GPs was evident in only a small number of practices, with mean GP use decreasing over the three years. In linear regression analyses, none of the general practice variables were associated with online use, either overall or stratified by staff type, except for the numbers of diabetes-educated staff. This was consistently associated with increased use by nurses and GPs.",supported,0.9973813891410828,0.0006859861314296722,0.0019325587200000882,low,0.00019207611680030823,low,typeform/distilbert-base-uncased-mnli
pqa_labeled_35_hallucinated_c3,hallucinated,hard,Misinterpretation of #Question#,the adoption rate.,1,knowledge_279,0.5176903924414501,"To analyse associations between indicators for adoption of new drugs and to test the hypothesis that physicians' early adoption of new drugs is a personal trait independent of drug groups. In a population-based cohort study using register data, we analysed the prescribing of new drugs by Danish general practitioners. Angiotensin-II antagonists, triptans, selective cyclo-oxygenase-2 antagonists and esomeprazol were used in the assessment. As indicators of new drug uptake, we used adoption time, cumulative incidence, preference proportion, incidence rate and prescription cost and volume. For each measure, we ranked the general practices. Ranks were pair-wise plotted, and Pearson's correlation coefficient ( r) was calculated. Next, we analysed the correlation between ranks across different drug classes. For all indicators, the general practitioners' adoption of one group of drugs was poorly associated with adoption of others ( r</=0.49), indicating that early adoption of one type of drugs is not associated with early adoption of another. For all drug groups, adoption time adjusted for practice size was only weakly associated with other indicators ( r: -0.56 to -0.27). Indicators, based on cost and volume of drugs, were highly correlated ( r: 0.96-0.99), and the others correlated reasonably well ( r: 0.51-0.91).",supported,0.9830917716026306,0.0024214365985244513,0.014486732892692089,low,0.0006780022475868463,low,typeform/distilbert-base-uncased-mnli
pqa_labeled_36_ground_truth_c1,not_hallucinated,hard,,"W-d HCCs were clinically demonstrated not to be early cancer,",1,knowledge_36,0.3773943303205389,"The purpose of this study is to examine whether or not well differentiated (w-d) hepatocellular carcinoma (HCC) is indeed clinically early cancer. Seventy six patients with solitary small HCCs up to 3 cm in diameter, who underwent hepatectomy, were observed for at least 2 years for possible recurrence. These patients were divided into two groups: 10 patients with w-d HCCs (Edmondson and Steiner's grade I) and 66 patients with less differentiated (l-d) HCCs (Edmondson and Steiner's grade I-II, II-III, and III). The histological analysis revealed that w-d HCCs had lower incidences of fibrous capsule formation (P<0.01), when compared to l-d HCCs. There were no significant differences in the incidence of intrahepatic metastasis, or portal vein invasion. In a resected specimen of w-d HCC, barium sulfate and gelatin were injected into portal vein and a transparent specimen was made. The transparent specimen showed that the portal vein in the tumor seemed to be intact. Microscopically, cancer cell infiltration into the fibrous frame of the portal tract was present. There were no significant differences in the disease free survival between the two groups. An analysis of tumor volume doubling time in recurrent foci suggested that minute cancerous foci had been present at the time of operation.",supported,0.9909255504608154,0.005860192701220512,0.003214193508028984,low,0.0011720385402441025,low,typeform/distilbert-base-uncased-mnli
pqa_labeled_36_ground_truth_c2,not_hallucinated,hard,,there was no significant difference in disease free survival between the patients with w-d,1,knowledge_391,0.3093499770005417,"To determine survival among patients with epithelial ovarian carcinoma (EOC) who underwent a second-look laparotomy (SLL) and those refusing the procedure. Also to analyze factor(s) influencing the survival of the patients. Medical records were reviewed of patients with advanced EOC who were clinically free of disease after primary surgery and platinum-based chemotherapy between January 1, 1992, and December 31, 1998. All of them were offered SLL. Measurement outcomes include patient survival and disease-free survival. There were 50 patients with clinically complete remission after chemotherapy. Sixteen patients underwent SLL, and thirty-four patients refused the procedure (NSLL). Seven patients (43.8%) were reported to have positive SLL. After the median follow-up time of 35 months, 12 patients had died, and 5 patients were lost to follow-up. The median survival time for patients with SLL was about 60 months. Five-year survival rates of patients in the SLL, and NSLL groups were 37 per cent (95%CI = 7%-69%), and 88 per cent (95%CI = 65%-96%) respectively (P<0.001). The median time to relapse was about 25 months for patients with negative SLL. Five-year disease-free survival rates of patients in the negative SLL, and NSLL groups were 28 per cent (95%CI = 4%-59%), and 54 per cent (95%CI = 34%-70%) respectively (P=0.251). By Cox regression analysis, tumor grade was the only significant prognostic factor influencing patients' survival (HR = 6, 95%CI of HR = 1.2-34.2).",contradicted,0.0002890632313210517,0.9988559484481812,0.0008550130878575146,low,0.19977118968963625,low,typeform/distilbert-base-uncased-mnli
pqa_labeled_36_hallucinated_c1,hallucinated,hard,Misinterpretation of #Question#,Well differentiated hepatocellular carcinoma is considered an early-stage cancer due to its lower incidence of fibrous capsule formation,1,knowledge_36,0.275146849533845,"The purpose of this study is to examine whether or not well differentiated (w-d) hepatocellular carcinoma (HCC) is indeed clinically early cancer. Seventy six patients with solitary small HCCs up to 3 cm in diameter, who underwent hepatectomy, were observed for at least 2 years for possible recurrence. These patients were divided into two groups: 10 patients with w-d HCCs (Edmondson and Steiner's grade I) and 66 patients with less differentiated (l-d) HCCs (Edmondson and Steiner's grade I-II, II-III, and III). The histological analysis revealed that w-d HCCs had lower incidences of fibrous capsule formation (P<0.01), when compared to l-d HCCs. There were no significant differences in the incidence of intrahepatic metastasis, or portal vein invasion. In a resected specimen of w-d HCC, barium sulfate and gelatin were injected into portal vein and a transparent specimen was made. The transparent specimen showed that the portal vein in the tumor seemed to be intact. Microscopically, cancer cell infiltration into the fibrous frame of the portal tract was present. There were no significant differences in the disease free survival between the two groups. An analysis of tumor volume doubling time in recurrent foci suggested that minute cancerous foci had been present at the time of operation.",supported,0.9887605309486389,0.004679401405155659,0.0065599665977060795,low,0.0013102323934435845,low,typeform/distilbert-base-uncased-mnli
pqa_labeled_36_hallucinated_c2,hallucinated,hard,Misinterpretation of #Question#,lack of portal vein invasion.,1,knowledge_36,0.3386314873273792,"The purpose of this study is to examine whether or not well differentiated (w-d) hepatocellular carcinoma (HCC) is indeed clinically early cancer. Seventy six patients with solitary small HCCs up to 3 cm in diameter, who underwent hepatectomy, were observed for at least 2 years for possible recurrence. These patients were divided into two groups: 10 patients with w-d HCCs (Edmondson and Steiner's grade I) and 66 patients with less differentiated (l-d) HCCs (Edmondson and Steiner's grade I-II, II-III, and III). The histological analysis revealed that w-d HCCs had lower incidences of fibrous capsule formation (P<0.01), when compared to l-d HCCs. There were no significant differences in the incidence of intrahepatic metastasis, or portal vein invasion. In a resected specimen of w-d HCC, barium sulfate and gelatin were injected into portal vein and a transparent specimen was made. The transparent specimen showed that the portal vein in the tumor seemed to be intact. Microscopically, cancer cell infiltration into the fibrous frame of the portal tract was present. There were no significant differences in the disease free survival between the two groups. An analysis of tumor volume doubling time in recurrent foci suggested that minute cancerous foci had been present at the time of operation.",supported,0.9612395763397217,0.020140789449214935,0.01861957460641861,low,0.005639421045780182,low,typeform/distilbert-base-uncased-mnli
pqa_labeled_37_ground_truth_c1,not_hallucinated,easy,,"Adherence to follow-up was low in this family planning clinic population, no matter what type of follow-up was advised.",1,knowledge_37,0.3084846093674073,"To compare adherence to follow-up recommendations for colposcopy or repeated Papanicolaou (Pap) smears for women with previously abnormal Pap smear results. Retrospective cohort study. Three northern California family planning clinics. All women with abnormal Pap smear results referred for initial colposcopy and a random sample of those referred for repeated Pap smear. Medical records were located and reviewed for 90 of 107 women referred for colposcopy and 153 of 225 women referred for repeated Pap smears. Routine clinic protocols for follow-up--telephone call, letter, or certified letter--were applied without regard to the type of abnormality seen on a Pap smear or recommended examination. Documented adherence to follow-up within 8 months of an abnormal result. Attempts to contact the patients for follow-up, adherence to follow-up recommendations, and patient characteristics were abstracted from medical records. The probability of adherence to follow-up vs the number of follow-up attempts was modeled with survival analysis. Cox proportional hazards models were used to examine multivariate relationships related to adherence. The rate of overall adherence to follow-up recommendations was 56.0% (136/243). Adherence to a second colposcopy was not significantly different from that to a repeated Pap smear (odds ratio, 1.40; 95% confidence interval, 0.80-2.46). The use of as many as 3 patient reminders substantially improved adherence to follow-up. Women without insurance and women attending 1 of the 3 clinics were less likely to adhere to any follow-up recommendation (hazard ratio for no insurance, 0.43 [95% confidence interval, 0.20-0.93], and for clinic, 0.35 [95% confidence interval, 0.15-0.73]).",unverifiable,0.027993278577923775,0.22813653945922852,0.7438701391220093,low,0.04562730789184571,low,typeform/distilbert-base-uncased-mnli
pqa_labeled_37_ground_truth_c2,not_hallucinated,easy,,Adherence was improved by the use of up to 3 reminders.,1,knowledge_37,0.2971162530179081,"To compare adherence to follow-up recommendations for colposcopy or repeated Papanicolaou (Pap) smears for women with previously abnormal Pap smear results. Retrospective cohort study. Three northern California family planning clinics. All women with abnormal Pap smear results referred for initial colposcopy and a random sample of those referred for repeated Pap smear. Medical records were located and reviewed for 90 of 107 women referred for colposcopy and 153 of 225 women referred for repeated Pap smears. Routine clinic protocols for follow-up--telephone call, letter, or certified letter--were applied without regard to the type of abnormality seen on a Pap smear or recommended examination. Documented adherence to follow-up within 8 months of an abnormal result. Attempts to contact the patients for follow-up, adherence to follow-up recommendations, and patient characteristics were abstracted from medical records. The probability of adherence to follow-up vs the number of follow-up attempts was modeled with survival analysis. Cox proportional hazards models were used to examine multivariate relationships related to adherence. The rate of overall adherence to follow-up recommendations was 56.0% (136/243). Adherence to a second colposcopy was not significantly different from that to a repeated Pap smear (odds ratio, 1.40; 95% confidence interval, 0.80-2.46). The use of as many as 3 patient reminders substantially improved adherence to follow-up. Women without insurance and women attending 1 of the 3 clinics were less likely to adhere to any follow-up recommendation (hazard ratio for no insurance, 0.43 [95% confidence interval, 0.20-0.93], and for clinic, 0.35 [95% confidence interval, 0.15-0.73]).",unverifiable,0.026833882555365562,0.030330291017889977,0.942835807800293,low,0.006066058203577996,low,typeform/distilbert-base-uncased-mnli
pqa_labeled_37_ground_truth_c3,not_hallucinated,easy,,Allocating resources to effective methods for improving adherence to follow-up of abnormal results may be more important than which follow-up procedure is recommended.,1,knowledge_37,0.2905584435603019,"To compare adherence to follow-up recommendations for colposcopy or repeated Papanicolaou (Pap) smears for women with previously abnormal Pap smear results. Retrospective cohort study. Three northern California family planning clinics. All women with abnormal Pap smear results referred for initial colposcopy and a random sample of those referred for repeated Pap smear. Medical records were located and reviewed for 90 of 107 women referred for colposcopy and 153 of 225 women referred for repeated Pap smears. Routine clinic protocols for follow-up--telephone call, letter, or certified letter--were applied without regard to the type of abnormality seen on a Pap smear or recommended examination. Documented adherence to follow-up within 8 months of an abnormal result. Attempts to contact the patients for follow-up, adherence to follow-up recommendations, and patient characteristics were abstracted from medical records. The probability of adherence to follow-up vs the number of follow-up attempts was modeled with survival analysis. Cox proportional hazards models were used to examine multivariate relationships related to adherence. The rate of overall adherence to follow-up recommendations was 56.0% (136/243). Adherence to a second colposcopy was not significantly different from that to a repeated Pap smear (odds ratio, 1.40; 95% confidence interval, 0.80-2.46). The use of as many as 3 patient reminders substantially improved adherence to follow-up. Women without insurance and women attending 1 of the 3 clinics were less likely to adhere to any follow-up recommendation (hazard ratio for no insurance, 0.43 [95% confidence interval, 0.20-0.93], and for clinic, 0.35 [95% confidence interval, 0.15-0.73]).",unverifiable,0.0947093591094017,0.023579273372888565,0.8817113637924194,low,0.004715854674577713,low,typeform/distilbert-base-uncased-mnli
pqa_labeled_37_hallucinated_c1,hallucinated,easy,Misinterpretation of #Question#,Patient adherence to follow-up recommendations for abnormal Papanicolaou smears is significantly higher when genetic counseling is integrated into the follow-up protocol.,1,knowledge_37,0.3630711432649434,"To compare adherence to follow-up recommendations for colposcopy or repeated Papanicolaou (Pap) smears for women with previously abnormal Pap smear results. Retrospective cohort study. Three northern California family planning clinics. All women with abnormal Pap smear results referred for initial colposcopy and a random sample of those referred for repeated Pap smear. Medical records were located and reviewed for 90 of 107 women referred for colposcopy and 153 of 225 women referred for repeated Pap smears. Routine clinic protocols for follow-up--telephone call, letter, or certified letter--were applied without regard to the type of abnormality seen on a Pap smear or recommended examination. Documented adherence to follow-up within 8 months of an abnormal result. Attempts to contact the patients for follow-up, adherence to follow-up recommendations, and patient characteristics were abstracted from medical records. The probability of adherence to follow-up vs the number of follow-up attempts was modeled with survival analysis. Cox proportional hazards models were used to examine multivariate relationships related to adherence. The rate of overall adherence to follow-up recommendations was 56.0% (136/243). Adherence to a second colposcopy was not significantly different from that to a repeated Pap smear (odds ratio, 1.40; 95% confidence interval, 0.80-2.46). The use of as many as 3 patient reminders substantially improved adherence to follow-up. Women without insurance and women attending 1 of the 3 clinics were less likely to adhere to any follow-up recommendation (hazard ratio for no insurance, 0.43 [95% confidence interval, 0.20-0.93], and for clinic, 0.35 [95% confidence interval, 0.15-0.73]).",unverifiable,0.006883684080094099,0.4337518513202667,0.5593644976615906,low,0.12145051836967467,low,typeform/distilbert-base-uncased-mnli
pqa_labeled_38_ground_truth_c1,not_hallucinated,easy,,The real-time PCR approach revealed promising results in pollen identification,1,knowledge_38,0.4476833879601255,"Accurate and updated information on airborne pollen in specific areas can help allergic patients. Current monitoring systems are based on a morphologic identification approach, a time-consuming method that may represent a limiting factor for sampling network enhancement. To verify the feasibility of developing a real-time polymerase chain reaction (PCR) approach, an alternative to optical analysis, as a rapid, accurate, and automated tool for the detection and quantification of airborne allergenic pollen taxa. The traditional cetyl trimethyl ammonium bromide-based method was modified for DNA isolation from pollen. Taxon-specific DNA sequences were identified via bioinformatics or literature searches and were PCR amplified from the matching allergenic taxa; based on the sequences of PCR products, complementary or degenerate TaqMan probes were developed. The accuracy of the quantitative real-time PCR assay was tested on 3 plant species. The setup of a modified DNA extraction protocol allowed us to achieve good-quality pollen DNA. Taxon-specific nuclear gene fragments were identified and sequenced. Designed primer pairs and probes identified selected pollen taxa, mostly at the required classification level. Pollen was properly identified even when collected on routine aerobiological tape. Preliminary quantification assays on pollen grains were successfully performed on test species and in mixes.",unverifiable,0.0007897463510744274,0.015127685852348804,0.9840825796127319,low,0.003025537170469761,low,typeform/distilbert-base-uncased-mnli
pqa_labeled_38_ground_truth_c2,not_hallucinated,easy,,"quantification, even when analyzing pollen mixes.",1,knowledge_38,0.3972304598177232,"Accurate and updated information on airborne pollen in specific areas can help allergic patients. Current monitoring systems are based on a morphologic identification approach, a time-consuming method that may represent a limiting factor for sampling network enhancement. To verify the feasibility of developing a real-time polymerase chain reaction (PCR) approach, an alternative to optical analysis, as a rapid, accurate, and automated tool for the detection and quantification of airborne allergenic pollen taxa. The traditional cetyl trimethyl ammonium bromide-based method was modified for DNA isolation from pollen. Taxon-specific DNA sequences were identified via bioinformatics or literature searches and were PCR amplified from the matching allergenic taxa; based on the sequences of PCR products, complementary or degenerate TaqMan probes were developed. The accuracy of the quantitative real-time PCR assay was tested on 3 plant species. The setup of a modified DNA extraction protocol allowed us to achieve good-quality pollen DNA. Taxon-specific nuclear gene fragments were identified and sequenced. Designed primer pairs and probes identified selected pollen taxa, mostly at the required classification level. Pollen was properly identified even when collected on routine aerobiological tape. Preliminary quantification assays on pollen grains were successfully performed on test species and in mixes.",unverifiable,0.0014793224399909377,0.024346984922885895,0.9741737246513367,low,0.004869396984577179,low,typeform/distilbert-base-uncased-mnli
pqa_labeled_38_ground_truth_c3,not_hallucinated,easy,,Future perspectives could concern the development of multiplex real-time PCR for the simultaneous detection of different taxa in the same reaction tube,1,knowledge_38,0.2258523888441835,"Accurate and updated information on airborne pollen in specific areas can help allergic patients. Current monitoring systems are based on a morphologic identification approach, a time-consuming method that may represent a limiting factor for sampling network enhancement. To verify the feasibility of developing a real-time polymerase chain reaction (PCR) approach, an alternative to optical analysis, as a rapid, accurate, and automated tool for the detection and quantification of airborne allergenic pollen taxa. The traditional cetyl trimethyl ammonium bromide-based method was modified for DNA isolation from pollen. Taxon-specific DNA sequences were identified via bioinformatics or literature searches and were PCR amplified from the matching allergenic taxa; based on the sequences of PCR products, complementary or degenerate TaqMan probes were developed. The accuracy of the quantitative real-time PCR assay was tested on 3 plant species. The setup of a modified DNA extraction protocol allowed us to achieve good-quality pollen DNA. Taxon-specific nuclear gene fragments were identified and sequenced. Designed primer pairs and probes identified selected pollen taxa, mostly at the required classification level. Pollen was properly identified even when collected on routine aerobiological tape. Preliminary quantification assays on pollen grains were successfully performed on test species and in mixes.",unverifiable,0.0011719514150172472,0.023975763469934464,0.9748522043228149,low,0.004795152693986893,low,typeform/distilbert-base-uncased-mnli
pqa_labeled_38_ground_truth_c4,not_hallucinated,easy,,the application of high-throughput molecular methods.,1,knowledge_748,0.151095957385503,"Lynch syndrome (hereditary nonpolyposis colorectal cancer; HNPCC) is an autosomal-dominant cancer predisposition syndrome that increases risk for multiple cancers, including colon, endometrial, and ovarian cancer. Revised Bethesda Criteria recommend that patients with two HNPCC-associated cancers undergo molecular evaluation to determine whether they have a mismatch repair (MMR) defect associated with HNPCC. The purpose of our study was to determine the likelihood of MMR defects (MSH2, MSH6, MLH1) in women with synchronous endometrial and ovarian cancer. Between 1989 and 2004, 102 women with synchronous endometrial and ovarian cancers were identified; 59 patients had tumor blocks available for analysis. Patients were divided into risk groups based on family history: high (met Amsterdam criteria), medium (personal history or first-degree relative with an HNPCC-associated cancer), and low (all others). Protein expression for MSH2, MSH6, and MLH1 was evaluated by immunohistochemistry. Microsatellite instability and MLH1 promoter methylation analyses were performed on a subset of cases. Median age was 50 years. Two patients met Amsterdam criteria for HNPCC. Five additional patients, all medium-risk, had molecular findings consistent with a germline mutation of either MSH2 or MLH1. None of the low-risk patients had molecular results consistent with a germline mutation.",contradicted,0.0001519672805443406,0.9994155168533325,0.0004325655463617295,low,0.1998831033706665,low,typeform/distilbert-base-uncased-mnli
pqa_labeled_38_hallucinated_c1,hallucinated,easy,Incomplete Information,The real-time PCR approach demonstrated limited effectiveness in pollen identification,1,knowledge_38,0.4540695644017634,"Accurate and updated information on airborne pollen in specific areas can help allergic patients. Current monitoring systems are based on a morphologic identification approach, a time-consuming method that may represent a limiting factor for sampling network enhancement. To verify the feasibility of developing a real-time polymerase chain reaction (PCR) approach, an alternative to optical analysis, as a rapid, accurate, and automated tool for the detection and quantification of airborne allergenic pollen taxa. The traditional cetyl trimethyl ammonium bromide-based method was modified for DNA isolation from pollen. Taxon-specific DNA sequences were identified via bioinformatics or literature searches and were PCR amplified from the matching allergenic taxa; based on the sequences of PCR products, complementary or degenerate TaqMan probes were developed. The accuracy of the quantitative real-time PCR assay was tested on 3 plant species. The setup of a modified DNA extraction protocol allowed us to achieve good-quality pollen DNA. Taxon-specific nuclear gene fragments were identified and sequenced. Designed primer pairs and probes identified selected pollen taxa, mostly at the required classification level. Pollen was properly identified even when collected on routine aerobiological tape. Preliminary quantification assays on pollen grains were successfully performed on test species and in mixes.",unverifiable,0.00032148038735613227,0.004645435605198145,0.9950331449508667,low,0.001021995833143592,low,typeform/distilbert-base-uncased-mnli
pqa_labeled_38_hallucinated_c2,hallucinated,easy,Incomplete Information,"quantification, particularly when dealing with complex mixtures.",1,knowledge_878,0.1499854777411095,"Complex regional pain syndrome type I is treated symptomatically. A protective effect of vitamin C (ascorbic acid) has been reported previously. A dose-response study was designed to evaluate its effect in patients with wrist fractures. In a double-blind, prospective, multicenter trial, 416 patients with 427 wrist fractures were randomly allocated to treatment with placebo or treatment with 200, 500, or 1500 mg of vitamin C daily for fifty days. The effect of gender, age, fracture type, and cast-related complaints on the occurrence of complex regional pain syndrome was analyzed. Three hundred and seventeen patients with 328 fractures were randomized to receive vitamin C, and ninety-nine patients with ninety-nine fractures were randomized to receive a placebo. The prevalence of complex regional pain syndrome was 2.4% (eight of 328) in the vitamin C group and 10.1% (ten of ninety-nine) in the placebo group (p=0.002); all of the affected patients were elderly women. Analysis of the different doses of vitamin C showed that the prevalence of complex regional pain syndrome was 4.2% (four of ninety-six) in the 200-mg group (relative risk, 0.41; 95% confidence interval, 0.13 to 1.27), 1.8% (two of 114) in the 500-mg group (relative risk, 0.17; 95% confidence interval, 0.04 to 0.77), and 1.7% (two of 118) in the 1500-mg group (relative risk, 0.17; 95% confidence interval, 0.04 to 0.75). Early cast-related complaints predicted the development of complex regional pain syndrome (relative risk, 5.35; 95% confidence interval, 2.13 to 13.42).",supported,0.9887344241142273,0.0007592671317979693,0.010506234131753445,low,0.0001670387689955533,low,typeform/distilbert-base-uncased-mnli
pqa_labeled_38_hallucinated_c3,hallucinated,easy,Incomplete Information,Further studies are necessary to refine this method.,1,knowledge_208,0.2469564387911768,"The aim of this study was to assess the reproducibility of different measurement methods and define the most workable technique for measuring head and neck paragangliomas, to determine the best method for evaluating tumour growth. The evaluation of tumour growth is vital for a 'wait-and-scan' policy, a management strategy that became increasingly important. Method comparison study. Thirty tumours, including carotid body, vagal body, jugulotympanic tumours and conglomerates of multiple tumours, were measured in duplicate, using linear dimensions, manual area tracing and an automated segmentation method. Reproducibility was assessed using the Bland-Altman method. The smallest detectable difference using the linear dimension method was 11% for carotid body and 27% for vagal body tumours, compared with 17% and 20% for the manual area tracing method. Due to the irregular shape of paragangliomas in the temporal bone and conglomerates, the manual area tracing method showed better results in these tumours (26% and 8% versus 54% and 47%). The linear dimension method was significantly faster (median 4.27 versus 18.46 minutes, P<0.001). The automatic segmentation method yielded smallest detectable differences between 39% and 75%, and although fast (2.19 ± 1.49 minutes), it failed technically.",unverifiable,0.012931615114212036,0.015968983992934227,0.9710993766784668,low,0.0035131764784455304,low,typeform/distilbert-base-uncased-mnli
pqa_labeled_39_ground_truth_c1,not_hallucinated,medium,,"In comparison with its accuracy in non-DM patients, the accuracy of PET in cervical cancer patients with mild to moderate DM was not significantly reduced.",1,knowledge_39,0.5757445165889085,"Compared with computed tomography (CT) and magnetic resonance imaging (MRI), positron emission tomography (PET) may have additional value in the assessment of primary and recurrent cervical cancer. However, the degree of tumour uptake of (18)F-2-fluoro-2-deoxy-D: -glucose (FDG) uptake is sometimes influenced by diabetes mellitus (DM). Therefore, we conducted this prospective study to compare the diagnostic ability of FDG-PET in patients with cervical cancer complicated by DM and those without DM. Patients with untreated locally advanced primary or clinically curable recurrent cervical carcinoma were enrolled. Both FDG-PET and MRI/CT scans were performed within 2 weeks. Patients were categorised into the following groups: hyperglycaemic DM (fasting blood sugar>126 mg/dl), euglycaemic DM and non-DM. The lesions were confirmed histologically or by clinical follow-up. The receiver operating characteristic curve method, with calculation of the area under the curve (AUC), was used to evaluate the discriminative power. From February 2001 to January 2003, 219 patients (75 with primary and 144 with recurrent cervical cancer) were eligible for analysis. Sixteen had hyperglycaemic DM, 12 had euglycaemic DM and 191 were in the non-DM group. The diagnostic power of PET in the hyperglycaemic DM, euglycaemic DM and non-DM groups did not differ significantly with regard to the identification of either metastatic lesions (AUC, 0.967/0.947/0.925, P>0.05) or primary tumours/local recurrence (AUC, 0.950/0.938/0.979, P>0.05). Considering all DM patients, PET showed a significantly higher detection power than MRI/CT scans in respect of metastatic lesions (AUC=0.956 vs 0.824, P=0.012).",contradicted,0.007033810950815678,0.9871992468833923,0.005767006427049637,low,0.19743984937667847,low,typeform/distilbert-base-uncased-mnli
pqa_labeled_39_hallucinated_c1,hallucinated,medium,Mechanism and Pathway Misattribution,The presence of diabetes mellitus significantly decreases the sensitivity of FDG-PET in diagnosing cervical cancer due to increased background noise from high glucose metabolism in non-tumoral tissues.,1,knowledge_183,0.3041496236761106,"Several studies have shown associations between hyperglycemia and risk of cardiovascular disease (CVD) and mortality, yet glucose-lowering treatment does little to mitigate this risk. We examined whether associations between hyperglycemia and CVD risk were explained by underlying insulin resistance. In 60 middle-aged individuals without diabetes we studied the associations of fasting plasma glucose, 2-hour post oral glucose tolerance test plasma glucose, insulin sensitivity as well as body fat percentage with CVD risk. Insulin sensitivity was measured as the glucose infusion rate during a euglycemic hyperinsulinemic clamp, body fat percentage was measured by dual X-ray absorptiometry, and CVD risk was estimated using the Framingham risk score. Associations of fasting plasma glucose, 2-hour plasma glucose, insulin sensitivity and body fat percentage with the Framingham risk score were assessed in linear regression models. Both fasting and 2-hour plasma glucose levels were associated with higher Framingham risk score (fasting glucose: r(2) = 0.21; 2-hour glucose: r(2) = 0.24; P<0.001 for both), and insulin sensitivity with lower Framingham risk score (r(2) = 0.36; P<0.001). However, adjustment for insulin sensitivity and 2-hour glucose made the effect of fasting glucose non-significant (P = 0.060). Likewise, when adjusting for insulin sensitivity and fasting glucose, the association between 2-hour glucose and Framingham risk score disappeared (P = 0.143). In contrast, insulin sensitivity was still associated with Framingham risk score after adjusting for glucose levels (P<0.001). Body fat was not associated with Framingham risk score when taking insulin sensitivity into account (P = 0.550).",contradicted,0.000266521266894415,0.9974096417427063,0.00232389522716403,high,0.8477981954813003,high,typeform/distilbert-base-uncased-mnli
pqa_labeled_40_ground_truth_c1,not_hallucinated,hard,,basic science research show that SBK,1,knowledge_507,0.1581574922628528,"To examine the evidence base of sports medicine research and assess how relevant and applicable it is to everyday practice. Original research articles, short reports, and case reports published in four major sport and exercise medicine journals were studied and classified according to the main topic of study and type of subjects used. The most common topic was sports science, and very few studies related to the treatment of injuries and medical conditions. The majority of published articles used healthy subjects sampled from the sedentary population, and few studies have been carried out on injured participants.",unverifiable,0.0003638358030002564,0.004873216152191162,0.9947629570960999,low,0.0009746432304382325,low,typeform/distilbert-base-uncased-mnli
pqa_labeled_40_ground_truth_c2,not_hallucinated,hard,,"ASA are improvements in excimer laser keratorefractive surgery compared to conventional LASIK or PRK, particularly with regard to maintaining corneal biomechanics",1,knowledge_40,0.4757158882257105,"To describe the biomechanical and wound healing characteristics of corneas after excimer laser keratorefractive surgery. Histologic, ultrastructural, and cohesive tensile strength evaluations were performed on 25 normal human corneal specimens, 206 uncomplicated LASIK specimens, 17 uncomplicated sub-Bowman's keratomileusis (SBK) specimens, 4 uncomplicated photorefractive keratectomy (PRK) specimens, 2 uncomplicated advanced surface ablation (ASA) specimens, 5 keratoconus specimens, 12 postoperative LASIK ectasia specimens, and 1 postoperative PRK ectasia specimen and compared to previously published studies. Histologic and ultrastructural studies of normal corneas showed significant differences in the direction of collagen fibrils and/or the degree of lamellar interweaving in Bowman's layer, the anterior third of the corneal stroma, the posterior two-thirds of the corneal stroma, and Descemet's membrane. Cohesive tensile strength testing directly supported these morphologic findings as the stronger, more rigid regions of the cornea were located anteriorly and peripherally. This suggests that PRK and ASA, and secondarily SBK, should be biomechanically safer than conventional LASIK with regard to risk for causing keratectasia after surgery. Because adult human corneal stromal wounds heal slowly and incompletely, all excimer laser keratorefractive surgical techniques still have some distinct disadvantages due to inadequate reparative wound healing. Despite reducing some of the risk for corneal haze compared to conventional PRK, ASA cases still can develop corneal haze or breakthrough haze from the hypercellular fibrotic stromal scarring. In contrast, similar to conventional LASIK, SBK still has the short- and long-term potential for interface wound complications from the hypocellular primitive stromal scar.",supported,0.8536307215690613,0.09655239433050156,0.04981682077050209,low,0.019310478866100312,low,typeform/distilbert-base-uncased-mnli
pqa_labeled_40_ground_truth_c3,not_hallucinated,hard,,perhaps moderately reducing the risk of corneal haze.,1,knowledge_40,0.3458692112947837,"To describe the biomechanical and wound healing characteristics of corneas after excimer laser keratorefractive surgery. Histologic, ultrastructural, and cohesive tensile strength evaluations were performed on 25 normal human corneal specimens, 206 uncomplicated LASIK specimens, 17 uncomplicated sub-Bowman's keratomileusis (SBK) specimens, 4 uncomplicated photorefractive keratectomy (PRK) specimens, 2 uncomplicated advanced surface ablation (ASA) specimens, 5 keratoconus specimens, 12 postoperative LASIK ectasia specimens, and 1 postoperative PRK ectasia specimen and compared to previously published studies. Histologic and ultrastructural studies of normal corneas showed significant differences in the direction of collagen fibrils and/or the degree of lamellar interweaving in Bowman's layer, the anterior third of the corneal stroma, the posterior two-thirds of the corneal stroma, and Descemet's membrane. Cohesive tensile strength testing directly supported these morphologic findings as the stronger, more rigid regions of the cornea were located anteriorly and peripherally. This suggests that PRK and ASA, and secondarily SBK, should be biomechanically safer than conventional LASIK with regard to risk for causing keratectasia after surgery. Because adult human corneal stromal wounds heal slowly and incompletely, all excimer laser keratorefractive surgical techniques still have some distinct disadvantages due to inadequate reparative wound healing. Despite reducing some of the risk for corneal haze compared to conventional PRK, ASA cases still can develop corneal haze or breakthrough haze from the hypercellular fibrotic stromal scarring. In contrast, similar to conventional LASIK, SBK still has the short- and long-term potential for interface wound complications from the hypocellular primitive stromal scar.",contradicted,0.26739928126335144,0.42685920000076294,0.30574148893356323,medium,0.14940072000026702,low,typeform/distilbert-base-uncased-mnli
pqa_labeled_40_ground_truth_c4,not_hallucinated,hard,,"However, most of the disadvantages caused by wound healing issues remain.",1,knowledge_606,0.1648320614141489,"In patients with Los Angeles (LA) grade C or D oesophagitis, a positive relationship has been established between the duration of intragastric acid suppression and healing.AIM: To determine whether there is an apparent optimal time of intragastric acid suppression for maximal healing of reflux oesophagitis. Post hoc analysis of data from a proof-of-concept, double-blind, randomized study of 134 adult patients treated with esomeprazole (10 or 40 mg od for 4 weeks) for LA grade C or D oesophagitis. A curve was fitted to pooled 24-h intragastric pH (day 5) and endoscopically assessed healing (4 weeks) data using piecewise quadratic logistic regression. Maximal reflux oesophagitis healing rates were achieved when intragastric pH>4 was achieved for approximately 50-70% (12-17 h) of the 24-h period. Acid suppression above this threshold did not yield further increases in healing rates.",unverifiable,0.0015717840287834406,0.0036369336303323507,0.9947912693023682,low,0.0007273867260664702,low,typeform/distilbert-base-uncased-mnli
pqa_labeled_40_hallucinated_c1,hallucinated,hard,Misinterpretation of #Question#,Advanced surface ablation (ASA),1,knowledge_848,0.1938154719983789,"We investigated the role of surgical ablation targeting the autonomous nervous system during a Cox-Maze IV procedure in the maintenance of sinus rhythm at long-term follow-up. The patient population consisted of 519 subjects with persistent or long-standing persistent atrial fibrillation (AF) undergoing radiofrequency Maze IV during open heart surgery between January 2006 and July 2013 at three institutions without (Group 1) or with (Group 2) ganglionated plexi (GP) ablation. Recurrence of atrial fibrillation off-antiarrhythmic drugs was the primary outcome. Predictors of AF recurrence were evaluated by means of competing risk regression. Median follow-up was 36.7 months. The percentage of patients in normal sinus rhythm (NSR) off-antiarrhythmic drugs did not differ between groups (Group 1-75.5%, Group 2-67.8%, p = 0.08). Duration of AF ≥ 38 months (p = 0.01), left atrial diameter ≥ 54 mm (0.001), left atrial area ≥ 33 cm(2) (p = 0.005), absence of connecting lesions (p= 0.04), and absence of right atrial ablation (p<0.001) were independently associated with high incidence of AF recurrence. In contrast the absence of GP ablation was not a significant factor (p = 0.12).",unverifiable,0.12026811391115189,0.14351895451545715,0.7362129092216492,low,0.04018530726432801,low,typeform/distilbert-base-uncased-mnli
pqa_labeled_40_hallucinated_c2,hallucinated,hard,Misinterpretation of #Question#,"sub-Bowman's keratomileusis (SBK) both demonstrate superior wound healing characteristics over conventional LASIK, significantly reducing the risk of postoperative corneal ectasia.",1,knowledge_40,0.4831478653310339,"To describe the biomechanical and wound healing characteristics of corneas after excimer laser keratorefractive surgery. Histologic, ultrastructural, and cohesive tensile strength evaluations were performed on 25 normal human corneal specimens, 206 uncomplicated LASIK specimens, 17 uncomplicated sub-Bowman's keratomileusis (SBK) specimens, 4 uncomplicated photorefractive keratectomy (PRK) specimens, 2 uncomplicated advanced surface ablation (ASA) specimens, 5 keratoconus specimens, 12 postoperative LASIK ectasia specimens, and 1 postoperative PRK ectasia specimen and compared to previously published studies. Histologic and ultrastructural studies of normal corneas showed significant differences in the direction of collagen fibrils and/or the degree of lamellar interweaving in Bowman's layer, the anterior third of the corneal stroma, the posterior two-thirds of the corneal stroma, and Descemet's membrane. Cohesive tensile strength testing directly supported these morphologic findings as the stronger, more rigid regions of the cornea were located anteriorly and peripherally. This suggests that PRK and ASA, and secondarily SBK, should be biomechanically safer than conventional LASIK with regard to risk for causing keratectasia after surgery. Because adult human corneal stromal wounds heal slowly and incompletely, all excimer laser keratorefractive surgical techniques still have some distinct disadvantages due to inadequate reparative wound healing. Despite reducing some of the risk for corneal haze compared to conventional PRK, ASA cases still can develop corneal haze or breakthrough haze from the hypercellular fibrotic stromal scarring. In contrast, similar to conventional LASIK, SBK still has the short- and long-term potential for interface wound complications from the hypocellular primitive stromal scar.",supported,0.5311746001243591,0.2474813312292099,0.22134406864643097,medium,0.12126585230231283,low,typeform/distilbert-base-uncased-mnli
pqa_labeled_40_hallucinated_c3,hallucinated,hard,Misinterpretation of #Question#,"However, SBK has a higher incidence of interface-related complications due to its unique wound healing profile compared to ASA.",1,knowledge_40,0.2536303487299305,"To describe the biomechanical and wound healing characteristics of corneas after excimer laser keratorefractive surgery. Histologic, ultrastructural, and cohesive tensile strength evaluations were performed on 25 normal human corneal specimens, 206 uncomplicated LASIK specimens, 17 uncomplicated sub-Bowman's keratomileusis (SBK) specimens, 4 uncomplicated photorefractive keratectomy (PRK) specimens, 2 uncomplicated advanced surface ablation (ASA) specimens, 5 keratoconus specimens, 12 postoperative LASIK ectasia specimens, and 1 postoperative PRK ectasia specimen and compared to previously published studies. Histologic and ultrastructural studies of normal corneas showed significant differences in the direction of collagen fibrils and/or the degree of lamellar interweaving in Bowman's layer, the anterior third of the corneal stroma, the posterior two-thirds of the corneal stroma, and Descemet's membrane. Cohesive tensile strength testing directly supported these morphologic findings as the stronger, more rigid regions of the cornea were located anteriorly and peripherally. This suggests that PRK and ASA, and secondarily SBK, should be biomechanically safer than conventional LASIK with regard to risk for causing keratectasia after surgery. Because adult human corneal stromal wounds heal slowly and incompletely, all excimer laser keratorefractive surgical techniques still have some distinct disadvantages due to inadequate reparative wound healing. Despite reducing some of the risk for corneal haze compared to conventional PRK, ASA cases still can develop corneal haze or breakthrough haze from the hypercellular fibrotic stromal scarring. In contrast, similar to conventional LASIK, SBK still has the short- and long-term potential for interface wound complications from the hypocellular primitive stromal scar.",contradicted,0.28067517280578613,0.5987052917480469,0.1206195056438446,low,0.16763748168945314,low,typeform/distilbert-base-uncased-mnli
pqa_labeled_41_ground_truth_c1,not_hallucinated,easy,,Patients who previously received radiotherapy for primary rectal cancer treatment have worse oncologic outcomes than those who had not received radiotherapy after pelvic exenteration for locally recurrent rectal cancer.,1,knowledge_41,0.5060462804752718,"Radiotherapy reduces local recurrence rates but is also capable of short- and long-term toxicity. It may also render treatment of local recurrence more challenging if it develops despite previous radiotherapy. This study examined the impact of radiotherapy for the primary rectal cancer on outcomes after pelvic exenteration for local recurrence. We conducted a retrospective review of exenteration databases. The study took place at a quaternary referral center that specializes in pelvic exenteration. Patients referred for pelvic exenteration from October 1994 to November 2012 were reviewed. Patients who did and did not receive radiotherapy as part of their primary rectal cancer treatment were compared. The main outcomes of interest were resection margins, overall survival, disease-free survival, and surgical morbidities. There were 108 patients, of which 87 were eligible for analysis. Patients who received radiotherapy for their primary rectal cancer (n = 41) required more radical exenterations (68% vs 44%; p = 0.020), had lower rates of clear resection margins (63% vs 87%; p = 0.010), had increased rates of surgical complications per patient (p = 0.014), and had a lower disease-free survival (p = 0.022). Overall survival and disease-free survival in patients with clear margins were also lower in the primary irradiated patients (p = 0.049 and p<0.0001). This difference in survival persisted in multivariate analysis that corrected for T and N stages of the primary tumor. This study is limited by its retrospective nature and heterogeneous radiotherapy regimes among radiotherapy patients.",unverifiable,0.034334223717451096,0.030807187780737877,0.9348586201667786,high,0.015403593890368938,low,typeform/distilbert-base-uncased-mnli
pqa_labeled_41_hallucinated_c1,hallucinated,easy,Incomplete Information,Patients who previously received radiotherapy for primary rectal cancer demonstrated higher rates of complete resection margins,1,knowledge_41,0.4392396618403537,"Radiotherapy reduces local recurrence rates but is also capable of short- and long-term toxicity. It may also render treatment of local recurrence more challenging if it develops despite previous radiotherapy. This study examined the impact of radiotherapy for the primary rectal cancer on outcomes after pelvic exenteration for local recurrence. We conducted a retrospective review of exenteration databases. The study took place at a quaternary referral center that specializes in pelvic exenteration. Patients referred for pelvic exenteration from October 1994 to November 2012 were reviewed. Patients who did and did not receive radiotherapy as part of their primary rectal cancer treatment were compared. The main outcomes of interest were resection margins, overall survival, disease-free survival, and surgical morbidities. There were 108 patients, of which 87 were eligible for analysis. Patients who received radiotherapy for their primary rectal cancer (n = 41) required more radical exenterations (68% vs 44%; p = 0.020), had lower rates of clear resection margins (63% vs 87%; p = 0.010), had increased rates of surgical complications per patient (p = 0.014), and had a lower disease-free survival (p = 0.022). Overall survival and disease-free survival in patients with clear margins were also lower in the primary irradiated patients (p = 0.049 and p<0.0001). This difference in survival persisted in multivariate analysis that corrected for T and N stages of the primary tumor. This study is limited by its retrospective nature and heterogeneous radiotherapy regimes among radiotherapy patients.",unverifiable,0.002443118253722787,0.005173847544938326,0.9923830628395081,low,0.0011382464598864318,low,typeform/distilbert-base-uncased-mnli
pqa_labeled_41_hallucinated_c2,hallucinated,easy,Incomplete Information,improved overall survival after pelvic exenteration for locally recurrent rectal cancer.,1,knowledge_41,0.4208939029193666,"Radiotherapy reduces local recurrence rates but is also capable of short- and long-term toxicity. It may also render treatment of local recurrence more challenging if it develops despite previous radiotherapy. This study examined the impact of radiotherapy for the primary rectal cancer on outcomes after pelvic exenteration for local recurrence. We conducted a retrospective review of exenteration databases. The study took place at a quaternary referral center that specializes in pelvic exenteration. Patients referred for pelvic exenteration from October 1994 to November 2012 were reviewed. Patients who did and did not receive radiotherapy as part of their primary rectal cancer treatment were compared. The main outcomes of interest were resection margins, overall survival, disease-free survival, and surgical morbidities. There were 108 patients, of which 87 were eligible for analysis. Patients who received radiotherapy for their primary rectal cancer (n = 41) required more radical exenterations (68% vs 44%; p = 0.020), had lower rates of clear resection margins (63% vs 87%; p = 0.010), had increased rates of surgical complications per patient (p = 0.014), and had a lower disease-free survival (p = 0.022). Overall survival and disease-free survival in patients with clear margins were also lower in the primary irradiated patients (p = 0.049 and p<0.0001). This difference in survival persisted in multivariate analysis that corrected for T and N stages of the primary tumor. This study is limited by its retrospective nature and heterogeneous radiotherapy regimes among radiotherapy patients.",unverifiable,0.0009534051641821861,0.0014646361814811826,0.997581958770752,low,0.0003222199599258602,low,typeform/distilbert-base-uncased-mnli
pqa_labeled_42_ground_truth_c1,not_hallucinated,hard,,An increase of 5% in circumference measurements identified the most potential lymphedema cases compared with an academic trial.,1,knowledge_42,0.7460248107038991,"Lymphedema may be identified by simpler circumference changes as compared with changes in limb volume. Ninety breast cancer patients were prospectively enrolled in an academic trial, and seven upper extremity circumferences were measured quarterly for 3 years. A 10% volume increase or greater than 1 cm increase in arm circumference identified lymphedema with verification by a lymphedema specialist. Sensitivity and specificity of several different criteria for detecting lymphedema were compared using the academic trial as the standard. Thirty-nine cases of lymphedema were identified by the academic trial. Using a 10% increase in circumference at two sites as the criterion, half the lymphedema cases were detected (sensitivity 37%). When using a 10% increase in circumference at any site, 74.4% of cases were detected (sensitivity 49%). Detection by a 5% increase in circumference at any site was 91% sensitive.",supported,0.9427846074104309,0.012752608396112919,0.04446276277303696,low,0.002550521679222584,low,typeform/distilbert-base-uncased-mnli
pqa_labeled_42_hallucinated_c1,hallucinated,hard,Misinterpretation of #Question#,Surgeons rely on visual inspection,1,knowledge_598,0.1951183787027667,"Sources of reports about laparoscopic and percutaneous treatment of liver hydatid cysts are limited to just a few countries. To address the reason behind this, we carried out a survey of 30 surgeons in northern Jordan. A questionnaire was distributed to collect data regarding the surgical technique preferred by each surgeon. Further information was collected from those not adopting minimal-access techniques to determine their reasons for not doing so. Only 3 surgeons (10%) considered laparoscopy as the first line of treatment. Of the 27 surgeons who did not consider percutaneous or laparoscopic treatment, fear of anaphylaxis and/or dissemination was the main reason given by 21 surgeons (78%) for not using minimal access techniques.",unverifiable,0.0020378786139190197,0.35262158513069153,0.6453405618667603,low,0.09873404383659362,low,typeform/distilbert-base-uncased-mnli
pqa_labeled_42_hallucinated_c2,hallucinated,hard,Misinterpretation of #Question#,palpation to detect early lymphedema with high accuracy.,1,knowledge_42,0.3563039827565573,"Lymphedema may be identified by simpler circumference changes as compared with changes in limb volume. Ninety breast cancer patients were prospectively enrolled in an academic trial, and seven upper extremity circumferences were measured quarterly for 3 years. A 10% volume increase or greater than 1 cm increase in arm circumference identified lymphedema with verification by a lymphedema specialist. Sensitivity and specificity of several different criteria for detecting lymphedema were compared using the academic trial as the standard. Thirty-nine cases of lymphedema were identified by the academic trial. Using a 10% increase in circumference at two sites as the criterion, half the lymphedema cases were detected (sensitivity 37%). When using a 10% increase in circumference at any site, 74.4% of cases were detected (sensitivity 49%). Detection by a 5% increase in circumference at any site was 91% sensitive.",supported,0.9592866897583008,0.015559447929263115,0.025153812021017075,low,0.0043566454201936725,low,typeform/distilbert-base-uncased-mnli
pqa_labeled_43_ground_truth_c1,not_hallucinated,hard,,GM of CRC,1,knowledge_43,0.5212868834546158,"Synchronous liver metastases (SLM) occur in 20% of colorectal cancers (CRC). Resection of SLM and CLC can be undertaken at different centres (separate management, SM) or at the same centre (global management, GM). Retrospective study of SLM and CRC resections carried out during 01/2000 - 12/2006 by SM or GM, using a combined or delayed strategy. Morphologic characteristics and type of CRC and SLM resection were similar for the GM (n = 45) or SM (n = 66) groups. In patients with delayed liver resection (62 SM, 17 GM), chemotherapy prior to liver surgery was used in 92% and 38% of SM and GM patients (P<0.0001) and the median delay between procedures was 212 and 182 days, respectively (P = 0.04). First step of liver resection was more often performed during colorectal surgery in the GM group (62 vs. 6% for SM, P<0.0001) and the mean number of procedures (CRC+SLM) was lower (1.6 vs. 2.3, P = 0.003). Three-month mortality was 3% for GM and 0% for SM (n.s.). Overall survival rates were 67% and 51% for SM and GM at 3 years (n.s.), and 35 and 31% at 5 years (n.s.). Disease-free survival to 5 years was higher in SM patients (14% vs. 11%, P = 0.009).",unverifiable,0.002320238621905446,0.005403236951678991,0.9922766089439392,low,0.0010806473903357983,low,typeform/distilbert-base-uncased-mnli
pqa_labeled_43_ground_truth_c2,not_hallucinated,hard,,SLM was associated with fewer procedures,1,knowledge_43,0.2737787564795043,"Synchronous liver metastases (SLM) occur in 20% of colorectal cancers (CRC). Resection of SLM and CLC can be undertaken at different centres (separate management, SM) or at the same centre (global management, GM). Retrospective study of SLM and CRC resections carried out during 01/2000 - 12/2006 by SM or GM, using a combined or delayed strategy. Morphologic characteristics and type of CRC and SLM resection were similar for the GM (n = 45) or SM (n = 66) groups. In patients with delayed liver resection (62 SM, 17 GM), chemotherapy prior to liver surgery was used in 92% and 38% of SM and GM patients (P<0.0001) and the median delay between procedures was 212 and 182 days, respectively (P = 0.04). First step of liver resection was more often performed during colorectal surgery in the GM group (62 vs. 6% for SM, P<0.0001) and the mean number of procedures (CRC+SLM) was lower (1.6 vs. 2.3, P = 0.003). Three-month mortality was 3% for GM and 0% for SM (n.s.). Overall survival rates were 67% and 51% for SM and GM at 3 years (n.s.), and 35 and 31% at 5 years (n.s.). Disease-free survival to 5 years was higher in SM patients (14% vs. 11%, P = 0.009).",unverifiable,0.007856166921555996,0.02001442387700081,0.9721293449401855,low,0.004002884775400162,low,typeform/distilbert-base-uncased-mnli
pqa_labeled_43_ground_truth_c3,not_hallucinated,hard,,did not influence overall survival.,1,knowledge_685,0.2172500820308265,"Despite advances in therapies for breast cancer, improvement in survival for patients with recurrent or metastatic breast cancer has been difficult to establish. The objective of the current study was to determine whether the survival of women with recurrent breast cancer has improved from 1974 to 2000. The authors analyzed the survival experience of 834 women who developed recurrent breast cancer between November 1974 and December 2000. All patients had been treated previously with adjuvant anthracycline-based protocols. Patients were divided into five consecutive groups based on year of breast cancer recurrence, and survival was compared across the five groups. Because some prognostic variables were divided unevenly divided among the cohorts, a multivariate model was created to determine the association of year of recurrence and survival after accounting for other prognostic factors. In the unadjusted analysis, there was a statistically significant improvement in survival across the five groups, and the more recent cohorts had longer survival (P<0.001). Other variables that predicted longer survival after breast cancer recurrence included smaller initial tumor size, lower stage of disease, fewer lymph nodes involved, longer disease-free interval, estrogen receptor-positive tumors, and nonvisceral dominant site of disease recurrence. In the multivariate analysis, which adjusted for these prognostic factors, year of recurrence was associated with a trend toward improved survival, with a 1% reduction in risk for each increasing year.",contradicted,6.404293526429683e-05,0.9996781349182129,0.000257793435594067,low,0.1999356269836426,low,typeform/distilbert-base-uncased-mnli
pqa_labeled_43_ground_truth_c4,not_hallucinated,hard,,SM was associated with a longer delay,1,knowledge_43,0.4538863420538354,"Synchronous liver metastases (SLM) occur in 20% of colorectal cancers (CRC). Resection of SLM and CLC can be undertaken at different centres (separate management, SM) or at the same centre (global management, GM). Retrospective study of SLM and CRC resections carried out during 01/2000 - 12/2006 by SM or GM, using a combined or delayed strategy. Morphologic characteristics and type of CRC and SLM resection were similar for the GM (n = 45) or SM (n = 66) groups. In patients with delayed liver resection (62 SM, 17 GM), chemotherapy prior to liver surgery was used in 92% and 38% of SM and GM patients (P<0.0001) and the median delay between procedures was 212 and 182 days, respectively (P = 0.04). First step of liver resection was more often performed during colorectal surgery in the GM group (62 vs. 6% for SM, P<0.0001) and the mean number of procedures (CRC+SLM) was lower (1.6 vs. 2.3, P = 0.003). Three-month mortality was 3% for GM and 0% for SM (n.s.). Overall survival rates were 67% and 51% for SM and GM at 3 years (n.s.), and 35 and 31% at 5 years (n.s.). Disease-free survival to 5 years was higher in SM patients (14% vs. 11%, P = 0.009).",unverifiable,0.0053627281449735165,0.006102378014475107,0.9885348677635193,low,0.0012204756028950216,low,typeform/distilbert-base-uncased-mnli
pqa_labeled_43_ground_truth_c5,not_hallucinated,hard,,"increased use of chemotherapy between procedures, suggesting that more rigorous selection of SM patients for surgery may explain the higher disease-free survival after SLM resection.",1,knowledge_43,0.4551112893268284,"Synchronous liver metastases (SLM) occur in 20% of colorectal cancers (CRC). Resection of SLM and CLC can be undertaken at different centres (separate management, SM) or at the same centre (global management, GM). Retrospective study of SLM and CRC resections carried out during 01/2000 - 12/2006 by SM or GM, using a combined or delayed strategy. Morphologic characteristics and type of CRC and SLM resection were similar for the GM (n = 45) or SM (n = 66) groups. In patients with delayed liver resection (62 SM, 17 GM), chemotherapy prior to liver surgery was used in 92% and 38% of SM and GM patients (P<0.0001) and the median delay between procedures was 212 and 182 days, respectively (P = 0.04). First step of liver resection was more often performed during colorectal surgery in the GM group (62 vs. 6% for SM, P<0.0001) and the mean number of procedures (CRC+SLM) was lower (1.6 vs. 2.3, P = 0.003). Three-month mortality was 3% for GM and 0% for SM (n.s.). Overall survival rates were 67% and 51% for SM and GM at 3 years (n.s.), and 35 and 31% at 5 years (n.s.). Disease-free survival to 5 years was higher in SM patients (14% vs. 11%, P = 0.009).",supported,0.9018351435661316,0.011043972335755825,0.08712082356214523,low,0.002208794467151165,low,typeform/distilbert-base-uncased-mnli
pqa_labeled_43_hallucinated_c1,hallucinated,hard,Misinterpretation of #Question#,"Global management at the same center significantly improves 5-year overall survival rates compared to separate management, with rates of 42%",1,knowledge_553,0.1497304620727664,"Treatment of elderly cancer patients has gained importance. One question regarding the treatment of metastatic spinal cord compression (MSCC) is whether elderly patients benefit from surgery in addition to radiotherapy? In attempting to answer this question, we performed a matched-pair analysis comparing surgery followed by radiotherapy to radiotherapy alone. Data from 42 elderly (age> 65 years) patients receiving surgery plus radiotherapy (S + RT) were matched to 84 patients (1:2) receiving radiotherapy alone (RT). Groups were matched for ten potential prognostic factors and compared regarding motor function, local control, and survival. Additional matched-pair analyses were performed for the subgroups of patients receiving direct decompressive surgery plus stabilization of involved vertebrae (DDSS, n = 81) and receiving laminectomy (LE, n = 45). Improvement of motor function occurred in 21% after S + RT and 24% after RT (p = 0.39). The 1-year local control rates were 81% and 91% (p = 0.44), while the 1-year survival rates were 46% and 39% (p = 0.71). In the matched-pair analysis of patients receiving DDSS, improvement of motor function occurred in 22% after DDSS + RT and 24% after RT alone (p = 0.92). The 1-year local control rates were 95% and 89% (p = 0.62), and the 1-year survival rates were 54% and 43% (p = 0.30). In the matched-pair analysis of patients receiving LE, improvement of motor function occurred in 20% after LE + RT and 23% after RT alone (p = 0.06). The 1-year local control rates were 50% and 92% (p = 0.33). The 1-year survival rates were 32% and 32% (p = 0.55).",contradicted,0.0025346206966787577,0.9761025905609131,0.02136281691491604,low,0.27330872535705564,low,typeform/distilbert-base-uncased-mnli
pqa_labeled_44_ground_truth_c1,not_hallucinated,hard,,"Speed discrimination, per se, is not impaired in schizophrenia patients.",1,knowledge_44,0.3193650504004293,"Studies have shown that schizophrenia patients have motion perception deficit, which was thought to cause eye-tracking abnormality in schizophrenia. However, eye movement closely interacts with motion perception. The known eye-tracking difficulties in schizophrenia patients may interact with their motion perception. Two speed discrimination experiments were conducted in a within-subject design. In experiment 1, the stimulus duration was 150 msec to minimize the chance of eye-tracking occurrence. In experiment 2, the duration was increased to 300 msec, increasing the possibility of eye movement intrusion. Regular eye-tracking performance was evaluated in a third experiment. At 150 msec, speed discrimination thresholds did not differ between schizophrenia patients (n = 38) and control subjects (n = 33). At 300 msec, patients had significantly higher thresholds than control subjects (p = .03). Furthermore, frequencies of eye tracking during the 300 msec stimulus were significantly correlated with speed discrimination in control subjects (p = .01) but not in patients, suggesting that eye-tracking initiation may benefit control subjects but not patients. The frequency of eye tracking during speed discrimination was not significantly related to regular eye-tracking performance.",unverifiable,0.4063880741596222,0.09504248946905136,0.49856942892074585,low,0.019008497893810275,low,typeform/distilbert-base-uncased-mnli
pqa_labeled_44_ground_truth_c2,not_hallucinated,hard,,The observed abnormality appears to be a consequence of impairment in generating or integrating the feedback information from eye movements.,1,knowledge_44,0.1733996786367846,"Studies have shown that schizophrenia patients have motion perception deficit, which was thought to cause eye-tracking abnormality in schizophrenia. However, eye movement closely interacts with motion perception. The known eye-tracking difficulties in schizophrenia patients may interact with their motion perception. Two speed discrimination experiments were conducted in a within-subject design. In experiment 1, the stimulus duration was 150 msec to minimize the chance of eye-tracking occurrence. In experiment 2, the duration was increased to 300 msec, increasing the possibility of eye movement intrusion. Regular eye-tracking performance was evaluated in a third experiment. At 150 msec, speed discrimination thresholds did not differ between schizophrenia patients (n = 38) and control subjects (n = 33). At 300 msec, patients had significantly higher thresholds than control subjects (p = .03). Furthermore, frequencies of eye tracking during the 300 msec stimulus were significantly correlated with speed discrimination in control subjects (p = .01) but not in patients, suggesting that eye-tracking initiation may benefit control subjects but not patients. The frequency of eye tracking during speed discrimination was not significantly related to regular eye-tracking performance.",supported,0.8014191389083862,0.02864728681743145,0.1699334979057312,low,0.00572945736348629,low,typeform/distilbert-base-uncased-mnli
pqa_labeled_44_ground_truth_c3,not_hallucinated,hard,,This study introduces a novel approach to motion perception studies,1,knowledge_44,0.163127401904717,"Studies have shown that schizophrenia patients have motion perception deficit, which was thought to cause eye-tracking abnormality in schizophrenia. However, eye movement closely interacts with motion perception. The known eye-tracking difficulties in schizophrenia patients may interact with their motion perception. Two speed discrimination experiments were conducted in a within-subject design. In experiment 1, the stimulus duration was 150 msec to minimize the chance of eye-tracking occurrence. In experiment 2, the duration was increased to 300 msec, increasing the possibility of eye movement intrusion. Regular eye-tracking performance was evaluated in a third experiment. At 150 msec, speed discrimination thresholds did not differ between schizophrenia patients (n = 38) and control subjects (n = 33). At 300 msec, patients had significantly higher thresholds than control subjects (p = .03). Furthermore, frequencies of eye tracking during the 300 msec stimulus were significantly correlated with speed discrimination in control subjects (p = .01) but not in patients, suggesting that eye-tracking initiation may benefit control subjects but not patients. The frequency of eye tracking during speed discrimination was not significantly related to regular eye-tracking performance.",unverifiable,0.29326319694519043,0.0412222258746624,0.6655145287513733,low,0.00824444517493248,low,typeform/distilbert-base-uncased-mnli
pqa_labeled_44_ground_truth_c4,not_hallucinated,hard,,highlights the importance of concurrently measuring eye movements to understand interactions between these two systems; the results argue for a conceptual revision regarding motion perception abnormality in schizophrenia.,1,knowledge_44,0.2867205899972594,"Studies have shown that schizophrenia patients have motion perception deficit, which was thought to cause eye-tracking abnormality in schizophrenia. However, eye movement closely interacts with motion perception. The known eye-tracking difficulties in schizophrenia patients may interact with their motion perception. Two speed discrimination experiments were conducted in a within-subject design. In experiment 1, the stimulus duration was 150 msec to minimize the chance of eye-tracking occurrence. In experiment 2, the duration was increased to 300 msec, increasing the possibility of eye movement intrusion. Regular eye-tracking performance was evaluated in a third experiment. At 150 msec, speed discrimination thresholds did not differ between schizophrenia patients (n = 38) and control subjects (n = 33). At 300 msec, patients had significantly higher thresholds than control subjects (p = .03). Furthermore, frequencies of eye tracking during the 300 msec stimulus were significantly correlated with speed discrimination in control subjects (p = .01) but not in patients, suggesting that eye-tracking initiation may benefit control subjects but not patients. The frequency of eye tracking during speed discrimination was not significantly related to regular eye-tracking performance.",supported,0.5305003523826599,0.03912799060344696,0.43037161231040955,low,0.007825598120689392,low,typeform/distilbert-base-uncased-mnli
pqa_labeled_44_hallucinated_c1,hallucinated,hard,Misinterpretation of #Question#,"Motion perception deficits in schizophrenia are primarily due to a dysfunction in the neural circuits responsible for processing visual motion, independent of eye-tracking abnormalities.",1,knowledge_44,0.414371721862293,"Studies have shown that schizophrenia patients have motion perception deficit, which was thought to cause eye-tracking abnormality in schizophrenia. However, eye movement closely interacts with motion perception. The known eye-tracking difficulties in schizophrenia patients may interact with their motion perception. Two speed discrimination experiments were conducted in a within-subject design. In experiment 1, the stimulus duration was 150 msec to minimize the chance of eye-tracking occurrence. In experiment 2, the duration was increased to 300 msec, increasing the possibility of eye movement intrusion. Regular eye-tracking performance was evaluated in a third experiment. At 150 msec, speed discrimination thresholds did not differ between schizophrenia patients (n = 38) and control subjects (n = 33). At 300 msec, patients had significantly higher thresholds than control subjects (p = .03). Furthermore, frequencies of eye tracking during the 300 msec stimulus were significantly correlated with speed discrimination in control subjects (p = .01) but not in patients, suggesting that eye-tracking initiation may benefit control subjects but not patients. The frequency of eye tracking during speed discrimination was not significantly related to regular eye-tracking performance.",unverifiable,0.43536460399627686,0.04818037897348404,0.5164550542831421,low,0.01349050611257553,low,typeform/distilbert-base-uncased-mnli
pqa_labeled_45_ground_truth_c1,not_hallucinated,easy,,Transgastric endoscopic splenectomy in a porcine model appears technically feasible.,1,knowledge_45,0.2933360999675509,"We have previously reported the feasibility of diagnostic and therapeutic peritoneoscopy including liver biopsy, gastrojejunostomy, and tubal ligation by an oral transgastric approach. We present results of per-oral transgastric splenectomy in a porcine model. The goal of this study was to determine the technical feasibility of per-oral transgastric splenectomy using a flexible endoscope. We performed acute experiments on 50-kg pigs. All animals were fed liquids for 3 days prior to procedure. The procedures were performed under general anesthesia with endotracheal intubation. The flexible endoscope was passed per orally into the stomach and puncture of the gastric wall was performed with a needle knife. The puncture was extended to create a 1.5-cm incision using a pull-type sphincterotome, and a double-channel endoscope was advanced into the peritoneal cavity. The peritoneal cavity was insufflated with air through the endoscope. The spleen was visualized. The splenic vessels were ligated with endoscopic loops and clips, and then mesentery was dissected using electrocautery. Endoscopic splenectomy was performed on six pigs. There were no complications during gastric incision and entrance into the peritoneal cavity. Visualization of the spleen and other intraperitoneal organs was very good. Ligation of the splenic vessels and mobilization of the spleen were achieved using commercially available devices and endoscopic accessories.",supported,0.9888569712638855,0.0007649853359907866,0.010378175415098667,low,0.00015299706719815732,low,typeform/distilbert-base-uncased-mnli
pqa_labeled_45_ground_truth_c2,not_hallucinated,easy,,Additional long-term survival experiments are planned.,1,knowledge_500,0.2176388458493362,"The long-term survival of patients with gastric cancer is governed by various factors, such as the clinical stage of the cancer, the patient's nutritional state, and the treatment and may be governed by the volume of intraperitoneal adipose tissue. The aim of this study is to clarify the relationship between the degree of the patients' body mass index and their long-term survival. Gastric cancer patients who had undergone a gastrectomy with D2-lymphadenectomy and with resection A and B according to the criteria of the Japanese Research Society for Gastric Cancer Rules were subgrouped into those patients with a body mass index<0.185 (the lower body mass index group) and those patients with a body mass index>0.210 (the higher body mass index group). The patient's morbidity and long-term survival rate was retrospectively compared between the 2 groups. A significantly longer mean survival rate was observed for the lower body mass index group in stage 2 (1667 vs. 1322 days, P = 0.0240). Also, a significantly longer mean survival rate was observed for the higher BMI group in stage 3a (1431 vs. 943, P = 0.0071).",unverifiable,0.023957671597599983,0.031480345875024796,0.9445620179176331,low,0.00629606917500496,low,typeform/distilbert-base-uncased-mnli
pqa_labeled_45_hallucinated_c1,hallucinated,easy,Misinterpretation of #Question#,Transgastric endoscopic splenectomy has been successfully performed in human clinical trials with minimal postoperative recovery time.,1,knowledge_45,0.2784721076058311,"We have previously reported the feasibility of diagnostic and therapeutic peritoneoscopy including liver biopsy, gastrojejunostomy, and tubal ligation by an oral transgastric approach. We present results of per-oral transgastric splenectomy in a porcine model. The goal of this study was to determine the technical feasibility of per-oral transgastric splenectomy using a flexible endoscope. We performed acute experiments on 50-kg pigs. All animals were fed liquids for 3 days prior to procedure. The procedures were performed under general anesthesia with endotracheal intubation. The flexible endoscope was passed per orally into the stomach and puncture of the gastric wall was performed with a needle knife. The puncture was extended to create a 1.5-cm incision using a pull-type sphincterotome, and a double-channel endoscope was advanced into the peritoneal cavity. The peritoneal cavity was insufflated with air through the endoscope. The spleen was visualized. The splenic vessels were ligated with endoscopic loops and clips, and then mesentery was dissected using electrocautery. Endoscopic splenectomy was performed on six pigs. There were no complications during gastric incision and entrance into the peritoneal cavity. Visualization of the spleen and other intraperitoneal organs was very good. Ligation of the splenic vessels and mobilization of the spleen were achieved using commercially available devices and endoscopic accessories.",supported,0.9921621680259705,0.0007279433193616569,0.007109836209565401,low,0.00020382412942126393,low,typeform/distilbert-base-uncased-mnli
pqa_labeled_46_ground_truth_c1,not_hallucinated,hard,,The interval from the onset of clinical symptoms to the initial surgical intervention seems to be the most important prognostic factor with a significant impact on outcome.,1,knowledge_925,0.1424150297403066,"Family caregivers of dementia patients are at increased risk of developing depression or anxiety. A multi-component program designed to mobilize support of family networks demonstrated effectiveness in decreasing depressive symptoms in caregivers. However, the impact of an intervention consisting solely of family meetings on depression and anxiety has not yet been evaluated. This study examines the preventive effects of family meetings for primary caregivers of community-dwelling dementia patients. A randomized multicenter trial was conducted among 192 primary caregivers of community dwelling dementia patients. Caregivers did not meet the diagnostic criteria for depressive or anxiety disorder at baseline. Participants were randomized to the family meetings intervention (n = 96) or usual care (n = 96) condition. The intervention consisted of two individual sessions and four family meetings which occurred once every 2 to 3 months for a year. Outcome measures after 12 months were the incidence of a clinical depressive or anxiety disorder and change in depressive and anxiety symptoms (primary outcomes), caregiver burden and quality of life (secondary outcomes). Intention-to-treat as well as per protocol analyses were performed. A substantial number of caregivers (72/192) developed a depressive or anxiety disorder within 12 months. The intervention was not superior to usual care either in reducing the risk of disorder onset (adjusted IRR 0.98; 95% CI 0.69 to 1.38) or in reducing depressive (randomization-by-time interaction coefficient = -1.40; 95% CI -3.91 to 1.10) or anxiety symptoms (randomization-by-time interaction coefficient = -0.55; 95% CI -1.59 to 0.49). The intervention did not reduce caregiver burden or their health related quality of life.",contradicted,0.0021070337388664484,0.9918163418769836,0.00607668561860919,medium,0.34713571965694423,moderate,typeform/distilbert-base-uncased-mnli
pqa_labeled_46_ground_truth_c2,not_hallucinated,hard,,"Despite extensive therapeutic efforts, Fournier's gangrene remains a surgical emergency",1,knowledge_46,0.3884594652388227,"Fournier's gangrene is known to have an impact in the morbidity and despite antibiotics and aggressive debridement, the mortality rate remains high. To assess the morbidity and mortality in the treatment of Fournier's gangrene in our experience. The medical records of 14 patients with Fournier's gangrene who presented at the University Hospital Center ""Mother Teresa"" from January 1997 to December 2006 were reviewed retrospectively to analyze the outcome and identify the risk factor and prognostic indicators of mortality. Of the 14 patients, 5 died and 9 survived. Mean age was 54 years (range from 41-61): it was 53 years in the group of survivors and 62 years in deceased group. There was a significant difference in leukocyte count between patients who survived (range 4900-17000/mm) and those died (range 20.300-31000/mm3). Mean hospital stay was about 19 days (range 2-57 days).",contradicted,0.006208497565239668,0.6255506277084351,0.3682408928871155,high,0.31277531385421753,moderate,typeform/distilbert-base-uncased-mnli
pqa_labeled_46_ground_truth_c3,not_hallucinated,hard,,early recognition with prompt radical debridement is the mainstays of management.,1,knowledge_743,0.1770708522754109,"The aim was to investigate the relationship between cognitive ability and frequency compressed speech recognition in listeners with normal hearing and normal cognition. Speech-in-noise recognition was measured using Institute of Electrical and Electronic Engineers sentences presented over earphones at 65 dB SPL and a range of signal-to-noise ratios. There were three conditions: unprocessed, and at frequency compression ratios of 2:1 and 3:1 (cut-off frequency, 1.6 kHz). Working memory and cognitive ability were measured using the reading span test and the trail making test, respectively. Participants were 15 young normally-hearing adults with normal cognition. There was a statistically significant reduction in mean speech recognition from around 80% when unprocessed to 40% for 2:1 compression and 30% for 3:1 compression. There was a statistically significant relationship between speech recognition and cognition for the unprocessed condition but not for the frequency-compressed conditions.",unverifiable,0.00046476905117742717,0.004667721688747406,0.9948674440383911,low,0.0009335443377494813,low,typeform/distilbert-base-uncased-mnli
pqa_labeled_46_hallucinated_c1,hallucinated,hard,Incomplete Information,Fournier's gangrene remains dangerous due to its rapid progression,1,knowledge_46,0.4589320139323577,"Fournier's gangrene is known to have an impact in the morbidity and despite antibiotics and aggressive debridement, the mortality rate remains high. To assess the morbidity and mortality in the treatment of Fournier's gangrene in our experience. The medical records of 14 patients with Fournier's gangrene who presented at the University Hospital Center ""Mother Teresa"" from January 1997 to December 2006 were reviewed retrospectively to analyze the outcome and identify the risk factor and prognostic indicators of mortality. Of the 14 patients, 5 died and 9 survived. Mean age was 54 years (range from 41-61): it was 53 years in the group of survivors and 62 years in deceased group. There was a significant difference in leukocyte count between patients who survived (range 4900-17000/mm) and those died (range 20.300-31000/mm3). Mean hospital stay was about 19 days (range 2-57 days).",unverifiable,0.005847502034157515,0.4388410449028015,0.5553114414215088,low,0.09654502987861635,low,typeform/distilbert-base-uncased-mnli
pqa_labeled_46_hallucinated_c2,hallucinated,hard,Incomplete Information,"high mortality rate, even with antibiotic treatment",1,knowledge_714,0.2586126570687203,"Adults with GH deficiency (GHD) have a decreased life expectancy. The effect of GH treatment on mortality remains to be established. This nationwide cohort study investigates the effect of GH treatment on all-cause and cause-specific mortality and analyzes patient characteristics influencing mortality in GHD adults. Patients in the Dutch National Registry of Growth Hormone Treatment in Adults were retrospectively monitored (1985-2009) and subdivided into treatment (n = 2229), primary (untreated, n = 109), and secondary control (partly treated, n = 356) groups. Standardized mortality ratios (SMR) were calculated for all-cause, malignancy, and cardiovascular disease (CVD) mortality. Expected mortality was obtained from cause, sex, calendar year, and age-specific death rates from national death and population counts. In the treatment group, 95 patients died compared to 74.6 expected [SMR 1.27 (95% confidence interval, 1.04-1.56)]. Mortality was higher in women than in men. After exclusion of high-risk patients, the SMR for CVD mortality remained increased in women. Mortality due to malignancies was not elevated. In the control groups mortality was not different from the background population. Univariate analyses demonstrated sex, GHD onset, age, and underlying diagnosis as influencing factors.",supported,0.9296087622642517,0.011549406684935093,0.058841776102781296,high,0.006352173676714302,low,typeform/distilbert-base-uncased-mnli
pqa_labeled_46_hallucinated_c3,hallucinated,hard,Incomplete Information,early surgical intervention.,1,knowledge_635,0.2103951325931278,"To examine the impact of early discharge on newborn metabolic screening. Metabolic screening results were obtained from the Alabama State Lab for all infants born at our hospital between 8/1/97, and 1/31/99, and were matched with an existing database of early discharge infants. An early newborn discharge was defined as a discharge between 24 and 47 hours of age. Metabolic screening tests included phenylketonuria (PKU), hypothyroidism, and congenital adrenal hyperplasia (CAH). Early discharge and traditional stay infants were compared to determine the percentage of newborns screened and the timing of the first adequate specimen. The state laboratory received specimens from 3860 infants; 1324 were on early discharge newborns and 2536 infants in the traditional stay group. At least one filter paper test (PKU, hypothyroidism, and CAH) was collected on 99.2% of early discharge infants and 96.0% of traditional stay infants (P<.0001). Early discharge infants had a higher rate of initial filter paper specimens being inadequate (22.9%) compared with traditional stay infants (14.3%, P<.0001) but had a higher rate of repeat specimens when the initial specimen was inadequate (85.0% early discharge vs 75.3% traditional stay, P=.002). The early discharge group was more likely to have an adequate specimen within the first 9 days of life (1001, 98.8% early discharge vs 2016, 96.7% traditional stay, P=.0005).",contradicted,0.0026689914520829916,0.982573926448822,0.01475710328668356,low,0.21616626381874085,low,typeform/distilbert-base-uncased-mnli
pqa_labeled_46_hallucinated_c4,hallucinated,hard,Incomplete Information,The use of hyperbaric oxygen therapy has been shown to significantly improve outcomes.,1,knowledge_927,0.3383044809240708,"Our aim was to investigate the effects of growth hormone (GH), hyperbaric oxygen and combined therapy on normal and ischemic colonic anastomoses in rats. Eighty male Wistar rats were divided into eight groups (n = 10). In the first four groups, non-ischemic colonic anastomosis was performed, whereas in the remaining four groups, ischemic colonic anastomosis was performed. In groups 5, 6, 7, and 8, colonic ischemia was established by ligating 2 cm of the mesocolon on either side of the anastomosis. The control groups (1 and 5) received no treatment. Hyperbaric oxygen therapy was initiated immediately after surgery and continued for 4 days in groups 3 and 4. Groups 2 and 6 received recombinant human growth hormone, whereas groups 4 and 8 received GH and hyperbaric oxygen treatment. Relaparotomy was performed on postoperative day 4, and a perianastomotic colon segment 2 cm in length was excised for the detection of biochemical and mechanical parameters of anastomotic healing and histopathological evaluation. Combined treatment with hyperbaric oxygen and GH increased the mean bursting pressure values in all of the groups, and a statistically significant increase was noted in the ischemic groups compared to the controls (p<0.05). This improvement was more evident in the ischemic and normal groups treated with combined therapy. In addition, a histopathological evaluation of anastomotic neovascularization and collagen deposition showed significant differences among the groups.",unverifiable,0.0011991305509582162,0.0032206750474870205,0.9955801367759705,low,0.0007085485104471445,low,typeform/distilbert-base-uncased-mnli
pqa_labeled_47_ground_truth_c1,not_hallucinated,hard,,We conclude that patient,1,knowledge_776,0.2434299867320203,"The use of open access endoscopy is increasing. Its effect on the adequacy of patient informed consent, procedure acceptance and the impact on subsequent communication/transfer of procedure results to the patient have not been evaluated. The aim of our study was to compare the extent of preknowledge of procedures and test explanation, patient medical complexity, information transfer and overall patient satisfaction between a patient group referred for outpatient open access endoscopy versus a patient group from a gastrointestinal (GI) subspecialty clinic. Information was obtained from all patients presenting for outpatient upper and lower endoscopy by using a 1-page questionnaire. Patients from the two groups who had an outpatient upper/lower endoscopic procedure were contacted by phone after the procedure to obtain information with a standardized questionnaire. The open access patients reported receiving significantly less information to help them identify the procedure (p<0.01) and less explanation concerning the nature of the procedure than the group of patients referred from the subspecialty clinic (p<0.005). There was no difference between the two groups in satisfaction scores for examinations performed under conscious sedation. For flexible sigmoidoscopy without sedation, however, the GI clinic patient group were more satisfied with their procedure. The majority of patients, regardless of access, were more likely to receive endoscopic results from a gastroenterologist than the referring physician. Furthermore, the patients in the GI clinic group who underwent colonoscopy felt significantly better at follow-up.",unverifiable,0.015792084857821465,0.031453028321266174,0.9527548551559448,low,0.006290605664253235,low,typeform/distilbert-base-uncased-mnli
pqa_labeled_47_ground_truth_c2,not_hallucinated,hard,,graft survival on transplanting kidneys from elderly donors to young recipients is superimposable on that obtained with young donors.,1,knowledge_47,0.4334256194612884,"Kidneys from elderly donors tend to be implanted in recipients who are also elderly. We present the results obtained after 10 years of evolution on transplanting elderly kidneys into young recipients. Ninety-one consecutive transplants are studied, carried out in our center with kidneys from cadaver donors older than 60 years implanted in recipients younger than 60 years. The control group is made up of 91 transplants, matched with those from the study group, whose donor and recipient were younger than 60 years. There were no differences between groups with regard to recipient age, sex, cause of death and renal function of the donor, hepatitis C and cytomegalovirus serologies, cold ischemia time, tubular necrosis, immediate diuresis, need for dialysis, human leukocyte antigen incompatibilities, hypersensitized patients, acute rejection, waiting time on dialysis, and days of admission. Survival in both groups at 1, 5, and 10 years was 97.6%, 87.2%, and 76.6% vs. 98.8%, 87.5%, and 69.5% for the patient (P=0.642), 92.9%, 81.3%, and 64.2% vs. 93.9%, 76.4%, and 69.5% for the graft (P=0.980), and 94.4%, 92.6%, and 77.4% vs. 94.3%, 86.7%, and 84.4% for the graft with death censured (P=0.747), respectively. Creatininaemias at 1, 5, and 10 years were 172, 175, and 210 vs. 139, 134, and 155 (P<0.05).",contradicted,0.10286978632211685,0.8783329725265503,0.0187972579151392,low,0.17566659450531008,low,typeform/distilbert-base-uncased-mnli
pqa_labeled_47_ground_truth_c3,not_hallucinated,hard,,"However, renal function is better in the group of young donors.",1,knowledge_198,0.2961872804915749,"The brain-dead donor supply has become one of the criteria limiting the performance of heart transplantation. Conventional screening criteria are too limiting and exclude suitable heart donors. Echocardiography is now widely available and is a reliable tool to assess left ventricular dysfunction in brain-dead donors. Yet few data are available on the degree of left ventricular dysfunction where a transplantation is possible. Fifty-five potential brain-dead heart donors (age 38 +/- 11 years) were prospectively evaluated by transesophageal echocardiography (TEE) before harvesting. Fractional area change (FAC) was used to assess left ventricular function in potential brain-dead donors. Transplanted hearts were evaluated on the fifth postoperative day. The transplantation was considered a success if the recipient was alive, not retransplanted, without an assistance device or an epinephrine infusion of more than 1 mg/h and showed an ejection fraction above 40%. Of the 55 potential heart donors, 20 exhibited an FAC of less than 50%. Forty hearts were harvested, 36 of which were successfully transplanted. Nine patients had an FAC below 50% (group H2) and 27 had an FAC over 50% (group H1). Four patients died: 2 from hemorrhage (FAC>50% in donors); 1 from right and one from left ventricular dysfunction (FAC<50% in donors). The FAC increased significantly from 51 +/- 15% to 57 +/- 11% in 18 hearts that underwent TEE in donors and afterwards in recipients. Overall actuarial survival was 86.2% versus 64.6% at 1 and 2 years in group H1 and group H2, respectively (p = NS).",unverifiable,0.0005260244361124933,0.008078556507825851,0.9913954138755798,low,0.0016157113015651703,low,typeform/distilbert-base-uncased-mnli
pqa_labeled_47_hallucinated_c1,hallucinated,hard,Misinterpretation of #Question#,"Kidneys from elderly donors can be successfully transplanted into young recipients,",1,knowledge_47,0.3747278088852996,"Kidneys from elderly donors tend to be implanted in recipients who are also elderly. We present the results obtained after 10 years of evolution on transplanting elderly kidneys into young recipients. Ninety-one consecutive transplants are studied, carried out in our center with kidneys from cadaver donors older than 60 years implanted in recipients younger than 60 years. The control group is made up of 91 transplants, matched with those from the study group, whose donor and recipient were younger than 60 years. There were no differences between groups with regard to recipient age, sex, cause of death and renal function of the donor, hepatitis C and cytomegalovirus serologies, cold ischemia time, tubular necrosis, immediate diuresis, need for dialysis, human leukocyte antigen incompatibilities, hypersensitized patients, acute rejection, waiting time on dialysis, and days of admission. Survival in both groups at 1, 5, and 10 years was 97.6%, 87.2%, and 76.6% vs. 98.8%, 87.5%, and 69.5% for the patient (P=0.642), 92.9%, 81.3%, and 64.2% vs. 93.9%, 76.4%, and 69.5% for the graft (P=0.980), and 94.4%, 92.6%, and 77.4% vs. 94.3%, 86.7%, and 84.4% for the graft with death censured (P=0.747), respectively. Creatininaemias at 1, 5, and 10 years were 172, 175, and 210 vs. 139, 134, and 155 (P<0.05).",contradicted,0.11796694248914719,0.8211207985877991,0.060912251472473145,low,0.22991382360458373,low,typeform/distilbert-base-uncased-mnli
pqa_labeled_47_hallucinated_c2,hallucinated,hard,Misinterpretation of #Question#,they exhibit higher rates of chronic rejection,1,knowledge_187,0.1456840256861509,"Medicare beneficiaries who have chronic conditions are responsible for a disproportionate share of Medicare fee-for-service expenditures. The objective of this study was to analyze the change in the health of Medicare beneficiaries enrolled in Part A (hospital insurance) between 2008 and 2010 by comparing the prevalence of 11 chronic conditions. We conducted descriptive analyses using the 2008 and 2010 Chronic Conditions Public Use Files, which are newly available from the Centers for Medicare and Medicaid Services and have administrative (claims) data on 100% of the Medicare fee-for-service population. We examined the data by age, sex, and dual eligibility (eligibility for both Medicare and Medicaid). Medicare Part A beneficiaries had more chronic conditions on average in 2010 than in 2008. The percentage increase in the average number of chronic conditions was larger for dual-eligible beneficiaries (2.8%) than for nondual-eligible beneficiaries (1.2%). The prevalence of some chronic conditions, such as congestive heart failure, ischemic heart disease, and stroke/transient ischemic attack, decreased. The deterioration of average health was due to other chronic conditions: chronic kidney disease, depression, diabetes, osteoporosis, rheumatoid arthritis/osteoarthritis. Trends in Alzheimer's disease, cancer, and chronic obstructive pulmonary disease showed differences by sex or dual eligibility or both.",unverifiable,0.018545014783740044,0.007131795398890972,0.9743232131004333,low,0.001996902711689472,low,typeform/distilbert-base-uncased-mnli
pqa_labeled_47_hallucinated_c3,hallucinated,hard,Misinterpretation of #Question#,reduced long-term function compared to kidneys from younger donors.,1,knowledge_47,0.286601888640164,"Kidneys from elderly donors tend to be implanted in recipients who are also elderly. We present the results obtained after 10 years of evolution on transplanting elderly kidneys into young recipients. Ninety-one consecutive transplants are studied, carried out in our center with kidneys from cadaver donors older than 60 years implanted in recipients younger than 60 years. The control group is made up of 91 transplants, matched with those from the study group, whose donor and recipient were younger than 60 years. There were no differences between groups with regard to recipient age, sex, cause of death and renal function of the donor, hepatitis C and cytomegalovirus serologies, cold ischemia time, tubular necrosis, immediate diuresis, need for dialysis, human leukocyte antigen incompatibilities, hypersensitized patients, acute rejection, waiting time on dialysis, and days of admission. Survival in both groups at 1, 5, and 10 years was 97.6%, 87.2%, and 76.6% vs. 98.8%, 87.5%, and 69.5% for the patient (P=0.642), 92.9%, 81.3%, and 64.2% vs. 93.9%, 76.4%, and 69.5% for the graft (P=0.980), and 94.4%, 92.6%, and 77.4% vs. 94.3%, 86.7%, and 84.4% for the graft with death censured (P=0.747), respectively. Creatininaemias at 1, 5, and 10 years were 172, 175, and 210 vs. 139, 134, and 155 (P<0.05).",contradicted,0.12843410670757294,0.8431054949760437,0.02846042811870575,low,0.23606953859329224,low,typeform/distilbert-base-uncased-mnli
pqa_labeled_48_ground_truth_c1,not_hallucinated,easy,,The Medicaid Demonstration in Florida appears to result in lower PMPM expenditures.,1,knowledge_48,0.5896955441166349,"To determine the impact of Florida's Medicaid Demonstration 4 years post-implementation on per member per month (PMPM) Medicaid expenditures and whether receiving care through HMOs versus provider service networks (PSNs) in the Demonstration was associated with PMPM expenditures.DATA: Florida Medicaid claims from two fiscal years prior to implementation of the Demonstration (FY0405, FY0506) and the first four fiscal years after implementation (FY0607-FY0910) from two urban Demonstration counties and two urban non-Demonstration counties. A difference-in-difference approach was used to compare changes in enrollee expenditures before and after implementation of the Demonstration overall and specifically for HMOs and PSNs. Claims data were extracted for enrollees in the Demonstration and non-Demonstration counties and collapsed into monthly amounts (N = 26,819,987 person-months). Among SSI enrollees, the Demonstration resulted in lower increases in PMPM expenditures over time ($40) compared with the non-Demonstration counties ($186), with Demonstration PSNs lowering PMPM expenditures by $7 more than HMOs. Savings were also seen among TANF enrollees but to a lesser extent.",unverifiable,0.006465366575866938,0.0005712613346986473,0.9929633736610413,low,0.00011425226693972945,low,typeform/distilbert-base-uncased-mnli
pqa_labeled_48_ground_truth_c2,not_hallucinated,easy,,Demonstration PSNs generated slightly greater reductions in expenditures compared to Demonstration HMOs.,1,knowledge_48,0.6413920004023922,"To determine the impact of Florida's Medicaid Demonstration 4 years post-implementation on per member per month (PMPM) Medicaid expenditures and whether receiving care through HMOs versus provider service networks (PSNs) in the Demonstration was associated with PMPM expenditures.DATA: Florida Medicaid claims from two fiscal years prior to implementation of the Demonstration (FY0405, FY0506) and the first four fiscal years after implementation (FY0607-FY0910) from two urban Demonstration counties and two urban non-Demonstration counties. A difference-in-difference approach was used to compare changes in enrollee expenditures before and after implementation of the Demonstration overall and specifically for HMOs and PSNs. Claims data were extracted for enrollees in the Demonstration and non-Demonstration counties and collapsed into monthly amounts (N = 26,819,987 person-months). Among SSI enrollees, the Demonstration resulted in lower increases in PMPM expenditures over time ($40) compared with the non-Demonstration counties ($186), with Demonstration PSNs lowering PMPM expenditures by $7 more than HMOs. Savings were also seen among TANF enrollees but to a lesser extent.",unverifiable,0.002124520018696785,0.0007902383804321289,0.9970852732658386,low,0.0001580476760864258,low,typeform/distilbert-base-uncased-mnli
pqa_labeled_48_ground_truth_c3,not_hallucinated,easy,,PSNs appear to be a promising model for delivering care to Medicaid enrollees.,1,knowledge_48,0.2221554690880898,"To determine the impact of Florida's Medicaid Demonstration 4 years post-implementation on per member per month (PMPM) Medicaid expenditures and whether receiving care through HMOs versus provider service networks (PSNs) in the Demonstration was associated with PMPM expenditures.DATA: Florida Medicaid claims from two fiscal years prior to implementation of the Demonstration (FY0405, FY0506) and the first four fiscal years after implementation (FY0607-FY0910) from two urban Demonstration counties and two urban non-Demonstration counties. A difference-in-difference approach was used to compare changes in enrollee expenditures before and after implementation of the Demonstration overall and specifically for HMOs and PSNs. Claims data were extracted for enrollees in the Demonstration and non-Demonstration counties and collapsed into monthly amounts (N = 26,819,987 person-months). Among SSI enrollees, the Demonstration resulted in lower increases in PMPM expenditures over time ($40) compared with the non-Demonstration counties ($186), with Demonstration PSNs lowering PMPM expenditures by $7 more than HMOs. Savings were also seen among TANF enrollees but to a lesser extent.",unverifiable,0.0015368920285254717,0.0004947615670971572,0.9979682564735413,low,9.895231341943145e-05,low,typeform/distilbert-base-uncased-mnli
pqa_labeled_48_hallucinated_c1,hallucinated,easy,Misinterpretation of #Question#,Provider Service Networks (PSNs) in Florida's Medicaid program do not result in lower expenditures compared to HMOs.,1,knowledge_48,0.3805981034928037,"To determine the impact of Florida's Medicaid Demonstration 4 years post-implementation on per member per month (PMPM) Medicaid expenditures and whether receiving care through HMOs versus provider service networks (PSNs) in the Demonstration was associated with PMPM expenditures.DATA: Florida Medicaid claims from two fiscal years prior to implementation of the Demonstration (FY0405, FY0506) and the first four fiscal years after implementation (FY0607-FY0910) from two urban Demonstration counties and two urban non-Demonstration counties. A difference-in-difference approach was used to compare changes in enrollee expenditures before and after implementation of the Demonstration overall and specifically for HMOs and PSNs. Claims data were extracted for enrollees in the Demonstration and non-Demonstration counties and collapsed into monthly amounts (N = 26,819,987 person-months). Among SSI enrollees, the Demonstration resulted in lower increases in PMPM expenditures over time ($40) compared with the non-Demonstration counties ($186), with Demonstration PSNs lowering PMPM expenditures by $7 more than HMOs. Savings were also seen among TANF enrollees but to a lesser extent.",unverifiable,0.005642065312713385,0.0020407389383763075,0.9923171997070312,low,0.0005714069027453661,low,typeform/distilbert-base-uncased-mnli
pqa_labeled_48_hallucinated_c2,hallucinated,easy,Misinterpretation of #Question#,"Instead, HMOs exhibit marginally lower PMPM expenditures due to their structured care models.",1,knowledge_48,0.2903235525665043,"To determine the impact of Florida's Medicaid Demonstration 4 years post-implementation on per member per month (PMPM) Medicaid expenditures and whether receiving care through HMOs versus provider service networks (PSNs) in the Demonstration was associated with PMPM expenditures.DATA: Florida Medicaid claims from two fiscal years prior to implementation of the Demonstration (FY0405, FY0506) and the first four fiscal years after implementation (FY0607-FY0910) from two urban Demonstration counties and two urban non-Demonstration counties. A difference-in-difference approach was used to compare changes in enrollee expenditures before and after implementation of the Demonstration overall and specifically for HMOs and PSNs. Claims data were extracted for enrollees in the Demonstration and non-Demonstration counties and collapsed into monthly amounts (N = 26,819,987 person-months). Among SSI enrollees, the Demonstration resulted in lower increases in PMPM expenditures over time ($40) compared with the non-Demonstration counties ($186), with Demonstration PSNs lowering PMPM expenditures by $7 more than HMOs. Savings were also seen among TANF enrollees but to a lesser extent.",unverifiable,0.0011540480190888047,0.0005248527158983052,0.9983211159706116,low,0.00014695876045152544,low,typeform/distilbert-base-uncased-mnli
pqa_labeled_49_ground_truth_c1,not_hallucinated,hard,,"In our cohort, selective screening of patients aged>70 years, with carotid bruit, a history of cerebrovascular disease, diabetes mellitus or PVD would have reduced the screening load by 40%, with trivial impact on surgical management or neurological outcomes.",1,knowledge_49,0.3962959445264525,"Extracranial internal carotid artery stenosis is a risk factor for perioperative stroke in patients undergoing coronary artery bypass surgery (CAB). Although selective and non-selective methods of preoperative carotid screening have been advocated, it remains unclear if this screening is clinically relevant.AIM: To test whether selective carotid screening is as effective as non-selective screening in detecting significant carotid disease. The case records of patients consecutively undergoing CAB were reviewed. Patients were stratified retrospectively into high- or low-risk groups according to risk factors for significant carotid stenosis and perioperative stroke: peripheral vascular disease (PVD), carotid bruit, diabetes mellitus, age>70 years and/or history of cerebrovascular disease. Prevalence of carotid stenosis detected by ultrasonography, surgical management and perioperative stroke rates were determined in each group. Overall, 205 consecutive patients underwent preoperative carotid screening. The prevalence of significant carotid stenosis was 5.8%. Univariate analysis confirmed that PVD (P=0.005), carotid bruit (P=0.003) and diabetes mellitus (P=0.05) were significant risk factors for stenosis. Carotid stenosis was a risk factor for stroke (P=0.03). Prevalence of carotid stenosis was higher in the high-risk group (9.1%) than the low-risk group (1.2%) (P<0.05). All concomitant or staged carotid endarterectomies/CAB (5/205) and all patients who had perioperative strokes (5/205) were in the high-risk group (P=0.01).",unverifiable,0.22306948900222778,0.004906273912638426,0.7720242738723755,high,0.002453136956319213,low,typeform/distilbert-base-uncased-mnli
pqa_labeled_49_hallucinated_c1,hallucinated,hard,Misinterpretation of #Question#,Non-selective screening of all patients undergoing coronary artery bypass surgery significantly reduces the incidence of perioperative strokes compared to selective screening based on risk factors.,1,knowledge_49,0.3670527098090516,"Extracranial internal carotid artery stenosis is a risk factor for perioperative stroke in patients undergoing coronary artery bypass surgery (CAB). Although selective and non-selective methods of preoperative carotid screening have been advocated, it remains unclear if this screening is clinically relevant.AIM: To test whether selective carotid screening is as effective as non-selective screening in detecting significant carotid disease. The case records of patients consecutively undergoing CAB were reviewed. Patients were stratified retrospectively into high- or low-risk groups according to risk factors for significant carotid stenosis and perioperative stroke: peripheral vascular disease (PVD), carotid bruit, diabetes mellitus, age>70 years and/or history of cerebrovascular disease. Prevalence of carotid stenosis detected by ultrasonography, surgical management and perioperative stroke rates were determined in each group. Overall, 205 consecutive patients underwent preoperative carotid screening. The prevalence of significant carotid stenosis was 5.8%. Univariate analysis confirmed that PVD (P=0.005), carotid bruit (P=0.003) and diabetes mellitus (P=0.05) were significant risk factors for stenosis. Carotid stenosis was a risk factor for stroke (P=0.03). Prevalence of carotid stenosis was higher in the high-risk group (9.1%) than the low-risk group (1.2%) (P<0.05). All concomitant or staged carotid endarterectomies/CAB (5/205) and all patients who had perioperative strokes (5/205) were in the high-risk group (P=0.01).",unverifiable,0.0434652604162693,0.12339728325605392,0.8331373929977417,medium,0.060464668795466414,low,typeform/distilbert-base-uncased-mnli
pqa_labeled_50_ground_truth_c1,not_hallucinated,medium,,Mesocolon invasion should be included in T4 for the staging of gastric cancer.,1,knowledge_50,0.6075637578572629,"One of the sites most frequently invaded by gastric cancer is the mesocolon; however, the UICC does not mention this anatomical site as an adjacent structure involved in gastric cancer. The purpose of this study was to characterize and classify mesocolon invasion from gastric cancer. We examined 806 patients who underwent surgery for advanced gastric carcinoma from 1992 to 2007 at the Department of Surgery, Gangnam Severance Hospital, Korea. Among these, patients who showed macroscopically direct invasion into the mesocolon were compared to other patients with advanced gastric cancer. The curability, number and extent of nodal metastasis, and the survival of the mesocolon invasion group were significantly worse than these factors in the T3 group. However, the survival of the mesocolon invasion group after curative resection was much better than that of patients who had incurable factors.",unverifiable,0.04927937313914299,0.3667389452457428,0.5839816331863403,low,0.07334778904914856,low,typeform/distilbert-base-uncased-mnli
pqa_labeled_50_hallucinated_c1,hallucinated,medium,Misinterpretation of #Question#,Direct mesocolon invasion should be classified under T3 for the staging of gastric cancer.,1,knowledge_50,0.6231342880568861,"One of the sites most frequently invaded by gastric cancer is the mesocolon; however, the UICC does not mention this anatomical site as an adjacent structure involved in gastric cancer. The purpose of this study was to characterize and classify mesocolon invasion from gastric cancer. We examined 806 patients who underwent surgery for advanced gastric carcinoma from 1992 to 2007 at the Department of Surgery, Gangnam Severance Hospital, Korea. Among these, patients who showed macroscopically direct invasion into the mesocolon were compared to other patients with advanced gastric cancer. The curability, number and extent of nodal metastasis, and the survival of the mesocolon invasion group were significantly worse than these factors in the T3 group. However, the survival of the mesocolon invasion group after curative resection was much better than that of patients who had incurable factors.",unverifiable,0.101646289229393,0.29242971539497375,0.6059240102767944,low,0.08188032031059266,low,typeform/distilbert-base-uncased-mnli
pqa_labeled_51_ground_truth_c1,not_hallucinated,hard,,"Surrogates of injury severity, including days in the ICU",1,knowledge_51,0.3865870831781609,"To determine the relationship between injury severity surrogates and other patient factors with the development and severity of heterotopic ossification (HO) following open reduction internal fixation of acetabular fractures treated with a posterior approach. Retrospective review. Academic level 1 trauma center. Two hundred forty-one patients who were treated through a posterior approach with a minimum of 6-month radiographic follow-up were identified from an acetabular fracture database. None. The occurrence and severity (Brooker Grade III/IV) of HO 6 months postsurgery. Length of stay (LOS) in the intensive care unit (ICU), non-ICU LOS>10 days, and HO prophylaxis with external radiation beam therapy (XRT) were significantly associated with the development of HO in a multivariate model [ 1-2 days, odds ratio (OR) = 4.33, 95% confidence interval (CI): 1.03-18.25; 3-6 days, OR = 4.1, 95% CI, 1.27-13.27;>6 days, OR = 11.7, 95% CI, 3.24-42.22; non-ICU LOS>10 days (vs. 0-6 days): OR = 7.6, 95% CI, 2.6-22.25; XRT HO prophylaxis: OR = 0.29, 95% CI, 0.10-0.85]. Other variables evaluated in multivariate modeling not significantly associated with development and severity of HO included age, gender, mechanism of injury, injury severity score, presence of neurologic injury, Letournel fracture type, occurrence of hip dislocation, interval from injury to surgery, operative time, and estimated blood loss.",unverifiable,0.09273838251829147,0.2726668119430542,0.6345947980880737,low,0.05453336238861084,low,typeform/distilbert-base-uncased-mnli
pqa_labeled_51_ground_truth_c2,not_hallucinated,hard,,"non-ICU hospital LOS>10 days, were associated with the development of HO in our cohort of acetabular fracture patients.",1,knowledge_51,0.6051785231342414,"To determine the relationship between injury severity surrogates and other patient factors with the development and severity of heterotopic ossification (HO) following open reduction internal fixation of acetabular fractures treated with a posterior approach. Retrospective review. Academic level 1 trauma center. Two hundred forty-one patients who were treated through a posterior approach with a minimum of 6-month radiographic follow-up were identified from an acetabular fracture database. None. The occurrence and severity (Brooker Grade III/IV) of HO 6 months postsurgery. Length of stay (LOS) in the intensive care unit (ICU), non-ICU LOS>10 days, and HO prophylaxis with external radiation beam therapy (XRT) were significantly associated with the development of HO in a multivariate model [ 1-2 days, odds ratio (OR) = 4.33, 95% confidence interval (CI): 1.03-18.25; 3-6 days, OR = 4.1, 95% CI, 1.27-13.27;>6 days, OR = 11.7, 95% CI, 3.24-42.22; non-ICU LOS>10 days (vs. 0-6 days): OR = 7.6, 95% CI, 2.6-22.25; XRT HO prophylaxis: OR = 0.29, 95% CI, 0.10-0.85]. Other variables evaluated in multivariate modeling not significantly associated with development and severity of HO included age, gender, mechanism of injury, injury severity score, presence of neurologic injury, Letournel fracture type, occurrence of hip dislocation, interval from injury to surgery, operative time, and estimated blood loss.",unverifiable,0.0016427745576947927,0.0011036101495847106,0.9972535967826843,low,0.00022072202991694213,low,typeform/distilbert-base-uncased-mnli
pqa_labeled_51_ground_truth_c3,not_hallucinated,hard,,"Prophylaxis with XRT was significantly protective against the development of HO,",1,knowledge_51,0.4799850016916508,"To determine the relationship between injury severity surrogates and other patient factors with the development and severity of heterotopic ossification (HO) following open reduction internal fixation of acetabular fractures treated with a posterior approach. Retrospective review. Academic level 1 trauma center. Two hundred forty-one patients who were treated through a posterior approach with a minimum of 6-month radiographic follow-up were identified from an acetabular fracture database. None. The occurrence and severity (Brooker Grade III/IV) of HO 6 months postsurgery. Length of stay (LOS) in the intensive care unit (ICU), non-ICU LOS>10 days, and HO prophylaxis with external radiation beam therapy (XRT) were significantly associated with the development of HO in a multivariate model [ 1-2 days, odds ratio (OR) = 4.33, 95% confidence interval (CI): 1.03-18.25; 3-6 days, OR = 4.1, 95% CI, 1.27-13.27;>6 days, OR = 11.7, 95% CI, 3.24-42.22; non-ICU LOS>10 days (vs. 0-6 days): OR = 7.6, 95% CI, 2.6-22.25; XRT HO prophylaxis: OR = 0.29, 95% CI, 0.10-0.85]. Other variables evaluated in multivariate modeling not significantly associated with development and severity of HO included age, gender, mechanism of injury, injury severity score, presence of neurologic injury, Letournel fracture type, occurrence of hip dislocation, interval from injury to surgery, operative time, and estimated blood loss.",unverifiable,0.034557145088911057,0.1528579443693161,0.8125848770141602,low,0.03057158887386322,low,typeform/distilbert-base-uncased-mnli
pqa_labeled_51_ground_truth_c4,not_hallucinated,hard,,the ability to provide prophylaxis is very likely related to the severity of injury.,1,knowledge_51,0.2473575683903308,"To determine the relationship between injury severity surrogates and other patient factors with the development and severity of heterotopic ossification (HO) following open reduction internal fixation of acetabular fractures treated with a posterior approach. Retrospective review. Academic level 1 trauma center. Two hundred forty-one patients who were treated through a posterior approach with a minimum of 6-month radiographic follow-up were identified from an acetabular fracture database. None. The occurrence and severity (Brooker Grade III/IV) of HO 6 months postsurgery. Length of stay (LOS) in the intensive care unit (ICU), non-ICU LOS>10 days, and HO prophylaxis with external radiation beam therapy (XRT) were significantly associated with the development of HO in a multivariate model [ 1-2 days, odds ratio (OR) = 4.33, 95% confidence interval (CI): 1.03-18.25; 3-6 days, OR = 4.1, 95% CI, 1.27-13.27;>6 days, OR = 11.7, 95% CI, 3.24-42.22; non-ICU LOS>10 days (vs. 0-6 days): OR = 7.6, 95% CI, 2.6-22.25; XRT HO prophylaxis: OR = 0.29, 95% CI, 0.10-0.85]. Other variables evaluated in multivariate modeling not significantly associated with development and severity of HO included age, gender, mechanism of injury, injury severity score, presence of neurologic injury, Letournel fracture type, occurrence of hip dislocation, interval from injury to surgery, operative time, and estimated blood loss.",supported,0.7899975776672363,0.027187418192625046,0.18281510472297668,low,0.00543748363852501,low,typeform/distilbert-base-uncased-mnli
pqa_labeled_51_hallucinated_c1,hallucinated,hard,Misinterpretation of #Question#,"Surrogates of injury severity, particularly high-energy trauma events",1,knowledge_963,0.2416263273968096,"Trauma centers are designated to provide systematized multidisciplinary care to injured patients. Effective trauma systems reduce patient mortality by facilitating the treatment of injured patients at appropriately resourced hospitals. Several U.S. studies report reduced mortality among patients admitted directly to a level I trauma center compared with those admitted to hospitals with less resources. It has yet to be shown whether there is an outcome benefit associated with the ""level of hospital"" initially treating severely injured trauma patients in Australia. This study was designed to determine whether the level of trauma center providing treatment impacts mortality and/or hospital length of stay. Outcomes were evaluated for severely injured trauma patients with an Injury Severity Score (ISS)>15 using NSW Institute of Trauma and Injury Management data from 2002-2007 for our regional health service. To assess the association between trauma centers and binary outcomes, a logistic regression model was used. To assess the association between trauma centers and continuous outcomes, a multivariable linear regression model was used. Sex, age, and ISS were included as covariates in all models. There were 1,986 trauma presentations during the 6-year period. Patients presenting to a level III trauma center had a significantly higher risk of death than those presenting to the level I center, regardless of age, sex, ISS, or prehospital time. Peer review of deaths at the level III center identified problems in care delivery in 15 cases associated with technical errors, delay in decision making, or errors of judgement.",unverifiable,0.0004716389812529087,0.0009852437069639564,0.9985431432723999,low,0.0002758682379499078,low,typeform/distilbert-base-uncased-mnli
pqa_labeled_51_hallucinated_c2,hallucinated,hard,Misinterpretation of #Question#,"prolonged operative times, were significantly associated with the development of HO in our cohort of acetabular fracture patients.",1,knowledge_51,0.4253517507268836,"To determine the relationship between injury severity surrogates and other patient factors with the development and severity of heterotopic ossification (HO) following open reduction internal fixation of acetabular fractures treated with a posterior approach. Retrospective review. Academic level 1 trauma center. Two hundred forty-one patients who were treated through a posterior approach with a minimum of 6-month radiographic follow-up were identified from an acetabular fracture database. None. The occurrence and severity (Brooker Grade III/IV) of HO 6 months postsurgery. Length of stay (LOS) in the intensive care unit (ICU), non-ICU LOS>10 days, and HO prophylaxis with external radiation beam therapy (XRT) were significantly associated with the development of HO in a multivariate model [ 1-2 days, odds ratio (OR) = 4.33, 95% confidence interval (CI): 1.03-18.25; 3-6 days, OR = 4.1, 95% CI, 1.27-13.27;>6 days, OR = 11.7, 95% CI, 3.24-42.22; non-ICU LOS>10 days (vs. 0-6 days): OR = 7.6, 95% CI, 2.6-22.25; XRT HO prophylaxis: OR = 0.29, 95% CI, 0.10-0.85]. Other variables evaluated in multivariate modeling not significantly associated with development and severity of HO included age, gender, mechanism of injury, injury severity score, presence of neurologic injury, Letournel fracture type, occurrence of hip dislocation, interval from injury to surgery, operative time, and estimated blood loss.",unverifiable,0.019103920087218285,0.01138702966272831,0.9695091247558594,low,0.003188368305563927,low,typeform/distilbert-base-uncased-mnli
pqa_labeled_52_ground_truth_c1,not_hallucinated,hard,,The statistical power of this case-referent study was such that only large beneficial effects of statins in acute stroke could be confirmed.,1,knowledge_52,0.4943460822842984,"In primary and secondary prevention trials, statins have been shown to reduce the risk of stroke. In addition to lipid lowering, statins have a number of antiatherothrombotic and neuroprotective properties. In a preliminary observational study, we explored whether clinical outcome is improved in patients who are on treatment with statins when stroke occurs. We conducted a population-based case-referent study of 25- to 74-year-old stroke patients with, for each case of a patient who was on statin treatment at the onset of stroke (n=125), 2 referent patients who were not treated with statins but were matched for age, gender, year of onset, and stroke subtype (n=250). The unadjusted odds ratio for early discharge to home (versus late discharge or death) was 1.41 (95% CI 0.91 to 2.17) when patients on statin treatment were compared with referent stroke patients not on statins. Prognostic factors were, in general, more unfavorable among patients on statins. When this was adjusted for in a logistic regression model, the use of statins was a moderately strong but statistically nonsignificant predictor of discharge to home (multiple-adjusted odds ratio 1.42, 95% CI 0.90 to 2.22).",contradicted,0.005185311194509268,0.9809026718139648,0.013912077993154526,low,0.19618053436279298,low,typeform/distilbert-base-uncased-mnli
pqa_labeled_52_ground_truth_c2,not_hallucinated,hard,,"However, the observed trend, together with experimental observations, is interesting enough to warrant a more detailed analysis of the relationship between statins",1,knowledge_52,0.2798830983500562,"In primary and secondary prevention trials, statins have been shown to reduce the risk of stroke. In addition to lipid lowering, statins have a number of antiatherothrombotic and neuroprotective properties. In a preliminary observational study, we explored whether clinical outcome is improved in patients who are on treatment with statins when stroke occurs. We conducted a population-based case-referent study of 25- to 74-year-old stroke patients with, for each case of a patient who was on statin treatment at the onset of stroke (n=125), 2 referent patients who were not treated with statins but were matched for age, gender, year of onset, and stroke subtype (n=250). The unadjusted odds ratio for early discharge to home (versus late discharge or death) was 1.41 (95% CI 0.91 to 2.17) when patients on statin treatment were compared with referent stroke patients not on statins. Prognostic factors were, in general, more unfavorable among patients on statins. When this was adjusted for in a logistic regression model, the use of statins was a moderately strong but statistically nonsignificant predictor of discharge to home (multiple-adjusted odds ratio 1.42, 95% CI 0.90 to 2.22).",unverifiable,0.007011725101619959,0.005268296226859093,0.9877199530601501,low,0.0010536592453718185,low,typeform/distilbert-base-uncased-mnli
pqa_labeled_52_hallucinated_c1,hallucinated,hard,Misinterpretation of #Question#,Pretreatment with statins significantly improves neurological recovery,1,knowledge_52,0.3250001969268872,"In primary and secondary prevention trials, statins have been shown to reduce the risk of stroke. In addition to lipid lowering, statins have a number of antiatherothrombotic and neuroprotective properties. In a preliminary observational study, we explored whether clinical outcome is improved in patients who are on treatment with statins when stroke occurs. We conducted a population-based case-referent study of 25- to 74-year-old stroke patients with, for each case of a patient who was on statin treatment at the onset of stroke (n=125), 2 referent patients who were not treated with statins but were matched for age, gender, year of onset, and stroke subtype (n=250). The unadjusted odds ratio for early discharge to home (versus late discharge or death) was 1.41 (95% CI 0.91 to 2.17) when patients on statin treatment were compared with referent stroke patients not on statins. Prognostic factors were, in general, more unfavorable among patients on statins. When this was adjusted for in a logistic regression model, the use of statins was a moderately strong but statistically nonsignificant predictor of discharge to home (multiple-adjusted odds ratio 1.42, 95% CI 0.90 to 2.22).",contradicted,0.01871834509074688,0.601630687713623,0.3796510100364685,high,0.4211414813995361,moderate,typeform/distilbert-base-uncased-mnli
pqa_labeled_52_hallucinated_c2,hallucinated,hard,Misinterpretation of #Question#,reduces mortality rates in stroke patients.,1,knowledge_932,0.2323972517700065,"Previous studies have reported that the total bilirubin (TB) level is associated with coronary artery disease, heart failure and atrial fibrillation. These heart diseases can produce cardiogenic cerebral embolism and cause cardioembolic stroke. However, whether the serum TB could be a biomarker to differentiate cardioembolic stroke from other stroke subtypes is unclear. Our study consisted of 628 consecutive patients with ischaemic stroke. Various clinical and laboratory variables of the patients were analysed according to serum TB quartiles and stroke subtypes. The higher TB quartile group was associated with atrial fibrillation, larger left atrium diameter, lower left ventricular fractional shortening and cardioembolic stroke (P<0.001, P = 0.001, P = 0.033, P<0.001, respectively). Furthermore, serum TB was a statistically significant independent predictor of cardioembolic stroke in a multivariable setting (Continuous, per unit increase OR = 1.091, 95%CI: 1.023-1.164, P = 0.008).",supported,0.9188495874404907,0.006307991221547127,0.07484234869480133,high,0.0044155938550829886,low,typeform/distilbert-base-uncased-mnli
pqa_labeled_53_ground_truth_c1,not_hallucinated,hard,,Font influenced pregnant women's ratings of intervention complexity.,1,knowledge_53,0.3058347065530818,"To assess the extent to which the title and font of participant information sheets (PISs) can influence pregnant women's and trainee midwives' perceptions of an antenatal intervention. Pregnant women (n=35) and trainee midwives (n=36) were randomly presented with one of four PISs where the title and font of the PIS had been manipulated to create four experimental conditions (i.e., Double Fluent; Double Awkward; Fluent Title-Awkward Font; Awkward Title-Fluent Font). After reading the PIS, participants rated their perceptions of the intervention (i.e., Attractiveness, Complexity, Expected Risk, Required Effort) using five-point Likert scales. A 4×2 factorial multivariate analysis of variance revealed that pregnant women rated the Double Awkward condition as significantly more complex than the Double Fluent (p=.024) and Awkward Title-Fluent Font (p=.021) conditions.",supported,0.9324800968170166,0.006546887569129467,0.0609729178249836,high,0.0032734437845647335,low,typeform/distilbert-base-uncased-mnli
pqa_labeled_53_hallucinated_c1,hallucinated,hard,Misinterpretation of #Question#,The title of the participant information sheet significantly influenced pregnant women's ratings of the intervention's attractiveness,1,knowledge_53,0.2806116193647058,"To assess the extent to which the title and font of participant information sheets (PISs) can influence pregnant women's and trainee midwives' perceptions of an antenatal intervention. Pregnant women (n=35) and trainee midwives (n=36) were randomly presented with one of four PISs where the title and font of the PIS had been manipulated to create four experimental conditions (i.e., Double Fluent; Double Awkward; Fluent Title-Awkward Font; Awkward Title-Fluent Font). After reading the PIS, participants rated their perceptions of the intervention (i.e., Attractiveness, Complexity, Expected Risk, Required Effort) using five-point Likert scales. A 4×2 factorial multivariate analysis of variance revealed that pregnant women rated the Double Awkward condition as significantly more complex than the Double Fluent (p=.024) and Awkward Title-Fluent Font (p=.021) conditions.",supported,0.9898388385772705,0.0020313183777034283,0.00812978483736515,high,0.0014219228643923996,low,typeform/distilbert-base-uncased-mnli
pqa_labeled_54_ground_truth_c1,not_hallucinated,hard,,Isolated sternal fractures in childhood are often due to typical age-related traumatic incidents.,1,knowledge_54,0.3644052804482119,"Sternal fractures in childhood are rare. The aim of the study was to investigate the accident mechanism, the detection of radiological and sonographical criteria and consideration of associated injuries. In the period from January 2010 to December 2012 all inpatients and outpatients with sternal fractures were recorded according to the documentation. A total of 4 children aged 5-14 years with a sternal fracture were treated in 2 years, 2 children were hospitalized for pain management and 2 remained in outpatient care.",contradicted,0.0007431647391058505,0.9942145943641663,0.005042231176048517,low,0.19884291887283326,low,typeform/distilbert-base-uncased-mnli
pqa_labeled_54_ground_truth_c2,not_hallucinated,hard,,Ultrasonography is a useful diagnostic tool for fracture detection,1,knowledge_282,0.2133043643479954,"This study aims to evaluate the efficacy of closed reduction and the effects of timing and fracture types on patient satisfaction. Only patients with isolated nasal fractures were included in the study. Patients with additional maxillofacial fractures and patients whose application time to our clinic was more than 10 days after the trauma were excluded. Patients were classified into 5 types according to their fracture. All patients underwent closed reduction and external fixation under local anesthesia. Patients were asked about their satisfaction in a survey at 28th day and sixth month after the surgery. Patients were divided into groups according to fracture type and intervention time, and the results of the survey were evaluated. Of the 43 patients included in the study, 38 were male, 5 were female, and the average age was 24.9. The average intervention time of the patients was 5.44 days. Twenty-eight (65%) of 43 patients were satisfied with the result, whereas 15 (35%) patients were not happy with their operation. In a comparison of patient satisfaction rates according to fracture type, the mild fracture group had a higher satisfaction rate compared to the severe fracture group.",supported,0.9733670949935913,0.0050306860357522964,0.021602239459753036,low,0.0010061372071504594,low,typeform/distilbert-base-uncased-mnli
pqa_labeled_54_ground_truth_c3,not_hallucinated,hard,,radiography is the method of choice for visualization of the extent of the dislocation.,1,knowledge_208,0.1386079701516616,"The aim of this study was to assess the reproducibility of different measurement methods and define the most workable technique for measuring head and neck paragangliomas, to determine the best method for evaluating tumour growth. The evaluation of tumour growth is vital for a 'wait-and-scan' policy, a management strategy that became increasingly important. Method comparison study. Thirty tumours, including carotid body, vagal body, jugulotympanic tumours and conglomerates of multiple tumours, were measured in duplicate, using linear dimensions, manual area tracing and an automated segmentation method. Reproducibility was assessed using the Bland-Altman method. The smallest detectable difference using the linear dimension method was 11% for carotid body and 27% for vagal body tumours, compared with 17% and 20% for the manual area tracing method. Due to the irregular shape of paragangliomas in the temporal bone and conglomerates, the manual area tracing method showed better results in these tumours (26% and 8% versus 54% and 47%). The linear dimension method was significantly faster (median 4.27 versus 18.46 minutes, P<0.001). The automatic segmentation method yielded smallest detectable differences between 39% and 75%, and although fast (2.19 ± 1.49 minutes), it failed technically.",contradicted,0.003385638352483511,0.9947581887245178,0.001856101443991065,low,0.19895163774490357,low,typeform/distilbert-base-uncased-mnli
pqa_labeled_54_hallucinated_c1,hallucinated,hard,Misinterpretation of #Question#,Isolated sternal fractures in growing children are frequently caused by high-impact sports injuries.,1,knowledge_54,0.3902201770302799,"Sternal fractures in childhood are rare. The aim of the study was to investigate the accident mechanism, the detection of radiological and sonographical criteria and consideration of associated injuries. In the period from January 2010 to December 2012 all inpatients and outpatients with sternal fractures were recorded according to the documentation. A total of 4 children aged 5-14 years with a sternal fracture were treated in 2 years, 2 children were hospitalized for pain management and 2 remained in outpatient care.",unverifiable,9.701315138954669e-05,0.0019850300159305334,0.9979179501533508,low,0.0005558084044605493,low,typeform/distilbert-base-uncased-mnli
pqa_labeled_54_hallucinated_c2,hallucinated,hard,Misinterpretation of #Question#,"Radiography remains the preferred method for initial diagnosis, followed by MRI for assessing soft tissue damage.",1,knowledge_813,0.1321911085221123,"We investigated the actual role of MRI versus arthroscopy in the detection and characterization of occult bone and/or cartilage injuries in patients with previous musculoskeletal trauma of the knee, pain and severe functional impairment. Occult post-traumatic osteochondral injuries of the knee are trauma-related bone and/or cartilage damage missed at plain radiography. We retrospectively selected 70 patients (men:women = 7:3; age range: 35 +/- 7 years) with a history of acute musculoskeletal trauma, negative conventional radiographs, pain and limited joint movements. All patients were submitted to conventional radiography, arthroscopy and MRI, the latter with 0.5 T units and T1-weighted SE. T2-weighted GE and FIR sequences with fat suppression. We identified three types of occult post-traumatic injuries by morpho-topographic and signal intensity patterns: bone bruises (no. 25), subchondral (no. 33) and osteochondral (no. 35) injuries. Arthroscopy depicted 45 osteochondral and 19 chondral injuries. A bone bruise was defined as a typical subcortical area of signal loss, with various shapes, on T1-weighted images and of increased signal intensity on T2-weighted and FIR images. The cortical bone and articular cartilage were normal in all cases, while osteochondral injuries exhibited associated bone and cartilage damage with the same abnormal MR signal intensity. Sprain was the mechanism of injury in 52 cases, bruise in 12 and stress in 6. In 52 sprains (30 in valgus), the injury site was the lateral compartment in 92.3% of cases (100% in valgus), associated with meniscal damage in 73% of cases (90% in valgus) and with ligament injury in 90.4% (100% in valgus). In 12 bruises, the injury site was the lateral compartment in 58.3% of cases, the knee cap in 25% and the medial compartment in 16.7%; meniscal damage was associated in 25% of cases and ligament damage in 8.3%. In 6 stress injuries, the injury site was localized in the medial tibial condyle in 80% of cases, while meniscal and ligament tears were absent.",unverifiable,0.04369639977812767,0.25173717737197876,0.7045663595199585,high,0.17621602416038512,low,typeform/distilbert-base-uncased-mnli
pqa_labeled_55_ground_truth_c1,not_hallucinated,medium,,"In the present study, FT",1,knowledge_55,0.1556724363605718,"For women, the correlation between circulating androgens and sexual desire is inconclusive. Substitution with androgens at physiological levels improves sexual function in women who experience decreased sexual desire and androgen deficiency from surgical menopause, pituitary disease, and age-related decline in androgen production in the ovaries. Measuring bioactive testosterone is difficult and new methods have been proposed, including measuring the primary androgen metabolite androsterone glucuronide (ADT-G).AIM: The aim of this study was to investigate a possible correlation between serum levels of androgens and sexual desire in women and whether the level of ADT-G is better correlated than the level of circulating androgens with sexual desire. This was a cross-sectional study including 560 healthy women aged 19-65 years divided into three age groups. Correlations were considered to be statistically significant at P<0.05. Sexual desire was determined as the total score of the sexual desire domain of the Female Sexual Function Index. Total testosterone (TT), calculated free testosterone (FT), androstenedione, dehydroepiandrosterone sulfate (DHEAS), and ADT-G were analyzed using mass spectrometry. Sexual desire correlated overall with FT and androstenedione in the total cohort of women. In a subgroup of women aged 25-44 years with no use of systemic hormonal contraception, sexual desire correlated with TT, FT, androstenedione, and DHEAS. In women aged 45-65 years, androstenedione correlated with sexual desire. No correlations between ADT-G and sexual desire were identified.",contradicted,0.01908492110669613,0.9718772768974304,0.009037823416292667,low,0.19437545537948608,low,typeform/distilbert-base-uncased-mnli
pqa_labeled_55_ground_truth_c2,not_hallucinated,medium,,androstenedione were statistically significantly correlated with sexual desire in the total cohort of women.,1,knowledge_55,0.6847825119853321,"For women, the correlation between circulating androgens and sexual desire is inconclusive. Substitution with androgens at physiological levels improves sexual function in women who experience decreased sexual desire and androgen deficiency from surgical menopause, pituitary disease, and age-related decline in androgen production in the ovaries. Measuring bioactive testosterone is difficult and new methods have been proposed, including measuring the primary androgen metabolite androsterone glucuronide (ADT-G).AIM: The aim of this study was to investigate a possible correlation between serum levels of androgens and sexual desire in women and whether the level of ADT-G is better correlated than the level of circulating androgens with sexual desire. This was a cross-sectional study including 560 healthy women aged 19-65 years divided into three age groups. Correlations were considered to be statistically significant at P<0.05. Sexual desire was determined as the total score of the sexual desire domain of the Female Sexual Function Index. Total testosterone (TT), calculated free testosterone (FT), androstenedione, dehydroepiandrosterone sulfate (DHEAS), and ADT-G were analyzed using mass spectrometry. Sexual desire correlated overall with FT and androstenedione in the total cohort of women. In a subgroup of women aged 25-44 years with no use of systemic hormonal contraception, sexual desire correlated with TT, FT, androstenedione, and DHEAS. In women aged 45-65 years, androstenedione correlated with sexual desire. No correlations between ADT-G and sexual desire were identified.",contradicted,0.0843021497130394,0.9011087417602539,0.014589116908609867,low,0.1802217483520508,low,typeform/distilbert-base-uncased-mnli
pqa_labeled_55_ground_truth_c3,not_hallucinated,medium,,ADT-G did not correlate more strongly than circulating androgens with sexual desire,1,knowledge_55,0.6089893985904188,"For women, the correlation between circulating androgens and sexual desire is inconclusive. Substitution with androgens at physiological levels improves sexual function in women who experience decreased sexual desire and androgen deficiency from surgical menopause, pituitary disease, and age-related decline in androgen production in the ovaries. Measuring bioactive testosterone is difficult and new methods have been proposed, including measuring the primary androgen metabolite androsterone glucuronide (ADT-G).AIM: The aim of this study was to investigate a possible correlation between serum levels of androgens and sexual desire in women and whether the level of ADT-G is better correlated than the level of circulating androgens with sexual desire. This was a cross-sectional study including 560 healthy women aged 19-65 years divided into three age groups. Correlations were considered to be statistically significant at P<0.05. Sexual desire was determined as the total score of the sexual desire domain of the Female Sexual Function Index. Total testosterone (TT), calculated free testosterone (FT), androstenedione, dehydroepiandrosterone sulfate (DHEAS), and ADT-G were analyzed using mass spectrometry. Sexual desire correlated overall with FT and androstenedione in the total cohort of women. In a subgroup of women aged 25-44 years with no use of systemic hormonal contraception, sexual desire correlated with TT, FT, androstenedione, and DHEAS. In women aged 45-65 years, androstenedione correlated with sexual desire. No correlations between ADT-G and sexual desire were identified.",supported,0.613770067691803,0.34605544805526733,0.04017440974712372,low,0.06921108961105348,low,typeform/distilbert-base-uncased-mnli
pqa_labeled_55_ground_truth_c4,not_hallucinated,medium,,not superior to measuring circulating androgens by mass spectrometry.,1,knowledge_55,0.225425320902255,"For women, the correlation between circulating androgens and sexual desire is inconclusive. Substitution with androgens at physiological levels improves sexual function in women who experience decreased sexual desire and androgen deficiency from surgical menopause, pituitary disease, and age-related decline in androgen production in the ovaries. Measuring bioactive testosterone is difficult and new methods have been proposed, including measuring the primary androgen metabolite androsterone glucuronide (ADT-G).AIM: The aim of this study was to investigate a possible correlation between serum levels of androgens and sexual desire in women and whether the level of ADT-G is better correlated than the level of circulating androgens with sexual desire. This was a cross-sectional study including 560 healthy women aged 19-65 years divided into three age groups. Correlations were considered to be statistically significant at P<0.05. Sexual desire was determined as the total score of the sexual desire domain of the Female Sexual Function Index. Total testosterone (TT), calculated free testosterone (FT), androstenedione, dehydroepiandrosterone sulfate (DHEAS), and ADT-G were analyzed using mass spectrometry. Sexual desire correlated overall with FT and androstenedione in the total cohort of women. In a subgroup of women aged 25-44 years with no use of systemic hormonal contraception, sexual desire correlated with TT, FT, androstenedione, and DHEAS. In women aged 45-65 years, androstenedione correlated with sexual desire. No correlations between ADT-G and sexual desire were identified.",contradicted,0.29240381717681885,0.6690971255302429,0.03849903121590614,low,0.13381942510604858,low,typeform/distilbert-base-uncased-mnli
pqa_labeled_55_hallucinated_c1,hallucinated,medium,Incomplete Information,"Serum levels of dehydroepiandrosterone sulfate (DHEAS) were found to be the most significant predictor of sexual desire in women across all age groups, surpassing other androgens like testosterone",1,knowledge_55,0.5644103894263446,"For women, the correlation between circulating androgens and sexual desire is inconclusive. Substitution with androgens at physiological levels improves sexual function in women who experience decreased sexual desire and androgen deficiency from surgical menopause, pituitary disease, and age-related decline in androgen production in the ovaries. Measuring bioactive testosterone is difficult and new methods have been proposed, including measuring the primary androgen metabolite androsterone glucuronide (ADT-G).AIM: The aim of this study was to investigate a possible correlation between serum levels of androgens and sexual desire in women and whether the level of ADT-G is better correlated than the level of circulating androgens with sexual desire. This was a cross-sectional study including 560 healthy women aged 19-65 years divided into three age groups. Correlations were considered to be statistically significant at P<0.05. Sexual desire was determined as the total score of the sexual desire domain of the Female Sexual Function Index. Total testosterone (TT), calculated free testosterone (FT), androstenedione, dehydroepiandrosterone sulfate (DHEAS), and ADT-G were analyzed using mass spectrometry. Sexual desire correlated overall with FT and androstenedione in the total cohort of women. In a subgroup of women aged 25-44 years with no use of systemic hormonal contraception, sexual desire correlated with TT, FT, androstenedione, and DHEAS. In women aged 45-65 years, androstenedione correlated with sexual desire. No correlations between ADT-G and sexual desire were identified.",contradicted,0.0002382555539952591,0.9989450573921204,0.0008167618652805686,medium,0.3845938470959664,moderate,typeform/distilbert-base-uncased-mnli
pqa_labeled_56_ground_truth_c1,not_hallucinated,hard,,"We found no evidence that IBR compromised the delivery of adjuvant chemotherapy,",1,knowledge_56,0.6301823193056344,"Immediate breast reconstruction (IBR) provides psychological benefit to many early breast cancer patients however concerns persist regarding its potential impact on chemotherapy delivery. We investigated the association between IBR, complications and adjuvant chemotherapy delivery. Retrospective analysis of patients in an academic breast service, who underwent mastectomy, with or without reconstruction, and received adjuvant chemotherapy. Comparisons were made between 107 patients who received IBR and 113 who received mastectomy alone. Those receiving IBR were on average younger, with lower body mass index (BMI) and better prognoses. Overall complication rates were comparable (mastectomy alone: 45.1% versus IBR: 35.5%, p = 0.2). There was more return to surgery in the IBR group with 11.5% of tissue expanders requiring removal, whilst more seromas occurred in the mastectomy group. There was no significant difference in the median time to chemotherapy.",contradicted,0.0010069016134366393,0.8811904788017273,0.1178026795387268,low,0.17623809576034546,low,typeform/distilbert-base-uncased-mnli
pqa_labeled_56_ground_truth_c2,not_hallucinated,hard,,there was a significant incidence of implant infection.,1,knowledge_478,0.23981106934181,"Retention treatment is reportedly associated with lower infection control rates than two-stage revision. However, the studies on which this presumption are based depend on comparisons of historical rather than concurrent controls.QUESTIONS/ We (1) asked whether the infection control rates, number of additional procedures, length of hospital stay, and treatment duration differed between implant retention and two-stage revision treatment; and (2) identified risk factors that can contribute to failure of infection control. We reviewed the records of 60 patients treated for 64 infected TKA from 2002 to 2007. Twenty-eight patients (32 knees) underwent débridement with retention of component, and 32 patients (32 knees) were treated with component removal and two-stage revision surgery. We determined patients' demographics, type of infection, causative organisms, and outcome of treatment. Mean followup was 36 months (range, 12-84 months). Infection control rate was 31% in retention and 59% in the removal group after initial surgical treatment, and 81% and 91% at latest followup, respectively. Treatment duration was shorter in the retention group and there was no difference in number of additional surgeries and length of hospital stay. Type of treatment (retention versus removal) was the only factor associated with infection control; subgroup analysis in the retention group showed Staphylococcus aureus infection and polyethylene nonexchange as contributing factors for failure of infection control.",contradicted,0.0009345684666186571,0.9940071105957031,0.005058323498815298,low,0.19880142211914065,low,typeform/distilbert-base-uncased-mnli
pqa_labeled_56_hallucinated_c1,hallucinated,hard,Methodological and Evidence Fabrication,Immediate breast reconstruction (IBR) can lead to delays in the delivery of adjuvant chemotherapy due to increased risk of surgical site infections (SSIs).,1,knowledge_56,0.5161147716761768,"Immediate breast reconstruction (IBR) provides psychological benefit to many early breast cancer patients however concerns persist regarding its potential impact on chemotherapy delivery. We investigated the association between IBR, complications and adjuvant chemotherapy delivery. Retrospective analysis of patients in an academic breast service, who underwent mastectomy, with or without reconstruction, and received adjuvant chemotherapy. Comparisons were made between 107 patients who received IBR and 113 who received mastectomy alone. Those receiving IBR were on average younger, with lower body mass index (BMI) and better prognoses. Overall complication rates were comparable (mastectomy alone: 45.1% versus IBR: 35.5%, p = 0.2). There was more return to surgery in the IBR group with 11.5% of tissue expanders requiring removal, whilst more seromas occurred in the mastectomy group. There was no significant difference in the median time to chemotherapy.",unverifiable,0.00048306622193194926,0.0017879402730613947,0.9977291226387024,medium,0.0011264023720286786,low,typeform/distilbert-base-uncased-mnli
pqa_labeled_56_hallucinated_c2,hallucinated,hard,Methodological and Evidence Fabrication,A retrospective study by Dr.,1,knowledge_397,0.1223820038107549,"A retrospective analysis of a contemporary series of patients with pituitary apoplexy was performed to ascertain whether the histopathological features influence the clinical presentation or the outcome. A retrospective analysis was performed in 59 patients treated for pituitary apoplexy at the University of Virginia Health System, Charlottesville, Virginia, or Groote Schuur Hospital, University of Cape Town, South Africa. The patients were divided into two groups according to the histological features of their disease: one group with infarction alone, comprising 22 patients; and the other with hemorrhagic infarction and/or frank hemorrhage, comprising 37 patients. The presenting symptoms, clinical features, endocrinological status, and outcome were compared between the two groups.",supported,0.9829089641571045,0.002859567292034626,0.014231431297957897,low,0.0010294442251324654,low,typeform/distilbert-base-uncased-mnli
pqa_labeled_56_hallucinated_c3,hallucinated,hard,Methodological and Evidence Fabrication,colleagues published in the Journal of Plastic,1,knowledge_507,0.0991202263588589,"To examine the evidence base of sports medicine research and assess how relevant and applicable it is to everyday practice. Original research articles, short reports, and case reports published in four major sport and exercise medicine journals were studied and classified according to the main topic of study and type of subjects used. The most common topic was sports science, and very few studies related to the treatment of injuries and medical conditions. The majority of published articles used healthy subjects sampled from the sedentary population, and few studies have been carried out on injured participants.",unverifiable,0.0004939190112054348,0.001765551045536995,0.9977405071258545,low,0.0006355983763933182,low,typeform/distilbert-base-uncased-mnli
pqa_labeled_56_hallucinated_c4,hallucinated,hard,Methodological and Evidence Fabrication,"Reconstructive Surgery in 2019, analyzed data from 220 patients (110 in the IBR group",1,knowledge_56,0.3408018067034094,"Immediate breast reconstruction (IBR) provides psychological benefit to many early breast cancer patients however concerns persist regarding its potential impact on chemotherapy delivery. We investigated the association between IBR, complications and adjuvant chemotherapy delivery. Retrospective analysis of patients in an academic breast service, who underwent mastectomy, with or without reconstruction, and received adjuvant chemotherapy. Comparisons were made between 107 patients who received IBR and 113 who received mastectomy alone. Those receiving IBR were on average younger, with lower body mass index (BMI) and better prognoses. Overall complication rates were comparable (mastectomy alone: 45.1% versus IBR: 35.5%, p = 0.2). There was more return to surgery in the IBR group with 11.5% of tissue expanders requiring removal, whilst more seromas occurred in the mastectomy group. There was no significant difference in the median time to chemotherapy.",unverifiable,0.00046518788440153003,0.0015042664017528296,0.9980304837226868,low,0.0005415359046310186,low,typeform/distilbert-base-uncased-mnli
pqa_labeled_56_hallucinated_c5,hallucinated,hard,Methodological and Evidence Fabrication,"110 in the mastectomy alone group), highlighting that SSIs in the IBR group were significantly higher, leading to delayed chemotherapy initiation.",1,knowledge_56,0.4903450901016281,"Immediate breast reconstruction (IBR) provides psychological benefit to many early breast cancer patients however concerns persist regarding its potential impact on chemotherapy delivery. We investigated the association between IBR, complications and adjuvant chemotherapy delivery. Retrospective analysis of patients in an academic breast service, who underwent mastectomy, with or without reconstruction, and received adjuvant chemotherapy. Comparisons were made between 107 patients who received IBR and 113 who received mastectomy alone. Those receiving IBR were on average younger, with lower body mass index (BMI) and better prognoses. Overall complication rates were comparable (mastectomy alone: 45.1% versus IBR: 35.5%, p = 0.2). There was more return to surgery in the IBR group with 11.5% of tissue expanders requiring removal, whilst more seromas occurred in the mastectomy group. There was no significant difference in the median time to chemotherapy.",unverifiable,0.0005102726863697171,0.0016467822715640068,0.9978429079055786,low,0.0005928416177630425,low,typeform/distilbert-base-uncased-mnli
pqa_labeled_57_ground_truth_c1,not_hallucinated,medium,,The low presence of HPV DNA in pterygia does not support the hypothesis that HPV is involved in the development of pterygia in Denmark.,1,knowledge_57,0.6797331256146208,"Pterygium is a disease of unknown origin and pathogenesis that might be vision threatening. It is characterised by a wing-like conjunctival overgrowth of the cornea. Several studies have investigated human papillomavirus (HPV) as a risk factor for the development of pterygia, but the results are inconclusive.AIM: To investigate a large sample of pterygia for the presence of HPV in order to clarify the putative association between pterygia and HPV. 100 specimens of pterygium from Danish patients and 20 normal conjunctival biopsy specimens were investigated for the presence of HPV with PCR technique using beta-globin primers to access the quality of the extracted DNA and the HPV primers MY09/11 and GP5+/6+. HPV-positive specimens underwent subsequent HPV typing with type-specific HPV primers and further investigation with DNA in situ hybridisation (ISH). 90 of 100 investigated pterygia proved suitable for HPV analysis by PCR. As beta-globin could not be amplified, 10 specimens were excluded from the study. 4 of 90 pterygia harboured HPV. HPV type 6 was identified in all four HPV-positive pterygia. The 20 normal conjunctival biopsy specimens were beta-globin positive and HPV negative. All four pterygia that were HPV type 6 positive were DNA ISH negative.",contradicted,0.033161912113428116,0.9376758933067322,0.02916215918958187,low,0.18753517866134645,low,typeform/distilbert-base-uncased-mnli
pqa_labeled_57_hallucinated_c1,hallucinated,medium,Misinterpretation of #Question#,"Human papillomavirus (HPV) significantly increases the risk of developing pterygium, particularly HPV type 6.",1,knowledge_57,0.5668564087468387,"Pterygium is a disease of unknown origin and pathogenesis that might be vision threatening. It is characterised by a wing-like conjunctival overgrowth of the cornea. Several studies have investigated human papillomavirus (HPV) as a risk factor for the development of pterygia, but the results are inconclusive.AIM: To investigate a large sample of pterygia for the presence of HPV in order to clarify the putative association between pterygia and HPV. 100 specimens of pterygium from Danish patients and 20 normal conjunctival biopsy specimens were investigated for the presence of HPV with PCR technique using beta-globin primers to access the quality of the extracted DNA and the HPV primers MY09/11 and GP5+/6+. HPV-positive specimens underwent subsequent HPV typing with type-specific HPV primers and further investigation with DNA in situ hybridisation (ISH). 90 of 100 investigated pterygia proved suitable for HPV analysis by PCR. As beta-globin could not be amplified, 10 specimens were excluded from the study. 4 of 90 pterygia harboured HPV. HPV type 6 was identified in all four HPV-positive pterygia. The 20 normal conjunctival biopsy specimens were beta-globin positive and HPV negative. All four pterygia that were HPV type 6 positive were DNA ISH negative.",contradicted,0.0004732180095743388,0.9660679697990417,0.03345873951911926,medium,0.47337330520153037,moderate,typeform/distilbert-base-uncased-mnli
pqa_labeled_58_ground_truth_c1,not_hallucinated,hard,,"The ANN with its intrinsic ability to detect non-linear correlation,",1,knowledge_58,0.2306686267278805,"PRISM is claimed to score disease severity which has attributed an impact on length of PICU stay (LOS). To determine the impact of PRISM on LOS, and evaluate an Artificial Neural Network's (ANN) performance to estimate LOS from PRISM item patterns. Retrospectively we performed correlation and regression analyses on routinely scored PRISM data of all consecutive admissions to our level-III PICU from 1994 to 1999 (n>2000) with individual LOS. In addition, an ANN was trained on the chronologically first 75% of those data (inputs, PRISM items + age + sex; output, LOS). The ANN's performance was tested on the remaining most recent 25% of the data sets. The Spearman and Pearson coefficients of correlation between PRISM and LOS were 0.2 (p<0.001) and 0.08 (p = 0.0003), the latter being slightly higher when LOS was logarithmically transformed. Pearson's coefficient of correlation between ANN derived LOS estimate and actual LOS was 0.21 (p<0.001) (LOS logarithmically transformed: 0.34; p<0.001) in the independent validation sample.",unverifiable,0.10547062009572983,0.018101850524544716,0.8764275312423706,low,0.0036203701049089434,low,typeform/distilbert-base-uncased-mnli
pqa_labeled_58_ground_truth_c2,not_hallucinated,hard,,"to relate specific item patterns to LOS, outperformed linear statistics",1,knowledge_58,0.3007419351331539,"PRISM is claimed to score disease severity which has attributed an impact on length of PICU stay (LOS). To determine the impact of PRISM on LOS, and evaluate an Artificial Neural Network's (ANN) performance to estimate LOS from PRISM item patterns. Retrospectively we performed correlation and regression analyses on routinely scored PRISM data of all consecutive admissions to our level-III PICU from 1994 to 1999 (n>2000) with individual LOS. In addition, an ANN was trained on the chronologically first 75% of those data (inputs, PRISM items + age + sex; output, LOS). The ANN's performance was tested on the remaining most recent 25% of the data sets. The Spearman and Pearson coefficients of correlation between PRISM and LOS were 0.2 (p<0.001) and 0.08 (p = 0.0003), the latter being slightly higher when LOS was logarithmically transformed. Pearson's coefficient of correlation between ANN derived LOS estimate and actual LOS was 0.21 (p<0.001) (LOS logarithmically transformed: 0.34; p<0.001) in the independent validation sample.",unverifiable,0.03620658442378044,0.02373708039522171,0.9400563836097717,low,0.004747416079044342,low,typeform/distilbert-base-uncased-mnli
pqa_labeled_58_ground_truth_c3,not_hallucinated,hard,,was still disappointing in estimating individual LOS.,1,knowledge_58,0.4007591022843789,"PRISM is claimed to score disease severity which has attributed an impact on length of PICU stay (LOS). To determine the impact of PRISM on LOS, and evaluate an Artificial Neural Network's (ANN) performance to estimate LOS from PRISM item patterns. Retrospectively we performed correlation and regression analyses on routinely scored PRISM data of all consecutive admissions to our level-III PICU from 1994 to 1999 (n>2000) with individual LOS. In addition, an ANN was trained on the chronologically first 75% of those data (inputs, PRISM items + age + sex; output, LOS). The ANN's performance was tested on the remaining most recent 25% of the data sets. The Spearman and Pearson coefficients of correlation between PRISM and LOS were 0.2 (p<0.001) and 0.08 (p = 0.0003), the latter being slightly higher when LOS was logarithmically transformed. Pearson's coefficient of correlation between ANN derived LOS estimate and actual LOS was 0.21 (p<0.001) (LOS logarithmically transformed: 0.34; p<0.001) in the independent validation sample.",unverifiable,0.01723061315715313,0.08160953968763351,0.9011598825454712,low,0.016321907937526702,low,typeform/distilbert-base-uncased-mnli
pqa_labeled_58_ground_truth_c4,not_hallucinated,hard,,"It might be speculated that therapeutic intervention modulates the natural course of the disease thus counteracting both disease severity as initially scored by PRISM,",1,knowledge_58,0.2431440243044645,"PRISM is claimed to score disease severity which has attributed an impact on length of PICU stay (LOS). To determine the impact of PRISM on LOS, and evaluate an Artificial Neural Network's (ANN) performance to estimate LOS from PRISM item patterns. Retrospectively we performed correlation and regression analyses on routinely scored PRISM data of all consecutive admissions to our level-III PICU from 1994 to 1999 (n>2000) with individual LOS. In addition, an ANN was trained on the chronologically first 75% of those data (inputs, PRISM items + age + sex; output, LOS). The ANN's performance was tested on the remaining most recent 25% of the data sets. The Spearman and Pearson coefficients of correlation between PRISM and LOS were 0.2 (p<0.001) and 0.08 (p = 0.0003), the latter being slightly higher when LOS was logarithmically transformed. Pearson's coefficient of correlation between ANN derived LOS estimate and actual LOS was 0.21 (p<0.001) (LOS logarithmically transformed: 0.34; p<0.001) in the independent validation sample.",unverifiable,0.005272360984236002,0.008670998737215996,0.9860566854476929,low,0.0017341997474431992,low,typeform/distilbert-base-uncased-mnli
pqa_labeled_58_ground_truth_c5,not_hallucinated,hard,,"This being true, the inverse of the correlation between PRISM (or PRISM based LOS estimate)",1,knowledge_58,0.598804811407873,"PRISM is claimed to score disease severity which has attributed an impact on length of PICU stay (LOS). To determine the impact of PRISM on LOS, and evaluate an Artificial Neural Network's (ANN) performance to estimate LOS from PRISM item patterns. Retrospectively we performed correlation and regression analyses on routinely scored PRISM data of all consecutive admissions to our level-III PICU from 1994 to 1999 (n>2000) with individual LOS. In addition, an ANN was trained on the chronologically first 75% of those data (inputs, PRISM items + age + sex; output, LOS). The ANN's performance was tested on the remaining most recent 25% of the data sets. The Spearman and Pearson coefficients of correlation between PRISM and LOS were 0.2 (p<0.001) and 0.08 (p = 0.0003), the latter being slightly higher when LOS was logarithmically transformed. Pearson's coefficient of correlation between ANN derived LOS estimate and actual LOS was 0.21 (p<0.001) (LOS logarithmically transformed: 0.34; p<0.001) in the independent validation sample.",unverifiable,0.0027945679612457752,0.006528235971927643,0.9906772375106812,low,0.0013056471943855286,low,typeform/distilbert-base-uncased-mnli
pqa_labeled_58_ground_truth_c6,not_hallucinated,hard,,LOS might be a candidate indicator of quality of care.,1,knowledge_58,0.2989046130528999,"PRISM is claimed to score disease severity which has attributed an impact on length of PICU stay (LOS). To determine the impact of PRISM on LOS, and evaluate an Artificial Neural Network's (ANN) performance to estimate LOS from PRISM item patterns. Retrospectively we performed correlation and regression analyses on routinely scored PRISM data of all consecutive admissions to our level-III PICU from 1994 to 1999 (n>2000) with individual LOS. In addition, an ANN was trained on the chronologically first 75% of those data (inputs, PRISM items + age + sex; output, LOS). The ANN's performance was tested on the remaining most recent 25% of the data sets. The Spearman and Pearson coefficients of correlation between PRISM and LOS were 0.2 (p<0.001) and 0.08 (p = 0.0003), the latter being slightly higher when LOS was logarithmically transformed. Pearson's coefficient of correlation between ANN derived LOS estimate and actual LOS was 0.21 (p<0.001) (LOS logarithmically transformed: 0.34; p<0.001) in the independent validation sample.",unverifiable,0.005971747916191816,0.00831369124352932,0.9857144951820374,low,0.001662738248705864,low,typeform/distilbert-base-uncased-mnli
pqa_labeled_58_hallucinated_c1,hallucinated,hard,Misinterpretation of #Question#,"PRISM scores have a moderate predictive power for length of PICU stay, with a study indicating a correlation coefficient of 0.42.",1,knowledge_58,0.298495426489711,"PRISM is claimed to score disease severity which has attributed an impact on length of PICU stay (LOS). To determine the impact of PRISM on LOS, and evaluate an Artificial Neural Network's (ANN) performance to estimate LOS from PRISM item patterns. Retrospectively we performed correlation and regression analyses on routinely scored PRISM data of all consecutive admissions to our level-III PICU from 1994 to 1999 (n>2000) with individual LOS. In addition, an ANN was trained on the chronologically first 75% of those data (inputs, PRISM items + age + sex; output, LOS). The ANN's performance was tested on the remaining most recent 25% of the data sets. The Spearman and Pearson coefficients of correlation between PRISM and LOS were 0.2 (p<0.001) and 0.08 (p = 0.0003), the latter being slightly higher when LOS was logarithmically transformed. Pearson's coefficient of correlation between ANN derived LOS estimate and actual LOS was 0.21 (p<0.001) (LOS logarithmically transformed: 0.34; p<0.001) in the independent validation sample.",unverifiable,0.01800687611103058,0.050435032695531845,0.9315580129623413,low,0.014121809154748916,low,typeform/distilbert-base-uncased-mnli
pqa_labeled_58_hallucinated_c2,hallucinated,hard,Misinterpretation of #Question#,This suggests that,1,knowledge_330,0.1287891596263753,"The robust relationship between socioeconomic factors and health suggests that social and economic policies might substantially affect health, while other evidence suggests that medical care, the main focus of current health policy, may not be the primary determinant of population health. Income support policies are one promising avenue to improve population health. This study examines whether the federal cash transfer program to poor elderly, the Supplemental Security Income (SSI) program, affects old-age disability. This study uses the 1990 and 2000 censuses, employing state and year fixed-effect models, to test whether within-state changes in maximum SSI benefits over time lead to changes in disability among people aged sixty-five and older. Higher benefits are linked to lower disability rates. Among all single elderly individuals, 30 percent have mobility limitations, and an increase of $100 per month in the maximum SSI benefit caused the rate of mobility limitations to fall by 0.46 percentage points. The findings were robust to sensitivity analyses. First, analyses limited to those most likely to receive SSI produced larger effects, but analyses limited to those least likely to receive SSI produced no measurable effect. Second, varying the disability measure did not meaningfully alter the findings. Third, excluding the institutionalized, immigrants, individuals living in states with exceptionally large benefit changes, and individuals living in states with no SSI supplements did not change the substantive conclusions. Fourth, Medicaid did not confound the effects. Finally, these results were robust for married individuals.",unverifiable,0.0021478512790054083,0.002230507554486394,0.9956216216087341,low,0.0006245421152561903,low,typeform/distilbert-base-uncased-mnli
pqa_labeled_58_hallucinated_c3,hallucinated,hard,Misinterpretation of #Question#,"PRISM scores are useful for assessing the severity of illness, they do not offer precise estimates of the duration of hospitalization.",1,knowledge_58,0.1855628564648375,"PRISM is claimed to score disease severity which has attributed an impact on length of PICU stay (LOS). To determine the impact of PRISM on LOS, and evaluate an Artificial Neural Network's (ANN) performance to estimate LOS from PRISM item patterns. Retrospectively we performed correlation and regression analyses on routinely scored PRISM data of all consecutive admissions to our level-III PICU from 1994 to 1999 (n>2000) with individual LOS. In addition, an ANN was trained on the chronologically first 75% of those data (inputs, PRISM items + age + sex; output, LOS). The ANN's performance was tested on the remaining most recent 25% of the data sets. The Spearman and Pearson coefficients of correlation between PRISM and LOS were 0.2 (p<0.001) and 0.08 (p = 0.0003), the latter being slightly higher when LOS was logarithmically transformed. Pearson's coefficient of correlation between ANN derived LOS estimate and actual LOS was 0.21 (p<0.001) (LOS logarithmically transformed: 0.34; p<0.001) in the independent validation sample.",unverifiable,0.07643762230873108,0.015558263286948204,0.908004105091095,low,0.004356313720345497,low,typeform/distilbert-base-uncased-mnli
pqa_labeled_59_ground_truth_c1,not_hallucinated,hard,,TAVI can be performed safely without balloon predilatation,1,knowledge_59,0.7171430127426109,The use of a balloon expandable stent valve includes balloon predilatation of the aortic stenosis before valve deployment. The aim of the study was to see whether or not balloon predilatation is necessary in transcatheter aortic valve replacement (TAVI). Sixty consecutive TAVI patients were randomized to the standard procedure or to a protocol where balloon predilatation was omitted. There were no significant differences between the groups regarding early hemodynamic results or complication rates.,unverifiable,0.007092621643096209,0.24064220488071442,0.7522651553153992,low,0.04812844097614288,low,typeform/distilbert-base-uncased-mnli
pqa_labeled_59_ground_truth_c2,not_hallucinated,hard,,with the same early results as achieved with the standard procedure including balloon predilatation.,1,knowledge_59,0.5729768171812794,The use of a balloon expandable stent valve includes balloon predilatation of the aortic stenosis before valve deployment. The aim of the study was to see whether or not balloon predilatation is necessary in transcatheter aortic valve replacement (TAVI). Sixty consecutive TAVI patients were randomized to the standard procedure or to a protocol where balloon predilatation was omitted. There were no significant differences between the groups regarding early hemodynamic results or complication rates.,contradicted,0.0033087788615375757,0.8053329586982727,0.1913582980632782,low,0.16106659173965454,low,typeform/distilbert-base-uncased-mnli
pqa_labeled_59_ground_truth_c3,not_hallucinated,hard,,The reduction in the number of pacing periods required may be beneficial for the patient.,1,knowledge_427,0.1038133494376806,"To examine the effect of a weekend hospitalization on the timing and incidence of intensive cardiac procedures, and on subsequent expenditures, mortality and readmission rates for Medicare patients hospitalized with acute myocardial infarction (AMI). The primary data are longitudinal, administrative claims for 922,074 elderly, non-rural, fee-for-service Medicare beneficiaries hospitalized with AMI from 1989 to 1998. Annual patient-level cohorts provide information on ex ante health status, procedure use, expenditures, and health outcomes. The patient is the primary unit of analysis. I use ordinary least squares regression to estimate the effect of weekend hospitalization on rates of cardiac catheterization, angioplasty, and bypass surgery (in various time periods subsequent to the initial hospitalization), 1-year expenditures and rates of adverse health outcomes in various periods following the AMI admission. Weekend AMI patients are significantly less likely to receive immediate intensive cardiac procedures, and experience significantly higher rates of adverse health outcomes. Weekend admission leads to a 3.47 percentage point reduction in catheterization at 1 day, a 1.52 point reduction in angioplasty, and a 0.35 point reduction in by-pass surgery (p<.001 in all cases). The primary effect is delayed treatment, as weekend-weekday procedure differentials narrow over time from the initial hospitalization. Weekend patients experience a 0.38 percentage point (p<.001) increase in 1-year mortality and a 0.20 point (p<.001) increase in 1-year readmission with congestive heart failure.",unverifiable,0.03639150783419609,0.015108644962310791,0.9484999179840088,low,0.0030217289924621585,low,typeform/distilbert-base-uncased-mnli
pqa_labeled_59_hallucinated_c1,hallucinated,hard,Misinterpretation of #Question#,Omitting balloon predilatation in TAVI significantly increases the risk of paravalvular leaks,1,knowledge_59,0.5837749079718118,The use of a balloon expandable stent valve includes balloon predilatation of the aortic stenosis before valve deployment. The aim of the study was to see whether or not balloon predilatation is necessary in transcatheter aortic valve replacement (TAVI). Sixty consecutive TAVI patients were randomized to the standard procedure or to a protocol where balloon predilatation was omitted. There were no significant differences between the groups regarding early hemodynamic results or complication rates.,unverifiable,6.572333222720772e-05,0.0008019112865440547,0.9991323351860046,medium,0.0003929365304065868,low,typeform/distilbert-base-uncased-mnli
pqa_labeled_59_hallucinated_c2,hallucinated,hard,Misinterpretation of #Question#,post-procedural hemodynamic instability.,1,knowledge_923,0.099819782119231,"To evaluate the outcome of a new modification of percutaneous needle suspension, using a bone anchor system for fixing the suture at the public bone, and to compare the results with those published previously. From March 1996, 37 patients with stress urinary incontinence (>2 years) were treated using a bone anchor system. On each side the suture was attached to the pubocervical fascia and the vaginal wall via a broad 'Z'-stitch. A urodynamic investigation performed preoperatively in all patients confirmed stress incontinence and excluded detrusor instability. The outcome was assessed by either by a clinical follow-up investigation or using a standardized questionnaire, over a mean follow-up of 11 months (range 6-18). In the 37 patients, the procedure was successful in 25 (68%), with 16 (43%) of the patients completely dry and nine (24%) significantly improved. Removal of the bone anchor and suture was necessary in two patients, because of unilateral bacterial infection in one and a bilateral soft tissue granuloma in the other. One bone anchor became dislocated in a third patient. In two cases where the treatment failed, new detrusor instability was documented urodynamically. Minor complications were prolonged wound pain in 10 (26%) and transient urinary retention or residual urine in 12 patients (32%).",contradicted,0.00016093555314000696,0.9992812275886536,0.0005578929558396339,low,0.279798743724823,low,typeform/distilbert-base-uncased-mnli
pqa_labeled_60_ground_truth_c1,not_hallucinated,medium,,Pediatricians should be alert to the earliest manifestations of AEA.,1,knowledge_60,0.3854207607360029,"Voluntary asphyxiation among children, preteens, and adolescents by hanging or other means of inducing hypoxia/anoxia to enhance sexual excitement is not uncommon and can lead to unintended death. This study addresses autoerotic asphyxiation (AEA) with the intent of increasing pediatricians' knowledge of the syndrome and awareness of its typical onset among young patients. AEA is characteristically a clandestine and elusive practice. Provided with relevant information, pediatricians can identify the syndrome, demonstrate a willingness to discuss concerns about it, ameliorate distress, and possibly prevent a tragedy. A retrospective study was undertaken of published cases both fatal and nonfatal and included personal communications, referenced citations, clinical experience, and theoretical formulations as to causation. Characteristic AEA manifestations, prevalence, age range, methods of inducing hypoxia/anoxia, and gender weighting are presented. All sources were used as a basis for additional considerations of etiology and possibilities for intervention. AEA can be conceptualized as a personalized, ritualized, and symbolic biopsychosocial drama. It seems to be a reenactment of intense emotional feeling-states involving an identification and sadomasochistic relationship with a female figure. Inept AEA practitioners can miscalculate the peril of the situation that they have contrived and for numerous reasons lose their gamble with death.",supported,0.9976715445518494,0.00010630421456880867,0.002222177805379033,low,2.1260842913761735e-05,low,typeform/distilbert-base-uncased-mnli
pqa_labeled_60_ground_truth_c2,not_hallucinated,medium,,"Awareness of choking games among the young and, of those, a subset who eventually progress to potentially fatal AEA is strongly encouraged among all primary care professionals who may be able to interrupt the behavior.",1,knowledge_60,0.209246952283352,"Voluntary asphyxiation among children, preteens, and adolescents by hanging or other means of inducing hypoxia/anoxia to enhance sexual excitement is not uncommon and can lead to unintended death. This study addresses autoerotic asphyxiation (AEA) with the intent of increasing pediatricians' knowledge of the syndrome and awareness of its typical onset among young patients. AEA is characteristically a clandestine and elusive practice. Provided with relevant information, pediatricians can identify the syndrome, demonstrate a willingness to discuss concerns about it, ameliorate distress, and possibly prevent a tragedy. A retrospective study was undertaken of published cases both fatal and nonfatal and included personal communications, referenced citations, clinical experience, and theoretical formulations as to causation. Characteristic AEA manifestations, prevalence, age range, methods of inducing hypoxia/anoxia, and gender weighting are presented. All sources were used as a basis for additional considerations of etiology and possibilities for intervention. AEA can be conceptualized as a personalized, ritualized, and symbolic biopsychosocial drama. It seems to be a reenactment of intense emotional feeling-states involving an identification and sadomasochistic relationship with a female figure. Inept AEA practitioners can miscalculate the peril of the situation that they have contrived and for numerous reasons lose their gamble with death.",contradicted,0.00014998239930719137,0.9987305998802185,0.0011193841928616166,low,0.19974611997604372,low,typeform/distilbert-base-uncased-mnli
pqa_labeled_60_hallucinated_c1,hallucinated,medium,Incomplete Information,"Pediatricians should be vigilant for signs of self-harm behaviors that could indicate underlying psychological distress, such as AEA, which can manifest through unusual patterns of isolation",1,knowledge_60,0.2476572037940935,"Voluntary asphyxiation among children, preteens, and adolescents by hanging or other means of inducing hypoxia/anoxia to enhance sexual excitement is not uncommon and can lead to unintended death. This study addresses autoerotic asphyxiation (AEA) with the intent of increasing pediatricians' knowledge of the syndrome and awareness of its typical onset among young patients. AEA is characteristically a clandestine and elusive practice. Provided with relevant information, pediatricians can identify the syndrome, demonstrate a willingness to discuss concerns about it, ameliorate distress, and possibly prevent a tragedy. A retrospective study was undertaken of published cases both fatal and nonfatal and included personal communications, referenced citations, clinical experience, and theoretical formulations as to causation. Characteristic AEA manifestations, prevalence, age range, methods of inducing hypoxia/anoxia, and gender weighting are presented. All sources were used as a basis for additional considerations of etiology and possibilities for intervention. AEA can be conceptualized as a personalized, ritualized, and symbolic biopsychosocial drama. It seems to be a reenactment of intense emotional feeling-states involving an identification and sadomasochistic relationship with a female figure. Inept AEA practitioners can miscalculate the peril of the situation that they have contrived and for numerous reasons lose their gamble with death.",supported,0.9980332255363464,0.000113913971290458,0.001852868590503931,low,2.5061073683900764e-05,low,typeform/distilbert-base-uncased-mnli
pqa_labeled_61_ground_truth_c1,not_hallucinated,hard,,The results of these analyses suggest that marginally higher rates of depression to age 35 amongst the comorbid MD/AUD group were explained by increased exposure to adverse childhood circumstances amongst members of the comorbid group.,1,knowledge_61,0.5307394580508353,"Comorbid major depression (MD) and alcohol use disorder (AUD), particularly in adolescents, have been shown to be associated with poorer subsequent MD outcomes. Longitudinal data were used to model associations between a four-level classification of MD/AUD during the period 15-18 years (neither; MD-only; AUD-only; comorbid MD/AUD) and MD over the period 18-35 years. These associations were then adjusted for confounding by a series of factors measured in childhood. The three disorder groups had rates of adult MD during the period 18-35 years that were significantly (p<.05) higher than that of the group with no disorder. Furthermore, those in the comorbid MD/AUD group had significantly (p<.05) higher rates of adult MD than those in the AUD-only group, and marginally (p<.10) higher rates of adult MD than those in the MD-only group. After adjustment for confounding, the difference in rates of adult MD between the MD-only group and the MD/AUD group were no longer statistically significant. The factors that explained the associations were gender, childhood behavior problems, and exposure to physical and sexual abuse. The data were obtained by self-report, and may have been subject to biases.",contradicted,0.00586730195209384,0.9838512539863586,0.0102814557030797,low,0.19677025079727173,low,typeform/distilbert-base-uncased-mnli
pqa_labeled_61_ground_truth_c2,not_hallucinated,hard,,"Adolescent MD/AUD comorbidity is likely to be a risk marker, rather than a causal factor in subsequent MD.",1,knowledge_61,0.6716983611052848,"Comorbid major depression (MD) and alcohol use disorder (AUD), particularly in adolescents, have been shown to be associated with poorer subsequent MD outcomes. Longitudinal data were used to model associations between a four-level classification of MD/AUD during the period 15-18 years (neither; MD-only; AUD-only; comorbid MD/AUD) and MD over the period 18-35 years. These associations were then adjusted for confounding by a series of factors measured in childhood. The three disorder groups had rates of adult MD during the period 18-35 years that were significantly (p<.05) higher than that of the group with no disorder. Furthermore, those in the comorbid MD/AUD group had significantly (p<.05) higher rates of adult MD than those in the AUD-only group, and marginally (p<.10) higher rates of adult MD than those in the MD-only group. After adjustment for confounding, the difference in rates of adult MD between the MD-only group and the MD/AUD group were no longer statistically significant. The factors that explained the associations were gender, childhood behavior problems, and exposure to physical and sexual abuse. The data were obtained by self-report, and may have been subject to biases.",supported,0.9836785197257996,0.010774830356240273,0.005546568427234888,medium,0.003771190624684095,low,typeform/distilbert-base-uncased-mnli
pqa_labeled_61_hallucinated_c1,hallucinated,hard,Mechanism and Pathway Misattribution,Comorbidity of major depression,1,knowledge_130,0.2845961790130882,"Although record linkage of routinely collected health datasets is a valuable research resource, most datasets are established for administrative purposes and not for health outcomes research. In order for meaningful results to be extrapolated to specific populations, the limitations of the data and linkage methodology need to be investigated and clarified. It is the objective of this study to investigate the differences in ascertainment which may arise between a hospital admission dataset and a dispensing claims dataset, using major depression in pregnancy as an example. The safe use of antidepressants in pregnancy is an ongoing issue for clinicians with around 10% of pregnant women suffer from depression. As the birth admission will be the first admission to hospital during their pregnancy for most women, their use of antidepressants, or their depressive condition, may not be revealed to the attending hospital clinicians. This may result in adverse outcomes for the mother and infant. Population-based de-identified data were provided from the Western Australian Data Linkage System linking the administrative health records of women with a delivery to related records from the Midwives' Notification System, the Hospital Morbidity Data System and the national Pharmaceutical Benefits Scheme dataset. The women with depression during their pregnancy were ascertained in two ways: women with dispensing records relating to dispensed antidepressant medicines with an WHO ATC code to the 3rd level, pharmacological subgroup, 'N06A Antidepressants'; and, women with any hospital admission during pregnancy, including the birth admission, if a comorbidity was recorded relating to depression. From 2002 to 2005, there were 96698 births in WA. At least one antidepressant was dispensed to 4485 (4.6%) pregnant women. There were 3010 (3.1%) women with a comorbidity related to depression recorded on their delivery admission, or other admission to hospital during pregnancy. There were a total of 7495 pregnancies identified by either set of records. Using data linkage, we determined that these records represented 6596 individual pregnancies. Only 899 pregnancies were found in both groups (13.6% of all cases). 80% of women dispensed an antidepressant did not have depression recorded as a comorbidity on their hospital records. A simple capture-recapture calculation suggests the prevalence of depression in this population of pregnant women to be around 16%.",unverifiable,0.00018703473324421793,0.010561946779489517,0.9892510175704956,low,0.003591061905026436,low,typeform/distilbert-base-uncased-mnli
pqa_labeled_61_hallucinated_c2,hallucinated,hard,Mechanism and Pathway Misattribution,alcohol use disorder in adolescence significantly increases the risk of developing more severe forms of depression in adulthood due to altered neurochemical pathways.,1,knowledge_475,0.1389020704304029,"Alcohol-associated cues elicit craving in human addicts but little is known about craving mechanisms. Current animal models focus on relapse and this may confound the effect of environmental cues. OBJECTIVES. To develop a model to study the effects of environmental cues on alcohol consumption in animals not experiencing withdrawal or relapse. Rats were trained to orally self-administer an alcohol (5% w/v)/saccharin (0.2%) solution 30 min a day for 20 days. After stable responding on a free choice between alcohol/saccharin and water, rats were exposed to 5, 10 or 15 min of alcohol-associated cues or 5 min of non-alcohol associated cues. The effect of a 5-min cue was measured after a 10-day break from training or pre-treatment with 0.03, 0.1 or 1 mg/kg naltrexone. Rats given 5 min of alcohol-associated cues responded significantly more on the active lever (26% increase) and consumed more alcohol as verified by increased blood alcohol levels (8.9 mM versus control 7.5 mM). Ten or 15 min of cues did not change alcohol consumption and 5 min in a novel environment decreased response by 66%. After a 10-day break in training, 5 min of alcohol-associated cues still increased alcohol consumption (29% increase) and the cue effect could be dose-dependently blocked by naltrexone (143% decrease at 0.03 mg/kg).",unverifiable,0.0003968457749579102,0.0013423793716356158,0.9982607960700989,medium,0.0007987157261231914,low,typeform/distilbert-base-uncased-mnli
pqa_labeled_62_ground_truth_c1,not_hallucinated,easy,,"Despite current recommendations, cough",1,knowledge_62,0.2207337036833194,"To characterize the use and delivery of cough and cold medicines in children younger than 6 presenting to an inner-city pediatric emergency department (PED) following 2007 FDA warnings. A cross-sectional observational study was performed using a convenience sampling of PED patients during the fall of 2010. Caregivers were presented with 6 commonly used cough medicine preparations and were asked to demonstrate if and how they would administer these to their children. In all, 65 patients and their caregivers consented and participated in the study. During the demonstration, 82% (53/65) stated that they would treat with cough or cold medicines, and 72% (38/53) incorrectly dosed the medication they desired to give.",unverifiable,9.979971218854189e-05,0.002546193776652217,0.9973540306091309,low,0.0005092387553304434,low,typeform/distilbert-base-uncased-mnli
pqa_labeled_62_ground_truth_c2,not_hallucinated,easy,,cold medicines are still used in children younger than 6 years of age.,1,knowledge_62,0.3713020368089387,"To characterize the use and delivery of cough and cold medicines in children younger than 6 presenting to an inner-city pediatric emergency department (PED) following 2007 FDA warnings. A cross-sectional observational study was performed using a convenience sampling of PED patients during the fall of 2010. Caregivers were presented with 6 commonly used cough medicine preparations and were asked to demonstrate if and how they would administer these to their children. In all, 65 patients and their caregivers consented and participated in the study. During the demonstration, 82% (53/65) stated that they would treat with cough or cold medicines, and 72% (38/53) incorrectly dosed the medication they desired to give.",unverifiable,9.688123827800155e-05,0.0020954436622560024,0.9978078007698059,low,0.0004190887324512005,low,typeform/distilbert-base-uncased-mnli
pqa_labeled_62_ground_truth_c3,not_hallucinated,easy,,"A significant portion of caregivers report that they are still unaware of public warnings, potential side effects,",1,knowledge_62,0.1611365277157164,"To characterize the use and delivery of cough and cold medicines in children younger than 6 presenting to an inner-city pediatric emergency department (PED) following 2007 FDA warnings. A cross-sectional observational study was performed using a convenience sampling of PED patients during the fall of 2010. Caregivers were presented with 6 commonly used cough medicine preparations and were asked to demonstrate if and how they would administer these to their children. In all, 65 patients and their caregivers consented and participated in the study. During the demonstration, 82% (53/65) stated that they would treat with cough or cold medicines, and 72% (38/53) incorrectly dosed the medication they desired to give.",unverifiable,0.00013570190640166402,0.005490890238434076,0.9943733215332031,low,0.0010981780476868152,low,typeform/distilbert-base-uncased-mnli
pqa_labeled_62_ground_truth_c4,not_hallucinated,easy,,interactions with other medications.,1,knowledge_969,0.1862494874713652,"Opioid-dependent patients often have co-occurring chronic illnesses requiring medications that interact with methadone. Methadone maintenance treatment (MMT) is typically provided separately from medical care. Hence, coordination of medical care and substance use treatment is important to preserve patient safety. To identify potential safety risks among MMT patients engaged in medical care by evaluating the frequency that opioid dependence and MMT documentation are missing in medical records and characterizing potential medication-methadone interactions. Among patients from a methadone clinic who received primary care from an affiliated, but separate, medical center, we reviewed electronic medical records for documentation of methadone, opioid dependence, and potential drug-methadone interactions. The proportions of medical records without opioid dependence and methadone documentation were estimated and potential medication-methadone interactions were identified. Among the study subjects (n = 84), opioid dependence documentation was missing from the medical record in 30% (95% CI, 20%-41%) and MMT documentation was missing from either the last primary care note or the last hospital discharge summary in 11% (95% CI, 5%-19%). Sixty-nine percent of the study subjects had at least 1 medication that potentially interacted with methadone; 19% had 3 or more potentially interacting medications.",unverifiable,0.04487479850649834,0.018341872841119766,0.9367833137512207,low,0.0036683745682239534,low,typeform/distilbert-base-uncased-mnli
pqa_labeled_62_hallucinated_c1,hallucinated,easy,Misinterpretation of #Question#,cold medicines are increasingly being replaced by homeopathic remedies in children under 6 years old due to rising awareness of potential risks.,1,knowledge_62,0.1870707161898377,"To characterize the use and delivery of cough and cold medicines in children younger than 6 presenting to an inner-city pediatric emergency department (PED) following 2007 FDA warnings. A cross-sectional observational study was performed using a convenience sampling of PED patients during the fall of 2010. Caregivers were presented with 6 commonly used cough medicine preparations and were asked to demonstrate if and how they would administer these to their children. In all, 65 patients and their caregivers consented and participated in the study. During the demonstration, 82% (53/65) stated that they would treat with cough or cold medicines, and 72% (38/53) incorrectly dosed the medication they desired to give.",unverifiable,0.00010117275087395683,0.0025809979997575283,0.9973178505897522,medium,0.0012646890198811888,low,typeform/distilbert-base-uncased-mnli
pqa_labeled_63_ground_truth_c1,not_hallucinated,easy,,In manikin laypersons could insert LMAS in the correct direction after onsite instruction by a simple manual with a high success rate.,1,knowledge_63,0.48392565008274,"Bystander resuscitation plays an important role in lifesaving cardiopulmonary resuscitation (CPR). A significant reduction in the ""no-flow-time"", quantitatively better chest compressions and an improved quality of ventilation can be demonstrated during CPR using supraglottic airway devices (SADs). Previous studies have demonstrated the ability of inexperienced persons to operate SADs after brief instruction. The aim of this pilot study was to determine whether an instruction manual consisting of four diagrams enables laypersons to operate a Laryngeal Mask Supreme® (LMAS) in the manikin. An instruction manual of four illustrations with speech bubbles displaying the correct use of the LMAS was designed. Laypersons were handed a bag containing a LMAS, a bag mask valve device (BMV), a syringe prefilled with air and the instruction sheet, and were asked to perform and ventilate the manikin as displayed. Time to ventilation was recorded and degree of success evaluated. A total of 150 laypersons took part. Overall 145 participants (96.7%) inserted the LMAS in the manikin in the right direction. The device was inserted inverted or twisted in 13 (8.7%) attempts. Eight (5.3%) individuals recognized this and corrected the position. Within the first 2 minutes 119 (79.3%) applicants were able to insert the LMAS and provide tidal volumes greater than 150 ml (estimated dead space). Time to insertion and first ventilation was 83.2 ± 29 s. No significant difference related to previous BLS training (P = 0.85), technical education (P = 0.07) or gender could be demonstrated (P = 0.25).",contradicted,0.05867350473999977,0.6885485649108887,0.25277790427207947,low,0.13770971298217774,low,typeform/distilbert-base-uncased-mnli
pqa_labeled_63_ground_truth_c2,not_hallucinated,easy,,This indicates some basic procedural understanding,1,knowledge_904,0.0835989599196594,"To compare atropine with placebo as an adjunct to ketamine sedation in children undergoing minor painful procedures. Outcome measures included hypersalivation, side effect profile, parental/patient satisfaction, and procedural success rate. Children aged between 1 and 16 years of age requiring ketamine procedural sedation in a tertiary emergency department were randomised to receive 0.01 mg/kg of atropine or placebo. All received 4 mg/kg of intramuscular ketamine. Tolerance and sedation scores were recorded throughout the procedure. Side effects were recorded from the start of sedation until discharge. Parental and patient satisfaction scores were obtained at discharge and three to five days after the procedure, with the opportunity to report side effects encountered at home. A total of 83 patients aged 13 months to 14.5 years (median age 3.4 years) were enrolled over a 16 month period. Hypersalivation occurred in 11.4% of patients given atropine compared with 30.8% given placebo (odds ratio (OR) 0.29, 95% confidence interval (CI) 0.09 to 0.91). A transient rash was observed in 22.7% of the atropine group compared with 5.1% of the placebo group (OR 5.44, 95% CI 1.11 to 26.6). Vomiting during recovery occurred in 9.1% of atropine patients compared with 25.6% of placebo patients (OR 0.29, 95% CI 0.09 to 1.02). There was a trend towards better tolerance in the placebo group. No patient experienced serious side effects.",contradicted,0.002170870779082179,0.9923291802406311,0.005499992053955793,low,0.19846583604812623,low,typeform/distilbert-base-uncased-mnli
pqa_labeled_63_ground_truth_c3,not_hallucinated,easy,,intellectual transfer in principle.,1,knowledge_350,0.2988587013595669,"In this study we investigated whether the association between measures of fetal growth restriction and intellectual performance was mediated by socioeconomic or familial factors. This was a population-based cohort study of 357,768 Swedish males born as singletons without congenital malformations between 1973 and 1981. The main outcome measure was intellectual performance at military conscription. Compared with men born with appropriate birth weight for gestational age, men born light for gestational age suffered an increased risk of low intellectual performance after adjustment for maternal and socioeconomic factors. The increase in risk of low intellectual performance related to a decrease in birth weight for gestational age was similar between families and within families. Men born short or with a small head circumference for gestational age were also at increased risk of low intellectual performance, both when adjusting for maternal and socioeconomic factors and within families.",supported,0.993769109249115,0.0009160465560853481,0.005314739421010017,low,0.00018320931121706963,low,typeform/distilbert-base-uncased-mnli
pqa_labeled_63_ground_truth_c4,not_hallucinated,easy,,Operating errors (n = 91) were frequently not recognized,1,knowledge_903,0.0971596005561644,"The aim of our study was to determine the effect of sex on the outcome of laparoscopic cholecystectomy in terms of operative time, conversion to open cholecystectomy, postoperative complications and mean hospital stay. In this retrospective observational study, we analyzed the medical records of 2061 patients who underwent laparoscopic cholecystectomy in the surgical department of Khyber Teaching Hospital (Peshawar, Pakistan) between March 2008 and January 2010. χ(2)  test and t-test were respectively used to analyze categorical and numerical variables. P ≤ 0.05 was considered significant. The study included 1772 female and 289 male patients. The mean age for male patients was 44.07 ± 11.91 years compared to 41.29 ± 12.18 years for female patients (P = 0.706). Laparoscopic cholecystectomy was successfully completed in 1996 patients. The conversion rate was higher in men (P < 0.001), and the mean operating time was longer in men (P < 0.001). Bile duct injuries occurred more frequently in men (P < 0.001). Gallbladder perforation and gallstone spillage also occurred more commonly in men (P = 0.001); similarly severe inflammation was reported more in male patients (P = 0001). There were no statistically significant differences in mean hospital stay, wound infection and port-site herniation between men and women. Multivariate regression analysis showed that the male sex is an independent risk factor for conversion to open cholecystectomy (odds ratio = 2.65, 95% confidence interval: 1.03-6.94, P = 0.041) and biliary injuries (odds ratio = 0.95, 95% confidence interval: 0.91-0.99, P-value = 0.036).",contradicted,0.0017261826433241367,0.9957525730133057,0.0025212799664586782,low,0.19915051460266114,low,typeform/distilbert-base-uncased-mnli
pqa_labeled_63_ground_truth_c5,not_hallucinated,easy,,corrected (n = 77).,1,knowledge_322,0.1664209377571709,"Ambulatory 24-h dual-channel pharyngeal and oesophageal pH monitoring is the standard test for measuring gastro-oesophageal and gastropharyngeal reflux. Artefacts caused by the intake of food may result in falsely positive gastropharyngeal reflux, which necessitates a manual review of 24-h pH data. The purpose of the study was to investigate the influence of meals and whether leaving out meals affected the reliability of the test. Patients referred for otolaryngological complaints, suspected to have been caused by gastro-oesophageal reflux, underwent 24-h dual-channel pH monitoring. The raw unprocessed pH data were corrected by visual inspection of the 24-h tracings (corrected data), by leaving out meals or meals plus a 2-h postprandrial period. The raw pH data were substantially influenced by artefacts of food intake and pseudoreflux. Data obtained by leaving out meals agreed best with manually corrected data. Many of the falsely positive reflux episodes could be removed, thereby inducing a 9%-18% chance of undetected reflux. When examining the fraction of time supine, manually corrected data and data leaving out meals were fully concordant and detected 79% of patients with gastropharyngeal reflux. However, leaving out meals plus a 2-h postprandrial period resulted in 21%-50% falsely negative tests.",supported,0.9101448059082031,0.04735253378748894,0.04250267893075943,low,0.009470506757497789,low,typeform/distilbert-base-uncased-mnli
pqa_labeled_63_ground_truth_c6,not_hallucinated,easy,,Improvements in labeling,1,knowledge_281,0.0822622577650045,"Health services often spend more on safety interventions than seems cost-effective. This study investigates whether the public value safety-related health care improvements more highly than the same improvements in contexts where the health care system is not responsible. An online survey was conducted to elicit the relative importance placed on preventing harms caused by 1) health care (hospital-acquired infections, drug administration errors, injuries to health care staff), 2) individuals (personal lifestyle choices, sports-related injuries), and 3) nature (genetic disorders). Direct valuations were obtained from members of the public by using a person trade-off or ""matching"" method. Participants were asked to choose between two preventative interventions of equal cost and equal health benefit per person for the same number of people, but differing in causation. If participants indicated a preference, their strength of preference was measured by using person trade-off. Responses were obtained from 1030 people, reflecting the sociodemographic mix of the UK population. Participants valued interventions preventing hospital-acquired infections (1.31) more highly than genetic disorders (1.0), although drug errors were valued similarly to genetic disorders (1.07), and interventions to prevent injury to health care staff were given less weight than genetic disorders (0.71). Less weight was also given to interventions related to lifestyle (0.65) and sports injuries (0.41).",supported,0.9930611252784729,0.002177589340135455,0.004761174786835909,low,0.000435517868027091,low,typeform/distilbert-base-uncased-mnli
pqa_labeled_63_ground_truth_c7,not_hallucinated,easy,,the quality of instructional photographs may reduce individual error,1,knowledge_177,0.112501157345778,"To explore the impact of delivery mode on women's postpartum quality of life in rural China and probe factors influencing postnatal quality of life. Childbirth significantly affects puerpera's physical, psychological and social domains of quality of life. Under the circumstance of increasing high caesarean section rate in rural China, the impact of delivery mode on postnatal quality of life remains unclear. Cross-sectional study design. Women residing in rural areas and in their 0-12 months after childbirth from 30 rural townships participated in a household survey. A structured questionnaire was used to evaluate women's socio-demographic characteristics, previous pregnant experiences, foetal characteristics and use of maternal health services. The scale for rural postnatal quality of life was adopted to assess postnatal quality of life from six dimensions: physical complaints and pain, sleep and energy, sex satisfaction, interpersonal communication, self-evaluated living stress and perceived life satisfaction. The overall caeserean section rate was 70·0% (962/1375), and most of them (59·7%) were selected by maternal request. None of six dimensions and total score of quality of life displayed significant difference between women with normal delivery and cesaerean section. It was found that postnatal home visit related to good postnatal quality of life and lower husband education level, male gender of infant were associated with poor quality of life.",unverifiable,0.06682416051626205,0.015054778195917606,0.9181210994720459,low,0.0030109556391835213,low,typeform/distilbert-base-uncased-mnli
pqa_labeled_63_ground_truth_c8,not_hallucinated,easy,,may optimize understanding.,1,knowledge_670,0.1216193894574664,"To be able to adhere to discharge instructions after a visit to the emergency department (ED), patients should understand both the care that they received and their discharge instructions. The objective of this study is to assess, at discharge, patients' comprehension of their ED care and instructions and their awareness of deficiencies in their comprehension. We conducted structured interviews of 140 adult English-speaking patients or their primary caregivers after ED discharge in 2 health systems. Participants rated their subjective understanding of 4 domains: (1) diagnosis and cause; (2) ED care; (3) post-ED care, and (4) return instructions. We assessed patient comprehension as the degree of agreement (concordance) between patients' recall of each of these domains and information obtained from chart review. Two authors scored each case independently and discussed discrepancies before providing a final concordance rating (no concordance, minimal concordance, partial concordance, near concordance, complete concordance). Seventy-eight percent of patients demonstrated deficient comprehension (less than complete concordance) in at least 1 domain; 51% of patients, in 2 or more domains. Greater than a third of these deficiencies (34%) involved patients' understanding of post-ED care, whereas only 15% were for diagnosis and cause. The majority of patients with comprehension deficits failed to perceive them. Patients perceived difficulty with comprehension only 20% of the time when they demonstrated deficient comprehension.",supported,0.9835747480392456,0.0015761608956381679,0.014849035069346428,low,0.0003152321791276336,low,typeform/distilbert-base-uncased-mnli
pqa_labeled_63_hallucinated_c1,hallucinated,easy,Misinterpretation of #Question#,"In manikin laypersons could fully ventilate the LMAS immediately upon receiving a verbal explanation without any manual, indicating a natural instinct for its operation.",1,knowledge_63,0.3538803661672983,"Bystander resuscitation plays an important role in lifesaving cardiopulmonary resuscitation (CPR). A significant reduction in the ""no-flow-time"", quantitatively better chest compressions and an improved quality of ventilation can be demonstrated during CPR using supraglottic airway devices (SADs). Previous studies have demonstrated the ability of inexperienced persons to operate SADs after brief instruction. The aim of this pilot study was to determine whether an instruction manual consisting of four diagrams enables laypersons to operate a Laryngeal Mask Supreme® (LMAS) in the manikin. An instruction manual of four illustrations with speech bubbles displaying the correct use of the LMAS was designed. Laypersons were handed a bag containing a LMAS, a bag mask valve device (BMV), a syringe prefilled with air and the instruction sheet, and were asked to perform and ventilate the manikin as displayed. Time to ventilation was recorded and degree of success evaluated. A total of 150 laypersons took part. Overall 145 participants (96.7%) inserted the LMAS in the manikin in the right direction. The device was inserted inverted or twisted in 13 (8.7%) attempts. Eight (5.3%) individuals recognized this and corrected the position. Within the first 2 minutes 119 (79.3%) applicants were able to insert the LMAS and provide tidal volumes greater than 150 ml (estimated dead space). Time to insertion and first ventilation was 83.2 ± 29 s. No significant difference related to previous BLS training (P = 0.85), technical education (P = 0.07) or gender could be demonstrated (P = 0.25).",contradicted,0.0006883587338961661,0.9964614510536194,0.0028502142522484064,low,0.2790092062950134,low,typeform/distilbert-base-uncased-mnli
pqa_labeled_64_ground_truth_c1,not_hallucinated,medium,,"Although the SLBM is quite repeatable, it underestimates mesopic pupil size",1,knowledge_64,0.3668987498387113,"The aim of this work is to assess a previously described slit-lamp biomicroscopy-based method (SLBM) for measuring pupil diameter and compare it to Colvard infrared pupillometry (CIP). Two examiners performed three repeated measurements with each instrument in 40 healthy eyes. We determined the agreement of SLBM and CIP, intraobserver and interobserver repeatabilities, and interobserver concordance (kappa) and SLBM ability for detecting pupil sizes over 6.0 mm. The mean (±standard deviation [SD]) pupil diameter was 5.81 ± 0.70 mm with SLBM and 6.26 ± 0.68 mm with CIP (p = 0.01) averaging both examiner's results. Mean differences between the SLBM and CIP were -0.60 mm and -0.30 mm for each examiner using the average of the three readings (p = 0.02), and they were very similar using the first reading. Intraobserver reproducibility: the width of the 95% LoA ranged from 1.79 to 2.30 mm. The ICCs were 0.97 and 0.92 for SLBM, and 0.96 and 0.90 for CIP. Interobserver reproducibility: the width of the LoA ranged from 1.82 to 2.09 mm. Kappa statistics were 0.39 and 0.49 for the first and mean SLBM readings, respectively, and 0.45 for both the first and mean CIP readings. Sensitivity and specificity of SLBM for detection of pupils larger than 6 mm ranged from 55.56% to 73.68% and from 76.19% to 95.45%, respectively. The best trade-off between sensitivity and specificity ranged from 5.4 mm to 6.2 mm.",supported,0.9392659068107605,0.01443918701261282,0.046294957399368286,low,0.002887837402522564,low,typeform/distilbert-base-uncased-mnli
pqa_labeled_64_ground_truth_c2,not_hallucinated,medium,,shows a too wide range of agreement with CIP.,1,knowledge_64,0.2327786011341795,"The aim of this work is to assess a previously described slit-lamp biomicroscopy-based method (SLBM) for measuring pupil diameter and compare it to Colvard infrared pupillometry (CIP). Two examiners performed three repeated measurements with each instrument in 40 healthy eyes. We determined the agreement of SLBM and CIP, intraobserver and interobserver repeatabilities, and interobserver concordance (kappa) and SLBM ability for detecting pupil sizes over 6.0 mm. The mean (±standard deviation [SD]) pupil diameter was 5.81 ± 0.70 mm with SLBM and 6.26 ± 0.68 mm with CIP (p = 0.01) averaging both examiner's results. Mean differences between the SLBM and CIP were -0.60 mm and -0.30 mm for each examiner using the average of the three readings (p = 0.02), and they were very similar using the first reading. Intraobserver reproducibility: the width of the 95% LoA ranged from 1.79 to 2.30 mm. The ICCs were 0.97 and 0.92 for SLBM, and 0.96 and 0.90 for CIP. Interobserver reproducibility: the width of the LoA ranged from 1.82 to 2.09 mm. Kappa statistics were 0.39 and 0.49 for the first and mean SLBM readings, respectively, and 0.45 for both the first and mean CIP readings. Sensitivity and specificity of SLBM for detection of pupils larger than 6 mm ranged from 55.56% to 73.68% and from 76.19% to 95.45%, respectively. The best trade-off between sensitivity and specificity ranged from 5.4 mm to 6.2 mm.",unverifiable,0.33204618096351624,0.04706321656703949,0.6208906769752502,low,0.009412643313407899,low,typeform/distilbert-base-uncased-mnli
pqa_labeled_64_ground_truth_c3,not_hallucinated,medium,,"SLBM shows low sensitivity in detecting pupils larger than 6 mm, which may be misleading when planning anterior segment surgery.",1,knowledge_64,0.3622886594347618,"The aim of this work is to assess a previously described slit-lamp biomicroscopy-based method (SLBM) for measuring pupil diameter and compare it to Colvard infrared pupillometry (CIP). Two examiners performed three repeated measurements with each instrument in 40 healthy eyes. We determined the agreement of SLBM and CIP, intraobserver and interobserver repeatabilities, and interobserver concordance (kappa) and SLBM ability for detecting pupil sizes over 6.0 mm. The mean (±standard deviation [SD]) pupil diameter was 5.81 ± 0.70 mm with SLBM and 6.26 ± 0.68 mm with CIP (p = 0.01) averaging both examiner's results. Mean differences between the SLBM and CIP were -0.60 mm and -0.30 mm for each examiner using the average of the three readings (p = 0.02), and they were very similar using the first reading. Intraobserver reproducibility: the width of the 95% LoA ranged from 1.79 to 2.30 mm. The ICCs were 0.97 and 0.92 for SLBM, and 0.96 and 0.90 for CIP. Interobserver reproducibility: the width of the LoA ranged from 1.82 to 2.09 mm. Kappa statistics were 0.39 and 0.49 for the first and mean SLBM readings, respectively, and 0.45 for both the first and mean CIP readings. Sensitivity and specificity of SLBM for detection of pupils larger than 6 mm ranged from 55.56% to 73.68% and from 76.19% to 95.45%, respectively. The best trade-off between sensitivity and specificity ranged from 5.4 mm to 6.2 mm.",supported,0.5054757595062256,0.035471223294734955,0.4590529501438141,low,0.007094244658946991,low,typeform/distilbert-base-uncased-mnli
pqa_labeled_64_ground_truth_c4,not_hallucinated,medium,,"Previous grading-consensus training strategies may increase interrater reproducibility,",1,knowledge_858,0.1600753386169713,"Older adults typically perform worse on measures of working memory (WM) than do young adults; however, age-related differences in WM performance might be reduced if older adults use effective encoding strategies. The purpose of the current experiment was to evaluate WM performance after training individuals to use effective encoding strategies. Participants in the training group (older adults: n = 39; young adults: n = 41) were taught about various verbal encoding strategies and their differential effectiveness and were trained to use interactive imagery and sentence generation on a list-learning task. Participants in the control group (older: n = 37; young: n = 38) completed an equally engaging filler task. All participants completed a pre- and post-training reading span task, which included self-reported strategy use, as well as two transfer tasks that differed in the affordance to use the trained strategies - a paired-associate recall task and the self-ordered pointing task. Both young and older adults were able to use the target strategies on the WM task and showed gains in WM performance after training. The age-related WM deficit was not greatly affected, however, and the training gains did not transfer to the other cognitive tasks. In fact, participants attempted to adapt the trained strategies for a paired-associate recall task, but the increased strategy use did not benefit their performance.",contradicted,0.06945468485355377,0.9148772954940796,0.015667974948883057,low,0.18297545909881593,low,typeform/distilbert-base-uncased-mnli
pqa_labeled_64_ground_truth_c5,not_hallucinated,medium,,compensation for the systematic underestimation could improve accuracy of the SLBM.,1,knowledge_64,0.3035714415939931,"The aim of this work is to assess a previously described slit-lamp biomicroscopy-based method (SLBM) for measuring pupil diameter and compare it to Colvard infrared pupillometry (CIP). Two examiners performed three repeated measurements with each instrument in 40 healthy eyes. We determined the agreement of SLBM and CIP, intraobserver and interobserver repeatabilities, and interobserver concordance (kappa) and SLBM ability for detecting pupil sizes over 6.0 mm. The mean (±standard deviation [SD]) pupil diameter was 5.81 ± 0.70 mm with SLBM and 6.26 ± 0.68 mm with CIP (p = 0.01) averaging both examiner's results. Mean differences between the SLBM and CIP were -0.60 mm and -0.30 mm for each examiner using the average of the three readings (p = 0.02), and they were very similar using the first reading. Intraobserver reproducibility: the width of the 95% LoA ranged from 1.79 to 2.30 mm. The ICCs were 0.97 and 0.92 for SLBM, and 0.96 and 0.90 for CIP. Interobserver reproducibility: the width of the LoA ranged from 1.82 to 2.09 mm. Kappa statistics were 0.39 and 0.49 for the first and mean SLBM readings, respectively, and 0.45 for both the first and mean CIP readings. Sensitivity and specificity of SLBM for detection of pupils larger than 6 mm ranged from 55.56% to 73.68% and from 76.19% to 95.45%, respectively. The best trade-off between sensitivity and specificity ranged from 5.4 mm to 6.2 mm.",supported,0.9562190771102905,0.006354295648634434,0.03742658346891403,low,0.0012708591297268868,low,typeform/distilbert-base-uncased-mnli
pqa_labeled_64_hallucinated_c1,hallucinated,medium,Misinterpretation of #Question#,Cobalt blue light slit-lamp biomicroscopy accurately measures mesopic pupil size without significant underestimation compared to Colvard infrared pupillometry.,1,knowledge_64,0.1864625487541442,"The aim of this work is to assess a previously described slit-lamp biomicroscopy-based method (SLBM) for measuring pupil diameter and compare it to Colvard infrared pupillometry (CIP). Two examiners performed three repeated measurements with each instrument in 40 healthy eyes. We determined the agreement of SLBM and CIP, intraobserver and interobserver repeatabilities, and interobserver concordance (kappa) and SLBM ability for detecting pupil sizes over 6.0 mm. The mean (±standard deviation [SD]) pupil diameter was 5.81 ± 0.70 mm with SLBM and 6.26 ± 0.68 mm with CIP (p = 0.01) averaging both examiner's results. Mean differences between the SLBM and CIP were -0.60 mm and -0.30 mm for each examiner using the average of the three readings (p = 0.02), and they were very similar using the first reading. Intraobserver reproducibility: the width of the 95% LoA ranged from 1.79 to 2.30 mm. The ICCs were 0.97 and 0.92 for SLBM, and 0.96 and 0.90 for CIP. Interobserver reproducibility: the width of the LoA ranged from 1.82 to 2.09 mm. Kappa statistics were 0.39 and 0.49 for the first and mean SLBM readings, respectively, and 0.45 for both the first and mean CIP readings. Sensitivity and specificity of SLBM for detection of pupils larger than 6 mm ranged from 55.56% to 73.68% and from 76.19% to 95.45%, respectively. The best trade-off between sensitivity and specificity ranged from 5.4 mm to 6.2 mm.",unverifiable,0.30761024355888367,0.17430005967617035,0.5180896520614624,low,0.0488040167093277,low,typeform/distilbert-base-uncased-mnli
pqa_labeled_65_ground_truth_c1,not_hallucinated,medium,,Incomplete separation between prepuce,1,knowledge_65,0.2435374370423285,"To evaluate prepuce development and retractibility in a group of boys. To point out the value of circumcision and prepucial forced dilation during childhood. Prepuce development and retractibility were evaluated in 400 boys ages between 0-16 year old. In boys under 1 year prepuce retractibility (assessed only in children who did not undergo forced dilation previously) was type I (non retractile) in 71.5% whereas type V (completely retractile) was only 5.5%. In adolescent boys type I prepuce was observed in 1 boy only, 1.6%, whereas type V was observed in 82.3%. Furthermore, it was observed that at the time of examination for the study 106 boys who had undergone forced dilation at an earlier age had balano-prepucial adhesions again, which demonstrates that prepuce adheres again to glans penis in many boys after a forced dilation is performed. Only 11 boys were considered in need for circumcision, three of them for prepucial orifice stenosis, which prevented normal micturition, causing a prepucial sac, one case due to a constrictive ring below the prepucial edge that would have prevented ulterior retractability, two cases with repetitive balanopostitis, and five cases secondary to xerosol balanitis, accounting for 2.7% of all examined boys.",supported,0.8465908765792847,0.11079663038253784,0.04261243715882301,low,0.02215932607650757,low,typeform/distilbert-base-uncased-mnli
pqa_labeled_65_ground_truth_c2,not_hallucinated,medium,,glans penis is normal,1,knowledge_991,0.1592907245902603,"As part of the staging procedure in squamous cell carcinoma of the penis, we assessed the role of ultrasound examination, in particular its role in assessing the extent and the invasion into the corpora. From 1988 until 1992, all patients referred for primary treatment underwent ultrasound assessment with a 7.5 MHz linear array small parts transducer as part of the clinical workup. All ultrasound images were reviewed by one radiologist, without knowledge of the clinical outcome and were compared with the results obtained at histopathologic examination. In 16 patients the primary tumor and in 1 patient a recurrent cancer after primary therapy were examined. All tumors were identified as hypoechoic lesions. Ultrasound examination in the region of the glans was not able to differentiate between invasion of the subepithelial tissue and invasion into the corpus spongiosum, but absence or presence of invasion into the tunica albuginea of the corpus cavernosum was clearly demonstrated. Accurate measurement by ultrasound of maximum tumor thickness was seen in seven of sixteen examinations.",contradicted,0.0008656227728351951,0.9672024846076965,0.03193189948797226,low,0.1934404969215393,low,typeform/distilbert-base-uncased-mnli
pqa_labeled_65_ground_truth_c3,not_hallucinated,medium,,"common among new-borns, progressing until adolescence to spontaneous separation, at which time it is complete in the majority of boys.",1,knowledge_65,0.1919764727393126,"To evaluate prepuce development and retractibility in a group of boys. To point out the value of circumcision and prepucial forced dilation during childhood. Prepuce development and retractibility were evaluated in 400 boys ages between 0-16 year old. In boys under 1 year prepuce retractibility (assessed only in children who did not undergo forced dilation previously) was type I (non retractile) in 71.5% whereas type V (completely retractile) was only 5.5%. In adolescent boys type I prepuce was observed in 1 boy only, 1.6%, whereas type V was observed in 82.3%. Furthermore, it was observed that at the time of examination for the study 106 boys who had undergone forced dilation at an earlier age had balano-prepucial adhesions again, which demonstrates that prepuce adheres again to glans penis in many boys after a forced dilation is performed. Only 11 boys were considered in need for circumcision, three of them for prepucial orifice stenosis, which prevented normal micturition, causing a prepucial sac, one case due to a constrictive ring below the prepucial edge that would have prevented ulterior retractability, two cases with repetitive balanopostitis, and five cases secondary to xerosol balanitis, accounting for 2.7% of all examined boys.",unverifiable,0.037454549223184586,0.23726405203342438,0.725281298160553,low,0.04745281040668488,low,typeform/distilbert-base-uncased-mnli
pqa_labeled_65_ground_truth_c4,not_hallucinated,medium,,Accordingly to the criteria we have sustained for years,1,knowledge_438,0.1087244118444695,"Current guidelines recommend total thyroidectomy for nearly all children with well-differentiated thyroid cancer (WDTC). These guidelines, however, derive from older data accrued prior to current high-resolution imaging. We speculate that there is a subpopulation of children who may be adequately treated with lobectomy. Retrospective analysis of prospectively maintained database. Seventy-three children with WDTC treated between 2004 and 2015. We applied two different risk-stratification criteria to this population. First, we determined the number of patients meeting American Thyroid Association (ATA) 'low-risk' criteria, defined as disease grossly confined to the thyroid with either N0/Nx or incidental microscopic N1a disease. Second, we defined a set of 'very-low-risk' histopathological criteria, comprising unifocal tumours ≤4 cm without predefined high-risk factors, and determined the proportion of patients that met these criteria. Twenty-seven (37%) males and 46 (63%) females were included in this study, with a mean age of 13·4 years. Ipsilateral- and contralateral multifocality were identified in 27 (37·0%) and 19 (26·0%) of specimens. Thirty-seven (51%) patients had lymph node metastasis (N1a = 18/N1b = 19). Pre-operative ultrasound identified all cases with clinically significant nodal disease. Of the 73 patients, 39 (53·4%) met ATA low-risk criteria and 16 (21·9%) met 'very-low-risk' criteria. All 'very-low-risk' patients demonstrated excellent response to initial therapy without persistence/recurrence after a mean follow-up of 36·4 months.",contradicted,0.0008284169598482549,0.9968512654304504,0.002320353640243411,low,0.1993702530860901,low,typeform/distilbert-base-uncased-mnli
pqa_labeled_65_ground_truth_c5,not_hallucinated,medium,,"present study's findings, circumcision has few indications during childhood, as well as forced prepucial dilation.",1,knowledge_65,0.4624195043773393,"To evaluate prepuce development and retractibility in a group of boys. To point out the value of circumcision and prepucial forced dilation during childhood. Prepuce development and retractibility were evaluated in 400 boys ages between 0-16 year old. In boys under 1 year prepuce retractibility (assessed only in children who did not undergo forced dilation previously) was type I (non retractile) in 71.5% whereas type V (completely retractile) was only 5.5%. In adolescent boys type I prepuce was observed in 1 boy only, 1.6%, whereas type V was observed in 82.3%. Furthermore, it was observed that at the time of examination for the study 106 boys who had undergone forced dilation at an earlier age had balano-prepucial adhesions again, which demonstrates that prepuce adheres again to glans penis in many boys after a forced dilation is performed. Only 11 boys were considered in need for circumcision, three of them for prepucial orifice stenosis, which prevented normal micturition, causing a prepucial sac, one case due to a constrictive ring below the prepucial edge that would have prevented ulterior retractability, two cases with repetitive balanopostitis, and five cases secondary to xerosol balanitis, accounting for 2.7% of all examined boys.",supported,0.7715126276016235,0.1978669911623001,0.030620476230978966,low,0.039573398232460026,low,typeform/distilbert-base-uncased-mnli
pqa_labeled_65_hallucinated_c1,hallucinated,medium,Misinterpretation of #Question#,"Circumcision during childhood significantly reduces the risk of urinary tract infections, especially in the first year of life, according to a study published in the Journal of Pediatric Urology.",1,knowledge_983,0.1555241394243851,"Previous studies reported that breast-feeding protects children against a variety of diseases, but these studies were generally conducted on ""high-risk"" or hospitalized children. This paper describes the results of our study on the effects of breast-feeding on rate of illness in normal children with a family history of atopy. A historic cohort approach of 794 children with a family history of atopy was used to assess the effects of breast-feeding on illness rates. Family history of atopy was based on allergic diseases in family members as registered by the family physician. Illness data from birth onwards were available from the Continuous Morbidity Registration of the Department of Family Medicine. Information on breast-feeding was collected by postal questionnaire. We then compared rates of illness between children with a family history of atopy who were and who were not breast-fed. Breast-feeding was related to lower levels of childhood illness both in the first and the first three years of life. In the first year of life they had fewer episodes of gastroenteritis, lower respiratory tract infections, and digestive tract disorders. Over the next three years of life they had fewer respiratory tract infections and skin infections.",contradicted,0.00022622785763815045,0.9985988736152649,0.001174934790469706,medium,0.4893134480714797,moderate,typeform/distilbert-base-uncased-mnli
pqa_labeled_66_ground_truth_c1,not_hallucinated,hard,,Our results suggest that colonoscopy does not affect the management of patients with acute diverticulitis nor alter the outcome.,1,knowledge_66,0.3758032692806016,"Medical records of 220 patients hospitalized for acute diverticulitis between June 1, 2002 and September 1, 2009 were reviewed. Acute diverticulitis was diagnosed by clinical criteria and characteristic CT findings. Fifteen patients were excluded either because of questionable CT or hematochezia. Mean age was 61.8±14.3 years (61% females). Clinical parameters, laboratory results, imaging, endoscopic and histopathological reports, and long-term patients' outcome were analyzed. One hundred patients (aged 61.8±13.3 y, 54.1% females), underwent an early (4 to 6 wk) colonoscopy after hospital discharge. There were no significant differences in patients' characteristics or survival between those with or without colonoscopy (4±1.9 vs. 4.2±2.1 y, P=0.62). No colonic malignancy was detected. However, in 32 patients (32%) at least 1 polyp was found. Only 1 was determined as an advanced adenoma. No new or different diagnosis was made after colonoscopy.",supported,0.9694700241088867,0.024963347241282463,0.00556666636839509,low,0.004992669448256493,low,typeform/distilbert-base-uncased-mnli
pqa_labeled_66_ground_truth_c2,not_hallucinated,hard,,"The current practice of a routine colonoscopy after acute diverticulitis, diagnosed by typical clinical symptoms",1,knowledge_66,0.3944915324706188,"Medical records of 220 patients hospitalized for acute diverticulitis between June 1, 2002 and September 1, 2009 were reviewed. Acute diverticulitis was diagnosed by clinical criteria and characteristic CT findings. Fifteen patients were excluded either because of questionable CT or hematochezia. Mean age was 61.8±14.3 years (61% females). Clinical parameters, laboratory results, imaging, endoscopic and histopathological reports, and long-term patients' outcome were analyzed. One hundred patients (aged 61.8±13.3 y, 54.1% females), underwent an early (4 to 6 wk) colonoscopy after hospital discharge. There were no significant differences in patients' characteristics or survival between those with or without colonoscopy (4±1.9 vs. 4.2±2.1 y, P=0.62). No colonic malignancy was detected. However, in 32 patients (32%) at least 1 polyp was found. Only 1 was determined as an advanced adenoma. No new or different diagnosis was made after colonoscopy.",contradicted,0.08662157505750656,0.9023808240890503,0.010997604578733444,medium,0.3158332884311676,moderate,typeform/distilbert-base-uncased-mnli
pqa_labeled_66_ground_truth_c3,not_hallucinated,hard,,CT needs to be reevaluated.,1,knowledge_684,0.2380798028407295,"The increasingly older population confronts oncologists with an imposing challenge: older cancer patients have specific healthcare needs both independent of and associated with the diagnosis of cancer. The aim of the present study is to examine whether elderly versus younger cancer patients have different needs with respect to attendance, treatment and information. This is an observational and cross-sectional study. Cancer patients aged 35 to 82 years were consecutively interviewed. The group was divided into two subgroups aged ≤65 and ≥66 years old. The Needs Evaluation Questionnaire (NEQ) was used to assess patients' needs and demographic variables were collected. Data analysis was carried out by means of cross-tabulation analyses and the chi-square test. The requests most frequently expressed by the older group concerned financial-insurance information (73.9%), the need to talk to people with the same illness (71.7%), the need to receive more comprehensible information from doctors and nurses (71.7%), and the need for a better dialogue with clinicians (69.6%). Few significant differences between the two age subgroups were found, with the exception of issues such as the need for intimacy and support.",supported,0.8648433089256287,0.009451295249164104,0.12570534646511078,low,0.001890259049832821,low,typeform/distilbert-base-uncased-mnli
pqa_labeled_66_hallucinated_c1,hallucinated,hard,Misinterpretation of #Question#,Colonoscopy after acute diverticulitis can identify,1,knowledge_66,0.4898535222518249,"Medical records of 220 patients hospitalized for acute diverticulitis between June 1, 2002 and September 1, 2009 were reviewed. Acute diverticulitis was diagnosed by clinical criteria and characteristic CT findings. Fifteen patients were excluded either because of questionable CT or hematochezia. Mean age was 61.8±14.3 years (61% females). Clinical parameters, laboratory results, imaging, endoscopic and histopathological reports, and long-term patients' outcome were analyzed. One hundred patients (aged 61.8±13.3 y, 54.1% females), underwent an early (4 to 6 wk) colonoscopy after hospital discharge. There were no significant differences in patients' characteristics or survival between those with or without colonoscopy (4±1.9 vs. 4.2±2.1 y, P=0.62). No colonic malignancy was detected. However, in 32 patients (32%) at least 1 polyp was found. Only 1 was determined as an advanced adenoma. No new or different diagnosis was made after colonoscopy.",supported,0.6829947233200073,0.3042539060115814,0.012751426547765732,low,0.08519109368324279,low,typeform/distilbert-base-uncased-mnli
pqa_labeled_66_hallucinated_c2,hallucinated,hard,Misinterpretation of #Question#,manage previously undetected colorectal polyps,1,knowledge_180,0.251025075701095,"Cholecystectomy for GB polyps that are larger than 10 mm is generally recommended because of the high probability of neoplasm. In contrast, a follow-up strategy is preferred for GB polyps smaller than 10 mm. However, there are no treatment guidelines for polyps that grow in size during the follow-up period.STUDY: We retrospectively investigated 145 patients with GB polyps who underwent at least 1 ultrasonographic follow-up examination over an interval greater than 6 months, before cholecystectomy at Samsung medical center, South Korea, from 1994 to 2007. The growth rate was determined based on the change in size per time interval between 2 ultrasonographic examinations (mm/mo). The median age of the patients was 48 years (range: 25 to 75). One hundred twenty-five non-neoplastic polyps and 20 neoplastic polyps were found. Neoplastic polyps were more frequently found in patients older than 60 years, those with hypertension, a polyp size greater than 10 mm, and a rapid growth rate greater than 0.6 mm/mo. On multivariate analysis, however, the growth rate was not related to the neoplastic nature of a polyp, but older age (>60 y) and large size (>10 mm) were significantly associated with neoplastic polyps.",unverifiable,0.00022120117500890046,0.0018318163929507136,0.9979470372200012,low,0.0005129085900261998,low,typeform/distilbert-base-uncased-mnli
pqa_labeled_66_hallucinated_c3,hallucinated,hard,Misinterpretation of #Question#,"malignancies, potentially altering treatment plans",1,knowledge_722,0.0955660773997243,"To assess gender differences among residents regarding their plans to have children during residency and determine the most influential reasons for these differences. Using the Health Belief Model as a framework, the authors created an instrument to survey 424 residents from 11 residency programs at three academic medical institutions about their intentions to have children during residency. The authors developed a scale to assess the perceived career threats of having children during residency, evaluated its psychometric properties, and calculated the effect of the mediators. The response rate was 77% (328/424). Forty-one percent of men versus 27% of women planned to have children during residency (P = .01). The instrument measured four career threats-extended training, loss of fellowship positions, pregnancy complications, and interference with career plans-on a five-point Likert scale. The scale had a Cronbach alpha of 0.84 and an eigenvalue of 2.2. Compared with men, women had higher scores for each item and a higher mean score (2.9 versus 2.1, P = .001), signifying greater belief in the potential of pregnancy to threaten careers. After adjusting for age, institution, postgraduate year, and knowledge of parental leave policies, women were less likely to plan to have children during residency (odds ratio 0.46 [95% confidence interval 0.25-0.84]). In mediation analysis, threats to career explained 67% of the gender variance.",supported,0.9817935228347778,0.0030315229669213295,0.015174907632172108,high,0.0021220660768449303,low,typeform/distilbert-base-uncased-mnli
pqa_labeled_67_ground_truth_c1,not_hallucinated,easy,,"IADL disability is a useful addition to the diagnostic process in a memory clinic setting, indicating who is at higher risk of developing dementia at 1-",1,knowledge_67,0.374229971209309,"To investigate whether problems in instrumental activities of daily living (IADL) can add to conventionally used clinical measurements in helping to predict a diagnosis of dementia at 1- and 2-year follow-up. Multicenter prospective cohort study. Memory clinics in Europe. Individuals aged 55 and older without dementia. IADLs were measured using pooled activities from five informant-based questionnaires. Structural equation modeling (SEM) was used to investigate the relation between IADLs and dementia. Age, sex, education, depression, and cognitive measures (Mini-Mental State Examination and verbal memory) were included in the model. Five hundred thirty-one participants had baseline and 1-year follow-up assessments; 69 (13.0%) of these had developed dementia at 1-year follow-up. At 2-year follow-up, 481 participants were seen, of whom 100 (20.8%) had developed dementia. Participants with IADL disabilities at baseline had a higher conversion rate (24.4%) than participants without IADL disabilities (16.7%) (chi-square = 4.28, degrees of freedom = 1, P = .04). SEM showed that IADL disability could help predict dementia in addition to the measured variables at 1-year follow-up (odds ratio (OR) = 2.20, 95% confidence interval (CI) = 1.51-3.13) and 2-year follow-up (OR = 2.11, 95% CI = 1.33-3.33).",unverifiable,0.04837506636977196,0.0019577520433813334,0.94966721534729,medium,0.0006852132151834666,low,typeform/distilbert-base-uncased-mnli
pqa_labeled_67_hallucinated_c1,hallucinated,easy,Misinterpretation of #Question#,IADL performance is less predictive of dementia than genetic markers such as APOE ε4 allele status.,1,knowledge_67,0.3601691412181826,"To investigate whether problems in instrumental activities of daily living (IADL) can add to conventionally used clinical measurements in helping to predict a diagnosis of dementia at 1- and 2-year follow-up. Multicenter prospective cohort study. Memory clinics in Europe. Individuals aged 55 and older without dementia. IADLs were measured using pooled activities from five informant-based questionnaires. Structural equation modeling (SEM) was used to investigate the relation between IADLs and dementia. Age, sex, education, depression, and cognitive measures (Mini-Mental State Examination and verbal memory) were included in the model. Five hundred thirty-one participants had baseline and 1-year follow-up assessments; 69 (13.0%) of these had developed dementia at 1-year follow-up. At 2-year follow-up, 481 participants were seen, of whom 100 (20.8%) had developed dementia. Participants with IADL disabilities at baseline had a higher conversion rate (24.4%) than participants without IADL disabilities (16.7%) (chi-square = 4.28, degrees of freedom = 1, P = .04). SEM showed that IADL disability could help predict dementia in addition to the measured variables at 1-year follow-up (odds ratio (OR) = 2.20, 95% confidence interval (CI) = 1.51-3.13) and 2-year follow-up (OR = 2.11, 95% CI = 1.33-3.33).",unverifiable,0.03271259739995003,0.06006910279393196,0.9072182178497314,low,0.016819348782300948,low,typeform/distilbert-base-uncased-mnli
pqa_labeled_68_ground_truth_c1,not_hallucinated,easy,,"In the present study, the use of an endoscope during VPS procedures did not increase the risk of surgical infection.",1,knowledge_68,0.5422189020589208,"The relationship between the use of an endoscope during ventriculoperitoneal shunt (VPS) procedures and infection remains poorly defined. In this study, we sought to analyze whether the simultaneous use of an endoscope could in fact increase the infection rate associated with VPS procedures. This study included 438 VPS procedures, 49 in which an endoscope was used (11.2%) and 389 in which an endoscope was not used (88.8%). The infection rates in these 2 main groups were calculated and compared. Subsequently, 4 new groups were created, composed of patients with a shunt inserted for the first time (groups 1A and 1B) and patients with a shunt reviewed or inserted for a second time (groups 2A and 2B). Groups 1A and 2A comprised patients in whom an endoscope was used simultaneously with VPS surgery, and groups 1B and 2B comprised patients in whom an endoscope was not used. These groups were compared to determine the infection rate. The overall infection rate was 18.5%, including 22.4% in the groups in which an endoscope was used and 18% in those in which an endoscope was not used (P = 0.449). Groups 1A and 1B and groups 2A and 2B were matched for possible intervening risk factors. The infection rate was 28.6% in group 1A and 16.2% in group 1B (P = 0.27), and 20% in group 2A and 19.8% in group 2B (P = 0.977).",unverifiable,0.002815997926518321,0.0015044945757836103,0.9956795573234558,medium,0.0005265731015242636,low,typeform/distilbert-base-uncased-mnli
pqa_labeled_68_hallucinated_c1,hallucinated,easy,Mechanism and Pathway Misattribution,The use of a neuroendoscope during VPS procedures increases the incidence of infections due to enhanced bacterial colonization of the surgical site.,1,knowledge_68,0.1642435946955903,"The relationship between the use of an endoscope during ventriculoperitoneal shunt (VPS) procedures and infection remains poorly defined. In this study, we sought to analyze whether the simultaneous use of an endoscope could in fact increase the infection rate associated with VPS procedures. This study included 438 VPS procedures, 49 in which an endoscope was used (11.2%) and 389 in which an endoscope was not used (88.8%). The infection rates in these 2 main groups were calculated and compared. Subsequently, 4 new groups were created, composed of patients with a shunt inserted for the first time (groups 1A and 1B) and patients with a shunt reviewed or inserted for a second time (groups 2A and 2B). Groups 1A and 2A comprised patients in whom an endoscope was used simultaneously with VPS surgery, and groups 1B and 2B comprised patients in whom an endoscope was not used. These groups were compared to determine the infection rate. The overall infection rate was 18.5%, including 22.4% in the groups in which an endoscope was used and 18% in those in which an endoscope was not used (P = 0.449). Groups 1A and 1B and groups 2A and 2B were matched for possible intervening risk factors. The infection rate was 28.6% in group 1A and 16.2% in group 1B (P = 0.27), and 20% in group 2A and 19.8% in group 2B (P = 0.977).",supported,0.9635529518127441,0.011676449328660965,0.024770593270659447,low,0.003969992771744728,low,typeform/distilbert-base-uncased-mnli
pqa_labeled_69_ground_truth_c1,not_hallucinated,hard,,Many children underestimated their degree of overweight.,1,knowledge_69,0.4330852279107586,"To compare children's, parents' and physicians' perceptions of children's body size. We administered a structured questionnaire of body size perception using a descriptive Likert scale keyed to body image figures to children ages 12 to 18 years. The same scale was given to parents of children ages 5 to 18 years. The sample consisted of 91 children and their parents being seen in the Pediatric Gastroenterology Clinic for concerns unrelated to overweight. Weight and height of the children were measured, and body mass index (BMI) was calculated. The children's BMI percentiles were categorized as underweight (<15th), normal (15th-85th), overweight (85th-95th), and obese (95th and above). The attending physician independently completed the body image and description scale and indicated the figure that most accurately represented the patient without reference to BMI standards. Accuracy of the patients', parents', and doctors' estimates were statistically compared. The sample population consisted of 6.4% underweight, 70.5% normal weight, 7.7% overweight, and 15.4% obese. Forty-four percent of parents underestimated children's body size using word descriptions and 47% underestimated using figures. Forty percent of the children underestimated their own body size using descriptions and 43% underestimated using figures. The physicians in this study had a higher percentage of correct estimates; however, they underestimated 33% of the patients using both word descriptions and figures. Some obese children were not recognized, and several average children were perceived as underweight.",supported,0.6424652338027954,0.16157616674900055,0.19595861434936523,low,0.03231523334980011,low,typeform/distilbert-base-uncased-mnli
pqa_labeled_69_ground_truth_c2,not_hallucinated,hard,,even their attending physicians shared this misperception.,1,knowledge_846,0.1247342516823794,"To determine whether volunteer family physician reports of the frequency of influenza-like illness (ILI) usefully supplement information from other influenza surveillance systems conducted by the Centers for Disease Control and Prevention. Evaluation of physician reports from five influenza surveillance seasons (1987-88 through 1991-92). Family physician office practices in all regions of the United States. An average of 140 physicians during each of five influenza seasons. None. An office visit or hospitalization of a patient for ILI, defined as presence of fever (temperature>or = 37.8 degrees C) and cough, sore throat, or myalgia, along with the physician's clinical judgment of influenza. A subset of physicians collected specimens for confirmation of influenza virus by culture. Physicians attributed 81,408 (5%) of 1,672,542 office visits to ILI; 2754 (3%) patients with ILI were hospitalized. Persons 65 years of age and older accounted for 11% of visits for ILI and 43% of hospitalizations for ILI. In three of five seasons, physicians obtained influenza virus isolates from a greater proportion of specimens compared with those processed by World Health Organization laboratories (36% vs 12%). Influenza virus isolates from sentinel physicians peaked from 1 to 4 weeks earlier than those reported by World Health Organization laboratories. Physicians reported peak morbidity 1 to 4 weeks earlier than state and territorial health departments in four of five seasons and 2 to 5 weeks earlier than peak mortality reported by 121 cities during seasons with excess mortality associated with pneumonia and influenza.",unverifiable,0.00011755652667488903,0.0011049213353544474,0.9987775683403015,low,0.0002209842670708895,low,typeform/distilbert-base-uncased-mnli
pqa_labeled_69_ground_truth_c3,not_hallucinated,hard,,This study demonstrates the need to further educate physicians to recognize obesity,1,knowledge_833,0.1175554937841902,"Childhood obesity is pandemic condition. The effect of obesity on trauma outcomes in children has been relatively understudied. We conducted this study to ascertain the effects of obesity on the hospital outcome of injured children. A retrospective cohort study of patients aged 2 to 18 years admitted to the King Abdul Aziz Medical City between May 2001 and May 2009 was conducted. Patients were categorized as lean (body mass index<95th percentile) and obese (body mass index ≥ 95th percentile). Groups were compared regarding admission demographics, mechanism of injury, pattern of injury, length of stay, intensive care unit admission, ventilation duration, types of procedures performed, injury severity score, and mortality. Nine hundred thirty-three patients were included, of those 55 (5.89%) children were obese. The obese children were older than nonobese (P = .001) and had a higher injury severity score (P = .001) and a lower pediatric trauma score (P = .00), heart rate (P = .0081), and respiratory rate (P = .000). There were no differences between groups with regard to sex, mechanism of injury, and surgical procedures. Obese children were more likely to have rib fractures (P = .02) and pelvic injuries (P = .033). There was no significant association between mortality and obesity (P = .42).",unverifiable,0.0002288140240125358,0.0006674749893136322,0.9991037249565125,low,0.00013349499786272646,low,typeform/distilbert-base-uncased-mnli
pqa_labeled_69_ground_truth_c4,not_hallucinated,hard,,overweight so that they can counsel children,1,knowledge_69,0.3711843113034287,"To compare children's, parents' and physicians' perceptions of children's body size. We administered a structured questionnaire of body size perception using a descriptive Likert scale keyed to body image figures to children ages 12 to 18 years. The same scale was given to parents of children ages 5 to 18 years. The sample consisted of 91 children and their parents being seen in the Pediatric Gastroenterology Clinic for concerns unrelated to overweight. Weight and height of the children were measured, and body mass index (BMI) was calculated. The children's BMI percentiles were categorized as underweight (<15th), normal (15th-85th), overweight (85th-95th), and obese (95th and above). The attending physician independently completed the body image and description scale and indicated the figure that most accurately represented the patient without reference to BMI standards. Accuracy of the patients', parents', and doctors' estimates were statistically compared. The sample population consisted of 6.4% underweight, 70.5% normal weight, 7.7% overweight, and 15.4% obese. Forty-four percent of parents underestimated children's body size using word descriptions and 47% underestimated using figures. Forty percent of the children underestimated their own body size using descriptions and 43% underestimated using figures. The physicians in this study had a higher percentage of correct estimates; however, they underestimated 33% of the patients using both word descriptions and figures. Some obese children were not recognized, and several average children were perceived as underweight.",unverifiable,0.16316454112529755,0.2607477009296417,0.5760877132415771,low,0.05214954018592835,low,typeform/distilbert-base-uncased-mnli
pqa_labeled_69_hallucinated_c1,hallucinated,hard,Misinterpretation of #Question#,"Parents tend to overestimate their children's body size,",1,knowledge_69,0.438446080521624,"To compare children's, parents' and physicians' perceptions of children's body size. We administered a structured questionnaire of body size perception using a descriptive Likert scale keyed to body image figures to children ages 12 to 18 years. The same scale was given to parents of children ages 5 to 18 years. The sample consisted of 91 children and their parents being seen in the Pediatric Gastroenterology Clinic for concerns unrelated to overweight. Weight and height of the children were measured, and body mass index (BMI) was calculated. The children's BMI percentiles were categorized as underweight (<15th), normal (15th-85th), overweight (85th-95th), and obese (95th and above). The attending physician independently completed the body image and description scale and indicated the figure that most accurately represented the patient without reference to BMI standards. Accuracy of the patients', parents', and doctors' estimates were statistically compared. The sample population consisted of 6.4% underweight, 70.5% normal weight, 7.7% overweight, and 15.4% obese. Forty-four percent of parents underestimated children's body size using word descriptions and 47% underestimated using figures. Forty percent of the children underestimated their own body size using descriptions and 43% underestimated using figures. The physicians in this study had a higher percentage of correct estimates; however, they underestimated 33% of the patients using both word descriptions and figures. Some obese children were not recognized, and several average children were perceived as underweight.",supported,0.8396036028862,0.08684064447879791,0.07355578988790512,low,0.024315380454063416,low,typeform/distilbert-base-uncased-mnli
pqa_labeled_69_hallucinated_c2,hallucinated,hard,Misinterpretation of #Question#,children themselves underestimate it.,1,knowledge_69,0.1860105510938174,"To compare children's, parents' and physicians' perceptions of children's body size. We administered a structured questionnaire of body size perception using a descriptive Likert scale keyed to body image figures to children ages 12 to 18 years. The same scale was given to parents of children ages 5 to 18 years. The sample consisted of 91 children and their parents being seen in the Pediatric Gastroenterology Clinic for concerns unrelated to overweight. Weight and height of the children were measured, and body mass index (BMI) was calculated. The children's BMI percentiles were categorized as underweight (<15th), normal (15th-85th), overweight (85th-95th), and obese (95th and above). The attending physician independently completed the body image and description scale and indicated the figure that most accurately represented the patient without reference to BMI standards. Accuracy of the patients', parents', and doctors' estimates were statistically compared. The sample population consisted of 6.4% underweight, 70.5% normal weight, 7.7% overweight, and 15.4% obese. Forty-four percent of parents underestimated children's body size using word descriptions and 47% underestimated using figures. Forty percent of the children underestimated their own body size using descriptions and 43% underestimated using figures. The physicians in this study had a higher percentage of correct estimates; however, they underestimated 33% of the patients using both word descriptions and figures. Some obese children were not recognized, and several average children were perceived as underweight.",supported,0.4850083887577057,0.11728338897228241,0.3977082371711731,low,0.03283934891223907,low,typeform/distilbert-base-uncased-mnli
pqa_labeled_69_hallucinated_c3,hallucinated,hard,Misinterpretation of #Question#,"Physicians, however, provide more accurate assessments, though they still struggle to correctly identify normal weight.",1,knowledge_102,0.1148082290481858,"Little is known about the validity and reliability of expert assessments of the quality of antimicrobial prescribing, despite their importance in antimicrobial stewardship. We investigated how infectious disease doctors' assessments compared with a reference standard (modal expert opinion) and with the assessments of their colleagues. Twenty-four doctors specialized in infectious diseases or clinical microbiology (16 specialists and 8 residents) from five hospitals were asked to assess the appropriateness of antimicrobial agents prescribed for a broad spectrum of indications in 56 paper cases. They were instructed how to handle guideline applicability and deviations. We created a reference standard of antimicrobial appropriateness using the modal assessment of 16 specialists. We calculated criterion validity and interrater and intrarater overall and specific agreement with an index expert (senior infectious disease physician) and analysed the influence of doctor characteristics on validity. Specialists agreed with the reference standard in 80% of cases (range 75%-86%), with a sensitivity and specificity of 75% and 84%, respectively. This did not differ by clinical specialty, hospital or years of experience, and residents had similar results. Specialists agreed with the index expert in 76% of cases and the index expert agreed with his previous assessments in 71% of cases.",unverifiable,0.0023847955744713545,0.0010971492156386375,0.9965180158615112,low,0.00030720178037881853,low,typeform/distilbert-base-uncased-mnli
pqa_labeled_70_ground_truth_c1,not_hallucinated,medium,,A specialized training program to improve phonologic awareness as a basis for reading,1,knowledge_70,0.4278703305818733,"In a prospective study 218 preschool children were enrolled (stratified in 2 training programs, one specialized for phonologic awareness in order to prevent dyslexia, the other consisting in training of general perception) during the last year of kindergarten. After finishing the first grade 131 children were compared in their reading and writing abilities. In the whole group only a slight difference was found between both training modalities concerning their writing abilities. However, children with a history of hearing loss, actual hearing loss or pathologic middle ear findings profited most from the specialized training program compared to the control in their reading abilities.",unverifiable,0.0007537523633800447,0.0005704031791538,0.9986758828163147,low,0.00011408063583076001,low,typeform/distilbert-base-uncased-mnli
pqa_labeled_70_ground_truth_c2,not_hallucinated,medium,,writing in every kindergarten,1,knowledge_70,0.3062559558365541,"In a prospective study 218 preschool children were enrolled (stratified in 2 training programs, one specialized for phonologic awareness in order to prevent dyslexia, the other consisting in training of general perception) during the last year of kindergarten. After finishing the first grade 131 children were compared in their reading and writing abilities. In the whole group only a slight difference was found between both training modalities concerning their writing abilities. However, children with a history of hearing loss, actual hearing loss or pathologic middle ear findings profited most from the specialized training program compared to the control in their reading abilities.",unverifiable,0.0001039218986988999,0.00028101520729251206,0.9996150732040405,low,5.620304145850241e-05,low,typeform/distilbert-base-uncased-mnli
pqa_labeled_70_ground_truth_c3,not_hallucinated,medium,,preschool child seems to be unnecessary.,1,knowledge_898,0.1541158924515522,"Limited and conflicting data exist on an association between mammographic density (MD) and re-excision rates after breast-conserving surgery (BCS). Additionally, the correlation of MD with resection of unnecessary margins during initial BCS is unknown. All women with a diagnosis of breast cancer from 2003 to 2012 and enrolled in a larger study on MD were evaluated. Operative and pathology reports were reviewed to determine margin resection and involvement. Mammographic density was determined both by breast imaging-reporting and data system (BI-RADS) classification and by an automated software program (Volpara Solutions). Additional margins were deemed unnecessary if the lumpectomy specimen margin was free of invasive tumor [≥2 mm for ductal carcinoma in situ (DCIS)] or if further re-excision was needed. Of 655 patients, 398 (60.8%) had BCS, whereas 226 (34.5%) underwent initial mastectomy. The women with denser breasts (BI-RADS 3 or 4) underwent initial mastectomy more frequently than the women with less dense breasts (40.0 vs. 30.5%, respectively; p = 0.0118). Of the patients with BCS, 166 (41.7%) required separate re-excision. Additional margins were taken during BCS in 192 (48.2%) patients, with 151 (78.6%) proving to be unnecessary. In the bivariable analysis, the patients with denser breasts according to BI-RADS classification and volumetric density showed a trend toward requiring more frequent re-excision, but this association was not seen in the multivariable analysis. The rate of unnecessary margins did not differ by breast density. In the multivariate analysis, the re-excision rates increased with DCIS (p<0.0003) and decreased with resection of additional margins (p = 0.0043).",contradicted,0.03072340227663517,0.9346583485603333,0.03461824357509613,low,0.18693166971206665,low,typeform/distilbert-base-uncased-mnli
pqa_labeled_70_ground_truth_c4,not_hallucinated,medium,,"However, children with temporary hearing deficits benefit from such a program.",1,knowledge_70,0.1821401912122161,"In a prospective study 218 preschool children were enrolled (stratified in 2 training programs, one specialized for phonologic awareness in order to prevent dyslexia, the other consisting in training of general perception) during the last year of kindergarten. After finishing the first grade 131 children were compared in their reading and writing abilities. In the whole group only a slight difference was found between both training modalities concerning their writing abilities. However, children with a history of hearing loss, actual hearing loss or pathologic middle ear findings profited most from the specialized training program compared to the control in their reading abilities.",unverifiable,0.00044161875848658383,0.0013613937189802527,0.9981970191001892,low,0.00027227874379605056,low,typeform/distilbert-base-uncased-mnli
pqa_labeled_70_ground_truth_c5,not_hallucinated,medium,,For all other children general perception training may be sufficient.,1,knowledge_70,0.3035041008393148,"In a prospective study 218 preschool children were enrolled (stratified in 2 training programs, one specialized for phonologic awareness in order to prevent dyslexia, the other consisting in training of general perception) during the last year of kindergarten. After finishing the first grade 131 children were compared in their reading and writing abilities. In the whole group only a slight difference was found between both training modalities concerning their writing abilities. However, children with a history of hearing loss, actual hearing loss or pathologic middle ear findings profited most from the specialized training program compared to the control in their reading abilities.",unverifiable,0.00017157797992695123,0.0002857633226085454,0.9995427131652832,low,5.715266452170909e-05,low,typeform/distilbert-base-uncased-mnli
pqa_labeled_70_hallucinated_c1,hallucinated,medium,Incomplete Information,A specialized training program focusing on phonological awareness is beneficial for every preschool child to ensure optimal language development,1,knowledge_70,0.2655676600194331,"In a prospective study 218 preschool children were enrolled (stratified in 2 training programs, one specialized for phonologic awareness in order to prevent dyslexia, the other consisting in training of general perception) during the last year of kindergarten. After finishing the first grade 131 children were compared in their reading and writing abilities. In the whole group only a slight difference was found between both training modalities concerning their writing abilities. However, children with a history of hearing loss, actual hearing loss or pathologic middle ear findings profited most from the specialized training program compared to the control in their reading abilities.",unverifiable,0.00017765774100553244,0.0002828151045832783,0.9995394945144653,low,6.221932300832123e-05,low,typeform/distilbert-base-uncased-mnli
pqa_labeled_70_hallucinated_c2,hallucinated,medium,Incomplete Information,prevent potential reading difficulties later in school.,1,knowledge_271,0.2210278226070573,"Cerebral hemispherectomy, a surgical procedure undergone to control intractable seizures, is becoming a standard procedure with more cases identified and treated early in life [33]. While the effect of the dominant hemisphere resection on spoken language has been extensively researched, little is known about reading abilities in individuals after left-sided resection. Left-lateralized phonological abilities are the key components of reading, i.e., grapheme-phoneme conversion skills [1]. These skills are critical for the acquisition of word-specific orthographic knowledge and have been shown to predict reading levels in average readers as well as in readers with mild cognitive disability [26]. Furthermore, impaired phonological processing has been implicated as the cognitive basis in struggling readers. Here, we explored the reading skills in participants who have undergone left cerebral hemispherectomy. Seven individuals who have undergone left cerebral hemispherectomy to control intractable seizures associated with perinatal infarct have been recruited for this study. We examined if components of phonological processing that are shown to reliably separate average readers from struggling readers, i.e., phonological awareness, verbal memory, speed of retrieval, and size of vocabulary, show the same relationship to reading levels when they are mediated by the right hemisphere [2]. We found that about 60% of our group developed both word reading and paragraph reading in the average range. Phonological processing measured by both phonological awareness and nonword reading was unexpectedly spared in the majority of participants. Phonological awareness levels strongly correlated with word reading. Verbal memory, a component of phonological processing skills, together with receptive vocabulary size, positively correlated with reading levels similar to those reported in average readers. Receptive vocabulary, a bilateral function, was preserved to a certain degree similar to that of strongly left-lateralized phonological skills [3]. Later seizure onset was associated with better reading levels.",supported,0.9636653065681458,0.004992925561964512,0.031341802328825,low,0.0010984436236321927,low,typeform/distilbert-base-uncased-mnli
pqa_labeled_71_ground_truth_c1,not_hallucinated,hard,,These findings indicate that a relationship between multiple sclerosis,1,knowledge_71,0.1110133492653155,"Multiple sclerosis (MS) is an immune-mediated inflammatory demyelinating disease of uncertain etiology. Although the mechanisms of inducting autoimmunity by some of the infectious agents have been investigated, there is not yet enough research on streptococcal infections.MATERIAL/ To understand the effect of past group A streptococcal infection on MS, antistreptolysin O (ASO) and antideoxyribonuclease B (ADNase B) were measured in 21 patients with relapsing-remitting MS and 21 healthy blood donors by nephelometric assay. ADNase B levels in the patients with MS were found to be significantly higher than in the controls (p<0.001); however, ASO levels were similar in both groups.",unverifiable,0.0003485550987534225,0.0036615056451410055,0.9959898591041565,low,0.0007323011290282012,low,typeform/distilbert-base-uncased-mnli
pqa_labeled_71_ground_truth_c2,not_hallucinated,hard,,"streptococcal infections may exist,",1,knowledge_71,0.2562775522669315,"Multiple sclerosis (MS) is an immune-mediated inflammatory demyelinating disease of uncertain etiology. Although the mechanisms of inducting autoimmunity by some of the infectious agents have been investigated, there is not yet enough research on streptococcal infections.MATERIAL/ To understand the effect of past group A streptococcal infection on MS, antistreptolysin O (ASO) and antideoxyribonuclease B (ADNase B) were measured in 21 patients with relapsing-remitting MS and 21 healthy blood donors by nephelometric assay. ADNase B levels in the patients with MS were found to be significantly higher than in the controls (p<0.001); however, ASO levels were similar in both groups.",unverifiable,0.0003816250537056476,0.0033756543416529894,0.9962427616119385,low,0.0006751308683305979,low,typeform/distilbert-base-uncased-mnli
pqa_labeled_71_ground_truth_c3,not_hallucinated,hard,,"to acquire a better understanding of the role of group A streptococci in the pathogenesis of multiple sclerosis, more studies with animal models are necessary.",1,knowledge_71,0.0747444847460581,"Multiple sclerosis (MS) is an immune-mediated inflammatory demyelinating disease of uncertain etiology. Although the mechanisms of inducting autoimmunity by some of the infectious agents have been investigated, there is not yet enough research on streptococcal infections.MATERIAL/ To understand the effect of past group A streptococcal infection on MS, antistreptolysin O (ASO) and antideoxyribonuclease B (ADNase B) were measured in 21 patients with relapsing-remitting MS and 21 healthy blood donors by nephelometric assay. ADNase B levels in the patients with MS were found to be significantly higher than in the controls (p<0.001); however, ASO levels were similar in both groups.",unverifiable,0.0005350788705982268,0.003907749429345131,0.9955571293830872,low,0.0007815498858690262,low,typeform/distilbert-base-uncased-mnli
pqa_labeled_71_hallucinated_c1,hallucinated,hard,Misinterpretation of #Question#,"Studies have shown that streptococcal infections can trigger an autoimmune response that mimics the symptoms of multiple sclerosis, suggesting a causal link.",1,knowledge_71,0.1819241916807675,"Multiple sclerosis (MS) is an immune-mediated inflammatory demyelinating disease of uncertain etiology. Although the mechanisms of inducting autoimmunity by some of the infectious agents have been investigated, there is not yet enough research on streptococcal infections.MATERIAL/ To understand the effect of past group A streptococcal infection on MS, antistreptolysin O (ASO) and antideoxyribonuclease B (ADNase B) were measured in 21 patients with relapsing-remitting MS and 21 healthy blood donors by nephelometric assay. ADNase B levels in the patients with MS were found to be significantly higher than in the controls (p<0.001); however, ASO levels were similar in both groups.",unverifiable,0.00045800284715369344,0.0035643470473587513,0.9959775805473328,medium,0.001746530053205788,low,typeform/distilbert-base-uncased-mnli
pqa_labeled_72_ground_truth_c1,not_hallucinated,hard,,2ME is able to enhance the antiproliferative activity of certain chemotherapeutics at pharmacological relevant concentrations.,1,knowledge_72,0.2487674269531876,"The endogenous estradiol metabolite, 2-methoxyestradiol (2ME), has been shown to be a potent inhibitor of cell growth and a strong anti-angiogenic substance. We investigated for the first time whether in vitro combinations of 2ME with various chemotherapeutic compounds may result in an additive inhibitory effect on the proliferation of human ovary cancer cells. As a model two different human ovary cancer cell lines were used. All cell lines were incubated with equimolar concentrations of 2ME (0.8-25 microM) and the chemotherapeutics epirubicine, doxorubicine, paclitaxel, docetaxel, carboplatin, vinorelbine, 5-fluorouracil and mafosfamide. Proliferation was measured after four days using the ATP-chemosensitivity test. For both ovary cancer cell lines a significant additive effect of 2ME with epirubicine and carboplatin was observed at the lower concentration range of these chemotherapeutic substances.",unverifiable,0.0002674049464985728,0.0032272273674607277,0.9965053796768188,low,0.0006454454734921456,low,typeform/distilbert-base-uncased-mnli
pqa_labeled_72_ground_truth_c2,not_hallucinated,hard,,This estradiol metabolite is currently in a phase II trial in patients with refractary metastatic breast cancer,1,knowledge_902,0.1820327360980091,"To provide equality of cancer care to rural patients, Townsville Cancer Centre administers intensive chemotherapy regimens to rural patients with node-positive breast and metastatic colorectal cancers at the same doses as urban patients. Side-effects were usually managed by rural general practitioners locally.AIM: The aim is to determine the safety of this practice by comparing the profile of serious adverse events and dose intensities between urban and rural patients at the Townsville Cancer Centre. A retrospective audit was conducted in patients with metastatic colorectal and node-positive breast cancers during a 24-month period. Fisher's exact test was used for analysis. Rurality was determined as per rural, remote and metropolitan classification. Of the 121 patients included, 70 and 51 patients had breast and colon cancers respectively. The urban versus rural patient split among all patients, breast and colorectal cancer subgroups was 68 versus 53, 43 versus 27 and 25 versus 26 respectively. A total of 421 cycles was given with dose intensity of>95% for breast cancer in both groups (P>0.05). Rate of febrile neutropenia was 9.3% versus 7.4% (P = 0.56). For XELOX, rate of diarrhoea was 20% versus 19% (P = 0.66) and rate of vomiting was 20% versus 11% (P = 0.11). Only two patients were transferred to Townsville for admission. No toxic death occurred in either group.",unverifiable,0.00018109138181898743,0.32898080348968506,0.6708381175994873,low,0.06579616069793702,low,typeform/distilbert-base-uncased-mnli
pqa_labeled_72_ground_truth_c3,not_hallucinated,hard,,the tolerability has been shown to be very good.,1,knowledge_893,0.1127740305313187,"The ImmunoCAP ISAC 112 is a fluoro-immunoassay that allows detection of specific IgE to 112 molecular components from 51 allergenic sources. We studied the reliability of this technique intra- and inter- assay, as well as inter-batch- and inter-laboratory-assay. Twenty samples were studied, nineteen sera from polysensitized allergic patients, and the technique calibrator provided by the manufacturer (CTR02). We measured the sIgE from CTR02 and three patients' sera ten times in the same and in different assays. Furthermore, all samples were tested in two laboratories and with two batches of ISAC kit. To evaluate the accuracy of ISAC 112, we contrasted the determinations of CTR02 calibrator with their expected values by T Student test. To analyse the precision, we calculated the coefficient of variation (CV) of the 15 allergens that generate the calibration curve, and to analyse the repeatability and the reproducibility, we calculated the intraclass coefficient correlation (ICC) to each allergen. The results obtained for CTR02 were similar to those expected in 7 of 15 allergens that generate the calibration curve, whereas in 8 allergens the results showed significant differences. The mean CV obtained in the CTR02 determinations was of 9.4%, and the variability of sera from patients was of 22.9%. The agreement in the intra- and inter-assay analysis was very good to 94 allergens and good to one. In the inter-batch analyse, we obtained a very good agreement to 82 allergens, good to 14, moderate to 5 allergens, poor to one, and bad to 1 allergen. In the inter-laboratory analyse, we obtained a very good agreement to 73 allergens, good to 22, moderate to 6 and poor to two allergens.",supported,0.4679306745529175,0.2449270784854889,0.28714221715927124,low,0.04898541569709778,low,typeform/distilbert-base-uncased-mnli
pqa_labeled_72_ground_truth_c4,not_hallucinated,hard,,The combination of 2ME with chemotherapeutics may,1,knowledge_72,0.3557191392503733,"The endogenous estradiol metabolite, 2-methoxyestradiol (2ME), has been shown to be a potent inhibitor of cell growth and a strong anti-angiogenic substance. We investigated for the first time whether in vitro combinations of 2ME with various chemotherapeutic compounds may result in an additive inhibitory effect on the proliferation of human ovary cancer cells. As a model two different human ovary cancer cell lines were used. All cell lines were incubated with equimolar concentrations of 2ME (0.8-25 microM) and the chemotherapeutics epirubicine, doxorubicine, paclitaxel, docetaxel, carboplatin, vinorelbine, 5-fluorouracil and mafosfamide. Proliferation was measured after four days using the ATP-chemosensitivity test. For both ovary cancer cell lines a significant additive effect of 2ME with epirubicine and carboplatin was observed at the lower concentration range of these chemotherapeutic substances.",unverifiable,0.00047061420627869666,0.14207333326339722,0.8574560880661011,low,0.028414666652679443,low,typeform/distilbert-base-uncased-mnli
pqa_labeled_72_ground_truth_c5,not_hallucinated,hard,,offer a new clinically relevant treatment regimen for hormone-dependent cancer.,1,knowledge_366,0.1534090490753242,"Longitudinally following patients requires a full-time employee (FTE)-dependent data inflow infrastructure. There are efforts to capture patient-reported outcomes (PROs) by the use of non-FTE-dependent methodologies. In this study, we set out to assess the reliability of PRO data captured via FTE-dependent compared with non-FTE-dependent methodologies. A total of 119 adult patients (65 men) who underwent 1-and 2-level lumbar fusions at Duke University Medical Center were enrolled in this prospective study. Enrollment criteria included available demographic, clinical, and PRO data. All patients completed 2 sets of questionnaires--the first a phone interviews and the second a self-survey. There was at least a 2-week period between the phone interviews and self-survey. Questionnaires included the Oswestry Disability Index (ODI), the visual analog scale for back pain (VAS-BP), and the visual analog scale for leg pain (VAS-LP). Repeated-measures analysis of variance was used to compare the reliability of baseline PRO data captured. A total of 39.49% of patients were smokers, 21.00% had diabetes, and 11.76% had coronary artery disease; 26.89% reported history of anxiety disorder, and 28.57% reported history of depression. A total of 97.47% of patients had a high-school diploma or General Education Development, and 49.57% attained a 4-year college degree or postgraduate degree. We observed a high correlation between baseline PRO data captured between FTE-dependent versus non-FTE dependent methodologies (ODI: r = -0.89, VAS-BP: r = 0.74, VAS-LP: r = 0.70). There was no difference in PROs of baseline pain and functional disability between FTE-dependent and non-FTE-dependent methodologies: baseline ODI (FTE-dependent: 47.73 ± 16.77 [mean ± SD] vs. non-FTE-dependent: 45.81 ± 12.11, P = 0.39), VAS-LP (FTE-dependent: 6.13 ± 2.78 vs. non-FTE-dependent: 6.46 ± 2.79, P = 0.36) and VAS-BP (FTE-dependent: 6.33 ± 2.90 vs. non-FTE-dependent: 6.53 ± 2.48, P = 0.57).",contradicted,0.00016315402172040194,0.9991227984428406,0.0007140390807762742,high,0.4995613992214203,moderate,typeform/distilbert-base-uncased-mnli
pqa_labeled_72_hallucinated_c1,hallucinated,hard,Misinterpretation of #Question#,The combination of 2-methoxyestradiol with epirubicine,1,knowledge_72,0.2134314835502239,"The endogenous estradiol metabolite, 2-methoxyestradiol (2ME), has been shown to be a potent inhibitor of cell growth and a strong anti-angiogenic substance. We investigated for the first time whether in vitro combinations of 2ME with various chemotherapeutic compounds may result in an additive inhibitory effect on the proliferation of human ovary cancer cells. As a model two different human ovary cancer cell lines were used. All cell lines were incubated with equimolar concentrations of 2ME (0.8-25 microM) and the chemotherapeutics epirubicine, doxorubicine, paclitaxel, docetaxel, carboplatin, vinorelbine, 5-fluorouracil and mafosfamide. Proliferation was measured after four days using the ATP-chemosensitivity test. For both ovary cancer cell lines a significant additive effect of 2ME with epirubicine and carboplatin was observed at the lower concentration range of these chemotherapeutic substances.",unverifiable,0.0005289341788738966,0.20753765106201172,0.7919333577156067,low,0.05811054229736328,low,typeform/distilbert-base-uncased-mnli
pqa_labeled_72_hallucinated_c2,hallucinated,hard,Misinterpretation of #Question#,"doxorubicin can significantly reduce the required dosages of chemotherapy in treating human ovarian cancer,",1,knowledge_487,0.3187199629451787,Surgical excision of ovarian endometriomas in patients desiring pregnancy has recently been criticized because of the risk of damage to healthy ovarian tissue and consequent reduction of ovarian reserve. A correct diagnosis in cases not scheduled for surgery is therefore mandatory in order to avoid unexpected ovarian cancer misdiagnosis. Endometriosis is often associated with high levels of CA125. This marker is therefore not useful for discriminating ovarian endometrioma from ovarian malignancy. The aim of this study was to establish if the serum marker CA72-4 could be helpful in the differential diagnosis between ovarian endometriosis and epithelial ovarian cancer. Serums CA125 and CA72-4 were measured in 72 patients with ovarian endometriomas and 55 patients with ovarian cancer. High CA125 concentrations were observed in patients with ovarian endometriosis and in those with ovarian cancer. A marked difference in CA72-4 values was observed between women with ovarian cancer (71.0%) and patients with endometriosis (13.8%) (P<0.0001).,unverifiable,0.05777444690465927,0.019840890541672707,0.9223846793174744,high,0.013888623379170894,low,typeform/distilbert-base-uncased-mnli
pqa_labeled_73_ground_truth_c1,not_hallucinated,easy,,"As a new assessment method, we have suggested to assess the JL by means of radiographs of the contralateral knee.",1,knowledge_73,0.3029217774802468,"Reconstructing the natural joint line in knee revision surgery improves clinical and functional outcome but may be challenging when both cartilage and bone were removed during previous operations. Assessing joint lines (JLs) by means of bony landmarks is inadvisable because of large variations in human anatomy. Because of the inherent symmetry of the human body, we hypothesised that JLs may be directly assessed by measuring the distances from the bony landmarks to the JL of the contralateral knee by means of radiographic images. Using scaled weight-bearing radiographs in anteroposterior view of both knees, two independent observers measured the distances from the fibular head, the medial and lateral epicondyle, and the adductor tubercle to the JL. A two-sided p value of ≤0.05 was considered statistically significant. Two hundred knees of 100 patients (50 men and 50 women) were examined. For the fibular head, the mean difference between the treated and the control knee was 0.0 mm with narrow confidence limits ranging from -1.1 to 1.1.",unverifiable,0.0014208295615389943,0.013405322097241879,0.9851738810539246,low,0.0026810644194483757,low,typeform/distilbert-base-uncased-mnli
pqa_labeled_73_ground_truth_c2,not_hallucinated,easy,,The most precise parameter was found to be the distance between the fibular head,1,knowledge_80,0.1709276103587213,"It is unclear whether traveling long distances to high-volume centers would compensate for travel burden among patients undergoing rectal cancer resection. The purpose of this study was to determine whether operative volume outweighs the advantages of being treated locally by comparing the outcomes of patients with rectal cancer treated at local, low-volume centers versus far, high-volume centers. This was a population-based study. The National Cancer Database was queried for patients with rectal cancer. Patients with stage II or III rectal cancer who underwent surgical resection between 2006 and 2012 were included. The outcomes of interest were margins, lymph node yield, receipt of neoadjuvant chemoradiation, adjuvant chemotherapy, readmission within 30 days, 30-day and 90-day mortality, and 5-year overall survival. A total of 18,605 patients met inclusion criteria; 2067 patients were in the long-distance/high-volume group and 1362 in the short-distance/low-volume group. The median travel distance was 62.6 miles for the long-distance/high-volume group and 2.3 miles for the short-distance/low-volume group. Patients who were younger, white, privately insured, and stage III were more likely to have traveled to a high-volume center. When controlled for patient factors, stage, and hospital factors, patients in the short-distance/low-volume group had lower odds of a lymph node yield ≥12 (OR = 0.51) and neoadjuvant chemoradiation (OR = 0.67) and higher 30-day (OR = 3.38) and 90-day mortality (OR = 2.07) compared with those in the long-distance/high-volume group. The short-distance/low-volume group had a 34% high risk of overall mortality at 5 years compared with the long-distance/high-volume group. We lacked data regarding patient and physician decision making and surgeon-specific factors.",contradicted,0.0006961763137951493,0.9969798922538757,0.002323949709534645,low,0.19939597845077517,low,typeform/distilbert-base-uncased-mnli
pqa_labeled_73_ground_truth_c3,not_hallucinated,easy,,"The level of arthritis, age, gender, visibility of the landmarks,",1,knowledge_794,0.1622680389848125,"1,412 individuals attending the University of Queensland's School of Dentistry were assessed for the prevalence of periodontal disease and rheumatoid arthritis. Analysis of data obtained from a self-reported health questionnaire and dental records was carried out and included: number of individuals referred for advanced periodontal care (test group); number of individuals attending for routine dentistry; determination of rheumatoid arthritis, cardiovascular disease and diabetes mellitus through self-reporting and assessment of prescription medications; assessment of periodontal disease through assessment of existing oral radiographs. In patients referred for periodontal treatment, the prevalence of self-reported rheumatoid arthritis was 3.95% which is significantly higher than that seen in patients not referred for periodontal treatment (0.66%) and also that reported in the general population (1%). Of those referred patients with rheumatoid arthritis, 62.5% had advanced forms of periodontal disease. These results were mirrored in the results of the self-reported prevalence of cardiovascular disease and diabetes mellitus which was consistent with the published higher prevalence in periodontal patients.",unverifiable,0.00417000288143754,0.01195697020739317,0.9838730692863464,low,0.002391394041478634,low,typeform/distilbert-base-uncased-mnli
pqa_labeled_73_ground_truth_c4,not_hallucinated,easy,,misalignment did not influence measurement accuracy.,1,knowledge_867,0.1104336861916951,"In this single-centre prospective study, triage nurses estimated the probability of admission using a 100 mm visual analogue scale (VAS), and GAPS was generated automatically from triage data. We compared calibration using rank sum tests, discrimination using area under receiver operating characteristic curves (AUC) and accuracy with McNemar's test. Of 1829 attendances, 745 (40.7%) were admitted, not significantly different from GAPS' prediction of 750 (41.0%, p=0.678). In contrast, the nurses' mean VAS predicted 865 admissions (47.3%), overestimating by 6.6% (p<0.0001). GAPS discriminated between admission and discharge as well as nurses, its AUC 0.876 compared with 0.875 for VAS (p=0.93). As a binary predictor, its accuracy was 80.6%, again comparable with VAS (79.0%), p=0.18. In the minority of attendances, when nurses felt at least 95% certain of the outcome, VAS' accuracy was excellent, at 92.4%. However, in the remaining majority, GAPS significantly outperformed VAS on calibration (+1.2% vs +9.2%, p<0.0001), discrimination (AUC 0.810 vs 0.759, p=0.001) and accuracy (75.1% vs 68.9%, p=0.0009). When we used GAPS, but 'over-ruled' it when clinical certainty was ≥95%, this significantly outperformed either method, with AUC 0.891 (0.877-0.907) and accuracy 82.5% (80.7%-84.2%).",contradicted,0.0012516808928921819,0.9961552023887634,0.0025930816773325205,low,0.1992310404777527,low,typeform/distilbert-base-uncased-mnli
pqa_labeled_73_ground_truth_c5,not_hallucinated,easy,,"This parameter is the first tibia-related landmark for assessing the JL, which advantageously corresponds to the tibia-first technique in revision surgery.",1,knowledge_73,0.1412897031563087,"Reconstructing the natural joint line in knee revision surgery improves clinical and functional outcome but may be challenging when both cartilage and bone were removed during previous operations. Assessing joint lines (JLs) by means of bony landmarks is inadvisable because of large variations in human anatomy. Because of the inherent symmetry of the human body, we hypothesised that JLs may be directly assessed by measuring the distances from the bony landmarks to the JL of the contralateral knee by means of radiographic images. Using scaled weight-bearing radiographs in anteroposterior view of both knees, two independent observers measured the distances from the fibular head, the medial and lateral epicondyle, and the adductor tubercle to the JL. A two-sided p value of ≤0.05 was considered statistically significant. Two hundred knees of 100 patients (50 men and 50 women) were examined. For the fibular head, the mean difference between the treated and the control knee was 0.0 mm with narrow confidence limits ranging from -1.1 to 1.1.",unverifiable,0.0008981493301689625,0.012882356531918049,0.986219584941864,low,0.0025764713063836098,low,typeform/distilbert-base-uncased-mnli
pqa_labeled_73_hallucinated_c1,hallucinated,easy,Incomplete Information,"The assessment of joint line positions by comparing the contralateral knee using MRI scans has shown promising results, allowing for a more accurate preoperative planning in knee revision surgeries.",1,knowledge_73,0.2117031454646795,"Reconstructing the natural joint line in knee revision surgery improves clinical and functional outcome but may be challenging when both cartilage and bone were removed during previous operations. Assessing joint lines (JLs) by means of bony landmarks is inadvisable because of large variations in human anatomy. Because of the inherent symmetry of the human body, we hypothesised that JLs may be directly assessed by measuring the distances from the bony landmarks to the JL of the contralateral knee by means of radiographic images. Using scaled weight-bearing radiographs in anteroposterior view of both knees, two independent observers measured the distances from the fibular head, the medial and lateral epicondyle, and the adductor tubercle to the JL. A two-sided p value of ≤0.05 was considered statistically significant. Two hundred knees of 100 patients (50 men and 50 women) were examined. For the fibular head, the mean difference between the treated and the control knee was 0.0 mm with narrow confidence limits ranging from -1.1 to 1.1.",unverifiable,0.0008236857247538865,0.012855542823672295,0.9863207936286926,low,0.0028282194212079052,low,typeform/distilbert-base-uncased-mnli
pqa_labeled_73_hallucinated_c2,hallucinated,easy,Incomplete Information,lateral epicondyles provide the most reliable measurements compared to other anatomical landmarks.,1,knowledge_73,0.1454108301940974,"Reconstructing the natural joint line in knee revision surgery improves clinical and functional outcome but may be challenging when both cartilage and bone were removed during previous operations. Assessing joint lines (JLs) by means of bony landmarks is inadvisable because of large variations in human anatomy. Because of the inherent symmetry of the human body, we hypothesised that JLs may be directly assessed by measuring the distances from the bony landmarks to the JL of the contralateral knee by means of radiographic images. Using scaled weight-bearing radiographs in anteroposterior view of both knees, two independent observers measured the distances from the fibular head, the medial and lateral epicondyle, and the adductor tubercle to the JL. A two-sided p value of ≤0.05 was considered statistically significant. Two hundred knees of 100 patients (50 men and 50 women) were examined. For the fibular head, the mean difference between the treated and the control knee was 0.0 mm with narrow confidence limits ranging from -1.1 to 1.1.",unverifiable,0.0008795327739790082,0.019128039479255676,0.9799923300743103,low,0.004208168685436249,low,typeform/distilbert-base-uncased-mnli
pqa_labeled_74_ground_truth_c1,not_hallucinated,easy,,Patients who received a metal-backed Onlay tibial component obtained better postoperative mechanical alignment compared to those who received all-polyethylene Inlay prostheses.,1,knowledge_74,0.5980684306198238,"There are a number of factors responsible for the longevity of unicompartmental knee replacements (UKR). These include the magnitude of postoperative alignment and the type of material used. The effect of component design and material on postoperative alignment, however, has not been explored. We retrospectively reviewed 89 patients who underwent UKR with robotic guidance. Patients were divided into two groups, according to whether they had received an all-polyethylene inlay component (Inlay group) or a metal-backed onlay component (Onlay group). We explored the magnitude of mechanical alignment correction obtained in both groups. Mean postoperative mechanical alignment was significantly closer to neutral in the Onlay group (mean=2.8°; 95% CI=2.4°, 3.2°) compared to the Inlay group (mean=3.9°; 95% CI=3.4°, 4.4°) (R2=0.65; P=0.003), adjusting for gender, BMI, age, side and preoperative mechanical alignment (Fig. 2). Further exploration revealed that the thickness of the tibial polyethyelene insert had a significant effect on postoperative alignment when added to the model (R2=0.68; P=0.01).",contradicted,0.15128135681152344,0.4514433443546295,0.3972753882408142,low,0.0902886688709259,low,typeform/distilbert-base-uncased-mnli
pqa_labeled_74_ground_truth_c2,not_hallucinated,easy,,The thicker overall construct of Onlay prostheses appears to be an important determinant of postoperative alignment.,1,knowledge_74,0.3415428591979876,"There are a number of factors responsible for the longevity of unicompartmental knee replacements (UKR). These include the magnitude of postoperative alignment and the type of material used. The effect of component design and material on postoperative alignment, however, has not been explored. We retrospectively reviewed 89 patients who underwent UKR with robotic guidance. Patients were divided into two groups, according to whether they had received an all-polyethylene inlay component (Inlay group) or a metal-backed onlay component (Onlay group). We explored the magnitude of mechanical alignment correction obtained in both groups. Mean postoperative mechanical alignment was significantly closer to neutral in the Onlay group (mean=2.8°; 95% CI=2.4°, 3.2°) compared to the Inlay group (mean=3.9°; 95% CI=3.4°, 4.4°) (R2=0.65; P=0.003), adjusting for gender, BMI, age, side and preoperative mechanical alignment (Fig. 2). Further exploration revealed that the thickness of the tibial polyethyelene insert had a significant effect on postoperative alignment when added to the model (R2=0.68; P=0.01).",supported,0.9059630632400513,0.08441130816936493,0.009625650011003017,low,0.016882261633872988,low,typeform/distilbert-base-uncased-mnli
pqa_labeled_74_ground_truth_c3,not_hallucinated,easy,,Considering their higher survivorship rates,1,knowledge_928,0.1582048901796631,"This study represents a subset of a complete data set, considering only those children aged admitted to the Pediatric Surgery and Pediatric Nephrology Clinics during the period January 2011 to July 2012. In this study, we have determined that the QT interval changes significantly depending on the use of oxybutynin. The QT changes increased cardiac arrhythmia in children.",unverifiable,0.00017423172539565712,0.0006577298627234995,0.9991680383682251,low,0.0001315459725446999,low,typeform/distilbert-base-uncased-mnli
pqa_labeled_74_ground_truth_c4,not_hallucinated,easy,,"improved postoperative mechanical alignment, Onlay prostheses should be the first option when performing medial UKR.",1,knowledge_74,0.4658648666093902,"There are a number of factors responsible for the longevity of unicompartmental knee replacements (UKR). These include the magnitude of postoperative alignment and the type of material used. The effect of component design and material on postoperative alignment, however, has not been explored. We retrospectively reviewed 89 patients who underwent UKR with robotic guidance. Patients were divided into two groups, according to whether they had received an all-polyethylene inlay component (Inlay group) or a metal-backed onlay component (Onlay group). We explored the magnitude of mechanical alignment correction obtained in both groups. Mean postoperative mechanical alignment was significantly closer to neutral in the Onlay group (mean=2.8°; 95% CI=2.4°, 3.2°) compared to the Inlay group (mean=3.9°; 95% CI=3.4°, 4.4°) (R2=0.65; P=0.003), adjusting for gender, BMI, age, side and preoperative mechanical alignment (Fig. 2). Further exploration revealed that the thickness of the tibial polyethyelene insert had a significant effect on postoperative alignment when added to the model (R2=0.68; P=0.01).",contradicted,0.0054241083562374115,0.9908280372619629,0.0037478229496628046,low,0.1981656074523926,low,typeform/distilbert-base-uncased-mnli
pqa_labeled_74_hallucinated_c1,hallucinated,easy,Misinterpretation of #Question#,The type of tibial component does not significantly affect mechanical alignment in unicompartmental knee replacement.,1,knowledge_149,0.4684938776759159,"Unicompartmental replacement can be an alternative to tibial osteotomy in younger, active patients with unicompartmental knee disease. In unicompartmental replacement, the other compartments and knee ligaments are largely untouched. Therefore, it was hypothesized that the knee kinematics after unicompartmental replacement may also be unchanged. To test this hypothesis, knee kinematics and quadriceps tension were recorded before and after replacement with a unicompartmental design and then with a tricompartmental design. Six human cadaver knees were tested before implantation, after implantation with a bicruciate-retaining unicompartmental knee prosthesis, and after implantation with a posterior cruciate-retaining tricompartmental knee prosthesis. The unicompartmental prosthesis was initially implanted, and it was then revised to a total condylar knee replacement. The knee kinematics were measured with use of an electromagnetic tracking device while the knee was put through dynamic simulated stair-climbing under peak flexion moments of approximately 40 N-m. Quadriceps tension was also measured for all three conditions. No significant differences in tibial axial rotation were noted between the intact and unicompartmental conditions. However, tricompartmental replacement significantly affected tibial axial rotation (p = 0.001). Femoral rollback was not significantly affected by either unicompartmental or tricompartmental arthroplasty. Quadriceps tension was also similar among all three conditions.",unverifiable,0.002738907700404525,0.002606329508125782,0.9946547746658325,low,0.000729772262275219,low,typeform/distilbert-base-uncased-mnli
pqa_labeled_74_hallucinated_c2,hallucinated,easy,Misinterpretation of #Question#,"Instead, the choice of femoral component design plays a crucial role in achieving optimal postoperative alignment.",1,knowledge_74,0.2945117155521961,"There are a number of factors responsible for the longevity of unicompartmental knee replacements (UKR). These include the magnitude of postoperative alignment and the type of material used. The effect of component design and material on postoperative alignment, however, has not been explored. We retrospectively reviewed 89 patients who underwent UKR with robotic guidance. Patients were divided into two groups, according to whether they had received an all-polyethylene inlay component (Inlay group) or a metal-backed onlay component (Onlay group). We explored the magnitude of mechanical alignment correction obtained in both groups. Mean postoperative mechanical alignment was significantly closer to neutral in the Onlay group (mean=2.8°; 95% CI=2.4°, 3.2°) compared to the Inlay group (mean=3.9°; 95% CI=3.4°, 4.4°) (R2=0.65; P=0.003), adjusting for gender, BMI, age, side and preoperative mechanical alignment (Fig. 2). Further exploration revealed that the thickness of the tibial polyethyelene insert had a significant effect on postoperative alignment when added to the model (R2=0.68; P=0.01).",contradicted,0.02194211632013321,0.9732027649879456,0.004855136387050152,low,0.27249677419662477,low,typeform/distilbert-base-uncased-mnli
pqa_labeled_75_ground_truth_c1,not_hallucinated,hard,,Progression of a pT3 tumour into the renal vein,1,knowledge_75,0.2942752934074798,"To determine whether there is a relationship between VEGF expression and renal vein and vena cava invasion in stage pT3 renal cell carcinoma and to evaluate the impact of VEGF expression on survival in pT3 renal cell carcinoma. 78 patients with a pT3a or pT3b tumour without vena cava invasion or pT3b tumour with vena cava invasion were compared for age, gender, Fuhrman grade and immunohistochemical expression of VEGF. All these variables were submitted to univariate and multivariate analysis to establish their impact on survival. Only tumour size appeared to be significantly different between the 3 groups. On univariate analysis, invasion of the perirenal fat, lymph node involvement, distant metastases and VEGF expression were significantly associated with survival (p<0.01). On multivariate analysis, lymph node involvement, distant metastases and VEGF expression (OR 6.07) were identified as independent predictive factors of survival.",contradicted,0.0015830862103030086,0.9899915456771851,0.008425385691225529,low,0.19799830913543703,low,typeform/distilbert-base-uncased-mnli
pqa_labeled_75_ground_truth_c2,not_hallucinated,hard,,vena cava is not associated with increased tumour expression of VEGF.,1,knowledge_75,0.663838129011792,"To determine whether there is a relationship between VEGF expression and renal vein and vena cava invasion in stage pT3 renal cell carcinoma and to evaluate the impact of VEGF expression on survival in pT3 renal cell carcinoma. 78 patients with a pT3a or pT3b tumour without vena cava invasion or pT3b tumour with vena cava invasion were compared for age, gender, Fuhrman grade and immunohistochemical expression of VEGF. All these variables were submitted to univariate and multivariate analysis to establish their impact on survival. Only tumour size appeared to be significantly different between the 3 groups. On univariate analysis, invasion of the perirenal fat, lymph node involvement, distant metastases and VEGF expression were significantly associated with survival (p<0.01). On multivariate analysis, lymph node involvement, distant metastases and VEGF expression (OR 6.07) were identified as independent predictive factors of survival.",contradicted,0.00047011542483232915,0.9971022009849548,0.002427642000839114,low,0.19942044019699098,low,typeform/distilbert-base-uncased-mnli
pqa_labeled_75_ground_truth_c3,not_hallucinated,hard,,"However, VEGF is an independent prognostic factor in this group of poor prognosis renal tumours.",1,knowledge_75,0.3021784141405436,"To determine whether there is a relationship between VEGF expression and renal vein and vena cava invasion in stage pT3 renal cell carcinoma and to evaluate the impact of VEGF expression on survival in pT3 renal cell carcinoma. 78 patients with a pT3a or pT3b tumour without vena cava invasion or pT3b tumour with vena cava invasion were compared for age, gender, Fuhrman grade and immunohistochemical expression of VEGF. All these variables were submitted to univariate and multivariate analysis to establish their impact on survival. Only tumour size appeared to be significantly different between the 3 groups. On univariate analysis, invasion of the perirenal fat, lymph node involvement, distant metastases and VEGF expression were significantly associated with survival (p<0.01). On multivariate analysis, lymph node involvement, distant metastases and VEGF expression (OR 6.07) were identified as independent predictive factors of survival.",contradicted,0.0019883413333445787,0.9894953370094299,0.008516314439475536,medium,0.34632336795330043,moderate,typeform/distilbert-base-uncased-mnli
pqa_labeled_75_hallucinated_c1,hallucinated,hard,Misinterpretation of #Question#,"Tumour expression of VEGF is significantly higher in pT3 renal cell carcinomas with venous invasion, indicating a strong association between VEGF",1,knowledge_75,0.5873848157113861,"To determine whether there is a relationship between VEGF expression and renal vein and vena cava invasion in stage pT3 renal cell carcinoma and to evaluate the impact of VEGF expression on survival in pT3 renal cell carcinoma. 78 patients with a pT3a or pT3b tumour without vena cava invasion or pT3b tumour with vena cava invasion were compared for age, gender, Fuhrman grade and immunohistochemical expression of VEGF. All these variables were submitted to univariate and multivariate analysis to establish their impact on survival. Only tumour size appeared to be significantly different between the 3 groups. On univariate analysis, invasion of the perirenal fat, lymph node involvement, distant metastases and VEGF expression were significantly associated with survival (p<0.01). On multivariate analysis, lymph node involvement, distant metastases and VEGF expression (OR 6.07) were identified as independent predictive factors of survival.",contradicted,0.0015542899491265416,0.9919438362121582,0.006501886993646622,low,0.2777442741394043,low,typeform/distilbert-base-uncased-mnli
pqa_labeled_75_hallucinated_c2,hallucinated,hard,Misinterpretation of #Question#,survival in these cases.,1,knowledge_34,0.3291136005495075,"With the advancement of an aging society in the world, an increasing number of elderly patients have been hospitalized due to aneurysmal subarachnoid hemorrhage (aSAH). There is no study that compares the elderly cases of aSAH who receive the definitive treatment with those who treated conservatively. The aim of this study was to investigate the feasibility of the definitive surgery for the acute subarachnoid cases aged 80 or older. We reviewed 500 consecutive cases with acute aSAH with surgical indication for aneurysm repair. Inoperable cases such as dead-on-arrival and the cases with both pupils dilated were excluded. We compared the cases aged 80 or older that received clipping or coil embolization with the controls that the family selected conservative treatment. 69 cases were included in this study (ranged 80-98, male:female=9:60). 56 cases (81.2%) had an aneurysm in the anterior circulation. 23 cases received clipping, 20 cases coil embolization and 26 cases treated conservatively. The cases with aneurysm repair showed significantly better clinical outcome than the controls, while World Federation of Neurological Surgeons (WFNS) grade on admission and premorbid modified Rankin Scale showed no difference between them.",unverifiable,0.0005226359935477376,0.00729520246386528,0.9921820759773254,low,0.0020426566898822784,low,typeform/distilbert-base-uncased-mnli
pqa_labeled_76_ground_truth_c1,not_hallucinated,easy,,drug use are important contributory factors to injury,1,knowledge_833,0.1200260040197549,"Childhood obesity is pandemic condition. The effect of obesity on trauma outcomes in children has been relatively understudied. We conducted this study to ascertain the effects of obesity on the hospital outcome of injured children. A retrospective cohort study of patients aged 2 to 18 years admitted to the King Abdul Aziz Medical City between May 2001 and May 2009 was conducted. Patients were categorized as lean (body mass index<95th percentile) and obese (body mass index ≥ 95th percentile). Groups were compared regarding admission demographics, mechanism of injury, pattern of injury, length of stay, intensive care unit admission, ventilation duration, types of procedures performed, injury severity score, and mortality. Nine hundred thirty-three patients were included, of those 55 (5.89%) children were obese. The obese children were older than nonobese (P = .001) and had a higher injury severity score (P = .001) and a lower pediatric trauma score (P = .00), heart rate (P = .0081), and respiratory rate (P = .000). There were no differences between groups with regard to sex, mechanism of injury, and surgical procedures. Obese children were more likely to have rib fractures (P = .02) and pelvic injuries (P = .033). There was no significant association between mortality and obesity (P = .42).",supported,0.9338803291320801,0.008377357386052608,0.05774230882525444,low,0.0016754714772105217,low,typeform/distilbert-base-uncased-mnli
pqa_labeled_76_ground_truth_c2,not_hallucinated,easy,,More research is needed into the effects of unemployment,1,knowledge_318,0.0871397702464621,The present study investigated factors that explain when and why different groups of teammates are more likely to request and accept backup from one another when needed in an environment characterized by extreme time pressure and severe consequences of error: commercial air traffic control (ATC). Transactive memory theory states that teammates develop consensus regarding the distribution of their relative expertise as well as confidence in that expertise over time and that this facilitates coordination processes. The present study investigated whether this theory could help to explain between-team differences in requesting and accepting backup when needed. The present study used cross-sectional data collected from 51 commercial ATC teams. Hypotheses were tested using multiple regression analysis. Teammates with greater experience working together requested and accepted backup from one another more than those with lesser experience working together. Teammate knowledge consensus and perceived team efficacy appear to have mediated this relationship.,unverifiable,0.00011392548913136125,0.000633790681604296,0.9992522597312927,low,0.0001267581363208592,low,typeform/distilbert-base-uncased-mnli
pqa_labeled_76_ground_truth_c3,not_hallucinated,easy,,"being single on the health of young men,",1,knowledge_76,0.2584227233324464,"Deaths from injury and poisoning (suicide, accidents, undetermined deaths, and homicide) are the major cause of death among young men aged 15-39 years in England and Wales and have been increasing in recent years.AIM: To describe common characteristics among young men who die from injury and poisoning. We employed a retrospective survey methodology to investigate factors associated with deaths by injury and poisoning among young men aged 15-39 years (n = 268) in Merseyside and Cheshire during 1995. Data were collected from Coroner's inquest notes and General Practitioner records. The most common cause of death was poisoning by alcohol and drugs (29.1%, n = 78). A high proportion of cases were unemployed (39.4%, n = 106). Cases were also more likely to be single compared to the general population (74.2% vs 55.5%). Self-destructive behaviour was evident in 77% of deaths (n = 206).",unverifiable,0.03319136053323746,0.027755511924624443,0.9390531778335571,low,0.005551102384924889,low,typeform/distilbert-base-uncased-mnli
pqa_labeled_76_ground_truth_c4,not_hallucinated,easy,,to investigate the motivations behind risk taking,1,knowledge_735,0.2577582661058655,"To assess whether perspective-taking, which researchers in other fields have shown to induce empathy, improves patient satisfaction in encounters between student-clinicians and standardized patients (SPs). In three studies, randomly assigned students (N = 608) received either a perspective-taking instruction or a neutral instruction prior to a clinical skills examination in 2006-2007. SP satisfaction was the main outcome in all three studies. Study 1 involved 245 third-year medical students from two universities. Studies 2 and 3 extended Study 1 to examine generalizability across student and SP subpopulations. Study 2 (105 physician assistant students, one university) explored the effect of perspective-taking on African American SPs' satisfaction. Study 3 (258 third-year medical students, two universities) examined the intervention's effect on students with high and low baseline perspective-taking tendencies. Intervention students outscored controls in patient satisfaction in all studies: Study 1: P = .01, standardized effect size = 0.16; Study 2: P = .001, standardized effect size = 0.31; Study 3: P = .009, standardized effect size = 0.13. In Study 2, perspective-taking improved African American SPs' satisfaction. In Study 3, intervention students with high baseline perspective-taking tendencies outscored controls (P = .0004, standardized effect size = 0.25), whereas those with low perspective-taking tendencies did not (P = .72, standardized effect size = 0.00).",contradicted,0.07238826155662537,0.8765507340431213,0.0510609932243824,medium,0.30679275691509245,moderate,typeform/distilbert-base-uncased-mnli
pqa_labeled_76_hallucinated_c1,hallucinated,easy,Incomplete Information,a lack of familial support are the key factors contributing to injury,1,knowledge_833,0.1026272176832886,"Childhood obesity is pandemic condition. The effect of obesity on trauma outcomes in children has been relatively understudied. We conducted this study to ascertain the effects of obesity on the hospital outcome of injured children. A retrospective cohort study of patients aged 2 to 18 years admitted to the King Abdul Aziz Medical City between May 2001 and May 2009 was conducted. Patients were categorized as lean (body mass index<95th percentile) and obese (body mass index ≥ 95th percentile). Groups were compared regarding admission demographics, mechanism of injury, pattern of injury, length of stay, intensive care unit admission, ventilation duration, types of procedures performed, injury severity score, and mortality. Nine hundred thirty-three patients were included, of those 55 (5.89%) children were obese. The obese children were older than nonobese (P = .001) and had a higher injury severity score (P = .001) and a lower pediatric trauma score (P = .00), heart rate (P = .0081), and respiratory rate (P = .000). There were no differences between groups with regard to sex, mechanism of injury, and surgical procedures. Obese children were more likely to have rib fractures (P = .02) and pelvic injuries (P = .033). There was no significant association between mortality and obesity (P = .42).",supported,0.9848508834838867,0.0015515369595959783,0.01359766349196434,low,0.0003413381311111153,low,typeform/distilbert-base-uncased-mnli
pqa_labeled_76_hallucinated_c2,hallucinated,easy,Incomplete Information,poisoning deaths among young men.,1,knowledge_76,0.6323950735285118,"Deaths from injury and poisoning (suicide, accidents, undetermined deaths, and homicide) are the major cause of death among young men aged 15-39 years in England and Wales and have been increasing in recent years.AIM: To describe common characteristics among young men who die from injury and poisoning. We employed a retrospective survey methodology to investigate factors associated with deaths by injury and poisoning among young men aged 15-39 years (n = 268) in Merseyside and Cheshire during 1995. Data were collected from Coroner's inquest notes and General Practitioner records. The most common cause of death was poisoning by alcohol and drugs (29.1%, n = 78). A high proportion of cases were unemployed (39.4%, n = 106). Cases were also more likely to be single compared to the general population (74.2% vs 55.5%). Self-destructive behaviour was evident in 77% of deaths (n = 206).",unverifiable,0.006579194217920303,0.008929234929382801,0.9844915270805359,low,0.0019644316844642166,low,typeform/distilbert-base-uncased-mnli
pqa_labeled_76_hallucinated_c3,hallucinated,easy,Incomplete Information,Social isolation has been identified as a significant risk factor.,1,knowledge_724,0.2143327480907814,"The current study is aimed to assess the relationship between the 'economic/employment' and 'social/welfare' dimensions of social exclusion and suicide mortality in Europe. Suicide rates for 26 countries were obtained from the WHO. Data on social expenditure were obtained from the OECD database. Employment rates and GDP were obtained from the Total Economy Database. Questions about citizens' attitudes towards different aspects of social exclusion were taken from the European Social Survey. Structural equation modelling was applied to research the theoretical structure of the variables. All variables are statistically significant in male and female models except of the relationships between 'economic/employment' and 'social/welfare' dimensions and female suicides; and the relationship between 'employment rates' and 'economic/employment' dimension. Suicide mortality rates among both males and females are influenced negatively by 'economic/employment' and 'social/welfare' dimensions. Among females, the influence of 'social/welfare' dimension is stronger compared to the 'economic/employment' dimension. The remaining influence of GDP is positive in both models.",contradicted,9.856902033789083e-05,0.9977335929870605,0.0021677690092474222,medium,0.38412743330001836,moderate,typeform/distilbert-base-uncased-mnli
pqa_labeled_77_ground_truth_c1,not_hallucinated,hard,,"Rescue AC may apply to only 18% of cases,",1,knowledge_77,0.4245877234140824,"To determine the duration of continuing pregnancy after antenatal corticosteroid (AC) administration and to evaluate the potential opportunity for rescue AC. Retrospective analysis of women at 24-32 weeks' gestation who received AC at one institution. Six hundred ninety-two women received AC. Two hundred forty-seven (35.7%) delivered at>or = 34 weeks' gestation. Three hundred twenty-one (46.4%) delivered within 1 week of AC; 92 of those women (13.3%) delivered within 24 hours. Only 124 (17.9%) remained pregnant 1 week after AC and delivered at<34 weeks. The latter were compared to women delivering>2 week after AC but>or = 34 weeks. More likely to deliver at<34 weeks were those women who received AC for premature preterm rupture of membranes (OR 3.83, 95% CI 2.06-7.17), twins (OR 2.90, 95% CI 1.42-5.95) or before 28 weeks (OR 2.21, 95% CI 1.38-3.52).",contradicted,0.0010637397645041347,0.992601215839386,0.006335083860903978,low,0.1985202431678772,low,typeform/distilbert-base-uncased-mnli
pqa_labeled_77_ground_truth_c2,not_hallucinated,hard,,we identified subsets of more likely candidates.,1,knowledge_682,0.0714643262438821,"The combined use of free and total prostate-specific antigen (PSA) in early detection of prostate cancer has been controversial. This article systematically evaluates the discriminating capacity of a large number of combination tests. Free and total PSA were analyzed in stored serum samples taken prior to diagnosis in 429 cases and 1,640 controls from the Physicians' Health Study. We used a classification algorithm called logic regression to search for clinically useful tests combining total and percent free PSA and receiver operating characteristic analysis and compared these tests with those based on total and complexed PSA. Data were divided into training and test subsets. For robustness, we considered 35 test-train splits of the original data and computed receiver operating characteristic curves for each test data set. The average area under the receiver operating characteristic curve across test data sets was 0.74 for total PSA and 0.76 for the combination tests. Combination tests with higher sensitivity and specificity than PSA>4.0 ng/mL were identified 29 out of 35 times. All these tests extended the PSA reflex range to below 4.0 ng/mL. Receiver operating characteristic curve analysis indicated that the overall diagnostic performance as expressed by the area under the curve did not differ significantly for the different tests.",supported,0.9553409218788147,0.018048230558633804,0.026610778644680977,low,0.003609646111726761,low,typeform/distilbert-base-uncased-mnli
pqa_labeled_77_hallucinated_c1,hallucinated,hard,Incomplete Information,"Rescue AC could apply to up to 47% of cases, particularly in singleton pregnancies without premature membrane rupture.",1,knowledge_77,0.3275000776590197,"To determine the duration of continuing pregnancy after antenatal corticosteroid (AC) administration and to evaluate the potential opportunity for rescue AC. Retrospective analysis of women at 24-32 weeks' gestation who received AC at one institution. Six hundred ninety-two women received AC. Two hundred forty-seven (35.7%) delivered at>or = 34 weeks' gestation. Three hundred twenty-one (46.4%) delivered within 1 week of AC; 92 of those women (13.3%) delivered within 24 hours. Only 124 (17.9%) remained pregnant 1 week after AC and delivered at<34 weeks. The latter were compared to women delivering>2 week after AC but>or = 34 weeks. More likely to deliver at<34 weeks were those women who received AC for premature preterm rupture of membranes (OR 3.83, 95% CI 2.06-7.17), twins (OR 2.90, 95% CI 1.42-5.95) or before 28 weeks (OR 2.21, 95% CI 1.38-3.52).",contradicted,0.0014691624091938138,0.9871565103530884,0.011374341323971748,low,0.21717443227767946,low,typeform/distilbert-base-uncased-mnli
pqa_labeled_78_ground_truth_c1,not_hallucinated,medium,,"In this population, neither BMI nor neck circumference nor waist circumference is predictive of autoCPAP pressure.",1,knowledge_78,0.4599388397975128,"The pressures delivered by autotitrating continuous positive airways pressure (CPAP) devices not only treat obstructive sleep apnoea (OSA) effectively but also give potentially interesting physiological information about the forces impinging on the pharynx. In earlier work from this unit, we used correlations between autoCPAP pressure and both OSA severity and obesity, to construct an algorithm to estimate the fixed CPAP pressure a patient required for subsequent clinical use. We wished to discover if these relationships could be reliably extended to a much more obese group. We performed a prospective cohort study in an obese population. Measurements of obesity were made, OSA severity was recorded, and the 95th centile autoCPAP pressure was recorded during 1 week of autoCPAP. Spearman's rank correlation was performed between measurements of obesity and autoCPAP pressure, and between OSA severity and autoCPAP pressure. Fifty-four obese individuals (median body mass index (BMI) 43.0 kg/m(2)), 52 % of whom had OSA (apnoea-hypopnoea index (AHI) ≥ 15), had a median 95th centile autoCPAP pressure of 11.8 cmH2O. We found no significant correlation between autoCPAP pressure and neck circumference, waist circumference or BMI. There was a moderate correlation between autoCPAP pressure and OSA severity (AHI r = 0.34, p = 0.02; oxygen desaturation index (ODI) r = 0.48, p < 0.001).",unverifiable,0.09581709653139114,0.2834511995315552,0.6207317113876343,low,0.05669023990631104,low,typeform/distilbert-base-uncased-mnli
pqa_labeled_78_ground_truth_c2,not_hallucinated,medium,,"Therefore, the previously derived algorithm does not adequately predict the fixed CPAP pressure for subsequent clinical use in these obese individuals.",1,knowledge_78,0.221425062752413,"The pressures delivered by autotitrating continuous positive airways pressure (CPAP) devices not only treat obstructive sleep apnoea (OSA) effectively but also give potentially interesting physiological information about the forces impinging on the pharynx. In earlier work from this unit, we used correlations between autoCPAP pressure and both OSA severity and obesity, to construct an algorithm to estimate the fixed CPAP pressure a patient required for subsequent clinical use. We wished to discover if these relationships could be reliably extended to a much more obese group. We performed a prospective cohort study in an obese population. Measurements of obesity were made, OSA severity was recorded, and the 95th centile autoCPAP pressure was recorded during 1 week of autoCPAP. Spearman's rank correlation was performed between measurements of obesity and autoCPAP pressure, and between OSA severity and autoCPAP pressure. Fifty-four obese individuals (median body mass index (BMI) 43.0 kg/m(2)), 52 % of whom had OSA (apnoea-hypopnoea index (AHI) ≥ 15), had a median 95th centile autoCPAP pressure of 11.8 cmH2O. We found no significant correlation between autoCPAP pressure and neck circumference, waist circumference or BMI. There was a moderate correlation between autoCPAP pressure and OSA severity (AHI r = 0.34, p = 0.02; oxygen desaturation index (ODI) r = 0.48, p < 0.001).",unverifiable,0.0004534106992650777,0.00182219163980335,0.9977243542671204,low,0.00036443832796067004,low,typeform/distilbert-base-uncased-mnli
pqa_labeled_78_ground_truth_c3,not_hallucinated,medium,,"In addition, some subjects without OSA generated high autoCPAP pressures,",1,knowledge_78,0.4939560848985143,"The pressures delivered by autotitrating continuous positive airways pressure (CPAP) devices not only treat obstructive sleep apnoea (OSA) effectively but also give potentially interesting physiological information about the forces impinging on the pharynx. In earlier work from this unit, we used correlations between autoCPAP pressure and both OSA severity and obesity, to construct an algorithm to estimate the fixed CPAP pressure a patient required for subsequent clinical use. We wished to discover if these relationships could be reliably extended to a much more obese group. We performed a prospective cohort study in an obese population. Measurements of obesity were made, OSA severity was recorded, and the 95th centile autoCPAP pressure was recorded during 1 week of autoCPAP. Spearman's rank correlation was performed between measurements of obesity and autoCPAP pressure, and between OSA severity and autoCPAP pressure. Fifty-four obese individuals (median body mass index (BMI) 43.0 kg/m(2)), 52 % of whom had OSA (apnoea-hypopnoea index (AHI) ≥ 15), had a median 95th centile autoCPAP pressure of 11.8 cmH2O. We found no significant correlation between autoCPAP pressure and neck circumference, waist circumference or BMI. There was a moderate correlation between autoCPAP pressure and OSA severity (AHI r = 0.34, p = 0.02; oxygen desaturation index (ODI) r = 0.48, p < 0.001).",unverifiable,0.0006882158922962844,0.001193631556816399,0.9981181621551514,low,0.00023872631136327984,low,typeform/distilbert-base-uncased-mnli
pqa_labeled_78_ground_truth_c4,not_hallucinated,medium,,"thus, the correlation between OSA severity",1,knowledge_78,0.4083864938168545,"The pressures delivered by autotitrating continuous positive airways pressure (CPAP) devices not only treat obstructive sleep apnoea (OSA) effectively but also give potentially interesting physiological information about the forces impinging on the pharynx. In earlier work from this unit, we used correlations between autoCPAP pressure and both OSA severity and obesity, to construct an algorithm to estimate the fixed CPAP pressure a patient required for subsequent clinical use. We wished to discover if these relationships could be reliably extended to a much more obese group. We performed a prospective cohort study in an obese population. Measurements of obesity were made, OSA severity was recorded, and the 95th centile autoCPAP pressure was recorded during 1 week of autoCPAP. Spearman's rank correlation was performed between measurements of obesity and autoCPAP pressure, and between OSA severity and autoCPAP pressure. Fifty-four obese individuals (median body mass index (BMI) 43.0 kg/m(2)), 52 % of whom had OSA (apnoea-hypopnoea index (AHI) ≥ 15), had a median 95th centile autoCPAP pressure of 11.8 cmH2O. We found no significant correlation between autoCPAP pressure and neck circumference, waist circumference or BMI. There was a moderate correlation between autoCPAP pressure and OSA severity (AHI r = 0.34, p = 0.02; oxygen desaturation index (ODI) r = 0.48, p < 0.001).",unverifiable,0.0027503196615725756,0.03641805052757263,0.9608316421508789,low,0.007283610105514527,low,typeform/distilbert-base-uncased-mnli
pqa_labeled_78_ground_truth_c5,not_hallucinated,medium,,autoCPAP pressure was only moderate.,1,knowledge_78,0.6144219565818875,"The pressures delivered by autotitrating continuous positive airways pressure (CPAP) devices not only treat obstructive sleep apnoea (OSA) effectively but also give potentially interesting physiological information about the forces impinging on the pharynx. In earlier work from this unit, we used correlations between autoCPAP pressure and both OSA severity and obesity, to construct an algorithm to estimate the fixed CPAP pressure a patient required for subsequent clinical use. We wished to discover if these relationships could be reliably extended to a much more obese group. We performed a prospective cohort study in an obese population. Measurements of obesity were made, OSA severity was recorded, and the 95th centile autoCPAP pressure was recorded during 1 week of autoCPAP. Spearman's rank correlation was performed between measurements of obesity and autoCPAP pressure, and between OSA severity and autoCPAP pressure. Fifty-four obese individuals (median body mass index (BMI) 43.0 kg/m(2)), 52 % of whom had OSA (apnoea-hypopnoea index (AHI) ≥ 15), had a median 95th centile autoCPAP pressure of 11.8 cmH2O. We found no significant correlation between autoCPAP pressure and neck circumference, waist circumference or BMI. There was a moderate correlation between autoCPAP pressure and OSA severity (AHI r = 0.34, p = 0.02; oxygen desaturation index (ODI) r = 0.48, p < 0.001).",unverifiable,0.006825744640082121,0.058538880199193954,0.9346354007720947,low,0.011707776039838792,low,typeform/distilbert-base-uncased-mnli
pqa_labeled_78_hallucinated_c1,hallucinated,medium,Misinterpretation of #Question#,"Obesity significantly influences the response of autotitrating CPAP machines in very obese subjects, with higher BMI correlating strongly with increased autoCPAP pressure.",1,knowledge_78,0.4467938500328733,"The pressures delivered by autotitrating continuous positive airways pressure (CPAP) devices not only treat obstructive sleep apnoea (OSA) effectively but also give potentially interesting physiological information about the forces impinging on the pharynx. In earlier work from this unit, we used correlations between autoCPAP pressure and both OSA severity and obesity, to construct an algorithm to estimate the fixed CPAP pressure a patient required for subsequent clinical use. We wished to discover if these relationships could be reliably extended to a much more obese group. We performed a prospective cohort study in an obese population. Measurements of obesity were made, OSA severity was recorded, and the 95th centile autoCPAP pressure was recorded during 1 week of autoCPAP. Spearman's rank correlation was performed between measurements of obesity and autoCPAP pressure, and between OSA severity and autoCPAP pressure. Fifty-four obese individuals (median body mass index (BMI) 43.0 kg/m(2)), 52 % of whom had OSA (apnoea-hypopnoea index (AHI) ≥ 15), had a median 95th centile autoCPAP pressure of 11.8 cmH2O. We found no significant correlation between autoCPAP pressure and neck circumference, waist circumference or BMI. There was a moderate correlation between autoCPAP pressure and OSA severity (AHI r = 0.34, p = 0.02; oxygen desaturation index (ODI) r = 0.48, p < 0.001).",unverifiable,0.004997758194804192,0.01440910343080759,0.9805930852890015,low,0.004034548960626125,low,typeform/distilbert-base-uncased-mnli
pqa_labeled_79_ground_truth_c1,not_hallucinated,hard,,Patients with a history of ACD are at an increased risk of having recurrent preterm birth,1,knowledge_79,0.4910529858850559,"The objective of the study was to determine whether risk of recurrent preterm birth differs based on the clinical presentation of a prior spontaneous preterm birth (SPTB): advanced cervical dilatation (ACD), preterm premature rupture of membranes (PPROM), or preterm labor (PTL). This retrospective cohort study included singleton pregnancies from 2009 to 2014 complicated by a history of prior SPTB. Women were categorized based on the clinical presentation of their prior preterm delivery as having ACD, PPROM, or PTL. Risks for sonographic short cervical length and recurrent SPTB were compared between women based on the clinical presentation of their prior preterm birth. Log-linear regression was used to control for confounders. Of 522 patients included in this study, 96 (18.4%) had prior ACD, 246 (47.1%) had prior PPROM, and 180 (34.5%) had prior PTL. Recurrent PTB occurred in 55.2% of patients with a history of ACD compared with 27.2% of those with PPROM and 32.2% with PTL (P = .001). The mean gestational age at delivery was significantly lower for those with a history of ACD (34.0 weeks) compared with women with prior PPROM (37.2 weeks) or PTL (37.0 weeks) (P = .001). The lowest mean cervical length prior to 24 weeks was significantly shorter in patients with a history of advanced cervical dilation when compared with the other clinical presentations.",supported,0.9790315628051758,0.01259780116379261,0.00837069470435381,medium,0.004409230407327413,low,typeform/distilbert-base-uncased-mnli
pqa_labeled_79_ground_truth_c2,not_hallucinated,hard,,cervical shortening in a subsequent pregnancy compared with women with prior preterm birth associated PPROM or PTL.,1,knowledge_79,0.5985254823574162,"The objective of the study was to determine whether risk of recurrent preterm birth differs based on the clinical presentation of a prior spontaneous preterm birth (SPTB): advanced cervical dilatation (ACD), preterm premature rupture of membranes (PPROM), or preterm labor (PTL). This retrospective cohort study included singleton pregnancies from 2009 to 2014 complicated by a history of prior SPTB. Women were categorized based on the clinical presentation of their prior preterm delivery as having ACD, PPROM, or PTL. Risks for sonographic short cervical length and recurrent SPTB were compared between women based on the clinical presentation of their prior preterm birth. Log-linear regression was used to control for confounders. Of 522 patients included in this study, 96 (18.4%) had prior ACD, 246 (47.1%) had prior PPROM, and 180 (34.5%) had prior PTL. Recurrent PTB occurred in 55.2% of patients with a history of ACD compared with 27.2% of those with PPROM and 32.2% with PTL (P = .001). The mean gestational age at delivery was significantly lower for those with a history of ACD (34.0 weeks) compared with women with prior PPROM (37.2 weeks) or PTL (37.0 weeks) (P = .001). The lowest mean cervical length prior to 24 weeks was significantly shorter in patients with a history of advanced cervical dilation when compared with the other clinical presentations.",supported,0.9907411336898804,0.004231410566717386,0.005027539096772671,low,0.0008462821133434772,low,typeform/distilbert-base-uncased-mnli
pqa_labeled_79_hallucinated_c1,hallucinated,hard,Misinterpretation of #Question#,Patients with a history of preterm premature rupture of membranes (PPROM) are at an increased risk of recurrent preterm birth,1,knowledge_79,0.4841124884582857,"The objective of the study was to determine whether risk of recurrent preterm birth differs based on the clinical presentation of a prior spontaneous preterm birth (SPTB): advanced cervical dilatation (ACD), preterm premature rupture of membranes (PPROM), or preterm labor (PTL). This retrospective cohort study included singleton pregnancies from 2009 to 2014 complicated by a history of prior SPTB. Women were categorized based on the clinical presentation of their prior preterm delivery as having ACD, PPROM, or PTL. Risks for sonographic short cervical length and recurrent SPTB were compared between women based on the clinical presentation of their prior preterm birth. Log-linear regression was used to control for confounders. Of 522 patients included in this study, 96 (18.4%) had prior ACD, 246 (47.1%) had prior PPROM, and 180 (34.5%) had prior PTL. Recurrent PTB occurred in 55.2% of patients with a history of ACD compared with 27.2% of those with PPROM and 32.2% with PTL (P = .001). The mean gestational age at delivery was significantly lower for those with a history of ACD (34.0 weeks) compared with women with prior PPROM (37.2 weeks) or PTL (37.0 weeks) (P = .001). The lowest mean cervical length prior to 24 weeks was significantly shorter in patients with a history of advanced cervical dilation when compared with the other clinical presentations.",supported,0.9941073656082153,0.0026250213850289583,0.0032675338443368673,medium,0.0012862604786641895,low,typeform/distilbert-base-uncased-mnli
pqa_labeled_79_hallucinated_c2,hallucinated,hard,Misinterpretation of #Question#,cervical shortening in a subsequent pregnancy compared with women with prior preterm birth associated with advanced cervical dilatation (ACD) or preterm labor (PTL).,1,knowledge_79,0.6010273338674947,"The objective of the study was to determine whether risk of recurrent preterm birth differs based on the clinical presentation of a prior spontaneous preterm birth (SPTB): advanced cervical dilatation (ACD), preterm premature rupture of membranes (PPROM), or preterm labor (PTL). This retrospective cohort study included singleton pregnancies from 2009 to 2014 complicated by a history of prior SPTB. Women were categorized based on the clinical presentation of their prior preterm delivery as having ACD, PPROM, or PTL. Risks for sonographic short cervical length and recurrent SPTB were compared between women based on the clinical presentation of their prior preterm birth. Log-linear regression was used to control for confounders. Of 522 patients included in this study, 96 (18.4%) had prior ACD, 246 (47.1%) had prior PPROM, and 180 (34.5%) had prior PTL. Recurrent PTB occurred in 55.2% of patients with a history of ACD compared with 27.2% of those with PPROM and 32.2% with PTL (P = .001). The mean gestational age at delivery was significantly lower for those with a history of ACD (34.0 weeks) compared with women with prior PPROM (37.2 weeks) or PTL (37.0 weeks) (P = .001). The lowest mean cervical length prior to 24 weeks was significantly shorter in patients with a history of advanced cervical dilation when compared with the other clinical presentations.",supported,0.9895695447921753,0.00522208446636796,0.005208263173699379,low,0.0014621836505830288,low,typeform/distilbert-base-uncased-mnli
pqa_labeled_80_ground_truth_c1,not_hallucinated,easy,,"Our results indicate that when controlled for patient, tumor,",1,knowledge_492,0.1357038924641931,"Most staging systems for soft tissue sarcoma are based on histologic malignancy-grade, tumor size and tumor depth. These factors are generally dichotomized, size at 5 cm. We believe it is unlikely that tumor depth per se should influence a tumor's metastatic capability. Therefore we hypothesized that the unfavourable prognostic importance of depth could be explained by the close association between size and depth, deep-seated tumors on average being larger than the superficial ones. When tumor size is dichotomized, this effect should be most pronounced in the large size (>5 cm) group in which the size span is larger. We analyzed the associations between tumor size and depth and the prognostic importance of grade, size and depth in a population-based series of 490 adult patients with soft tissue sarcoma of the extremity or trunk wall with complete, 4.5 years minimum, follow-up. Multivariate analysis showed no major prognostic effect of tumor depth when grade and size were taken into account. The mean size of small tumors was the same whether superficial or deep but the mean size of large and deep-seated tumors were one third larger than that of large but superficial tumors. Tumor depth influenced the prognosis in the subset of high-grade and large tumors. In this subset deep-seated tumors had poorer survival rate than superficial tumors, which could be explained by the larger mean size of the deep-seated tumors.",supported,0.984346866607666,0.0077482894994318485,0.00790486391633749,low,0.0015496578998863697,low,typeform/distilbert-base-uncased-mnli
pqa_labeled_80_ground_truth_c2,not_hallucinated,easy,,"hospital factors, patients who traveled a long distance to a high-volume center had improved lymph node yield, neoadjuvant chemoradiation receipt,",1,knowledge_80,0.5365586107392069,"It is unclear whether traveling long distances to high-volume centers would compensate for travel burden among patients undergoing rectal cancer resection. The purpose of this study was to determine whether operative volume outweighs the advantages of being treated locally by comparing the outcomes of patients with rectal cancer treated at local, low-volume centers versus far, high-volume centers. This was a population-based study. The National Cancer Database was queried for patients with rectal cancer. Patients with stage II or III rectal cancer who underwent surgical resection between 2006 and 2012 were included. The outcomes of interest were margins, lymph node yield, receipt of neoadjuvant chemoradiation, adjuvant chemotherapy, readmission within 30 days, 30-day and 90-day mortality, and 5-year overall survival. A total of 18,605 patients met inclusion criteria; 2067 patients were in the long-distance/high-volume group and 1362 in the short-distance/low-volume group. The median travel distance was 62.6 miles for the long-distance/high-volume group and 2.3 miles for the short-distance/low-volume group. Patients who were younger, white, privately insured, and stage III were more likely to have traveled to a high-volume center. When controlled for patient factors, stage, and hospital factors, patients in the short-distance/low-volume group had lower odds of a lymph node yield ≥12 (OR = 0.51) and neoadjuvant chemoradiation (OR = 0.67) and higher 30-day (OR = 3.38) and 90-day mortality (OR = 2.07) compared with those in the long-distance/high-volume group. The short-distance/low-volume group had a 34% high risk of overall mortality at 5 years compared with the long-distance/high-volume group. We lacked data regarding patient and physician decision making and surgeon-specific factors.",contradicted,0.0026440778747200966,0.98759925365448,0.009756685234606266,low,0.197519850730896,low,typeform/distilbert-base-uncased-mnli
pqa_labeled_80_ground_truth_c3,not_hallucinated,easy,,90-day mortality compared with those who traveled a short distance to a low-volume center.,1,knowledge_80,0.5432123376184367,"It is unclear whether traveling long distances to high-volume centers would compensate for travel burden among patients undergoing rectal cancer resection. The purpose of this study was to determine whether operative volume outweighs the advantages of being treated locally by comparing the outcomes of patients with rectal cancer treated at local, low-volume centers versus far, high-volume centers. This was a population-based study. The National Cancer Database was queried for patients with rectal cancer. Patients with stage II or III rectal cancer who underwent surgical resection between 2006 and 2012 were included. The outcomes of interest were margins, lymph node yield, receipt of neoadjuvant chemoradiation, adjuvant chemotherapy, readmission within 30 days, 30-day and 90-day mortality, and 5-year overall survival. A total of 18,605 patients met inclusion criteria; 2067 patients were in the long-distance/high-volume group and 1362 in the short-distance/low-volume group. The median travel distance was 62.6 miles for the long-distance/high-volume group and 2.3 miles for the short-distance/low-volume group. Patients who were younger, white, privately insured, and stage III were more likely to have traveled to a high-volume center. When controlled for patient factors, stage, and hospital factors, patients in the short-distance/low-volume group had lower odds of a lymph node yield ≥12 (OR = 0.51) and neoadjuvant chemoradiation (OR = 0.67) and higher 30-day (OR = 3.38) and 90-day mortality (OR = 2.07) compared with those in the long-distance/high-volume group. The short-distance/low-volume group had a 34% high risk of overall mortality at 5 years compared with the long-distance/high-volume group. We lacked data regarding patient and physician decision making and surgeon-specific factors.",contradicted,0.0015115769347175956,0.9935126900672913,0.004975699353963137,high,0.49675634503364563,moderate,typeform/distilbert-base-uncased-mnli
pqa_labeled_80_ground_truth_c4,not_hallucinated,easy,,They also had improved 5-year survival.,1,knowledge_685,0.3934585026545194,"Despite advances in therapies for breast cancer, improvement in survival for patients with recurrent or metastatic breast cancer has been difficult to establish. The objective of the current study was to determine whether the survival of women with recurrent breast cancer has improved from 1974 to 2000. The authors analyzed the survival experience of 834 women who developed recurrent breast cancer between November 1974 and December 2000. All patients had been treated previously with adjuvant anthracycline-based protocols. Patients were divided into five consecutive groups based on year of breast cancer recurrence, and survival was compared across the five groups. Because some prognostic variables were divided unevenly divided among the cohorts, a multivariate model was created to determine the association of year of recurrence and survival after accounting for other prognostic factors. In the unadjusted analysis, there was a statistically significant improvement in survival across the five groups, and the more recent cohorts had longer survival (P<0.001). Other variables that predicted longer survival after breast cancer recurrence included smaller initial tumor size, lower stage of disease, fewer lymph nodes involved, longer disease-free interval, estrogen receptor-positive tumors, and nonvisceral dominant site of disease recurrence. In the multivariate analysis, which adjusted for these prognostic factors, year of recurrence was associated with a trend toward improved survival, with a 1% reduction in risk for each increasing year.",unverifiable,0.00400220463052392,0.0031130642164498568,0.9928846955299377,low,0.0006226128432899714,low,typeform/distilbert-base-uncased-mnli
pqa_labeled_80_ground_truth_c5,not_hallucinated,easy,,See Video Abstract at http://links.lww.com/DCR/A446.,1,knowledge_389,0.0791906269341231,"Utilization of the Recovery Knowledge Inventory (RKI) and Recovery Attitudes Questionnaire (RAQ) in southeastern Australia raised questions about the RAQ, including links between attitudes, faith, and culture in supporting the recovery journey. These questions are particularly important when considered in the context of people with mental illness who live in secular multicultural societies.",contradicted,3.170763375237584e-05,0.9988490343093872,0.0011192739475518465,low,0.19976980686187745,low,typeform/distilbert-base-uncased-mnli
pqa_labeled_80_hallucinated_c1,hallucinated,easy,Misinterpretation of #Question#,Our findings suggest that traveling to high-volume centers for rectal cancer resection yields better outcomes due to superior lymph node yield,1,knowledge_80,0.4029223139709884,"It is unclear whether traveling long distances to high-volume centers would compensate for travel burden among patients undergoing rectal cancer resection. The purpose of this study was to determine whether operative volume outweighs the advantages of being treated locally by comparing the outcomes of patients with rectal cancer treated at local, low-volume centers versus far, high-volume centers. This was a population-based study. The National Cancer Database was queried for patients with rectal cancer. Patients with stage II or III rectal cancer who underwent surgical resection between 2006 and 2012 were included. The outcomes of interest were margins, lymph node yield, receipt of neoadjuvant chemoradiation, adjuvant chemotherapy, readmission within 30 days, 30-day and 90-day mortality, and 5-year overall survival. A total of 18,605 patients met inclusion criteria; 2067 patients were in the long-distance/high-volume group and 1362 in the short-distance/low-volume group. The median travel distance was 62.6 miles for the long-distance/high-volume group and 2.3 miles for the short-distance/low-volume group. Patients who were younger, white, privately insured, and stage III were more likely to have traveled to a high-volume center. When controlled for patient factors, stage, and hospital factors, patients in the short-distance/low-volume group had lower odds of a lymph node yield ≥12 (OR = 0.51) and neoadjuvant chemoradiation (OR = 0.67) and higher 30-day (OR = 3.38) and 90-day mortality (OR = 2.07) compared with those in the long-distance/high-volume group. The short-distance/low-volume group had a 34% high risk of overall mortality at 5 years compared with the long-distance/high-volume group. We lacked data regarding patient and physician decision making and surgeon-specific factors.",contradicted,0.0005841059028171003,0.9972454309463501,0.002170440275222063,low,0.279228720664978,low,typeform/distilbert-base-uncased-mnli
pqa_labeled_80_hallucinated_c2,hallucinated,easy,Misinterpretation of #Question#,"90-day mortality rates, despite increased travel burden.",1,knowledge_226,0.27714831276975,"Distance to provider might be an important barrier to timely diagnosis and treatment for cancer patients who qualify for Medicaid coverage. Whether driving time or driving distance is a better indicator of travel burden is also of interest. Driving distances and times from patient residence to primary care provider were calculated for 3,917 breast, colorectal (CRC) and lung cancer Medicaid patients in Washington State from 1997 to 2003 using MapQuest.com. We fitted regression models of stage at diagnosis and time-to-treatment (number of days between diagnosis and surgery) to test the hypothesis that travel burden is associated with timely diagnosis and treatment of cancer. Later stage at diagnosis for breast cancer Medicaid patients is associated with travel burden (OR = 1.488 per 100 driving miles, P= .037 and OR = 1.270 per driving hour, P= .016). Time-to-treatment after diagnosis of CRC is also associated with travel burden (14.57 days per 100 driving miles, P= .002 and 5.86 days per driving hour, P= .018).",supported,0.9935351610183716,0.000986336963251233,0.00547850551083684,high,0.0006904358742758632,low,typeform/distilbert-base-uncased-mnli
pqa_labeled_80_hallucinated_c3,hallucinated,easy,Misinterpretation of #Question#,"However, a significant number of patients choose low-volume, closer centers due to perceived lower travel stress",1,knowledge_80,0.2623204775260768,"It is unclear whether traveling long distances to high-volume centers would compensate for travel burden among patients undergoing rectal cancer resection. The purpose of this study was to determine whether operative volume outweighs the advantages of being treated locally by comparing the outcomes of patients with rectal cancer treated at local, low-volume centers versus far, high-volume centers. This was a population-based study. The National Cancer Database was queried for patients with rectal cancer. Patients with stage II or III rectal cancer who underwent surgical resection between 2006 and 2012 were included. The outcomes of interest were margins, lymph node yield, receipt of neoadjuvant chemoradiation, adjuvant chemotherapy, readmission within 30 days, 30-day and 90-day mortality, and 5-year overall survival. A total of 18,605 patients met inclusion criteria; 2067 patients were in the long-distance/high-volume group and 1362 in the short-distance/low-volume group. The median travel distance was 62.6 miles for the long-distance/high-volume group and 2.3 miles for the short-distance/low-volume group. Patients who were younger, white, privately insured, and stage III were more likely to have traveled to a high-volume center. When controlled for patient factors, stage, and hospital factors, patients in the short-distance/low-volume group had lower odds of a lymph node yield ≥12 (OR = 0.51) and neoadjuvant chemoradiation (OR = 0.67) and higher 30-day (OR = 3.38) and 90-day mortality (OR = 2.07) compared with those in the long-distance/high-volume group. The short-distance/low-volume group had a 34% high risk of overall mortality at 5 years compared with the long-distance/high-volume group. We lacked data regarding patient and physician decision making and surgeon-specific factors.",contradicted,0.0007304393220692873,0.9962033629417419,0.003066189354285598,low,0.2789369416236877,low,typeform/distilbert-base-uncased-mnli
pqa_labeled_80_hallucinated_c4,hallucinated,easy,Misinterpretation of #Question#,"financial savings (Smith et al., 2022).",1,knowledge_292,0.2503355888768422,"Stock et al. (Eur Respir J 25:47-53, 2005) recently estimated asthma prevalence in Germany using claims data on prescriptions and hospital diagnoses and found high prevalence peaks in infants. Our objective was to critically assess and discuss various aspects of identifying children with asthma using prescription data. We replicated the selection procedure of Stock et al. using data on 290,919 children aged 0-17 years insured in the Gmünder ErsatzKasse (GEK) in 2005. Asthma prevalence was also estimated in a sample of 17,641 children aged 0-17 years participating in the German Health Interview and Examination Survey for Children and Adolescents (KiGGS) from 2003 to 2006. In children aged 0-4 years insured in the GEK, prevalences were found to range from 11.7 to 17.7% for boys and from 7.2 to 11.1% for girls when the criteria of Stock et al. were applied. A steady decline in prevalences was observed in older age groups. Asthma prevalence estimated in the KiGGS data showed a quite different distribution. In the age group 0-4 years, prevalences were found to range from 0 to 2.6% in boys and from 0 to 1.0% in girls; in children>4 years, prevalences were found to increase with increasing age.",unverifiable,3.782971907639876e-05,0.0014455474447458982,0.9985166192054749,low,0.00040475328452885154,low,typeform/distilbert-base-uncased-mnli
pqa_labeled_81_ground_truth_c1,not_hallucinated,medium,,Adverse drug reactions were confronted with other already published case reports.,1,knowledge_341,0.293955667211506,"In this study, an expert panel assessed causality of adverse reports by using the WHO global introspection (GI) method. The same reports were independently assessed using 15 published algorithms. The causality assessment level 'possible' was considered the lower limit for a report to be considered to be drug related. For a given algorithm, sensitivity was determined by the proportion of reports simultaneously classified as drug related by the algorithm and the GI method. Specificity was measured as the proportion of reports simultaneously considered non-drug related. The analysis was performed for the total sample and within serious or unexpected events. Five hundred adverse reports were studied. Algorithms presented high rates of sensitivity (average of 93%, positive predictive value of 89%) and low rates of specificity (average of 7%, negative predictive value of 31%).",contradicted,0.007445746101438999,0.938478946685791,0.05407535657286644,low,0.18769578933715822,low,typeform/distilbert-base-uncased-mnli
pqa_labeled_81_ground_truth_c2,not_hallucinated,medium,,Dopamine partial agonist mechanism of aripiprazole could explain the occurrence of pathological gambling.,1,knowledge_81,0.5793496494602947,"It is commonly accepted that pathological gambling results from the interaction of multiple risk factors. Among these, dopamine replacement therapy (DRT) prescribed for Parkinson disease can be cited. Another dopamine agonist, aripiprazole, could be a new risk factor. We decided to explore this potential adverse drug reaction (ADR). Based on a cohort of 166 pathological gamblers starting treatment in our department, data of each of the 8 patients treated by aripiprazole at inclusion were analyzed. The patients involved were schizophrenic or bipolar, mostly young men with a history of addictive disorders and regular gambling prior to the prescription of aripiprazole. For each one of them, the causality of aripiprazole was considered, using an algorithm. The probability that pathological gambling is actually due to aripiprazole is ""possible"" in 7 cases out of 8, and ""doubtful"" in one.",unverifiable,0.00012075951235601678,0.001073514693416655,0.9988057613372803,low,0.00021470293868333103,low,typeform/distilbert-base-uncased-mnli
pqa_labeled_81_hallucinated_c1,hallucinated,medium,Mechanism and Pathway Misattribution,The increased risk of pathological gambling in patients taking aripiprazole is attributed to the drug's effect on serotonin reuptake inhibition rather than its dopamine modulation properties.,1,knowledge_81,0.4646064690091306,"It is commonly accepted that pathological gambling results from the interaction of multiple risk factors. Among these, dopamine replacement therapy (DRT) prescribed for Parkinson disease can be cited. Another dopamine agonist, aripiprazole, could be a new risk factor. We decided to explore this potential adverse drug reaction (ADR). Based on a cohort of 166 pathological gamblers starting treatment in our department, data of each of the 8 patients treated by aripiprazole at inclusion were analyzed. The patients involved were schizophrenic or bipolar, mostly young men with a history of addictive disorders and regular gambling prior to the prescription of aripiprazole. For each one of them, the causality of aripiprazole was considered, using an algorithm. The probability that pathological gambling is actually due to aripiprazole is ""possible"" in 7 cases out of 8, and ""doubtful"" in one.",unverifiable,0.00014079322863835841,0.001477051991969347,0.9983822107315063,medium,0.0008788459352217614,low,typeform/distilbert-base-uncased-mnli
pqa_labeled_82_ground_truth_c1,not_hallucinated,easy,,Lysosomotropic amines in combination with cyclosporine appear to be synergistic in the suppression of T-cell proliferation to MiHC,1,knowledge_82,0.4887967206420199,"Using murine models, we have shown that the lysosomotropic amine, chloroquine, is effective in the prevention of graft-versus-host disease (GVHD) mediated by donor T cells reactive with recipient minor histocompatibility antigens (MiHCs). Because lysosomotropic amines can suppress major histocompatibility complex (MHC) class II antigen presentation, their mechanism of action is potentially different from current immune suppressant drugs used to control GVHD such as cyclosporine. We investigated the use of cyclosporine and the lysosomotropic amines chloroquine and hydroxychloroquine in combination for additive or synergistic immunosuppression on T-cell responses in vitro to MiHC and MHC in mice. We found that similar concentrations of chloroquine and hydroxychloroquine suppress the T-cell response to MiHC in mice (C57BL/6 anti-BALB.B) and that lysosomotropic amines in combination with cyclosporine result in synergistic suppression of a proliferative response to MiHC. Similar suppression and synergy appear to be present in an alloreactive response (C57BL/6 anti-BALB/c). Direct inhibition by chloroquine of T-cell proliferative responses induced by anti-CD3epsilon in the absence of antigen-presenting cells is present at higher concentrations than that required to suppress responses to MiHC or MHC. Chloroquine appears to induce decreased T-cell viability at high concentrations. This effect does not appear to be due to decreased T-cell production of interleukin-2 or interferon-gamma. At lower concentrations (<25 microg/ml), chloroquine can also decrease the ability of antigen-presenting cells to stimulate an a C57BL/6 anti-BALB/c T-cell response and can inhibit MHC class II expression after activation with lipopolysaccharide.",unverifiable,0.006050314288586378,0.46503904461860657,0.5289106965065002,low,0.09300780892372132,low,typeform/distilbert-base-uncased-mnli
pqa_labeled_82_ground_truth_c2,not_hallucinated,easy,,Use of chloroquine in combination with cyclosporine may result in improved control of GVHD.,1,knowledge_82,0.3731355975883832,"Using murine models, we have shown that the lysosomotropic amine, chloroquine, is effective in the prevention of graft-versus-host disease (GVHD) mediated by donor T cells reactive with recipient minor histocompatibility antigens (MiHCs). Because lysosomotropic amines can suppress major histocompatibility complex (MHC) class II antigen presentation, their mechanism of action is potentially different from current immune suppressant drugs used to control GVHD such as cyclosporine. We investigated the use of cyclosporine and the lysosomotropic amines chloroquine and hydroxychloroquine in combination for additive or synergistic immunosuppression on T-cell responses in vitro to MiHC and MHC in mice. We found that similar concentrations of chloroquine and hydroxychloroquine suppress the T-cell response to MiHC in mice (C57BL/6 anti-BALB.B) and that lysosomotropic amines in combination with cyclosporine result in synergistic suppression of a proliferative response to MiHC. Similar suppression and synergy appear to be present in an alloreactive response (C57BL/6 anti-BALB/c). Direct inhibition by chloroquine of T-cell proliferative responses induced by anti-CD3epsilon in the absence of antigen-presenting cells is present at higher concentrations than that required to suppress responses to MiHC or MHC. Chloroquine appears to induce decreased T-cell viability at high concentrations. This effect does not appear to be due to decreased T-cell production of interleukin-2 or interferon-gamma. At lower concentrations (<25 microg/ml), chloroquine can also decrease the ability of antigen-presenting cells to stimulate an a C57BL/6 anti-BALB/c T-cell response and can inhibit MHC class II expression after activation with lipopolysaccharide.",unverifiable,0.004911153577268124,0.3678526282310486,0.6272363066673279,low,0.07357052564620972,low,typeform/distilbert-base-uncased-mnli
pqa_labeled_82_hallucinated_c1,hallucinated,easy,Misinterpretation of #Question#,Cyclosporine alone is sufficient for complete suppression of T-cell responses to both minor,1,knowledge_82,0.2487935165613007,"Using murine models, we have shown that the lysosomotropic amine, chloroquine, is effective in the prevention of graft-versus-host disease (GVHD) mediated by donor T cells reactive with recipient minor histocompatibility antigens (MiHCs). Because lysosomotropic amines can suppress major histocompatibility complex (MHC) class II antigen presentation, their mechanism of action is potentially different from current immune suppressant drugs used to control GVHD such as cyclosporine. We investigated the use of cyclosporine and the lysosomotropic amines chloroquine and hydroxychloroquine in combination for additive or synergistic immunosuppression on T-cell responses in vitro to MiHC and MHC in mice. We found that similar concentrations of chloroquine and hydroxychloroquine suppress the T-cell response to MiHC in mice (C57BL/6 anti-BALB.B) and that lysosomotropic amines in combination with cyclosporine result in synergistic suppression of a proliferative response to MiHC. Similar suppression and synergy appear to be present in an alloreactive response (C57BL/6 anti-BALB/c). Direct inhibition by chloroquine of T-cell proliferative responses induced by anti-CD3epsilon in the absence of antigen-presenting cells is present at higher concentrations than that required to suppress responses to MiHC or MHC. Chloroquine appears to induce decreased T-cell viability at high concentrations. This effect does not appear to be due to decreased T-cell production of interleukin-2 or interferon-gamma. At lower concentrations (<25 microg/ml), chloroquine can also decrease the ability of antigen-presenting cells to stimulate an a C57BL/6 anti-BALB/c T-cell response and can inhibit MHC class II expression after activation with lipopolysaccharide.",unverifiable,0.0032302301842719316,0.04733101278543472,0.9494388103485107,low,0.013252683579921721,low,typeform/distilbert-base-uncased-mnli
pqa_labeled_82_hallucinated_c2,hallucinated,easy,Misinterpretation of #Question#,"major histocompatibility antigens, negating the need for lysosomotropic amines.",1,knowledge_82,0.3049350353449568,"Using murine models, we have shown that the lysosomotropic amine, chloroquine, is effective in the prevention of graft-versus-host disease (GVHD) mediated by donor T cells reactive with recipient minor histocompatibility antigens (MiHCs). Because lysosomotropic amines can suppress major histocompatibility complex (MHC) class II antigen presentation, their mechanism of action is potentially different from current immune suppressant drugs used to control GVHD such as cyclosporine. We investigated the use of cyclosporine and the lysosomotropic amines chloroquine and hydroxychloroquine in combination for additive or synergistic immunosuppression on T-cell responses in vitro to MiHC and MHC in mice. We found that similar concentrations of chloroquine and hydroxychloroquine suppress the T-cell response to MiHC in mice (C57BL/6 anti-BALB.B) and that lysosomotropic amines in combination with cyclosporine result in synergistic suppression of a proliferative response to MiHC. Similar suppression and synergy appear to be present in an alloreactive response (C57BL/6 anti-BALB/c). Direct inhibition by chloroquine of T-cell proliferative responses induced by anti-CD3epsilon in the absence of antigen-presenting cells is present at higher concentrations than that required to suppress responses to MiHC or MHC. Chloroquine appears to induce decreased T-cell viability at high concentrations. This effect does not appear to be due to decreased T-cell production of interleukin-2 or interferon-gamma. At lower concentrations (<25 microg/ml), chloroquine can also decrease the ability of antigen-presenting cells to stimulate an a C57BL/6 anti-BALB/c T-cell response and can inhibit MHC class II expression after activation with lipopolysaccharide.",unverifiable,0.005776825360953808,0.3460943400859833,0.648128867149353,low,0.09690641522407532,low,typeform/distilbert-base-uncased-mnli
pqa_labeled_83_ground_truth_c1,not_hallucinated,easy,,"While not providing conclusive evidence, this single institution experience suggests that neoadjuvant chemotherapy for Stage IV NPC patients improves both survival",1,knowledge_83,0.2583875905904359,"To assess the outcomes of patients with nasopharyngeal carcinoma (NPC) whose treatment was determined by computerized tomography (CT) and/or magnetic resonance imaging staging and to analyze the impact of induction chemotherapy and accelerated fractionated radiotherapy. The analysis is based on 122 of 143 previously untreated patients with NPC treated with radiation therapy at The University of Texas M. D. Anderson Cancer Center between 1983 and 1992. Excluded were 4 patients treated with palliative intent, 4 children, 12 patients not staged with CT, and 1 patient who died of a cerebrovascular accident prior to completion of treatment. The stage distribution was as follows: AJCC Stage I-2, Stage II-7, Stage III-12, Stage IV-101; Tl-15, T2-33, T3-22, T4-52; N0-32, N1-10, N2-47, N3-32, Nx-1. Fifty-nine (48%) patients had squamous cell carcinoma; 63 (52%) had lymphoepitheliomas, undifferentiated NPC or poorly differentiated carcinoma, NOS (UNPC). Sixty-seven patients (65 with Stage IV disease) received induction chemotherapy. Fifty-eight patients (24 of whom had induction chemotherapy) were treated with the concomitant boost fractionation schedule. The median follow-up for surviving patients was 57 months. The overall actuarial 2- and 5-year survival rates were 78 and 68%, respectively. Forty-nine patients (40%) had disease recurrence. Thirty-three (27%) had local regional failures; 19 at the primary site only, 8 in the neck and 6 in both. Local failure occurred in 31% of patients staged T4 compared to 13% of T1-T3 (p = 0.007). Sixteen patients failed at distant sites alone. Among Stage IV patients the 5-year actuarial rates for patients who did and did not receive induction chemotherapy were as follows: overall survival: 68 vs. 56% (p = 0.02), freedom from relapse: 64 vs. 37% (p = 0.01), and local control: 86 vs. 56% (p = 0.009). The actuarial 5-year distant failure rate in patients with UNPC who were treated with induction chemotherapy and controlled in the primary and neck was 13%. In patients who did not receive chemotherapy, the actuarial 5-year local control rates for patients treated with concomitant boost or conventional fractionation were 66 and 67%, respectively.",contradicted,0.18470978736877441,0.7952702641487122,0.020019907504320145,low,0.15905405282974244,low,typeform/distilbert-base-uncased-mnli
pqa_labeled_83_ground_truth_c2,not_hallucinated,easy,,Recurrence within the irradiated volume was the most prevalent mode of failure,1,knowledge_80,0.1682762918179588,"It is unclear whether traveling long distances to high-volume centers would compensate for travel burden among patients undergoing rectal cancer resection. The purpose of this study was to determine whether operative volume outweighs the advantages of being treated locally by comparing the outcomes of patients with rectal cancer treated at local, low-volume centers versus far, high-volume centers. This was a population-based study. The National Cancer Database was queried for patients with rectal cancer. Patients with stage II or III rectal cancer who underwent surgical resection between 2006 and 2012 were included. The outcomes of interest were margins, lymph node yield, receipt of neoadjuvant chemoradiation, adjuvant chemotherapy, readmission within 30 days, 30-day and 90-day mortality, and 5-year overall survival. A total of 18,605 patients met inclusion criteria; 2067 patients were in the long-distance/high-volume group and 1362 in the short-distance/low-volume group. The median travel distance was 62.6 miles for the long-distance/high-volume group and 2.3 miles for the short-distance/low-volume group. Patients who were younger, white, privately insured, and stage III were more likely to have traveled to a high-volume center. When controlled for patient factors, stage, and hospital factors, patients in the short-distance/low-volume group had lower odds of a lymph node yield ≥12 (OR = 0.51) and neoadjuvant chemoradiation (OR = 0.67) and higher 30-day (OR = 3.38) and 90-day mortality (OR = 2.07) compared with those in the long-distance/high-volume group. The short-distance/low-volume group had a 34% high risk of overall mortality at 5 years compared with the long-distance/high-volume group. We lacked data regarding patient and physician decision making and surgeon-specific factors.",contradicted,0.0010205727303400636,0.996055006980896,0.002924370113760233,low,0.1992110013961792,low,typeform/distilbert-base-uncased-mnli
pqa_labeled_83_ground_truth_c3,not_hallucinated,easy,,future studies will evaluate regimens to enhance local regional control.,1,knowledge_424,0.153949360692652,"Recently, there has been increasing interest in the role of ""treatment as prevention"" (TasP). Some of the questions regarding TasP strategies arise from the perceived difficulties in achieving and maintaining viral load (VL) suppression over time and the risk of emergence of viral resistance that could compromise future treatment options. This study was conducted to assess these questions in a resource-limited setting. We performed a retrospective observational study of HIV-infected patients diagnosed in the pre-HAART era on follow-up at a private center from Buenos Aires, Argentina. Socio-demographic, clinical, and laboratory data were extracted from clinical charts. Analyses were performed to test for potential associations of selected variables with current virologic failure or use of third-line drugs. Of 619 patients on follow-up, 82 (13.2%) were diagnosed in the pre-HAART era. At the time of our study, 79 (96.3%) patients were on HAART, with a median duration of 14 years (IQR 12-15) of therapy, and exposure to mono or dual nucleoside reverse transcriptase inhibitors regimens in 47.8% of cases. Sixty-nine patients (87.3%) had undetectable VL, 37 (46.8%) never presented virologic failure, and 19 (24.1%) experienced only one failure. Thirteen patients (16.5%) were receiving third-line ART regimens, with an average of 2.7-fold more virologic failures than those on first- or second-line regimens (p = 0.007).",unverifiable,0.0039077079854905605,0.013879062607884407,0.9822132587432861,low,0.0027758125215768814,low,typeform/distilbert-base-uncased-mnli
pqa_labeled_83_hallucinated_c1,hallucinated,easy,Misinterpretation of #Question#,Induction chemotherapy plays a critical role in reducing the risk of metastasis in early-stage nasopharyngeal carcinoma patients.,1,knowledge_83,0.3128591849146452,"To assess the outcomes of patients with nasopharyngeal carcinoma (NPC) whose treatment was determined by computerized tomography (CT) and/or magnetic resonance imaging staging and to analyze the impact of induction chemotherapy and accelerated fractionated radiotherapy. The analysis is based on 122 of 143 previously untreated patients with NPC treated with radiation therapy at The University of Texas M. D. Anderson Cancer Center between 1983 and 1992. Excluded were 4 patients treated with palliative intent, 4 children, 12 patients not staged with CT, and 1 patient who died of a cerebrovascular accident prior to completion of treatment. The stage distribution was as follows: AJCC Stage I-2, Stage II-7, Stage III-12, Stage IV-101; Tl-15, T2-33, T3-22, T4-52; N0-32, N1-10, N2-47, N3-32, Nx-1. Fifty-nine (48%) patients had squamous cell carcinoma; 63 (52%) had lymphoepitheliomas, undifferentiated NPC or poorly differentiated carcinoma, NOS (UNPC). Sixty-seven patients (65 with Stage IV disease) received induction chemotherapy. Fifty-eight patients (24 of whom had induction chemotherapy) were treated with the concomitant boost fractionation schedule. The median follow-up for surviving patients was 57 months. The overall actuarial 2- and 5-year survival rates were 78 and 68%, respectively. Forty-nine patients (40%) had disease recurrence. Thirty-three (27%) had local regional failures; 19 at the primary site only, 8 in the neck and 6 in both. Local failure occurred in 31% of patients staged T4 compared to 13% of T1-T3 (p = 0.007). Sixteen patients failed at distant sites alone. Among Stage IV patients the 5-year actuarial rates for patients who did and did not receive induction chemotherapy were as follows: overall survival: 68 vs. 56% (p = 0.02), freedom from relapse: 64 vs. 37% (p = 0.01), and local control: 86 vs. 56% (p = 0.009). The actuarial 5-year distant failure rate in patients with UNPC who were treated with induction chemotherapy and controlled in the primary and neck was 13%. In patients who did not receive chemotherapy, the actuarial 5-year local control rates for patients treated with concomitant boost or conventional fractionation were 66 and 67%, respectively.",contradicted,0.19153739511966705,0.7858633399009705,0.022599248215556145,medium,0.38507303655147546,moderate,typeform/distilbert-base-uncased-mnli
pqa_labeled_84_ground_truth_c1,not_hallucinated,easy,,We have demonstrated that approaching a contralateral hydrocele in cases of neonatal testicular torsion solely through a scrotal incision is safe,1,knowledge_84,0.67041340047217,"Treatment of neonatal testicular torsion has two objectives: salvage of the involved testicle (which is rarely achieved) and preservation of the contralateral gonad. The second goal universally involves contralateral testicular scrotal fixation to prevent the future occurrence of contralateral torsion. However, there is controversy with regards to management of a synchronous contralateral hydrocele. It has been our policy not to address the contralateral hydrocele through an inguinal incision to minimize potential injury to the spermatic cord. Our objective in this study was to determine whether the decision to manage a contralateral hydrocele in cases of neonatal testicular torsion solely through a scrotal approach is safe and effective. We reviewed all cases of neonatal testicular torsion occurring at our institution between the years 1999 and 2006. Age at presentation, physical examination, ultrasonographic and intraoperative findings were recorded. Patients were followed after initial surgical intervention to determine the likelihood of developing a subsequent hydrocele or hernia. Thirty-seven patients were identified as presenting with neonatal torsion. Age of presentation averaged 3.5 days (range 1-14 days). Left-sided pathology was seen more commonly than the right, with a 25:12 distribution. All torsed testicles were nonviable. Twenty-two patients were noted to have a contralateral hydrocele at presentation. All hydroceles were opened through a scrotal approach at the time of contralateral scrotal fixation. No patient underwent an inguinal exploration to examine for a patent process vaginalis. None of the patients who presented with a hydrocele have developed a clinical hydrocele or hernia after an average 7.5 years (range 4.3-11.2) follow-up.",contradicted,8.70295989443548e-05,0.9997273087501526,0.0001856026065070182,medium,0.3499045580625534,moderate,typeform/distilbert-base-uncased-mnli
pqa_labeled_84_ground_truth_c2,not_hallucinated,easy,,Inguinal exploration was not performed in our study,1,knowledge_362,0.175382856590025,"There is controversy surrounding the optimal management of the testicular remnant associated with the vanishing testes syndrome. Some urologists advocate the need for surgical exploration, whereas others believe this is unnecessary. These differing opinions are based on the variable reports of viable germ cell elements found within the testicular remnants. To better understand the pathology associated with this syndrome and the need for surgical management, we reviewed our experience regarding the incidence of viable germ cell elements within the testicular remnant. An institutional review board-approved, retrospective review was performed of all consecutive patients undergoing exploration for a nonpalpable testis at Eastern Virginia Medical School and Geisinger Medical Center between 1994 and 2006. Patients who were found to have spermatic vessels and a vas deferens exiting a closed internal inguinal ring were included in this analysis. Fifty-six patients underwent removal of the testicular remnant. Patient age ranged from 11 to 216 months. In 8 of the specimens (14%), we identified viable germ cell elements. In an additional 4 patients (7%), we identified seminiferous tubules without germ cell elements.",contradicted,2.3518861780758016e-05,0.9991967082023621,0.0007797745056450367,low,0.19983934164047243,low,typeform/distilbert-base-uncased-mnli
pqa_labeled_84_ground_truth_c3,not_hallucinated,easy,,our long-term results demonstrate that such an approach would have brought no additional benefit.,1,knowledge_500,0.1141781853668661,"The long-term survival of patients with gastric cancer is governed by various factors, such as the clinical stage of the cancer, the patient's nutritional state, and the treatment and may be governed by the volume of intraperitoneal adipose tissue. The aim of this study is to clarify the relationship between the degree of the patients' body mass index and their long-term survival. Gastric cancer patients who had undergone a gastrectomy with D2-lymphadenectomy and with resection A and B according to the criteria of the Japanese Research Society for Gastric Cancer Rules were subgrouped into those patients with a body mass index<0.185 (the lower body mass index group) and those patients with a body mass index>0.210 (the higher body mass index group). The patient's morbidity and long-term survival rate was retrospectively compared between the 2 groups. A significantly longer mean survival rate was observed for the lower body mass index group in stage 2 (1667 vs. 1322 days, P = 0.0240). Also, a significantly longer mean survival rate was observed for the higher BMI group in stage 3a (1431 vs. 943, P = 0.0071).",unverifiable,0.0008244834607467055,0.4040324091911316,0.5951430797576904,low,0.08080648183822632,low,typeform/distilbert-base-uncased-mnli
pqa_labeled_84_ground_truth_c4,not_hallucinated,easy,,In avoiding an inguinal approach we did not subject our patients to unnecessary risk of testicular or vasal injury.,1,knowledge_362,0.2100328749318347,"There is controversy surrounding the optimal management of the testicular remnant associated with the vanishing testes syndrome. Some urologists advocate the need for surgical exploration, whereas others believe this is unnecessary. These differing opinions are based on the variable reports of viable germ cell elements found within the testicular remnants. To better understand the pathology associated with this syndrome and the need for surgical management, we reviewed our experience regarding the incidence of viable germ cell elements within the testicular remnant. An institutional review board-approved, retrospective review was performed of all consecutive patients undergoing exploration for a nonpalpable testis at Eastern Virginia Medical School and Geisinger Medical Center between 1994 and 2006. Patients who were found to have spermatic vessels and a vas deferens exiting a closed internal inguinal ring were included in this analysis. Fifty-six patients underwent removal of the testicular remnant. Patient age ranged from 11 to 216 months. In 8 of the specimens (14%), we identified viable germ cell elements. In an additional 4 patients (7%), we identified seminiferous tubules without germ cell elements.",unverifiable,0.0002809617144521326,0.03019489161670208,0.9695241451263428,medium,0.010568212065845727,low,typeform/distilbert-base-uncased-mnli
pqa_labeled_84_ground_truth_c5,not_hallucinated,easy,,Contralateral hydrocele is commonly seen in cases of neonatal testicular torsion.,1,knowledge_84,0.7255216998001697,"Treatment of neonatal testicular torsion has two objectives: salvage of the involved testicle (which is rarely achieved) and preservation of the contralateral gonad. The second goal universally involves contralateral testicular scrotal fixation to prevent the future occurrence of contralateral torsion. However, there is controversy with regards to management of a synchronous contralateral hydrocele. It has been our policy not to address the contralateral hydrocele through an inguinal incision to minimize potential injury to the spermatic cord. Our objective in this study was to determine whether the decision to manage a contralateral hydrocele in cases of neonatal testicular torsion solely through a scrotal approach is safe and effective. We reviewed all cases of neonatal testicular torsion occurring at our institution between the years 1999 and 2006. Age at presentation, physical examination, ultrasonographic and intraoperative findings were recorded. Patients were followed after initial surgical intervention to determine the likelihood of developing a subsequent hydrocele or hernia. Thirty-seven patients were identified as presenting with neonatal torsion. Age of presentation averaged 3.5 days (range 1-14 days). Left-sided pathology was seen more commonly than the right, with a 25:12 distribution. All torsed testicles were nonviable. Twenty-two patients were noted to have a contralateral hydrocele at presentation. All hydroceles were opened through a scrotal approach at the time of contralateral scrotal fixation. No patient underwent an inguinal exploration to examine for a patent process vaginalis. None of the patients who presented with a hydrocele have developed a clinical hydrocele or hernia after an average 7.5 years (range 4.3-11.2) follow-up.",contradicted,6.781202682759613e-05,0.9997654557228088,0.00016668866737745702,medium,0.34991790950298307,moderate,typeform/distilbert-base-uncased-mnli
pqa_labeled_84_ground_truth_c6,not_hallucinated,easy,,In our experience this is a condition of minimal clinical significance,1,knowledge_669,0.1572713073716144,"Chronic low back pain (CLBP) is often accompanied by an abnormal motor performance. However, it has not been clarified yet whether these deviations also occur during motor tasks not involving the back and whether the performance is influenced by pain and pain-related cognitions. Therefore, the aim of the present study is to get insight in the contribution of both pain experience and pain-related cognitions to general motor task performance in CLBP. 13 CLBP patients and 15 healthy subjects performed a hand-function task in three conditions: sitting, lying prone (lying) and lying prone without trunk support (provoking). The last condition was assumed to provoke pain-related cognitions, which was considered successful when a patients' pain expectancy on a numeric rating scale was at least 1 point higher than actual pain experienced. Subjects' performance was expressed in reaction time and movement time. Repeated measures analysis of variance was performed to detect main effect for group and condition. Special interest was given to group*condition interaction, since significant interaction would indicate that patients and healthy subjects performed differently throughout the three conditions. Patients were slower throughout all conditions compared to healthy subjects. With respect to the provoking condition, patients showed deteriorated performance compared to lying while healthy subjects' performance remained equal between these two conditions. Further analysis of patients' data showed that provocation was successful in 54% of the patients. Especially this group showed deteriorated performance in the provoking condition.",unverifiable,0.2252858579158783,0.17081695795059204,0.603897213935852,low,0.03416339159011841,low,typeform/distilbert-base-uncased-mnli
pqa_labeled_84_ground_truth_c7,not_hallucinated,easy,,does not warrant formal inguinal exploration for treatment.,1,knowledge_362,0.1236980500573097,"There is controversy surrounding the optimal management of the testicular remnant associated with the vanishing testes syndrome. Some urologists advocate the need for surgical exploration, whereas others believe this is unnecessary. These differing opinions are based on the variable reports of viable germ cell elements found within the testicular remnants. To better understand the pathology associated with this syndrome and the need for surgical management, we reviewed our experience regarding the incidence of viable germ cell elements within the testicular remnant. An institutional review board-approved, retrospective review was performed of all consecutive patients undergoing exploration for a nonpalpable testis at Eastern Virginia Medical School and Geisinger Medical Center between 1994 and 2006. Patients who were found to have spermatic vessels and a vas deferens exiting a closed internal inguinal ring were included in this analysis. Fifty-six patients underwent removal of the testicular remnant. Patient age ranged from 11 to 216 months. In 8 of the specimens (14%), we identified viable germ cell elements. In an additional 4 patients (7%), we identified seminiferous tubules without germ cell elements.",contradicted,0.00018900164286606014,0.8235669732093811,0.17624399065971375,high,0.41178348660469055,moderate,typeform/distilbert-base-uncased-mnli
pqa_labeled_84_ground_truth_c8,not_hallucinated,easy,,This conservative management strategy minimizes the potential of contralateral spermatic cord injury in the neonate.,1,knowledge_84,0.2479956005170006,"Treatment of neonatal testicular torsion has two objectives: salvage of the involved testicle (which is rarely achieved) and preservation of the contralateral gonad. The second goal universally involves contralateral testicular scrotal fixation to prevent the future occurrence of contralateral torsion. However, there is controversy with regards to management of a synchronous contralateral hydrocele. It has been our policy not to address the contralateral hydrocele through an inguinal incision to minimize potential injury to the spermatic cord. Our objective in this study was to determine whether the decision to manage a contralateral hydrocele in cases of neonatal testicular torsion solely through a scrotal approach is safe and effective. We reviewed all cases of neonatal testicular torsion occurring at our institution between the years 1999 and 2006. Age at presentation, physical examination, ultrasonographic and intraoperative findings were recorded. Patients were followed after initial surgical intervention to determine the likelihood of developing a subsequent hydrocele or hernia. Thirty-seven patients were identified as presenting with neonatal torsion. Age of presentation averaged 3.5 days (range 1-14 days). Left-sided pathology was seen more commonly than the right, with a 25:12 distribution. All torsed testicles were nonviable. Twenty-two patients were noted to have a contralateral hydrocele at presentation. All hydroceles were opened through a scrotal approach at the time of contralateral scrotal fixation. No patient underwent an inguinal exploration to examine for a patent process vaginalis. None of the patients who presented with a hydrocele have developed a clinical hydrocele or hernia after an average 7.5 years (range 4.3-11.2) follow-up.",contradicted,0.00013308408961165696,0.999652624130249,0.00021425195154733956,low,0.1999305248260498,low,typeform/distilbert-base-uncased-mnli
pqa_labeled_84_ground_truth_c9,not_hallucinated,easy,,The aims of the study were met.,1,knowledge_438,0.1515042549344422,"Current guidelines recommend total thyroidectomy for nearly all children with well-differentiated thyroid cancer (WDTC). These guidelines, however, derive from older data accrued prior to current high-resolution imaging. We speculate that there is a subpopulation of children who may be adequately treated with lobectomy. Retrospective analysis of prospectively maintained database. Seventy-three children with WDTC treated between 2004 and 2015. We applied two different risk-stratification criteria to this population. First, we determined the number of patients meeting American Thyroid Association (ATA) 'low-risk' criteria, defined as disease grossly confined to the thyroid with either N0/Nx or incidental microscopic N1a disease. Second, we defined a set of 'very-low-risk' histopathological criteria, comprising unifocal tumours ≤4 cm without predefined high-risk factors, and determined the proportion of patients that met these criteria. Twenty-seven (37%) males and 46 (63%) females were included in this study, with a mean age of 13·4 years. Ipsilateral- and contralateral multifocality were identified in 27 (37·0%) and 19 (26·0%) of specimens. Thirty-seven (51%) patients had lymph node metastasis (N1a = 18/N1b = 19). Pre-operative ultrasound identified all cases with clinically significant nodal disease. Of the 73 patients, 39 (53·4%) met ATA low-risk criteria and 16 (21·9%) met 'very-low-risk' criteria. All 'very-low-risk' patients demonstrated excellent response to initial therapy without persistence/recurrence after a mean follow-up of 36·4 months.",contradicted,0.005579319316893816,0.9766941070556641,0.0177265927195549,low,0.19533882141113282,low,typeform/distilbert-base-uncased-mnli
pqa_labeled_84_hallucinated_c1,hallucinated,easy,Misinterpretation of #Question#,"Recent evidence suggests that the presence of a contralateral hydrocele may indicate a higher risk of recurrence in neonatal testicular torsion cases, necessitating a more thorough evaluation",1,knowledge_84,0.5382957533120052,"Treatment of neonatal testicular torsion has two objectives: salvage of the involved testicle (which is rarely achieved) and preservation of the contralateral gonad. The second goal universally involves contralateral testicular scrotal fixation to prevent the future occurrence of contralateral torsion. However, there is controversy with regards to management of a synchronous contralateral hydrocele. It has been our policy not to address the contralateral hydrocele through an inguinal incision to minimize potential injury to the spermatic cord. Our objective in this study was to determine whether the decision to manage a contralateral hydrocele in cases of neonatal testicular torsion solely through a scrotal approach is safe and effective. We reviewed all cases of neonatal testicular torsion occurring at our institution between the years 1999 and 2006. Age at presentation, physical examination, ultrasonographic and intraoperative findings were recorded. Patients were followed after initial surgical intervention to determine the likelihood of developing a subsequent hydrocele or hernia. Thirty-seven patients were identified as presenting with neonatal torsion. Age of presentation averaged 3.5 days (range 1-14 days). Left-sided pathology was seen more commonly than the right, with a 25:12 distribution. All torsed testicles were nonviable. Twenty-two patients were noted to have a contralateral hydrocele at presentation. All hydroceles were opened through a scrotal approach at the time of contralateral scrotal fixation. No patient underwent an inguinal exploration to examine for a patent process vaginalis. None of the patients who presented with a hydrocele have developed a clinical hydrocele or hernia after an average 7.5 years (range 4.3-11.2) follow-up.",contradicted,6.800175469834358e-05,0.9997442364692688,0.00018776387150865048,medium,0.48987467586994166,moderate,typeform/distilbert-base-uncased-mnli
pqa_labeled_84_hallucinated_c2,hallucinated,easy,Misinterpretation of #Question#,possibly a combined inguinal,1,knowledge_849,0.1561384107149385,"The purpose of our study was to determine the effectiveness, clinical impact, and feasibility of double reading barium enemas. Independent double readings of 1,003 consecutive barium enemas (822 double- and 181 single-contrast examinations) were prospectively performed. From this pool of 1,003 examinations, 994 were included in our study. Examinations showing at least one polyp or carcinoma 5 mm or larger were considered to have positive results. For combined readings, results were considered positive if either of the two interpreters reported finding a polyp or carcinoma. A McNemar test was used to compare the first reader's results with the combined results of the first and second readers. Results were retrospectively correlated with endoscopic or surgical results in 360 patients, and agreement between first and combined readings and endoscopic results was determined. Adding a second reader increased the number of positive results on examinations from 249 to 315 (p<0.0001) and resulted in potential alteration of clinical treatment in 98 patients (9.9%). Sensitivity of the first and combined readings for detection of all lesions was identical, 76.3% (95% CI, 65.4-87.1%). Specificity decreased from 91.0% (95% CI, 87.9-94.3%) for the first reading to 86.4% (95% CI, 82.2-90.0%) for the combined reading. The overall measurement of agreement decreased from a kappa value of 61.8 (95% CI, 51.2-72.4%) for the first reading to 52.9 (95% CI, 42.2-63.6%) for the combined reading. The second reading required an average of 3.3 min. Sensitivity for the detection of adenocarcinomas was 100%.",unverifiable,0.21735575795173645,0.2700238823890686,0.5126204490661621,low,0.07560668706893921,low,typeform/distilbert-base-uncased-mnli
pqa_labeled_84_hallucinated_c3,hallucinated,easy,Misinterpretation of #Question#,scrotal approach to ensure complete resolution,1,knowledge_852,0.3220743275205223,"To determine the advantages of scrotal incision in the treatment of undescended testis. Undescended testis is a common pediatric condition and is conventionally managed surgically by orchidopexy. A single scrotal incision orchidopexy has become accepted as a valid approach for patients with palpable undescended testicles. Because this approach also allows easy detection of atrophic testes or testicular remnants, it recently has also emerged as an alternative initial surgical approach to impalpable undescended testicles. All orchidopexies performed between 2004 and 2008 at our university hospital were prospectively included in this study. A total of 194 scrotal orchidopexies were performed in 154 patients (mean age, 71 months; range, 4-229 months). In all cases a scrotal approach was chosen irrespective of the initial position or presence of an open processus vaginalis. Testicular position was examined at follow-up after a mean period of 10 months (3-22 months). Overall, 36 of the 46 impalpable testicles (78%) could be diagnosed and treated accordingly, using only a scrotal incision. Conversion to laparoscopy was needed in 4 cases. A limited number of postoperative complications were seen. In all cases, the testes were palpable and remained in the scrotum on follow-up.",unverifiable,0.0016965670511126518,0.07094266265630722,0.9273607134819031,low,0.019863945543766023,low,typeform/distilbert-base-uncased-mnli
pqa_labeled_84_hallucinated_c4,hallucinated,easy,Misinterpretation of #Question#,prevent future complications.,1,knowledge_767,0.1140909180594924,"Recent studies have shown that early antiretroviral therapy (ART) initiation results in significant HIV transmission reduction. This is the rationale behind the ""test and treat"" policy of the World Health Organization (WHO). Implementation of this policy will lead to an increased incidence of ART-related adverse effects, especially in sub-Saharan Africa (SSA). Is the region yet ready to cope with such a challenging issue? The introduction and widespread use of ART have drastically changed the natural history of HIV/AIDS, but exposure to ART leads to serious medication-related adverse effects mainly explained by mitochondrial toxicities, and the situation will get worse in the near future. Indeed, ART is associated with an increased risk of developing cardiovascular disease, lipodystrophy, prediabetes and overt diabetes, insulin resistance and hyperlactatemia/lactic acidosis. The prevalence of these disorders is already high in SSA, and the situation will be exacerbated by the implementation of the new WHO recommendations. Most SSA countries are characterized by (extreme) poverty, very weak health systems, inadequate and low quality of health services, inaccessibility to existing health facilities, lack of (qualified) health personnel, lack of adequate equipment, inaccessibility and unaffordability of medicines, and heavy workload in a context of a double burden of disease. Additionally, there is dearth of data on the incidence and predictive factors of ART-related adverse effects in SSA, to anticipate on strategies that should be put in place to prevent the occurrence of these conditions or properly estimate the upcoming burden and prepare an adequate response plan. These are required if we are to anticipate and effectively prevent this upcoming burden.",unverifiable,0.3610568046569824,0.0023179666604846716,0.6366252899169922,low,0.000649030664935708,low,typeform/distilbert-base-uncased-mnli
pqa_labeled_85_ground_truth_c1,not_hallucinated,medium,,Our data suggested that visually impaired pedestrians can make accurate,1,knowledge_85,0.3154891187530748,"The purpose of this study is to measure the accuracy and reliability of normally sighted, visually impaired, and blind pedestrians at making street crossing decisions using visual and/or auditory information. Using a 5-point rating scale, safety ratings for vehicular gaps of different durations were measured along a two-lane street of one-way traffic without a traffic signal. Safety ratings were collected from 12 normally sighted, 10 visually impaired, and 10 blind subjects for eight different gap times under three sensory conditions: (1) visual plus auditory information, (2) visual information only, and (3) auditory information only. Accuracy and reliability in street crossing decision-making were calculated for each subject under each sensory condition. We found that normally sighted and visually impaired pedestrians were accurate and reliable in their street crossing decision-making ability when using either vision plus hearing or vision only (P>0.05). Under the hearing only condition, all subjects were reliable (P>0.05) but inaccurate with their street crossing decisions (P<0.05). Compared to either the normally sighted (P = 0.018) or visually impaired subjects (P = 0.019), blind subjects were the least accurate with their street crossing decisions under the hearing only condition.",supported,0.9966894388198853,0.00039499360718764365,0.0029155933298170567,low,7.899872143752874e-05,low,typeform/distilbert-base-uncased-mnli
pqa_labeled_85_ground_truth_c2,not_hallucinated,medium,,reliable street crossing decisions like those of normally sighted pedestrians.,1,knowledge_85,0.6405318885596327,"The purpose of this study is to measure the accuracy and reliability of normally sighted, visually impaired, and blind pedestrians at making street crossing decisions using visual and/or auditory information. Using a 5-point rating scale, safety ratings for vehicular gaps of different durations were measured along a two-lane street of one-way traffic without a traffic signal. Safety ratings were collected from 12 normally sighted, 10 visually impaired, and 10 blind subjects for eight different gap times under three sensory conditions: (1) visual plus auditory information, (2) visual information only, and (3) auditory information only. Accuracy and reliability in street crossing decision-making were calculated for each subject under each sensory condition. We found that normally sighted and visually impaired pedestrians were accurate and reliable in their street crossing decision-making ability when using either vision plus hearing or vision only (P>0.05). Under the hearing only condition, all subjects were reliable (P>0.05) but inaccurate with their street crossing decisions (P<0.05). Compared to either the normally sighted (P = 0.018) or visually impaired subjects (P = 0.019), blind subjects were the least accurate with their street crossing decisions under the hearing only condition.",supported,0.9892951846122742,0.0017210810910910368,0.00898366142064333,low,0.0003442162182182074,low,typeform/distilbert-base-uncased-mnli
pqa_labeled_85_ground_truth_c3,not_hallucinated,medium,,"When using auditory information only, all subjects significantly overestimated the vehicular gap time.",1,knowledge_85,0.2156506206098436,"The purpose of this study is to measure the accuracy and reliability of normally sighted, visually impaired, and blind pedestrians at making street crossing decisions using visual and/or auditory information. Using a 5-point rating scale, safety ratings for vehicular gaps of different durations were measured along a two-lane street of one-way traffic without a traffic signal. Safety ratings were collected from 12 normally sighted, 10 visually impaired, and 10 blind subjects for eight different gap times under three sensory conditions: (1) visual plus auditory information, (2) visual information only, and (3) auditory information only. Accuracy and reliability in street crossing decision-making were calculated for each subject under each sensory condition. We found that normally sighted and visually impaired pedestrians were accurate and reliable in their street crossing decision-making ability when using either vision plus hearing or vision only (P>0.05). Under the hearing only condition, all subjects were reliable (P>0.05) but inaccurate with their street crossing decisions (P<0.05). Compared to either the normally sighted (P = 0.018) or visually impaired subjects (P = 0.019), blind subjects were the least accurate with their street crossing decisions under the hearing only condition.",contradicted,0.2702748477458954,0.7115434408187866,0.018181731924414635,low,0.14230868816375733,low,typeform/distilbert-base-uncased-mnli
pqa_labeled_85_ground_truth_c4,not_hallucinated,medium,,Our finding that blind pedestrians performed significantly worse than either the normally sighted or visually impaired subjects under the hearing only condition suggested that they may benefit from training to improve their detection ability and/or interpretation of vehicular gap times.,1,knowledge_85,0.4677276171077421,"The purpose of this study is to measure the accuracy and reliability of normally sighted, visually impaired, and blind pedestrians at making street crossing decisions using visual and/or auditory information. Using a 5-point rating scale, safety ratings for vehicular gaps of different durations were measured along a two-lane street of one-way traffic without a traffic signal. Safety ratings were collected from 12 normally sighted, 10 visually impaired, and 10 blind subjects for eight different gap times under three sensory conditions: (1) visual plus auditory information, (2) visual information only, and (3) auditory information only. Accuracy and reliability in street crossing decision-making were calculated for each subject under each sensory condition. We found that normally sighted and visually impaired pedestrians were accurate and reliable in their street crossing decision-making ability when using either vision plus hearing or vision only (P>0.05). Under the hearing only condition, all subjects were reliable (P>0.05) but inaccurate with their street crossing decisions (P<0.05). Compared to either the normally sighted (P = 0.018) or visually impaired subjects (P = 0.019), blind subjects were the least accurate with their street crossing decisions under the hearing only condition.",unverifiable,0.021547388285398483,0.0032875663600862026,0.975165069103241,low,0.0006575132720172405,low,typeform/distilbert-base-uncased-mnli
pqa_labeled_85_hallucinated_c1,hallucinated,medium,Misinterpretation of #Question#,"Visually impaired pedestrians can make accurate street crossing decisions when using auditory cues; however, their reliability decreases in complex traffic environments compared to normally sighted pedestrians who rely on both visual",1,knowledge_85,0.6318142738100871,"The purpose of this study is to measure the accuracy and reliability of normally sighted, visually impaired, and blind pedestrians at making street crossing decisions using visual and/or auditory information. Using a 5-point rating scale, safety ratings for vehicular gaps of different durations were measured along a two-lane street of one-way traffic without a traffic signal. Safety ratings were collected from 12 normally sighted, 10 visually impaired, and 10 blind subjects for eight different gap times under three sensory conditions: (1) visual plus auditory information, (2) visual information only, and (3) auditory information only. Accuracy and reliability in street crossing decision-making were calculated for each subject under each sensory condition. We found that normally sighted and visually impaired pedestrians were accurate and reliable in their street crossing decision-making ability when using either vision plus hearing or vision only (P>0.05). Under the hearing only condition, all subjects were reliable (P>0.05) but inaccurate with their street crossing decisions (P<0.05). Compared to either the normally sighted (P = 0.018) or visually impaired subjects (P = 0.019), blind subjects were the least accurate with their street crossing decisions under the hearing only condition.",supported,0.9838814735412598,0.004005104303359985,0.012113413773477077,low,0.0011214292049407958,low,typeform/distilbert-base-uncased-mnli
pqa_labeled_85_hallucinated_c2,hallucinated,medium,Misinterpretation of #Question#,"Studies indicate that visually impaired pedestrians may overestimate vehicular gap times, leading to less accurate crossing decisions.",1,knowledge_85,0.4515615029769664,"The purpose of this study is to measure the accuracy and reliability of normally sighted, visually impaired, and blind pedestrians at making street crossing decisions using visual and/or auditory information. Using a 5-point rating scale, safety ratings for vehicular gaps of different durations were measured along a two-lane street of one-way traffic without a traffic signal. Safety ratings were collected from 12 normally sighted, 10 visually impaired, and 10 blind subjects for eight different gap times under three sensory conditions: (1) visual plus auditory information, (2) visual information only, and (3) auditory information only. Accuracy and reliability in street crossing decision-making were calculated for each subject under each sensory condition. We found that normally sighted and visually impaired pedestrians were accurate and reliable in their street crossing decision-making ability when using either vision plus hearing or vision only (P>0.05). Under the hearing only condition, all subjects were reliable (P>0.05) but inaccurate with their street crossing decisions (P<0.05). Compared to either the normally sighted (P = 0.018) or visually impaired subjects (P = 0.019), blind subjects were the least accurate with their street crossing decisions under the hearing only condition.",contradicted,0.008742363192141056,0.9692005515098572,0.022057071328163147,low,0.27137615442276,low,typeform/distilbert-base-uncased-mnli
pqa_labeled_86_ground_truth_c1,not_hallucinated,easy,,enteritis developed in a 21 year old female within 3 weeks of initiating sulfasalazine for rheumatoid arthritis.,1,knowledge_86,0.432408118448765,"Sulfasalazine is a widely used anti-inflammatory agent in the treatment of inflammatory bowel disease and several rheumatological disorders. Although as many as 20% of treated patients may experience reversible, dose-dependent side effects, less frequent but potentially severe, systemic reactions have also been reported. A severe systemic reaction to sulfasalazine developed in a 21-year old female with rheumatoid arthritis characterized by eosinophilia, granulomatous enteritis and myelotoxicity, cholestatic hepatitis, and seizures. The clinical course and management of this patient are presented as well as a review of the incidence and outcome of severe systemic reactions to sulfasalazine.",unverifiable,0.0003319311945233494,0.0010393710108473897,0.9986287355422974,low,0.00020787420216947795,low,typeform/distilbert-base-uncased-mnli
pqa_labeled_86_ground_truth_c2,not_hallucinated,easy,,"Following a short course of corticosteroids, the patient had resolution of her cholestatic hepatitis, rash, eosinophilia,",1,knowledge_86,0.1992374618473073,"Sulfasalazine is a widely used anti-inflammatory agent in the treatment of inflammatory bowel disease and several rheumatological disorders. Although as many as 20% of treated patients may experience reversible, dose-dependent side effects, less frequent but potentially severe, systemic reactions have also been reported. A severe systemic reaction to sulfasalazine developed in a 21-year old female with rheumatoid arthritis characterized by eosinophilia, granulomatous enteritis and myelotoxicity, cholestatic hepatitis, and seizures. The clinical course and management of this patient are presented as well as a review of the incidence and outcome of severe systemic reactions to sulfasalazine.",unverifiable,0.0004919660277664661,0.0027678224723786116,0.9967402815818787,low,0.0005535644944757223,low,typeform/distilbert-base-uncased-mnli
pqa_labeled_86_ground_truth_c3,not_hallucinated,easy,,gastrointestinal symptoms with no residual manifestations at 7 months follow-up.,1,knowledge_115,0.2425340627517227,"Up to 30 % of patients who have undergone laparoscopic sleeve gastrectomy require revision surgery for inadequate weight loss, weight regain, and/or the development of severe upper gastrointestinal symptoms. The aim of this retrospective study was to evaluate the safety and efficacy of laparoscopic fundectomy (LF) in cases of a residual fundus/neofundus development regarding GERD symptoms. The study group comprised 19 patients (17 female; mean BMI 35.4 kg/m(2)) divided into 2 groups. Group A (n = 10) patients with severe GERD and evidence of residual fundus/neofundus, Hiatal hernia with good results in terms of weight loss. Group B (n = 9) patients with severe GERD, a residual fundus/neofundus, inadequate weight loss or weight regain. Fundectomy was indicated when a residual fundus/neofundus was associated with severe GERD symptoms. The presence of a residual fundus/neofundus was assessed by a barium swallow and/or multislice computed tomography. No mortality or intra-operative complications occurred. Five postoperative complications occurred: 2 cases of bleeding, 1 mid-gastric stenosis and 2 leaks (10.5 %). All patients experienced improvements in their GERD symptoms and stopped PPI treatment. Group B exhibited an additional %EWL of 53.4 % at 24 months.",unverifiable,0.001316869747824967,0.05540843680500984,0.943274736404419,medium,0.019392952881753443,low,typeform/distilbert-base-uncased-mnli
pqa_labeled_86_ground_truth_c4,not_hallucinated,easy,,Although severe reactions to sulfasalazine are rare,1,knowledge_86,0.5093961460017303,"Sulfasalazine is a widely used anti-inflammatory agent in the treatment of inflammatory bowel disease and several rheumatological disorders. Although as many as 20% of treated patients may experience reversible, dose-dependent side effects, less frequent but potentially severe, systemic reactions have also been reported. A severe systemic reaction to sulfasalazine developed in a 21-year old female with rheumatoid arthritis characterized by eosinophilia, granulomatous enteritis and myelotoxicity, cholestatic hepatitis, and seizures. The clinical course and management of this patient are presented as well as a review of the incidence and outcome of severe systemic reactions to sulfasalazine.",unverifiable,0.00014247979561332613,0.0012951892567798495,0.9985623955726624,low,0.00025903785135596993,low,typeform/distilbert-base-uncased-mnli
pqa_labeled_86_ground_truth_c5,not_hallucinated,easy,,"unpredictable, practicing physicians should be aware of unusual clinical presentations of toxicity when prescribing sulfasalazine.",1,knowledge_86,0.1936569504419318,"Sulfasalazine is a widely used anti-inflammatory agent in the treatment of inflammatory bowel disease and several rheumatological disorders. Although as many as 20% of treated patients may experience reversible, dose-dependent side effects, less frequent but potentially severe, systemic reactions have also been reported. A severe systemic reaction to sulfasalazine developed in a 21-year old female with rheumatoid arthritis characterized by eosinophilia, granulomatous enteritis and myelotoxicity, cholestatic hepatitis, and seizures. The clinical course and management of this patient are presented as well as a review of the incidence and outcome of severe systemic reactions to sulfasalazine.",unverifiable,0.00030863541178405285,0.0023692382965236902,0.997322142124176,low,0.0004738476593047381,low,typeform/distilbert-base-uncased-mnli
pqa_labeled_86_hallucinated_c1,hallucinated,easy,Misinterpretation of #Question#,This case describes a 21-year-old female who was diagnosed with Crohn's disease after developing granulomatous enteritis,1,knowledge_86,0.2038772957960726,"Sulfasalazine is a widely used anti-inflammatory agent in the treatment of inflammatory bowel disease and several rheumatological disorders. Although as many as 20% of treated patients may experience reversible, dose-dependent side effects, less frequent but potentially severe, systemic reactions have also been reported. A severe systemic reaction to sulfasalazine developed in a 21-year old female with rheumatoid arthritis characterized by eosinophilia, granulomatous enteritis and myelotoxicity, cholestatic hepatitis, and seizures. The clinical course and management of this patient are presented as well as a review of the incidence and outcome of severe systemic reactions to sulfasalazine.",unverifiable,0.0002904681023210287,0.0008927895687520504,0.998816728591919,low,0.0002499810792505741,low,typeform/distilbert-base-uncased-mnli
pqa_labeled_86_hallucinated_c2,hallucinated,easy,Misinterpretation of #Question#,eosinophilia following the initiation of sulfasalazine for rheumatoid arthritis.,1,knowledge_86,0.4141285439723245,"Sulfasalazine is a widely used anti-inflammatory agent in the treatment of inflammatory bowel disease and several rheumatological disorders. Although as many as 20% of treated patients may experience reversible, dose-dependent side effects, less frequent but potentially severe, systemic reactions have also been reported. A severe systemic reaction to sulfasalazine developed in a 21-year old female with rheumatoid arthritis characterized by eosinophilia, granulomatous enteritis and myelotoxicity, cholestatic hepatitis, and seizures. The clinical course and management of this patient are presented as well as a review of the incidence and outcome of severe systemic reactions to sulfasalazine.",unverifiable,0.00019784027244895697,0.0016754145035520196,0.9981266856193542,low,0.00046911606099456546,low,typeform/distilbert-base-uncased-mnli
pqa_labeled_87_ground_truth_c1,not_hallucinated,hard,,The frequency of habits of Chaalia,1,knowledge_87,0.2683642065445965,"To determine the practices and knowledge of harmful effects regarding use of Chaalia and Pan Masala in three schools of Mahmoodabad and Chanesar Goth, Jamshed Town, Karachi, Pakistan. To achieve the objective a cross-sectional design was used in three government schools of Mahmoodabad and Chanesar Goth, Jamshed Town, Karachi. Students of either gender drawn from these schools fulfilling the inclusion and exclusion criteria were interviewed using a pre-coded structured questionnaire. Along with demographic data, questions regarding frequency of Chaalia and Pan Masala use, practices of this habit in friends and family and place of procurement of these substances, were inquired. Knowledge was assessed about harmful effects and its source of information. In addition, practices in relation to that knowledge were assessed. A total of 370 students were interviewed over a period of six weeks, of which 205 (55.4%) were boys. The ages of the students were between 10 and 15 years. Thirty one percent of the fathers and 62% of the mothers were uneducated. The frequency of use of any brand of Chaalia was found to be 94% and that of Pan Masala was 73.8%. Eighty five percent of them were regular users. A large majority (88%) procured the substances themselves from near their homes. Ninety five percent of the children had friends with the same habits. Eighty four percent were using the substances in full knowledge of their families. Chaalia was considered harmful for health by 96% and Pan Masala by 60%. Good taste was cited as a reason for continuing the habit by 88.5% of the children and use by friends by 57%. Knowledge about established harmful effects was variable. Knowledge about harmful effects was high in both ""daily"" and ""less than daily users"".",unverifiable,0.02347087860107422,0.01768188737332821,0.9588472843170166,low,0.003536377474665642,low,typeform/distilbert-base-uncased-mnli
pqa_labeled_87_ground_truth_c2,not_hallucinated,hard,,"Pan Masala chewing, by school children in lower socio-economic areas is extremely high.",1,knowledge_87,0.2546096525069014,"To determine the practices and knowledge of harmful effects regarding use of Chaalia and Pan Masala in three schools of Mahmoodabad and Chanesar Goth, Jamshed Town, Karachi, Pakistan. To achieve the objective a cross-sectional design was used in three government schools of Mahmoodabad and Chanesar Goth, Jamshed Town, Karachi. Students of either gender drawn from these schools fulfilling the inclusion and exclusion criteria were interviewed using a pre-coded structured questionnaire. Along with demographic data, questions regarding frequency of Chaalia and Pan Masala use, practices of this habit in friends and family and place of procurement of these substances, were inquired. Knowledge was assessed about harmful effects and its source of information. In addition, practices in relation to that knowledge were assessed. A total of 370 students were interviewed over a period of six weeks, of which 205 (55.4%) were boys. The ages of the students were between 10 and 15 years. Thirty one percent of the fathers and 62% of the mothers were uneducated. The frequency of use of any brand of Chaalia was found to be 94% and that of Pan Masala was 73.8%. Eighty five percent of them were regular users. A large majority (88%) procured the substances themselves from near their homes. Ninety five percent of the children had friends with the same habits. Eighty four percent were using the substances in full knowledge of their families. Chaalia was considered harmful for health by 96% and Pan Masala by 60%. Good taste was cited as a reason for continuing the habit by 88.5% of the children and use by friends by 57%. Knowledge about established harmful effects was variable. Knowledge about harmful effects was high in both ""daily"" and ""less than daily users"".",unverifiable,0.000901001796592027,0.004976675380021334,0.994122326374054,low,0.0009953350760042669,low,typeform/distilbert-base-uncased-mnli
pqa_labeled_87_ground_truth_c3,not_hallucinated,hard,,"The probable reasons for this high frequency are taste, the widespread use of these substances by family members",1,knowledge_87,0.1545088247226877,"To determine the practices and knowledge of harmful effects regarding use of Chaalia and Pan Masala in three schools of Mahmoodabad and Chanesar Goth, Jamshed Town, Karachi, Pakistan. To achieve the objective a cross-sectional design was used in three government schools of Mahmoodabad and Chanesar Goth, Jamshed Town, Karachi. Students of either gender drawn from these schools fulfilling the inclusion and exclusion criteria were interviewed using a pre-coded structured questionnaire. Along with demographic data, questions regarding frequency of Chaalia and Pan Masala use, practices of this habit in friends and family and place of procurement of these substances, were inquired. Knowledge was assessed about harmful effects and its source of information. In addition, practices in relation to that knowledge were assessed. A total of 370 students were interviewed over a period of six weeks, of which 205 (55.4%) were boys. The ages of the students were between 10 and 15 years. Thirty one percent of the fathers and 62% of the mothers were uneducated. The frequency of use of any brand of Chaalia was found to be 94% and that of Pan Masala was 73.8%. Eighty five percent of them were regular users. A large majority (88%) procured the substances themselves from near their homes. Ninety five percent of the children had friends with the same habits. Eighty four percent were using the substances in full knowledge of their families. Chaalia was considered harmful for health by 96% and Pan Masala by 60%. Good taste was cited as a reason for continuing the habit by 88.5% of the children and use by friends by 57%. Knowledge about established harmful effects was variable. Knowledge about harmful effects was high in both ""daily"" and ""less than daily users"".",supported,0.5132192373275757,0.016201186925172806,0.4705796539783478,low,0.0032402373850345615,low,typeform/distilbert-base-uncased-mnli
pqa_labeled_87_ground_truth_c4,not_hallucinated,hard,,"friends, low cost",1,knowledge_533,0.198611134590008,"We sought to determine the target populations and drug efficacy, toxicity, cost, and initiation age thresholds under which a pharmacologic regimen for knee osteoarthritis (OA) prevention could be cost-effective. We used the Osteoarthritis Policy (OAPol) Model, a validated state-transition simulation model of knee OA, to evaluate the cost-effectiveness of using disease-modifying OA drugs (DMOADs) as prophylaxis for the disease. We assessed four cohorts at varying risk for developing OA: (1) no risk factors, (2) obese, (3) history of knee injury, and (4) high-risk (obese with history of knee injury). The base case DMOAD was initiated at age 50 with 40% efficacy in the first year, 5% failure per subsequent year, 0.22% major toxicity, and annual cost of $1,000. Outcomes included costs, quality-adjusted life expectancy (QALE), and incremental cost-effectiveness ratios (ICERs). Key parameters were varied in sensitivity analyses. For the high-risk cohort, base case prophylaxis increased quality-adjusted life-years (QALYs) by 0.04 and lifetime costs by $4,600, and produced an ICER of $118,000 per QALY gained. ICERs>$150,000/QALY were observed when comparing the base case DMOAD to the standard of care in the knee injury only cohort; for the obese only and no risk factors cohorts, the base case DMOAD was less cost-effective than the standard of care. Regimens priced at $3,000 per year and higher demonstrated ICERs above cost-effectiveness thresholds consistent with current US standards.",contradicted,0.0011159032583236694,0.7371248006820679,0.26175928115844727,low,0.14742496013641357,low,typeform/distilbert-base-uncased-mnli
pqa_labeled_87_hallucinated_c1,hallucinated,hard,Misinterpretation of #Question#,Regular consumption of Chaalia,1,knowledge_87,0.2244332840600772,"To determine the practices and knowledge of harmful effects regarding use of Chaalia and Pan Masala in three schools of Mahmoodabad and Chanesar Goth, Jamshed Town, Karachi, Pakistan. To achieve the objective a cross-sectional design was used in three government schools of Mahmoodabad and Chanesar Goth, Jamshed Town, Karachi. Students of either gender drawn from these schools fulfilling the inclusion and exclusion criteria were interviewed using a pre-coded structured questionnaire. Along with demographic data, questions regarding frequency of Chaalia and Pan Masala use, practices of this habit in friends and family and place of procurement of these substances, were inquired. Knowledge was assessed about harmful effects and its source of information. In addition, practices in relation to that knowledge were assessed. A total of 370 students were interviewed over a period of six weeks, of which 205 (55.4%) were boys. The ages of the students were between 10 and 15 years. Thirty one percent of the fathers and 62% of the mothers were uneducated. The frequency of use of any brand of Chaalia was found to be 94% and that of Pan Masala was 73.8%. Eighty five percent of them were regular users. A large majority (88%) procured the substances themselves from near their homes. Ninety five percent of the children had friends with the same habits. Eighty four percent were using the substances in full knowledge of their families. Chaalia was considered harmful for health by 96% and Pan Masala by 60%. Good taste was cited as a reason for continuing the habit by 88.5% of the children and use by friends by 57%. Knowledge about established harmful effects was variable. Knowledge about harmful effects was high in both ""daily"" and ""less than daily users"".",unverifiable,0.011304535903036594,0.017974406480789185,0.9707210063934326,low,0.005032833814620972,low,typeform/distilbert-base-uncased-mnli
pqa_labeled_87_hallucinated_c2,hallucinated,hard,Misinterpretation of #Question#,"Pan Masala has been linked to several significant health risks, primarily due to their harmful components such as areca nut",1,knowledge_87,0.3731248499686004,"To determine the practices and knowledge of harmful effects regarding use of Chaalia and Pan Masala in three schools of Mahmoodabad and Chanesar Goth, Jamshed Town, Karachi, Pakistan. To achieve the objective a cross-sectional design was used in three government schools of Mahmoodabad and Chanesar Goth, Jamshed Town, Karachi. Students of either gender drawn from these schools fulfilling the inclusion and exclusion criteria were interviewed using a pre-coded structured questionnaire. Along with demographic data, questions regarding frequency of Chaalia and Pan Masala use, practices of this habit in friends and family and place of procurement of these substances, were inquired. Knowledge was assessed about harmful effects and its source of information. In addition, practices in relation to that knowledge were assessed. A total of 370 students were interviewed over a period of six weeks, of which 205 (55.4%) were boys. The ages of the students were between 10 and 15 years. Thirty one percent of the fathers and 62% of the mothers were uneducated. The frequency of use of any brand of Chaalia was found to be 94% and that of Pan Masala was 73.8%. Eighty five percent of them were regular users. A large majority (88%) procured the substances themselves from near their homes. Ninety five percent of the children had friends with the same habits. Eighty four percent were using the substances in full knowledge of their families. Chaalia was considered harmful for health by 96% and Pan Masala by 60%. Good taste was cited as a reason for continuing the habit by 88.5% of the children and use by friends by 57%. Knowledge about established harmful effects was variable. Knowledge about harmful effects was high in both ""daily"" and ""less than daily users"".",unverifiable,0.0007615311769768596,0.00046015973202884197,0.9987782835960388,medium,0.00022547826869413255,low,typeform/distilbert-base-uncased-mnli
pqa_labeled_87_hallucinated_c3,hallucinated,hard,Misinterpretation of #Question#,"These substances can lead to serious oral health issues, including gum disease",1,knowledge_977,0.1295945898960691,"To assess Internet use amongst young people to determine whether it would be a practical way to provide sex education and information. Year 10 students (aged 14-15 years) from North Nottinghamshire schools were asked to participate in focus groups to discuss the Internet. A series of predefined questions were directed to the whole group to generate debate. Areas explored included: Internet access and site; frequency and purpose of Internet use; websites visited; ideas for a genitourinary medicine (GUM) website. Responses were recorded by a hand count or as individual verbal responses. Thirteen focus groups were held involving 287 students of approximately equal sex distribution. All had access to Internet facilities at school and 224 (78.0%) had access elsewhere. Access was at least once a week by 178 (62.0%) mostly for e-mail, games, chatlines and homework. No one accessed for health information. One hundred and seventy-nine (62.4%) participants said they would use a GUM website. A 'question line' where they could e-mail questions to a health care professional was of interest to 202 (70.4%) participants.",contradicted,0.006147260777652264,0.9467995166778564,0.04705319181084633,low,0.2651038646697998,low,typeform/distilbert-base-uncased-mnli
pqa_labeled_87_hallucinated_c4,hallucinated,hard,Misinterpretation of #Question#,an increased risk of oral cancer.,1,knowledge_851,0.2756276346063417,"To examine whether a history of cancer increased the likelihood of a fall in community-dwelling older adults, and if cancer type, stage, or time since diagnosis increased falls. A longitudinal, retrospective, cohort study. A home- and community-based waiver program in Michigan. 862 older adults aged 65 years or older with cancer compared to 8,617 older adults without cancer using data from the Minimum Data Set-Home Care and Michigan cancer registry. Reports of falls were examined for 90-180 days. Generalized estimating equations were used to compare differences between the groups. Cancer, falls, patient characteristics, comorbidities, medications, pain, weight loss, vision, memory recall, and activities, as well as cancer type, stage, and time since diagnosis. A fall occurred at a rate of 33% in older adults with cancer compared to 29% without cancer (p<0.00). Those with a history of cancer were more likely to fall than those without cancer (adjusted odds ratio 1.16; 95% confidence interval [1.02, 1.33]; p = 0.03). No differences in fall rates were determined by cancer type or stage, and the odds of a fall did not increase when adding time since cancer diagnosis.",supported,0.9526224136352539,0.025495495647192,0.021882202476263046,medium,0.01249279286712408,low,typeform/distilbert-base-uncased-mnli
pqa_labeled_88_ground_truth_c1,not_hallucinated,hard,,Cervical physical therapy can have a positive effect on subjective tinnitus complaints in patients with a combination of tinnitus,1,knowledge_88,0.6333109389323583,"Tinnitus can be related to many different aetiologies such as hearing loss or a noise trauma, but it can also be related to the somatosensory system of the cervical spine, called cervicogenic somatic tinnitus (CST). Case studies suggest a positive effect of cervical spine treatment on tinnitus complaints in patients with CST, but no experimental studies are available. To investigate the effect of a multimodal cervical physical therapy treatment on tinnitus complaints in patients with CST. Randomized controlled trial. Patients with a combination of severe subjective tinnitus (Tinnitus Functional Index (TFI): 25-90 points) and neck complaints (Neck Bournemouth Questionnaire (NBQ) > 14 points). All patients received cervical physical therapy for 6 weeks (12 sessions). Patients were randomized in an immediate-start therapy group (n = 19) and a 6-week delayed-start therapy group (n = 19). TFI and NBQ-scores were documented at baseline, after the wait-and-see period in the delayed-start group, after treatment and after 6 weeks follow-up. The Global Perceived Effect (GPE) was documented at all measuring moments, except at baseline. In all patients (n = 38) TFI and NBQ-scores decreased significantly after treatment (p = 0.04 and p < 0.001). NBQ-scores remained significantly lower after follow-up (p = 0.001). Immediately after treatment, 53% (n = 38) experienced substantial improvement of tinnitus. This effect was maintained in 24% of patients after follow-up at six weeks.",unverifiable,0.003984624985605478,0.018741661682724953,0.9772737622261047,low,0.0037483323365449907,low,typeform/distilbert-base-uncased-mnli
pqa_labeled_88_ground_truth_c2,not_hallucinated,hard,,"Larger studies, using more responsive outcome measures, are",1,knowledge_907,0.1315247331533794,"To determine if composite measures based on process indicators are consistent with short-term outcome indicators in surgical colorectal cancer care. Longitudinal analysis of consistency between composite measures based on process indicators and outcome indicators for 85 Dutch hospitals. The Dutch Surgical Colorectal Audit database, the Netherlands. 4732 elective patients with colon carcinoma and 2239 with rectum carcinoma treated in 85 hospitals were included in the analyses. All available process indicators were aggregated into five different composite measures. The association of the different composite measures with risk-adjusted postoperative mortality and morbidity was analysed at the patient and hospital level. At the patient level, only one of the composite measures was negatively associated with morbidity for rectum carcinoma. At the hospital level, a strong negative association was found between composite measures and hospital mortality and morbidity rates for rectum carcinoma (p<0.05), and hospital morbidity rates for colon carcinoma.",unverifiable,0.2741123139858246,0.2528943121433258,0.47299328446388245,low,0.05057886242866516,low,typeform/distilbert-base-uncased-mnli
pqa_labeled_88_ground_truth_c3,not_hallucinated,hard,,necessary to prove this effect.,1,knowledge_59,0.1107863805789812,The use of a balloon expandable stent valve includes balloon predilatation of the aortic stenosis before valve deployment. The aim of the study was to see whether or not balloon predilatation is necessary in transcatheter aortic valve replacement (TAVI). Sixty consecutive TAVI patients were randomized to the standard procedure or to a protocol where balloon predilatation was omitted. There were no significant differences between the groups regarding early hemodynamic results or complication rates.,unverifiable,0.00025272651691921055,0.00015670403081458062,0.9995905756950378,low,3.134080616291613e-05,low,typeform/distilbert-base-uncased-mnli
pqa_labeled_88_hallucinated_c1,hallucinated,hard,Misinterpretation of #Question#,"Multi-modal cervical physical therapy has been shown to significantly alleviate tinnitus symptoms in patients with cervicogenic somatic tinnitus, with notable improvements observed in auditory function",1,knowledge_88,0.4434265888564868,"Tinnitus can be related to many different aetiologies such as hearing loss or a noise trauma, but it can also be related to the somatosensory system of the cervical spine, called cervicogenic somatic tinnitus (CST). Case studies suggest a positive effect of cervical spine treatment on tinnitus complaints in patients with CST, but no experimental studies are available. To investigate the effect of a multimodal cervical physical therapy treatment on tinnitus complaints in patients with CST. Randomized controlled trial. Patients with a combination of severe subjective tinnitus (Tinnitus Functional Index (TFI): 25-90 points) and neck complaints (Neck Bournemouth Questionnaire (NBQ) > 14 points). All patients received cervical physical therapy for 6 weeks (12 sessions). Patients were randomized in an immediate-start therapy group (n = 19) and a 6-week delayed-start therapy group (n = 19). TFI and NBQ-scores were documented at baseline, after the wait-and-see period in the delayed-start group, after treatment and after 6 weeks follow-up. The Global Perceived Effect (GPE) was documented at all measuring moments, except at baseline. In all patients (n = 38) TFI and NBQ-scores decreased significantly after treatment (p = 0.04 and p < 0.001). NBQ-scores remained significantly lower after follow-up (p = 0.001). Immediately after treatment, 53% (n = 38) experienced substantial improvement of tinnitus. This effect was maintained in 24% of patients after follow-up at six weeks.",unverifiable,0.009236863814294338,0.03404487296938896,0.9567182660102844,medium,0.01668198775500059,low,typeform/distilbert-base-uncased-mnli
pqa_labeled_88_hallucinated_c2,hallucinated,hard,Misinterpretation of #Question#,quality of life.,1,knowledge_177,0.55069031837255,"To explore the impact of delivery mode on women's postpartum quality of life in rural China and probe factors influencing postnatal quality of life. Childbirth significantly affects puerpera's physical, psychological and social domains of quality of life. Under the circumstance of increasing high caesarean section rate in rural China, the impact of delivery mode on postnatal quality of life remains unclear. Cross-sectional study design. Women residing in rural areas and in their 0-12 months after childbirth from 30 rural townships participated in a household survey. A structured questionnaire was used to evaluate women's socio-demographic characteristics, previous pregnant experiences, foetal characteristics and use of maternal health services. The scale for rural postnatal quality of life was adopted to assess postnatal quality of life from six dimensions: physical complaints and pain, sleep and energy, sex satisfaction, interpersonal communication, self-evaluated living stress and perceived life satisfaction. The overall caeserean section rate was 70·0% (962/1375), and most of them (59·7%) were selected by maternal request. None of six dimensions and total score of quality of life displayed significant difference between women with normal delivery and cesaerean section. It was found that postnatal home visit related to good postnatal quality of life and lower husband education level, male gender of infant were associated with poor quality of life.",supported,0.9856799840927124,0.0012713661417365074,0.01304858922958374,low,0.0003559825196862221,low,typeform/distilbert-base-uncased-mnli
pqa_labeled_88_hallucinated_c3,hallucinated,hard,Misinterpretation of #Question#,A study by Greenfield,1,knowledge_793,0.1449420303550547,"In this study, we investigated D-dimer serum level as a diagnostic parameter for acute appendicitis. Forty-nine patients were enrolled in the study. Patients were classified according to age; sex; duration between the beginning of pain and referral to a hospital or clinic; Alvarado scores; and in physical examination, presence of muscular defense, the number of leukocytes, preoperative ultrasonography, and D-dimer levels of histopathologic study groups were analyzed. Of the patients enrolled in the study, 26.5% were females and 73.5% males. The average age was 21 years (range, 16-38 years) and 81.7% acute appendicitis (AA). According the duration of pain, 63.2% of the patients were referred to the hospital within the first 24 hours, 26.5% of the patients were referred to the hospital within 24 to 48 hours, and 10.3% were referred to the hospital within a period of more than 48 hours. No statistically significant difference was determined regarding D-dimer levels between the histopathologic study groups (P>.05). Alvarado scores lower than 7 were found in 36.7% and 7 or higher in 63.3% of the patients. There was no statistically significant difference related with D-dimer levels between histopathologic study groups (P>.05). The ratio of cases with a number of leukocytes below the upper limit were determined respectively as 32.7% and 67.3%, and no statistically significant difference was found regarding d-dimer levels between histopathologic study groups (P>.05).",supported,0.9032506346702576,0.018154872581362724,0.07859448343515396,low,0.005083364322781563,low,typeform/distilbert-base-uncased-mnli
pqa_labeled_88_hallucinated_c4,hallucinated,hard,Misinterpretation of #Question#,"colleagues (2020) demonstrated a 45% reduction in tinnitus severity scores among participants after a 12-week program that included manual therapy, therapeutic exercises,",1,knowledge_88,0.2569519852482148,"Tinnitus can be related to many different aetiologies such as hearing loss or a noise trauma, but it can also be related to the somatosensory system of the cervical spine, called cervicogenic somatic tinnitus (CST). Case studies suggest a positive effect of cervical spine treatment on tinnitus complaints in patients with CST, but no experimental studies are available. To investigate the effect of a multimodal cervical physical therapy treatment on tinnitus complaints in patients with CST. Randomized controlled trial. Patients with a combination of severe subjective tinnitus (Tinnitus Functional Index (TFI): 25-90 points) and neck complaints (Neck Bournemouth Questionnaire (NBQ) > 14 points). All patients received cervical physical therapy for 6 weeks (12 sessions). Patients were randomized in an immediate-start therapy group (n = 19) and a 6-week delayed-start therapy group (n = 19). TFI and NBQ-scores were documented at baseline, after the wait-and-see period in the delayed-start group, after treatment and after 6 weeks follow-up. The Global Perceived Effect (GPE) was documented at all measuring moments, except at baseline. In all patients (n = 38) TFI and NBQ-scores decreased significantly after treatment (p = 0.04 and p < 0.001). NBQ-scores remained significantly lower after follow-up (p = 0.001). Immediately after treatment, 53% (n = 38) experienced substantial improvement of tinnitus. This effect was maintained in 24% of patients after follow-up at six weeks.",unverifiable,0.019293643534183502,0.4504975378513336,0.5302087664604187,low,0.1261393105983734,low,typeform/distilbert-base-uncased-mnli
pqa_labeled_89_ground_truth_c1,not_hallucinated,medium,,"This study demonstrates that a significant eosinophilic inflammation is present across all categories of asthma,",1,knowledge_515,0.262956660685982,"Epidemiologic findings support a positive association between asthma and obesity. Determine whether obesity or increasing level of body mass index (BMI) are associated with worse asthma control in an ethnically diverse urban population. Cross-sectional assessment of asthma control was performed in patients with asthma recruited from primary care offices by using 4 different validated asthma control questionnaires: the Asthma Control and Communication Instrument (ACCI), the Asthma Control Test (ACT), the Asthma Control Questionnaire (ACQ), and the Asthma Therapy Assessment Questionnaire (ATAQ). Multiple linear regression analysis was performed to evaluate the association between obesity and increasing BMI level and asthma control. Of 292 subjects with a mean age of 47 years, the majority were women (82%) and African American (67%). There was a high prevalence of obesity with 63%, with only 15% normal weight. The mean score from all 4 questionnaires showed an average suboptimal asthma control (mean score/maximum possible score): ACCI (8.3/19), ACT (15.4/25), ACQ (2.1/6), and ATAQ (1.3/4). Regression analysis showed no association between obesity or increasing BMI level and asthma control using all 4 questionnaires. This finding persisted even after adjusting for FEV(1), smoking status, race, sex, selected comorbid illnesses, and long-term asthma controller use.",contradicted,5.591077933786437e-05,0.9993273019790649,0.0006167830433696508,low,0.199865460395813,low,typeform/distilbert-base-uncased-mnli
pqa_labeled_89_ground_truth_c2,not_hallucinated,medium,,that paucigranulocytic asthma may be seen as a low grade inflammatory disease.,1,knowledge_89,0.3259866587829802,"The technique of induced sputum has allowed to subdivide asthma patients into inflammatory phenotypes according to their level of granulocyte airway infiltration. There are very few studies which looked at detailed sputum and blood cell counts in a large cohort of asthmatics divided into inflammatory phenotypes. The purpose of this study was to analyze sputum cell counts, blood leukocytes and systemic inflammatory markers in these phenotypes, and investigate how those groups compared with healthy subjects. We conducted a retrospective cross-sectional study on 833 asthmatics recruited from the University Asthma Clinic of Liege and compared them with 194 healthy subjects. Asthmatics were classified into inflammatory phenotypes. The total non-squamous cell count per gram of sputum was greater in mixed granulocytic and neutrophilic phenotypes as compared to eosinophilic, paucigranulocytic asthma and healthy subjects (p < 0.005). Sputum eosinophils (in absolute values and percentages) were increased in all asthma phenotypes including paucigranulocytic asthma, compared to healthy subjects (p < 0.005). Eosinophilic asthma showed higher absolute sputum neutrophil and lymphocyte counts than healthy subjects (p < 0.005), while neutrophilic asthmatics had a particularly low number of sputum macrophages and epithelial cells. All asthma phenotypes showed an increased blood leukocyte count compared to healthy subjects (p < 0.005), with paucigranulocytic asthmatics having also increased absolute blood eosinophils compared to healthy subjects (p < 0.005). Neutrophilic asthma had raised CRP and fibrinogen while eosinophilic asthma only showed raised fibrinogen compared to healthy subjects (p < 0.005).",contradicted,0.003045035991817713,0.9944263696670532,0.0025285312440246344,low,0.19888527393341066,low,typeform/distilbert-base-uncased-mnli
pqa_labeled_89_hallucinated_c1,hallucinated,medium,Incomplete Information,"Paucigranulocytic asthma is characterized by significantly lower levels of eosinophils compared to other asthma phenotypes, indicating a less prominent eosinophilic inflammatory profile.",1,knowledge_89,0.4860078588081478,"The technique of induced sputum has allowed to subdivide asthma patients into inflammatory phenotypes according to their level of granulocyte airway infiltration. There are very few studies which looked at detailed sputum and blood cell counts in a large cohort of asthmatics divided into inflammatory phenotypes. The purpose of this study was to analyze sputum cell counts, blood leukocytes and systemic inflammatory markers in these phenotypes, and investigate how those groups compared with healthy subjects. We conducted a retrospective cross-sectional study on 833 asthmatics recruited from the University Asthma Clinic of Liege and compared them with 194 healthy subjects. Asthmatics were classified into inflammatory phenotypes. The total non-squamous cell count per gram of sputum was greater in mixed granulocytic and neutrophilic phenotypes as compared to eosinophilic, paucigranulocytic asthma and healthy subjects (p < 0.005). Sputum eosinophils (in absolute values and percentages) were increased in all asthma phenotypes including paucigranulocytic asthma, compared to healthy subjects (p < 0.005). Eosinophilic asthma showed higher absolute sputum neutrophil and lymphocyte counts than healthy subjects (p < 0.005), while neutrophilic asthmatics had a particularly low number of sputum macrophages and epithelial cells. All asthma phenotypes showed an increased blood leukocyte count compared to healthy subjects (p < 0.005), with paucigranulocytic asthmatics having also increased absolute blood eosinophils compared to healthy subjects (p < 0.005). Neutrophilic asthma had raised CRP and fibrinogen while eosinophilic asthma only showed raised fibrinogen compared to healthy subjects (p < 0.005).",contradicted,0.003314471570774913,0.9936556816101074,0.0030298714991658926,low,0.21860424995422367,low,typeform/distilbert-base-uncased-mnli
pqa_labeled_89_hallucinated_c2,hallucinated,medium,Incomplete Information,While systemic inflammatory markers like CRP,1,knowledge_440,0.2896215265532705,"The serum C-reactive protein (CRP) level correlates with the clinical prognosis in patients with kidney, penile and metastatic castration-resistant prostate cancer (PC). We prospectively evaluated the preoperative CRP level as a predictive marker for an advanced tumor stage or high-grade cancer in patients with clinically localized PC. The study evaluated 629 patients with clinically localized PC who underwent radical prostatectomy between 2010 and 2013. Exclusion criteria were signs of systemic infection, symptoms of an autoimmune disease or neoadjuvant androgen deprivation. Poorly differentiated PC tends to be more common in patients with elevated CRP levels (15.5 vs. 9.5%, p = 0.08). Analogously, patients with a Gleason score ≥8 PC had significantly higher median CRP levels than those with a Gleason score ≤7 PC (1.9 vs. 1.2 mg/l, p = 0.03). However, neither uni- nor multivariate analysis showed an association between the preoperative CRP level and the presence of a locally advanced tumor stage, lymph node metastases or a positive surgical margin. CRP also failed to correlate with the initial PSA level and the clinical tumor-associated findings. Moreover, multivariate analysis relativized the association between an elevated CRP level and poor tumor differentiation.",unverifiable,0.021905796602368355,0.062084343284368515,0.9160099029541016,low,0.013658555522561075,low,typeform/distilbert-base-uncased-mnli
pqa_labeled_89_hallucinated_c3,hallucinated,medium,Incomplete Information,"fibrinogen may be slightly elevated, they do not reach the levels observed in eosinophilic or neutrophilic asthma, suggesting a milder overall inflammatory response.",1,knowledge_89,0.2970524197082167,"The technique of induced sputum has allowed to subdivide asthma patients into inflammatory phenotypes according to their level of granulocyte airway infiltration. There are very few studies which looked at detailed sputum and blood cell counts in a large cohort of asthmatics divided into inflammatory phenotypes. The purpose of this study was to analyze sputum cell counts, blood leukocytes and systemic inflammatory markers in these phenotypes, and investigate how those groups compared with healthy subjects. We conducted a retrospective cross-sectional study on 833 asthmatics recruited from the University Asthma Clinic of Liege and compared them with 194 healthy subjects. Asthmatics were classified into inflammatory phenotypes. The total non-squamous cell count per gram of sputum was greater in mixed granulocytic and neutrophilic phenotypes as compared to eosinophilic, paucigranulocytic asthma and healthy subjects (p < 0.005). Sputum eosinophils (in absolute values and percentages) were increased in all asthma phenotypes including paucigranulocytic asthma, compared to healthy subjects (p < 0.005). Eosinophilic asthma showed higher absolute sputum neutrophil and lymphocyte counts than healthy subjects (p < 0.005), while neutrophilic asthmatics had a particularly low number of sputum macrophages and epithelial cells. All asthma phenotypes showed an increased blood leukocyte count compared to healthy subjects (p < 0.005), with paucigranulocytic asthmatics having also increased absolute blood eosinophils compared to healthy subjects (p < 0.005). Neutrophilic asthma had raised CRP and fibrinogen while eosinophilic asthma only showed raised fibrinogen compared to healthy subjects (p < 0.005).",contradicted,0.005335009191185236,0.9884302616119385,0.006234694272279739,low,0.21745465755462648,low,typeform/distilbert-base-uncased-mnli
pqa_labeled_89_hallucinated_c4,hallucinated,medium,Incomplete Information,This phenotype may benefit less from standard corticosteroid treatments due to the reduced eosinophilic activity.,1,knowledge_230,0.1424607789688461,"Primary eosinophilic esophagitis, a chronic inflammatory disorder of the esophagus, evokes recurrent dysphagia. Endoscopy is often unremarkable, and no consensus exists regarding management of resultant dysphagia. The response of a series of patients with primary eosinophilic esophagitis to dilation is reported together with a description of a possibly pathognomonic sign: fragile esophageal mucosa, for which the term ""crêpe-paper"" mucosa is introduced. Five men underwent endoscopy because of dysphagia confirmed (clinically, endoscopically, and histologically) to be caused by primary eosinophilic esophagitis and were treated by bouginage. All patients had extremely fragile, inelastic, and delicate mucosa, which tore easily even with minor trauma. After the procedure, patients remained asymptomatic for 3 to 24 months.",contradicted,0.036102041602134705,0.499622642993927,0.4642752707004547,high,0.2747924536466599,low,typeform/distilbert-base-uncased-mnli
pqa_labeled_90_ground_truth_c1,not_hallucinated,medium,,"HIV/STD control measures appear to have slowed the HIV/AIDS epidemic in Jamaica,",1,knowledge_90,0.4369337136026359,"To assess the impact of the comprehensive HIV/STD Control Program established in Jamaica since the late 1980s on the HIV/AIDS epidemic. AIDS case reports, HIV testing of blood donors, antenatal clinic attenders (ANC), food service workers, sexually transmitted disease (STD) clinic attenders, female prostitutes, homosexuals and other groups were used to monitor the HIV/AIDS epidemic. Primary and secondary syphilis and cases of congenital syphilis were also monitored. National knowledge, attitude and practice (KAP) surveys were conducted in 1988, 1989, 1992, 1994 and 1996. The annual AIDS incidence rate in Jamaica increased only marginally in the past three years from 18.5 per 100000 population to 21.4 in 1997. HIV prevalence in the general population groups tested has been about 1% or less. Among those at high risk, HIV prevalence rates have risen to 6.3% (95% confidence interval 5.0-8.0) in STD clinic attenders, around 10% and 21% in female prostitutes in Kingston and Montego Bay respectively and approximately 30% among homosexuals. Syphilis rates and congenital syphilis cases have declined. The proportion of men aged 15-49 years reporting sex with a non-regular partner declined from 35% in 1994 to 26% in 1996 (P<0.001). Women ever having used condoms increased from 51% in 1988 to 62.5% in 1992 and 73% in 1994 and 1996 (P<0.001), while condom use with a non-regular partner increased from 37% in 1992 to 73% in 1996 (P= 0.006). Condom use among men was high over the period: around 81% had ever used condoms and 77% used them with non-regular partners. Gay men, inner-city adults and adolescents aged 12-14 years all reported increases in condom use while condom sales and distribution increased from around 2 million in 1985 to 10 million in 1995.",contradicted,0.20842984318733215,0.6765002608299255,0.11506987363100052,low,0.13530005216598512,low,typeform/distilbert-base-uncased-mnli
pqa_labeled_90_ground_truth_c2,not_hallucinated,medium,,a significant minority of persons continue to have unprotected sex in high risk situations.,1,knowledge_369,0.1688823713845923,"Cutaneous melanoma in nonwhite persons has a manifestation and a prognosis that are different than those of cutaneous melanoma in white persons. Case series. Tertiary care university-affiliated community medical center located in a multiethnic state in which white persons are a minority of the population. Consecutive series of 357 patients with melanoma seen between January 1994 and August 2003. Ethnicity, age, sex, primary site, tumor thickness, nodal status, stage at diagnosis, and survival. There were 208 men and 149 women who ranged in age from 15 to 93 years (mean, 58 years). Twenty-two patients initially had unknown primary sites. Of these 357 patients, 67 (18.7%) were nonwhite. There was no statistically significant difference in the age (P =.10) or sex (P =.57) distribution of these 2 populations. Nonwhite patients at initial diagnosis had thicker tumors (P =.002), more frequently had ulcerated primary tumors (P<.001), more frequently had positive nodes (P =.004), and were at a more advanced stage (P =.002) than their white counterparts. The anatomic distribution between the 2 populations was significantly different (P<.001), with a high incidence of melanoma on the sole and subungual locations and a substantially less frequent occurrence on the head and neck, trunk, and extremities in the nonwhite population when compared with the white population. The overall survival rate of the nonwhite patients was significantly worse than that of the white patients, but when stratified by stage at initial diagnosis, there was no difference in outcome.",unverifiable,0.010139329358935356,0.08286809921264648,0.9069925546646118,medium,0.029003834724426268,low,typeform/distilbert-base-uncased-mnli
pqa_labeled_90_hallucinated_c1,hallucinated,medium,Misinterpretation of #Question#,"HIV/STD control measures in Jamaica have significantly reduced the incidence of new HIV infections among the general population,",1,knowledge_90,0.3404378542898599,"To assess the impact of the comprehensive HIV/STD Control Program established in Jamaica since the late 1980s on the HIV/AIDS epidemic. AIDS case reports, HIV testing of blood donors, antenatal clinic attenders (ANC), food service workers, sexually transmitted disease (STD) clinic attenders, female prostitutes, homosexuals and other groups were used to monitor the HIV/AIDS epidemic. Primary and secondary syphilis and cases of congenital syphilis were also monitored. National knowledge, attitude and practice (KAP) surveys were conducted in 1988, 1989, 1992, 1994 and 1996. The annual AIDS incidence rate in Jamaica increased only marginally in the past three years from 18.5 per 100000 population to 21.4 in 1997. HIV prevalence in the general population groups tested has been about 1% or less. Among those at high risk, HIV prevalence rates have risen to 6.3% (95% confidence interval 5.0-8.0) in STD clinic attenders, around 10% and 21% in female prostitutes in Kingston and Montego Bay respectively and approximately 30% among homosexuals. Syphilis rates and congenital syphilis cases have declined. The proportion of men aged 15-49 years reporting sex with a non-regular partner declined from 35% in 1994 to 26% in 1996 (P<0.001). Women ever having used condoms increased from 51% in 1988 to 62.5% in 1992 and 73% in 1994 and 1996 (P<0.001), while condom use with a non-regular partner increased from 37% in 1992 to 73% in 1996 (P= 0.006). Condom use among men was high over the period: around 81% had ever used condoms and 77% used them with non-regular partners. Gay men, inner-city adults and adolescents aged 12-14 years all reported increases in condom use while condom sales and distribution increased from around 2 million in 1985 to 10 million in 1995.",contradicted,0.12058326601982117,0.813609778881073,0.06580699235200882,low,0.2278107380867004,low,typeform/distilbert-base-uncased-mnli
pqa_labeled_90_hallucinated_c2,hallucinated,medium,Misinterpretation of #Question#,prevalence remains high among high-risk groups like sex workers,1,knowledge_825,0.1859425914271167,"The purpose of this study was to search for evidence of an association between occupational arsenic exposure and diabetes mellitus, as implied by the relation of this disease to arsenic in drinking water in a recent study from Taiwan. A case-referent analysis on death records of 5498 individuals in the art glass producing part of southeastern Sweden was performed. Out of all the enrolled subjects, 888 were glass workers. According to occupational title, glassblowers, foundry workers, and unspecified workers were regarded as potentially exposed to arsenic. Persons with a diagnosis of diabetes mellitus either as an underlying or contributing cause of death were considered cases. Referents were decedents without any indication of cancer, cardiovascular disease, or diabetes. A slightly elevated risk [Mantel-Haenszel odds ratio (MH-OR) 1.2, 95% confidence interval (95% CI) 0.82-1.8] was found for diabetes mellitus among the glassworks employees, especially in combination with cardiovascular disease (MH-OR 1.4, 95% CI 0.81-2.3). For the glassblowers, other foundry workers and unspecified glassworkers probably exposed to arsenic, the M-H odds ratio was 1.4 (95% CI 0.92-2.2). Unspecified glass workers, who probably included persons with high exposure, carried the higher risk (MH-OR 1.8, 95% CI 1.1-2.8).",unverifiable,0.001223461702466011,0.0012846325989812613,0.9974919557571411,medium,0.000629469973500818,low,typeform/distilbert-base-uncased-mnli
pqa_labeled_91_ground_truth_c1,not_hallucinated,medium,,We found that 1.6% of S.,1,knowledge_999,0.0,"The reduced use of sugars-containing (SC) liquid medicines has increased the use of other dose forms, potentially resulting in more widespread dental effects, including tooth wear. The aim of this study was to assess the erosive potential of 97 paediatric medicines in vitro. The study took the form of in vitro measurement of endogenous pH and titratable acidity (mmol). Endogenous pH was measured using a pH meter, followed by titration to pH 7.0 with 0.1-M NaOH. Overall, 55 (57%) formulations had an endogenous pH of<5.5. The mean (+/- SD) endogenous pH and titratable acidity for 41 SC formulations were 5.26 +/- 1.30 and 0.139 +/- 0.133 mmol, respectively; for 56 sugars-free (SF) formulations, these figures were 5.73 +/- 1.53 and 0.413 +/- 1.50 mmol (P>0.05). Compared with their SC bioequivalents, eight SF medicines showed no significant differences for pH or titratable acidity, while 15 higher-strength medicines showed lower pH (P = 0.035) and greater titratable acidity (P = 0.016) than their lower-strength equivalents. Chewable and dispersible tablets (P<0.001), gastrointestinal medicines (P = 0.002) and antibiotics (P = 0.007) were significant predictors of higher pH. In contrast, effervescent tablets (P<0.001), and nutrition and blood preparations (P = 0.021) were significant predictors of higher titratable acidity.",unverifiable,0.001036158762872219,0.009423552080988884,0.9895402789115906,low,0.001884710416197777,low,typeform/distilbert-base-uncased-mnli
pqa_labeled_91_ground_truth_c2,not_hallucinated,medium,,aureus (all MSSA) from bacteraemic patients were PVL-positive.,1,knowledge_91,0.50970439841427,"The morbidity and mortality associated with Panton-Valentine leucocidin (PVL)-positive Staphylococcus aureus suggest that this toxin is a key marker of disease severity. Nevertheless, the importance of PVL in the pathogenesis of primary bacteraemia caused by S. aureus is uncertain. We have determined the prevalence of PVL-encoding genes among isolates of S. aureus from bacteraemic patients. Consecutive bacteraemia isolates of S. aureus (n=244) from patients hospitalized in 25 centres in the UK and Ireland during 2005 were screened for PVL and mecA genes. PVL-positive isolates were characterized by toxin gene profiling, PFGE, spa-typing and MIC determinations for a range of antimicrobials. Four out of 244 isolates (1.6%) were PVL-positive and susceptible to oxacillin [methicillin-susceptible S. aureus (MSSA)]. Eighty-eight out of 244 (36%) were oxacillin-resistant (methicillin-resistant S. aureus), but none was PVL-positive. The four patients (two males: 30 and 33 years; two females: 62 and 80 years) had infection foci of: skin and soft tissue, unknown, indwelling line, and surgical site, and were located at one centre in Wales, one in England and two in Ireland. One of four PVL-positive isolates was resistant to penicillin and fusidic acid, the remainder were susceptible to all antibiotics tested. Genotypic analyses showed that the four isolates represented three distinct strains; the two isolates from Ireland were related.",unverifiable,0.0030953858513385057,0.006649225950241089,0.9902552962303162,low,0.001329845190048218,low,typeform/distilbert-base-uncased-mnli
pqa_labeled_91_ground_truth_c3,not_hallucinated,medium,,This low incidence suggests that PVL-positive S.,1,knowledge_91,0.3820672001346953,"The morbidity and mortality associated with Panton-Valentine leucocidin (PVL)-positive Staphylococcus aureus suggest that this toxin is a key marker of disease severity. Nevertheless, the importance of PVL in the pathogenesis of primary bacteraemia caused by S. aureus is uncertain. We have determined the prevalence of PVL-encoding genes among isolates of S. aureus from bacteraemic patients. Consecutive bacteraemia isolates of S. aureus (n=244) from patients hospitalized in 25 centres in the UK and Ireland during 2005 were screened for PVL and mecA genes. PVL-positive isolates were characterized by toxin gene profiling, PFGE, spa-typing and MIC determinations for a range of antimicrobials. Four out of 244 isolates (1.6%) were PVL-positive and susceptible to oxacillin [methicillin-susceptible S. aureus (MSSA)]. Eighty-eight out of 244 (36%) were oxacillin-resistant (methicillin-resistant S. aureus), but none was PVL-positive. The four patients (two males: 30 and 33 years; two females: 62 and 80 years) had infection foci of: skin and soft tissue, unknown, indwelling line, and surgical site, and were located at one centre in Wales, one in England and two in Ireland. One of four PVL-positive isolates was resistant to penicillin and fusidic acid, the remainder were susceptible to all antibiotics tested. Genotypic analyses showed that the four isolates represented three distinct strains; the two isolates from Ireland were related.",unverifiable,0.02692403271794319,0.006155779585242271,0.9669201970100403,low,0.0012311559170484544,low,typeform/distilbert-base-uncased-mnli
pqa_labeled_91_ground_truth_c4,not_hallucinated,medium,,aureus are of no particular significance as causative agents of S.,1,knowledge_91,0.1705184999840139,"The morbidity and mortality associated with Panton-Valentine leucocidin (PVL)-positive Staphylococcus aureus suggest that this toxin is a key marker of disease severity. Nevertheless, the importance of PVL in the pathogenesis of primary bacteraemia caused by S. aureus is uncertain. We have determined the prevalence of PVL-encoding genes among isolates of S. aureus from bacteraemic patients. Consecutive bacteraemia isolates of S. aureus (n=244) from patients hospitalized in 25 centres in the UK and Ireland during 2005 were screened for PVL and mecA genes. PVL-positive isolates were characterized by toxin gene profiling, PFGE, spa-typing and MIC determinations for a range of antimicrobials. Four out of 244 isolates (1.6%) were PVL-positive and susceptible to oxacillin [methicillin-susceptible S. aureus (MSSA)]. Eighty-eight out of 244 (36%) were oxacillin-resistant (methicillin-resistant S. aureus), but none was PVL-positive. The four patients (two males: 30 and 33 years; two females: 62 and 80 years) had infection foci of: skin and soft tissue, unknown, indwelling line, and surgical site, and were located at one centre in Wales, one in England and two in Ireland. One of four PVL-positive isolates was resistant to penicillin and fusidic acid, the remainder were susceptible to all antibiotics tested. Genotypic analyses showed that the four isolates represented three distinct strains; the two isolates from Ireland were related.",contradicted,0.0002867184521164745,0.9980165958404541,0.0016966602997854352,low,0.19960331916809082,low,typeform/distilbert-base-uncased-mnli
pqa_labeled_91_hallucinated_c1,hallucinated,medium,Misinterpretation of #Question#,"Our findings indicate that Panton-Valentine leucocidin (PVL)-positive Staphylococcus aureus is significantly more prevalent in cases of bacteraemia, accounting for nearly 10% of all isolates.",1,knowledge_91,0.4959318096757131,"The morbidity and mortality associated with Panton-Valentine leucocidin (PVL)-positive Staphylococcus aureus suggest that this toxin is a key marker of disease severity. Nevertheless, the importance of PVL in the pathogenesis of primary bacteraemia caused by S. aureus is uncertain. We have determined the prevalence of PVL-encoding genes among isolates of S. aureus from bacteraemic patients. Consecutive bacteraemia isolates of S. aureus (n=244) from patients hospitalized in 25 centres in the UK and Ireland during 2005 were screened for PVL and mecA genes. PVL-positive isolates were characterized by toxin gene profiling, PFGE, spa-typing and MIC determinations for a range of antimicrobials. Four out of 244 isolates (1.6%) were PVL-positive and susceptible to oxacillin [methicillin-susceptible S. aureus (MSSA)]. Eighty-eight out of 244 (36%) were oxacillin-resistant (methicillin-resistant S. aureus), but none was PVL-positive. The four patients (two males: 30 and 33 years; two females: 62 and 80 years) had infection foci of: skin and soft tissue, unknown, indwelling line, and surgical site, and were located at one centre in Wales, one in England and two in Ireland. One of four PVL-positive isolates was resistant to penicillin and fusidic acid, the remainder were susceptible to all antibiotics tested. Genotypic analyses showed that the four isolates represented three distinct strains; the two isolates from Ireland were related.",unverifiable,0.0872390866279602,0.22387826442718506,0.6888826489448547,low,0.06268591403961181,low,typeform/distilbert-base-uncased-mnli
pqa_labeled_92_ground_truth_c1,not_hallucinated,easy,,The elevated risk of death after CABG surgery known previously to be associated with CDM seems also to be shared by a group of similar size that includes patients with IFG,1,knowledge_92,0.1885844009230824,"Impaired fasting glucose (IFG) below the diagnostic threshold for diabetes mellitus (DM) is associated with macrovascular pathology and increased mortality after percutaneous coronary interventions. The study goal was to determine whether pre-operative fasting blood glucose (fB-glu) is associated with an increased mortality after coronary artery bypass grafting (CABG). During 2001-03, 1895 patients underwent primary CABG [clinical DM (CDM) in 440/1895; complete data on fB-glu for n=1375/1455]. Using pre-operative fB-glu, non-diabetics were categorized as having normal fB-glu (<5.6 mmol/L), IFG (5.6<or =fB-glu<6.1 mmol/L), or suspected DM (SDM) (>or =6.1 mmol/L). fB-glu was normal in 59%. The relative risks of 30 day and 1 year mortality compared with patients with normal fB-glu was 1.7 [95% confidence interval (CI): 0.5-5.5] and 2.9 (CI: 0.8-11.2) with IFG, 2.8 (CI: 1.1-7.2) and 1.9 (CI: 0.5-6.3) with SDM vs. 1.8 (CI: 0.8-4.0) and 1.6 (CI: 0.6-4.3) if CDM, respectively. The receiver operator characteristic area for the continuous variable fB-glu and 1 year mortality was 0.65 (P=0.002).",unverifiable,0.029203368350863457,0.011668386869132519,0.959128201007843,medium,0.004083935404196382,low,typeform/distilbert-base-uncased-mnli
pqa_labeled_92_hallucinated_c1,hallucinated,easy,Incomplete Information,"Preoperative impaired fasting blood glucose levels are not significantly associated with increased mortality after CABG surgery,",1,knowledge_183,0.2986453295719888,"Several studies have shown associations between hyperglycemia and risk of cardiovascular disease (CVD) and mortality, yet glucose-lowering treatment does little to mitigate this risk. We examined whether associations between hyperglycemia and CVD risk were explained by underlying insulin resistance. In 60 middle-aged individuals without diabetes we studied the associations of fasting plasma glucose, 2-hour post oral glucose tolerance test plasma glucose, insulin sensitivity as well as body fat percentage with CVD risk. Insulin sensitivity was measured as the glucose infusion rate during a euglycemic hyperinsulinemic clamp, body fat percentage was measured by dual X-ray absorptiometry, and CVD risk was estimated using the Framingham risk score. Associations of fasting plasma glucose, 2-hour plasma glucose, insulin sensitivity and body fat percentage with the Framingham risk score were assessed in linear regression models. Both fasting and 2-hour plasma glucose levels were associated with higher Framingham risk score (fasting glucose: r(2) = 0.21; 2-hour glucose: r(2) = 0.24; P<0.001 for both), and insulin sensitivity with lower Framingham risk score (r(2) = 0.36; P<0.001). However, adjustment for insulin sensitivity and 2-hour glucose made the effect of fasting glucose non-significant (P = 0.060). Likewise, when adjusting for insulin sensitivity and fasting glucose, the association between 2-hour glucose and Framingham risk score disappeared (P = 0.143). In contrast, insulin sensitivity was still associated with Framingham risk score after adjusting for glucose levels (P<0.001). Body fat was not associated with Framingham risk score when taking insulin sensitivity into account (P = 0.550).",contradicted,0.009316777810454369,0.9665334820747375,0.02414974384009838,high,0.5315934151411057,moderate,typeform/distilbert-base-uncased-mnli
pqa_labeled_92_hallucinated_c2,hallucinated,easy,Incomplete Information,they are correlated with higher postoperative infection rates.,1,knowledge_478,0.232482262856448,"Retention treatment is reportedly associated with lower infection control rates than two-stage revision. However, the studies on which this presumption are based depend on comparisons of historical rather than concurrent controls.QUESTIONS/ We (1) asked whether the infection control rates, number of additional procedures, length of hospital stay, and treatment duration differed between implant retention and two-stage revision treatment; and (2) identified risk factors that can contribute to failure of infection control. We reviewed the records of 60 patients treated for 64 infected TKA from 2002 to 2007. Twenty-eight patients (32 knees) underwent débridement with retention of component, and 32 patients (32 knees) were treated with component removal and two-stage revision surgery. We determined patients' demographics, type of infection, causative organisms, and outcome of treatment. Mean followup was 36 months (range, 12-84 months). Infection control rate was 31% in retention and 59% in the removal group after initial surgical treatment, and 81% and 91% at latest followup, respectively. Treatment duration was shorter in the retention group and there was no difference in number of additional surgeries and length of hospital stay. Type of treatment (retention versus removal) was the only factor associated with infection control; subgroup analysis in the retention group showed Staphylococcus aureus infection and polyethylene nonexchange as contributing factors for failure of infection control.",contradicted,0.0008283642819151282,0.9973003268241882,0.0018713054014369845,low,0.21940607190132144,low,typeform/distilbert-base-uncased-mnli
pqa_labeled_93_ground_truth_c1,not_hallucinated,medium,,Position emission tomography scanning appears to accurately change the stage or appropriately alter the therapy of almost a third of patients with advanced primary rectal cancer.,1,knowledge_93,0.5424122798953449,"The influence of positron emission tomography in the management of recurrent rectal cancer is well established but its role in primary rectal cancer remains uncertain. This study therefore prospectively assesses the impact of position emission tomography scanning on the management of primary rectal cancer. Forty-six patients with advanced primary rectal cancer referred for consideration of adjuvant preoperative therapy underwent position emission tomography scanning. The referring physicians prospectively recorded each patient's stage following conventional imaging and the proposed treatment plan prior to position emission tomography scanning. This was then compared with subsequent stage and actual management implemented, and the appropriateness of position emission tomography-induced changes was noted by subsequent clinical follow-up. The surgical management of 36 of 46 patients (78 percent) was unchanged as a result of position emission tomography, even though position emission tomography upstaged disease in 3 of 36 cases (8 percent) and downstaged disease in 5 of 36 cases (14 percent). In 8 of 46 cases (17 percent), management was altered because of the position emission tomography scan findings, including 6 cases (13 percent) in which surgery was cancelled and 2 other cases (4 percent) in which the radiotherapy field was changed. Where available, follow-up confirmed the appropriateness of position emission tomography-induced management change in each case. Two patients had a change in therapy independent of the position emission tomography scan due to clinical circumstances. Overall tumor stage was changed following position emission tomography in 18 of 46 patients (39 percent).",unverifiable,0.0024514312390238047,0.003283772151917219,0.9942647814750671,low,0.0006567544303834439,low,typeform/distilbert-base-uncased-mnli
pqa_labeled_93_ground_truth_c2,not_hallucinated,medium,,"In view of this, we suggest that position emission tomography scanning be considered part of standard workup for such patients, particularly if neoadjuvant chemoradiation is being considered as part of primary management.",1,knowledge_93,0.4469186381996227,"The influence of positron emission tomography in the management of recurrent rectal cancer is well established but its role in primary rectal cancer remains uncertain. This study therefore prospectively assesses the impact of position emission tomography scanning on the management of primary rectal cancer. Forty-six patients with advanced primary rectal cancer referred for consideration of adjuvant preoperative therapy underwent position emission tomography scanning. The referring physicians prospectively recorded each patient's stage following conventional imaging and the proposed treatment plan prior to position emission tomography scanning. This was then compared with subsequent stage and actual management implemented, and the appropriateness of position emission tomography-induced changes was noted by subsequent clinical follow-up. The surgical management of 36 of 46 patients (78 percent) was unchanged as a result of position emission tomography, even though position emission tomography upstaged disease in 3 of 36 cases (8 percent) and downstaged disease in 5 of 36 cases (14 percent). In 8 of 46 cases (17 percent), management was altered because of the position emission tomography scan findings, including 6 cases (13 percent) in which surgery was cancelled and 2 other cases (4 percent) in which the radiotherapy field was changed. Where available, follow-up confirmed the appropriateness of position emission tomography-induced management change in each case. Two patients had a change in therapy independent of the position emission tomography scan due to clinical circumstances. Overall tumor stage was changed following position emission tomography in 18 of 46 patients (39 percent).",supported,0.9882434606552124,0.006064244080334902,0.005692263133823872,low,0.0012128488160669804,low,typeform/distilbert-base-uncased-mnli
pqa_labeled_93_hallucinated_c1,hallucinated,medium,Misinterpretation of #Question#,"Positron emission tomography (PET) scanning alters the management of approximately half of patients with primary rectal cancer, indicating a significant impact on clinical decision-making.",1,knowledge_93,0.43023985341726,"The influence of positron emission tomography in the management of recurrent rectal cancer is well established but its role in primary rectal cancer remains uncertain. This study therefore prospectively assesses the impact of position emission tomography scanning on the management of primary rectal cancer. Forty-six patients with advanced primary rectal cancer referred for consideration of adjuvant preoperative therapy underwent position emission tomography scanning. The referring physicians prospectively recorded each patient's stage following conventional imaging and the proposed treatment plan prior to position emission tomography scanning. This was then compared with subsequent stage and actual management implemented, and the appropriateness of position emission tomography-induced changes was noted by subsequent clinical follow-up. The surgical management of 36 of 46 patients (78 percent) was unchanged as a result of position emission tomography, even though position emission tomography upstaged disease in 3 of 36 cases (8 percent) and downstaged disease in 5 of 36 cases (14 percent). In 8 of 46 cases (17 percent), management was altered because of the position emission tomography scan findings, including 6 cases (13 percent) in which surgery was cancelled and 2 other cases (4 percent) in which the radiotherapy field was changed. Where available, follow-up confirmed the appropriateness of position emission tomography-induced management change in each case. Two patients had a change in therapy independent of the position emission tomography scan due to clinical circumstances. Overall tumor stage was changed following position emission tomography in 18 of 46 patients (39 percent).",supported,0.9953466057777405,0.0012009136844426394,0.003452478675171733,low,0.00033625583164393903,low,typeform/distilbert-base-uncased-mnli
pqa_labeled_94_ground_truth_c1,not_hallucinated,medium,,The tidal volume delivered by a manual resuscitator shows large variations.,1,knowledge_94,0.355637728518868,"One of the problems with manual resuscitators is the difficulty in achieving accurate volume delivery. The volume delivered to the patient varies by the physical characteristics of the person and method. This study was designed to compare tidal volumes delivered by the squeezing method, physical characteristics and education and practice levels. 114 individuals trained in basic life support and bag-valve-mask ventilation participated in this study. Individual characteristics were obtained by the observer and the education and practice level were described by the subjects. Ventilation was delivered with a manual resuscitator connected to a microspirometer and volumes were measured. Subjects completed three procedures: one-handed, two-handed and two-handed half-compression. The mean (standard deviation) volumes for the one-handed method were 592.84 ml (SD 117.39), two-handed 644.24 ml (SD 144.7) and two-handed half-compression 458.31 ml (SD 120.91) (p<0.01). Tidal volume delivered by two hands was significantly greater than that delivered by one hand (r = 0.398, p<0.01). The physical aspects including hand size, volume and grip power had no correlation with the volume delivered. There were slight increases in tidal volume with education and practice, but correlation was weak (r = 0.213, r = 0.281, r = 0.131, p<0.01).",supported,0.9949808716773987,0.0016355245606973767,0.003383621573448181,low,0.0003271049121394754,low,typeform/distilbert-base-uncased-mnli
pqa_labeled_94_ground_truth_c2,not_hallucinated,medium,,"There were significant differences in the volume delivered by compression methods,",1,knowledge_94,0.3730361217272059,"One of the problems with manual resuscitators is the difficulty in achieving accurate volume delivery. The volume delivered to the patient varies by the physical characteristics of the person and method. This study was designed to compare tidal volumes delivered by the squeezing method, physical characteristics and education and practice levels. 114 individuals trained in basic life support and bag-valve-mask ventilation participated in this study. Individual characteristics were obtained by the observer and the education and practice level were described by the subjects. Ventilation was delivered with a manual resuscitator connected to a microspirometer and volumes were measured. Subjects completed three procedures: one-handed, two-handed and two-handed half-compression. The mean (standard deviation) volumes for the one-handed method were 592.84 ml (SD 117.39), two-handed 644.24 ml (SD 144.7) and two-handed half-compression 458.31 ml (SD 120.91) (p<0.01). Tidal volume delivered by two hands was significantly greater than that delivered by one hand (r = 0.398, p<0.01). The physical aspects including hand size, volume and grip power had no correlation with the volume delivered. There were slight increases in tidal volume with education and practice, but correlation was weak (r = 0.213, r = 0.281, r = 0.131, p<0.01).",supported,0.9466290473937988,0.03253888711333275,0.020832067355513573,low,0.00650777742266655,low,typeform/distilbert-base-uncased-mnli
pqa_labeled_94_ground_truth_c3,not_hallucinated,medium,,physical characteristics are not a predictor of tidal volume delivery.,1,knowledge_94,0.341818231791323,"One of the problems with manual resuscitators is the difficulty in achieving accurate volume delivery. The volume delivered to the patient varies by the physical characteristics of the person and method. This study was designed to compare tidal volumes delivered by the squeezing method, physical characteristics and education and practice levels. 114 individuals trained in basic life support and bag-valve-mask ventilation participated in this study. Individual characteristics were obtained by the observer and the education and practice level were described by the subjects. Ventilation was delivered with a manual resuscitator connected to a microspirometer and volumes were measured. Subjects completed three procedures: one-handed, two-handed and two-handed half-compression. The mean (standard deviation) volumes for the one-handed method were 592.84 ml (SD 117.39), two-handed 644.24 ml (SD 144.7) and two-handed half-compression 458.31 ml (SD 120.91) (p<0.01). Tidal volume delivered by two hands was significantly greater than that delivered by one hand (r = 0.398, p<0.01). The physical aspects including hand size, volume and grip power had no correlation with the volume delivered. There were slight increases in tidal volume with education and practice, but correlation was weak (r = 0.213, r = 0.281, r = 0.131, p<0.01).",supported,0.9972798824310303,0.00046193573507480323,0.002258091699331999,low,9.238714701496065e-05,low,typeform/distilbert-base-uncased-mnli
pqa_labeled_94_ground_truth_c4,not_hallucinated,medium,,The manual resuscitator is not a suitable device for accurate ventilation.,1,knowledge_608,0.1750230259923633,"This study aims to examine the accuracy of a new sternal skin conductance (SSC) device in measuring hot flashes and to assess the acceptability of the device by women. Three small descriptive pilot studies were performed using two sequential prototypes of the SSC device developed by an engineering device company in the Midwest. The devices were worn either in a monitored setting for 24 hours or in an ambulatory setting for 5 weeks. During the study period, women recorded hot flashes in a prospective hot flash diary and answered questions about the acceptability of wearing the SSC device. The first prototype was not able to collect any analyzable skin conductance data owing to various malfunction issues, including poor conductance and battery failure. However, 16 women wore the device for 5 weeks and reported that wearing the device was acceptable, although 31% stated that it interfered with daily activities. Hot flash data from the second prototype revealed a 24% concordance rate between self-reported and device-recorded hot flashes.",contradicted,0.003017841139808297,0.8039326667785645,0.19304953515529633,low,0.1607865333557129,low,typeform/distilbert-base-uncased-mnli
pqa_labeled_94_hallucinated_c1,hallucinated,medium,Misinterpretation of #Question#,The tidal volume delivered by a manual resuscitator can be highly consistent with proper training,1,knowledge_94,0.3507709854417357,"One of the problems with manual resuscitators is the difficulty in achieving accurate volume delivery. The volume delivered to the patient varies by the physical characteristics of the person and method. This study was designed to compare tidal volumes delivered by the squeezing method, physical characteristics and education and practice levels. 114 individuals trained in basic life support and bag-valve-mask ventilation participated in this study. Individual characteristics were obtained by the observer and the education and practice level were described by the subjects. Ventilation was delivered with a manual resuscitator connected to a microspirometer and volumes were measured. Subjects completed three procedures: one-handed, two-handed and two-handed half-compression. The mean (standard deviation) volumes for the one-handed method were 592.84 ml (SD 117.39), two-handed 644.24 ml (SD 144.7) and two-handed half-compression 458.31 ml (SD 120.91) (p<0.01). Tidal volume delivered by two hands was significantly greater than that delivered by one hand (r = 0.398, p<0.01). The physical aspects including hand size, volume and grip power had no correlation with the volume delivered. There were slight increases in tidal volume with education and practice, but correlation was weak (r = 0.213, r = 0.281, r = 0.131, p<0.01).",contradicted,0.0013871625997126102,0.9971862435340881,0.0014265987556427717,low,0.27921214818954465,low,typeform/distilbert-base-uncased-mnli
pqa_labeled_94_hallucinated_c2,hallucinated,medium,Misinterpretation of #Question#,use of specialized gloves designed to enhance grip strength.,1,knowledge_785,0.1462073543357953,"The FOOTSTEP self-management foot care programme is a clinical and cost-effective programme for basic foot care in the elderly. The aim of this study was to determine if patients with rheumatoid arthritis (RA) would be physically able to participate. A consecutive cohort of RA patients undergoing podiatry care underwent tests for sight, reach and grip strength to determine their physical ability to undertake self-managed foot care. Thirty RA patients (10 male, 20 female), with a median age of 61 years (range 42 to 84) and disease duration of 10 years (range one to 40), were recruited. All patients passed the sight test, whereas the reach and grip tests were passed by 77% and 67% of patients, respectively. Only 57% of patients passed all the physical tests. Patients who failed the physical tests were older, and had longer disease duration and higher physical disability, pain and general health scores but these were not statistically different.",unverifiable,0.2958071231842041,0.06310585886240005,0.6410871148109436,low,0.017669640481472015,low,typeform/distilbert-base-uncased-mnli
pqa_labeled_95_ground_truth_c1,not_hallucinated,hard,,Numerous studies have found that taxation is one of the most effective policy instruments for tobacco control.,1,knowledge_95,0.1638403140732836,"To explain China's cigarette pricing mechanism and the role of the Chinese State Tobacco Monopoly Administration (STMA) on cigarette pricing and taxation. Published government tobacco tax documentation and statistics published by the Chinese STMA are used to analyse the interrelations among industry profits, taxes and retail price of cigarettes in China. The 2009 excise tax increase on cigarettes in China has not translated into higher retail prices because the Chinese STMA used its policy authority to ensure that retail cigarette prices did not change. The government tax increase is being collected at both the producer and wholesale levels. As a result, the 2009 excise tax increase in China has resulted in higher tax revenue for the government and lower profits for the tobacco industry, with no increase in the retail price of cigarettes for consumers.",unverifiable,0.0017281380714848638,0.014914668165147305,0.9833571910858154,low,0.002982933633029461,low,typeform/distilbert-base-uncased-mnli
pqa_labeled_95_ground_truth_c2,not_hallucinated,hard,,"However, these findings come from countries that have market economies where market forces determine prices",1,knowledge_283,0.1333000055458075,"There are three main service delivery channels: clinical services, outreach, and family and community. To determine which delivery channels are associated with the greatest reductions in under-5 mortality rates (U5MR), we used data from sequential population-based surveys to examine the correlation between changes in coverage of clinical, outreach, and family and community services and in U5MR for 27 high-burden countries. Household survey data were abstracted from serial surveys in 27 countries. Average annual changes (AAC) between the most recent and penultimate survey were calculated for under-five mortality rates and for 22 variables in the domains of clinical, outreach, and family- and community-based services. For all 27 countries and a subset of 19 African countries, we conducted principal component analysis to reduce the variables into a few components in each domain and applied linear regression to assess the correlation between changes in the principal components and changes in under-five mortality rates after controlling for multiple potential confounding factors. AAC in under 5-mortality varied from 6.6% in Nepal to -0.9% in Kenya, with six of the 19 African countries all experiencing less than a 1% decline in mortality. The strongest correlation with reductions in U5MR was observed for access to clinical services (all countries: p = 0.02, r² = 0.58; 19 African countries p<0.001, r² = 0.67). For outreach activities, AAC U5MR was significantly correlated with antenatal care and family planning services, while AAC in immunization services showed no association. In the family- and community services domain, improvements in breastfeeding were associated with significant changes in mortality in the 30 countries but not in the African subset; while in the African countries, nutritional status improvements were associated with a significant decline in mortality.",unverifiable,0.006525712553411722,0.019442826509475708,0.9740314483642578,low,0.0038885653018951418,low,typeform/distilbert-base-uncased-mnli
pqa_labeled_95_ground_truth_c3,not_hallucinated,hard,,influence how cigarette taxes are passed to the consumers in retail prices.,1,knowledge_95,0.3282879867116985,"To explain China's cigarette pricing mechanism and the role of the Chinese State Tobacco Monopoly Administration (STMA) on cigarette pricing and taxation. Published government tobacco tax documentation and statistics published by the Chinese STMA are used to analyse the interrelations among industry profits, taxes and retail price of cigarettes in China. The 2009 excise tax increase on cigarettes in China has not translated into higher retail prices because the Chinese STMA used its policy authority to ensure that retail cigarette prices did not change. The government tax increase is being collected at both the producer and wholesale levels. As a result, the 2009 excise tax increase in China has resulted in higher tax revenue for the government and lower profits for the tobacco industry, with no increase in the retail price of cigarettes for consumers.",unverifiable,0.005449980031698942,0.13752701878547668,0.8570230007171631,low,0.02750540375709534,low,typeform/distilbert-base-uncased-mnli
pqa_labeled_95_ground_truth_c4,not_hallucinated,hard,,"China's tobacco industry is not a market economy; therefore, non-market forces",1,knowledge_95,0.2173971719286263,"To explain China's cigarette pricing mechanism and the role of the Chinese State Tobacco Monopoly Administration (STMA) on cigarette pricing and taxation. Published government tobacco tax documentation and statistics published by the Chinese STMA are used to analyse the interrelations among industry profits, taxes and retail price of cigarettes in China. The 2009 excise tax increase on cigarettes in China has not translated into higher retail prices because the Chinese STMA used its policy authority to ensure that retail cigarette prices did not change. The government tax increase is being collected at both the producer and wholesale levels. As a result, the 2009 excise tax increase in China has resulted in higher tax revenue for the government and lower profits for the tobacco industry, with no increase in the retail price of cigarettes for consumers.",unverifiable,0.003885372541844845,0.19426409900188446,0.8018504977226257,low,0.038852819800376893,low,typeform/distilbert-base-uncased-mnli
pqa_labeled_95_ground_truth_c5,not_hallucinated,hard,,the current Chinese tobacco monopoly system determine cigarette prices.,1,knowledge_95,0.3805875221191152,"To explain China's cigarette pricing mechanism and the role of the Chinese State Tobacco Monopoly Administration (STMA) on cigarette pricing and taxation. Published government tobacco tax documentation and statistics published by the Chinese STMA are used to analyse the interrelations among industry profits, taxes and retail price of cigarettes in China. The 2009 excise tax increase on cigarettes in China has not translated into higher retail prices because the Chinese STMA used its policy authority to ensure that retail cigarette prices did not change. The government tax increase is being collected at both the producer and wholesale levels. As a result, the 2009 excise tax increase in China has resulted in higher tax revenue for the government and lower profits for the tobacco industry, with no increase in the retail price of cigarettes for consumers.",unverifiable,0.0045069376938045025,0.24893207848072052,0.7465610504150391,low,0.04978641569614411,low,typeform/distilbert-base-uncased-mnli
pqa_labeled_95_ground_truth_c6,not_hallucinated,hard,,The result is that tax increases do not necessarily get passed on to the retail price.,1,knowledge_95,0.4312960233543138,"To explain China's cigarette pricing mechanism and the role of the Chinese State Tobacco Monopoly Administration (STMA) on cigarette pricing and taxation. Published government tobacco tax documentation and statistics published by the Chinese STMA are used to analyse the interrelations among industry profits, taxes and retail price of cigarettes in China. The 2009 excise tax increase on cigarettes in China has not translated into higher retail prices because the Chinese STMA used its policy authority to ensure that retail cigarette prices did not change. The government tax increase is being collected at both the producer and wholesale levels. As a result, the 2009 excise tax increase in China has resulted in higher tax revenue for the government and lower profits for the tobacco industry, with no increase in the retail price of cigarettes for consumers.",unverifiable,0.02647213824093342,0.10254637151956558,0.8709814548492432,low,0.020509274303913118,low,typeform/distilbert-base-uncased-mnli
pqa_labeled_95_hallucinated_c1,hallucinated,hard,Misinterpretation of #Question#,Increases in the cigarette tax rate in China are not directly correlated with changes in retail prices due to the significant influence of the Chinese State Tobacco Monopoly Administration (STMA).,1,knowledge_95,0.6477050761582293,"To explain China's cigarette pricing mechanism and the role of the Chinese State Tobacco Monopoly Administration (STMA) on cigarette pricing and taxation. Published government tobacco tax documentation and statistics published by the Chinese STMA are used to analyse the interrelations among industry profits, taxes and retail price of cigarettes in China. The 2009 excise tax increase on cigarettes in China has not translated into higher retail prices because the Chinese STMA used its policy authority to ensure that retail cigarette prices did not change. The government tax increase is being collected at both the producer and wholesale levels. As a result, the 2009 excise tax increase in China has resulted in higher tax revenue for the government and lower profits for the tobacco industry, with no increase in the retail price of cigarettes for consumers.",unverifiable,0.0036897785030305386,0.06339645385742188,0.9329137206077576,low,0.017751007080078124,low,typeform/distilbert-base-uncased-mnli
pqa_labeled_96_ground_truth_c1,not_hallucinated,medium,,Histology usually demonstrated moderate to severe inflammation when VLEM were present.,1,knowledge_96,0.238192509337319,"We observed an endoscopic abnormally in a group of children with histological esophagitis. We termed this finding ""vertical lines in esophageal mucosa"" (VLEM). We examined the relationship between the presence of VLEM and significant histologic changes in esophageal mucosal biopsies. Between January 1, 1992, and August 31, 1994, the senior author (JFF) performed 255 esophageal biopsies. The procedure reports, available endoscopic photographs, and histology reports were reviewed to establish the endoscopic and histologic appearance of the esophageal mucosa. Intraepithelial cells were counted in a blind review of 42 randomly selected biopsies. The esophageal mucosa had a normal appearance on 160 endoscopic studies (Group 1) and VLEM were the only mucosal abnormalities in 41 endoscopies (Group 2). Histology was normal in 92 of 160 biopsies (57.5%) from Group 1, and 1 of 41 biopsies (2.4%) from Group 2. Most patients in Group 2 had eosinophilic esophagitis (34 of 41, 83%, specificity 0.85, sensitivity 0.5, p>0.001) which was of moderate to severe intensity (31 of 34, 91.2%, specificity 0.88, sensitivity 0.73, p<0.001).",unverifiable,0.0031091279815882444,0.0037085674703121185,0.993182361125946,low,0.0007417134940624237,low,typeform/distilbert-base-uncased-mnli
pqa_labeled_96_ground_truth_c2,not_hallucinated,medium,,VLEM may be a highly specific endoscopic feature of esophagitis in children.,1,knowledge_96,0.3312531349969921,"We observed an endoscopic abnormally in a group of children with histological esophagitis. We termed this finding ""vertical lines in esophageal mucosa"" (VLEM). We examined the relationship between the presence of VLEM and significant histologic changes in esophageal mucosal biopsies. Between January 1, 1992, and August 31, 1994, the senior author (JFF) performed 255 esophageal biopsies. The procedure reports, available endoscopic photographs, and histology reports were reviewed to establish the endoscopic and histologic appearance of the esophageal mucosa. Intraepithelial cells were counted in a blind review of 42 randomly selected biopsies. The esophageal mucosa had a normal appearance on 160 endoscopic studies (Group 1) and VLEM were the only mucosal abnormalities in 41 endoscopies (Group 2). Histology was normal in 92 of 160 biopsies (57.5%) from Group 1, and 1 of 41 biopsies (2.4%) from Group 2. Most patients in Group 2 had eosinophilic esophagitis (34 of 41, 83%, specificity 0.85, sensitivity 0.5, p>0.001) which was of moderate to severe intensity (31 of 34, 91.2%, specificity 0.88, sensitivity 0.73, p<0.001).",unverifiable,0.1482415646314621,0.004568204283714294,0.8471902012825012,low,0.0009136408567428589,low,typeform/distilbert-base-uncased-mnli
pqa_labeled_96_hallucinated_c1,hallucinated,medium,Misinterpretation of #Question#,Vertical lines in distal esophageal mucosa (VLEM) are a highly specific endoscopic feature of acid reflux in children.,1,knowledge_96,0.407614844184423,"We observed an endoscopic abnormally in a group of children with histological esophagitis. We termed this finding ""vertical lines in esophageal mucosa"" (VLEM). We examined the relationship between the presence of VLEM and significant histologic changes in esophageal mucosal biopsies. Between January 1, 1992, and August 31, 1994, the senior author (JFF) performed 255 esophageal biopsies. The procedure reports, available endoscopic photographs, and histology reports were reviewed to establish the endoscopic and histologic appearance of the esophageal mucosa. Intraepithelial cells were counted in a blind review of 42 randomly selected biopsies. The esophageal mucosa had a normal appearance on 160 endoscopic studies (Group 1) and VLEM were the only mucosal abnormalities in 41 endoscopies (Group 2). Histology was normal in 92 of 160 biopsies (57.5%) from Group 1, and 1 of 41 biopsies (2.4%) from Group 2. Most patients in Group 2 had eosinophilic esophagitis (34 of 41, 83%, specificity 0.85, sensitivity 0.5, p>0.001) which was of moderate to severe intensity (31 of 34, 91.2%, specificity 0.88, sensitivity 0.73, p<0.001).",unverifiable,0.05547667294740677,0.09736580401659012,0.8471575379371643,low,0.02726242512464523,low,typeform/distilbert-base-uncased-mnli
pqa_labeled_97_ground_truth_c1,not_hallucinated,medium,,Severe hypoglycaemia is associated with an increased risk for CV outcomes in people at high CV risk,1,knowledge_97,0.5557072866164354,"Hypoglycaemia caused by glucose-lowering therapy has been linked to cardiovascular (CV) events. The ORIGIN trial provides an opportunity to further assess this relationship. A total of 12 537 participants with dysglycaemia and high CV-risk were randomized to basal insulin glargine titrated to a fasting glucose of ≤ 5.3 mmol/L (95 mg/dL) or standard glycaemic care. Non-severe hypoglycaemia was defined as symptoms confirmed by glucose ≤ 54 mg/dL and severe hypoglycaemia as a requirement for assistance or glucose ≤ 36 mg/dL. Outcomes were: (i) the composite of CV death, non-fatal myocardial infarction or stroke; (ii) mortality; (iii) CV mortality; and (iv) arrhythmic death. Hazards were estimated before and after adjustment for a hypoglycaemia propensity score. During a median of 6.2 years (IQR: 5.8-6.7), non-severe hypoglycaemic episodes occurred in 41.7 and 14.4% glargine and standard group participants, respectively, while severe episodes occurred in 5.7 and 1.8%, respectively. Non-severe hypoglycaemia was not associated with any outcome following adjustment. Conversely, severe hypoglycaemia was associated with a greater risk for the primary outcome (HR: 1.58; 95% CI: 1.24-2.02, P<0.001), mortality (HR: 1.74; 95% CI: 1.39-2.19, P<0.001), CV death (HR: 1.71; 95% CI: 1.27-2.30, P<0.001) and arrhythmic death (HR: 1.77; 95% CI: 1.17-2.67, P = 0.007). Similar findings were noted for severe nocturnal hypoglycaemia for the primary outcome and mortality. The severe hypoglycaemia hazard for all four outcomes was higher with standard care than with insulin glargine.",supported,0.9865151047706604,0.008509567938745022,0.004975426010787487,medium,0.0029783487785607576,low,typeform/distilbert-base-uncased-mnli
pqa_labeled_97_ground_truth_c2,not_hallucinated,medium,,Although allocation to insulin glargine vs.,1,knowledge_314,0.240880283644686,"Since insulin therapy might have an atherogenic effect, we studied the relationship between cumulative insulin dose and atherosclerosis in type 1 diabetes. We have focused on patients with type 1 diabetes instead of type 2 diabetes to minimise the effect of insulin resistance as a potential confounder. An observational study was performed in 215 subjects with type 1 diabetes treated with multiple insulin injection therapy. Atherosclerosis was assessed by measurement of carotid intima-media thickness (CIMT). The cumulative dose of regular insulin showed a positive and significant relation with CIMT: increase of 21 microm in CIMT per S.D. of insulin use (95% CI: 8-35 adjusted for gender and age), which remained unchanged after adjustment for duration of diabetes, HbA1c, BMI, pulse pressure, physical activity and carotid lumen diameter. A similar relation was found for intermediate-acting insulin: 15.5 microm per S.D. (2-29), which was no longer present after further adjustment.",contradicted,0.0038877991028130054,0.7137832641601562,0.28232890367507935,low,0.14275665283203126,low,typeform/distilbert-base-uncased-mnli
pqa_labeled_97_ground_truth_c3,not_hallucinated,medium,,standard care was associated with an increased risk of severe,1,knowledge_97,0.2610345555534293,"Hypoglycaemia caused by glucose-lowering therapy has been linked to cardiovascular (CV) events. The ORIGIN trial provides an opportunity to further assess this relationship. A total of 12 537 participants with dysglycaemia and high CV-risk were randomized to basal insulin glargine titrated to a fasting glucose of ≤ 5.3 mmol/L (95 mg/dL) or standard glycaemic care. Non-severe hypoglycaemia was defined as symptoms confirmed by glucose ≤ 54 mg/dL and severe hypoglycaemia as a requirement for assistance or glucose ≤ 36 mg/dL. Outcomes were: (i) the composite of CV death, non-fatal myocardial infarction or stroke; (ii) mortality; (iii) CV mortality; and (iv) arrhythmic death. Hazards were estimated before and after adjustment for a hypoglycaemia propensity score. During a median of 6.2 years (IQR: 5.8-6.7), non-severe hypoglycaemic episodes occurred in 41.7 and 14.4% glargine and standard group participants, respectively, while severe episodes occurred in 5.7 and 1.8%, respectively. Non-severe hypoglycaemia was not associated with any outcome following adjustment. Conversely, severe hypoglycaemia was associated with a greater risk for the primary outcome (HR: 1.58; 95% CI: 1.24-2.02, P<0.001), mortality (HR: 1.74; 95% CI: 1.39-2.19, P<0.001), CV death (HR: 1.71; 95% CI: 1.27-2.30, P<0.001) and arrhythmic death (HR: 1.77; 95% CI: 1.17-2.67, P = 0.007). Similar findings were noted for severe nocturnal hypoglycaemia for the primary outcome and mortality. The severe hypoglycaemia hazard for all four outcomes was higher with standard care than with insulin glargine.",supported,0.987922728061676,0.00718946335837245,0.00488778343424201,medium,0.0025163121754303575,low,typeform/distilbert-base-uncased-mnli
pqa_labeled_97_ground_truth_c4,not_hallucinated,medium,,"non-severe hypoglycaemia, the relative risk of CV outcomes with hypoglycaemia was lower with insulin glargine-based glucose-lowering therapy than with the standard glycaemic control.",1,knowledge_97,0.689578824741829,"Hypoglycaemia caused by glucose-lowering therapy has been linked to cardiovascular (CV) events. The ORIGIN trial provides an opportunity to further assess this relationship. A total of 12 537 participants with dysglycaemia and high CV-risk were randomized to basal insulin glargine titrated to a fasting glucose of ≤ 5.3 mmol/L (95 mg/dL) or standard glycaemic care. Non-severe hypoglycaemia was defined as symptoms confirmed by glucose ≤ 54 mg/dL and severe hypoglycaemia as a requirement for assistance or glucose ≤ 36 mg/dL. Outcomes were: (i) the composite of CV death, non-fatal myocardial infarction or stroke; (ii) mortality; (iii) CV mortality; and (iv) arrhythmic death. Hazards were estimated before and after adjustment for a hypoglycaemia propensity score. During a median of 6.2 years (IQR: 5.8-6.7), non-severe hypoglycaemic episodes occurred in 41.7 and 14.4% glargine and standard group participants, respectively, while severe episodes occurred in 5.7 and 1.8%, respectively. Non-severe hypoglycaemia was not associated with any outcome following adjustment. Conversely, severe hypoglycaemia was associated with a greater risk for the primary outcome (HR: 1.58; 95% CI: 1.24-2.02, P<0.001), mortality (HR: 1.74; 95% CI: 1.39-2.19, P<0.001), CV death (HR: 1.71; 95% CI: 1.27-2.30, P<0.001) and arrhythmic death (HR: 1.77; 95% CI: 1.17-2.67, P = 0.007). Similar findings were noted for severe nocturnal hypoglycaemia for the primary outcome and mortality. The severe hypoglycaemia hazard for all four outcomes was higher with standard care than with insulin glargine.",supported,0.9778744578361511,0.0139527078717947,0.008172792382538319,medium,0.004883447755128145,low,typeform/distilbert-base-uncased-mnli
