id,item_id,dept_id,cat_id,store_id,state_id,d,quantity_sold,date,wm_yr_wk,weekday,wday,month,year,event_name_1,event_type_1,event_name_2,event_type_2,snap_CA,snap_TX,snap_WI,cost_price,selling_price,snap_flag,is_weekend,lag_1,lag_7,lag_28,rolling_mean_7,rolling_mean_28,rolling_std_28,gross_margin,sales_momentum,stock_level,reorder_level,inventory_gap,inventory_turnover_proxy,future_7_day_demand,future_daily_demand,days_to_stockout_target,stockout_risk,product_movement_class
FOODS_1_004_WI_1_validation,FOODS_1_004,FOODS_1,FOODS,WI_1,WI,d_1577,14.0,2015-05-24,11517,Sunday,2,5,2015,Unknown,Unknown,Unknown,Unknown,0,0,0,22.82,31.26,0,1,32.0,18.0,22.0,12.428571428571429,18.25,7.914473380389178,8.440000000000001,0.6809802985355009,400.0,103.0,297.0,0.04562488593778516,89.0,12.714285714285714,31.21516164994426,0,fast_moving
FOODS_1_004_WI_1_validation,FOODS_1_004,FOODS_1,FOODS,WI_1,WI,d_1578,14.0,2015-05-25,11517,Monday,3,5,2015,MemorialDay,National,Unknown,Unknown,0,0,0,22.82,31.26,0,0,14.0,4.0,12.0,11.857142857142858,17.964285714285715,7.918483500796157,8.440000000000001,0.6600030217005812,394.0,99.0,295.0,0.04559451807047626,84.0,12.0,32.561983471074385,0,fast_moving
FOODS_1_004_WI_1_validation,FOODS_1_004,FOODS_1,FOODS,WI_1,WI,d_1579,6.0,2015-05-26,11517,Tuesday,4,5,2015,Unknown,Unknown,Unknown,Unknown,0,0,0,22.82,31.26,0,0,14.0,3.0,15.0,13.285714285714286,18.035714285714285,7.871571648129757,8.440000000000001,0.736592822576174,395.0,109.0,286.0,0.04565992057162965,91.0,13.0,30.15267175572519,0,fast_moving
FOODS_1_004_WI_1_validation,FOODS_1_004,FOODS_1,FOODS,WI_1,WI,d_1580,14.0,2015-05-27,11517,Wednesday,5,5,2015,Unknown,Unknown,Unknown,Unknown,0,0,0,22.82,31.26,0,0,6.0,10.0,16.0,13.714285714285714,17.714285714285715,8.177915802837964,8.440000000000001,0.7741498463796397,389.0,113.0,276.0,0.045537892484301366,99.0,14.142857142857142,27.31193580742227,0,fast_moving
FOODS_1_004_WI_1_validation,FOODS_1_004,FOODS_1,FOODS,WI_1,WI,d_1581,13.0,2015-05-28,11517,Thursday,6,5,2015,Unknown,Unknown,Unknown,Unknown,0,0,0,22.82,31.26,0,0,14.0,12.0,13.0,14.285714285714286,17.642857142857142,8.202141932149937,8.440000000000001,0.8096707069234942,387.0,117.0,270.0,0.04558866034676175,98.0,14.0,27.4468085106383,0,fast_moving
FOODS_1_004_WI_1_validation,FOODS_1_004,FOODS_1,FOODS,WI_1,WI,d_1582,12.0,2015-05-29,11517,Friday,7,5,2015,Unknown,Unknown,Unknown,Unknown,0,0,0,22.82,31.26,0,0,13.0,8.0,30.0,14.428571428571429,17.642857142857142,8.202141932149937,8.440000000000001,0.8177674139927291,387.0,118.0,269.0,0.04558866034676175,107.0,15.285714285714286,25.153203342618383,0,fast_moving
FOODS_1_004_WI_1_validation,FOODS_1_004,FOODS_1,FOODS,WI_1,WI,d_1583,10.0,2015-05-30,11518,Saturday,1,5,2015,Unknown,Unknown,Unknown,Unknown,0,0,0,22.82,31.26,0,1,12.0,32.0,17.0,15.0,17.0,7.897491397296384,8.440000000000001,0.8823010411152284,373.0,121.0,252.0,0.045576285318269925,118.0,16.857142857142858,21.996630160067394,0,fast_moving
FOODS_1_004_WI_1_validation,FOODS_1_004,FOODS_1,FOODS,WI_1,WI,d_1584,20.0,2015-05-31,11518,Sunday,2,5,2015,Unknown,Unknown,Unknown,Unknown,0,0,0,22.82,31.26,0,1,10.0,14.0,24.0,11.857142857142858,16.75,8.007519614110874,8.440000000000001,0.7078468662851685,368.0,100.0,268.0,0.04551618066255255,121.0,17.285714285714285,21.166803615447822,0,fast_moving
FOODS_1_004_WI_1_validation,FOODS_1_004,FOODS_1,FOODS,WI_1,WI,d_1585,9.0,2015-06-01,11518,Monday,3,6,2015,Unknown,Unknown,Unknown,Unknown,1,1,0,22.82,31.26,0,0,20.0,14.0,20.0,12.714285714285714,16.607142857142858,7.908454387151184,8.440000000000001,0.7655453004980344,365.0,105.0,260.0,0.045498896871906815,129.0,18.428571428571427,19.69930609097918,0,fast_moving
FOODS_1_004_WI_1_validation,FOODS_1_004,FOODS_1,FOODS,WI_1,WI,d_1586,13.0,2015-06-02,11518,Tuesday,4,6,2015,Unknown,Unknown,Unknown,Unknown,1,0,1,22.82,31.26,1,0,9.0,6.0,27.0,12.0,16.214285714285715,8.00628060340937,8.440000000000001,0.7400424643414062,357.0,101.0,256.0,0.04541804004550608,131.0,18.714285714285715,18.974943052391797,0,fast_moving
FOODS_1_004_WI_1_validation,FOODS_1_004,FOODS_1,FOODS,WI_1,WI,d_1587,22.0,2015-06-03,11518,Wednesday,5,6,2015,Unknown,Unknown,Unknown,Unknown,1,1,1,22.82,31.26,1,0,13.0,14.0,22.0,13.0,15.714285714285714,7.740500236764025,8.440000000000001,0.8272200859945277,346.0,107.0,239.0,0.045416879472272374,115.0,16.428571428571427,20.933448573898012,0,fast_moving
FOODS_1_004_WI_1_validation,FOODS_1_004,FOODS_1,FOODS,WI_1,WI,d_1588,12.0,2015-06-04,11518,Thursday,6,6,2015,NBAFinalsStart,Sporting,Unknown,Unknown,1,0,0,22.82,31.26,0,0,22.0,13.0,12.0,14.142857142857142,15.714285714285714,7.740500236764025,8.440000000000001,0.8999427309171235,346.0,115.0,231.0,0.045416879472272374,118.0,16.857142857142858,20.40438079191238,0,fast_moving
FOODS_1_004_WI_1_validation,FOODS_1_004,FOODS_1,FOODS,WI_1,WI,d_1589,21.0,2015-06-05,11518,Friday,7,6,2015,Unknown,Unknown,Unknown,Unknown,1,1,1,22.82,31.26,1,0,12.0,12.0,23.0,14.0,15.714285714285714,7.740500236764025,8.440000000000001,0.890852400301799,346.0,114.0,232.0,0.045416879472272374,118.0,16.857142857142858,20.40438079191238,0,fast_moving
FOODS_1_004_WI_1_validation,FOODS_1_004,FOODS_1,FOODS,WI_1,WI,d_1590,21.0,2015-06-06,11519,Saturday,1,6,2015,Unknown,Unknown,Unknown,Unknown,1,1,1,22.82,31.26,1,1,21.0,10.0,23.0,15.285714285714286,15.642857142857142,7.679767963866877,8.440000000000001,0.9771064863433389,344.0,123.0,221.0,0.04547328973711455,114.0,16.285714285714285,20.99389712292938,0,fast_moving
FOODS_1_004_WI_1_validation,FOODS_1_004,FOODS_1,FOODS,WI_1,WI,d_1591,23.0,2015-06-07,11519,Sunday,2,6,2015,Unknown,Unknown,Unknown,Unknown,1,1,0,22.82,31.26,0,1,21.0,20.0,24.0,16.857142857142858,15.571428571428571,7.617857049836656,8.440000000000001,1.082499289036484,343.0,134.0,209.0,0.045397618582536416,101.0,14.428571428571429,23.6086529006883,0,fast_moving
FOODS_1_004_WI_1_validation,FOODS_1_004,FOODS_1,FOODS,WI_1,WI,d_1592,17.0,2015-06-08,11519,Monday,3,6,2015,Unknown,Unknown,Unknown,Unknown,1,0,1,22.82,31.26,1,0,23.0,9.0,14.0,17.285714285714285,15.535714285714286,7.579124071627387,8.440000000000001,1.112572064326894,342.0,137.0,205.0,0.04542593233854371,97.0,13.857142857142858,24.503582395087,0,fast_moving
FOODS_1_004_WI_1_validation,FOODS_1_004,FOODS_1,FOODS,WI_1,WI,d_1593,15.0,2015-06-09,11519,Tuesday,4,6,2015,Unknown,Unknown,Unknown,Unknown,1,1,1,22.82,31.26,1,0,17.0,13.0,12.0,18.428571428571427,15.642857142857142,7.577815016433195,8.440000000000001,1.178006885404586,344.0,145.0,199.0,0.04547328973711455,93.0,13.285714285714286,25.699039487726786,0,fast_moving
FOODS_1_004_WI_1_validation,FOODS_1_004,FOODS_1,FOODS,WI_1,WI,d_1594,6.0,2015-06-10,11519,Wednesday,5,6,2015,Unknown,Unknown,Unknown,Unknown,1,0,0,22.82,31.26,0,0,15.0,22.0,21.0,18.714285714285715,15.75,7.54554074836159,8.440000000000001,1.1881331797527597,346.0,147.0,199.0,0.04552009965289118,104.0,14.857142857142858,23.132760267430754,0,fast_moving
FOODS_1_004_WI_1_validation,FOODS_1_004,FOODS_1,FOODS,WI_1,WI,d_1595,15.0,2015-06-11,11519,Thursday,6,6,2015,Unknown,Unknown,Unknown,Unknown,0,1,1,22.82,31.26,1,0,6.0,12.0,34.0,16.428571428571427,15.214285714285714,7.690095326949214,8.440000000000001,1.07974123766513,335.0,131.0,204.0,0.045415642682516515,100.0,14.285714285714286,23.286991062562066,0,fast_moving
FOODS_1_004_WI_1_validation,FOODS_1_004,FOODS_1,FOODS,WI_1,WI,d_1596,21.0,2015-06-12,11519,Friday,7,6,2015,Unknown,Unknown,Unknown,Unknown,0,1,1,22.82,31.26,1,0,15.0,21.0,26.0,16.857142857142858,14.535714285714286,6.7521307630458285,8.440000000000001,1.1596253820375995,319.0,132.0,187.0,0.04556635962180146,91.0,13.0,24.35114503816794,0,fast_moving
FOODS_1_004_WI_1_validation,FOODS_1_004,FOODS_1,FOODS,WI_1,WI,d_1597,17.0,2015-06-13,11520,Saturday,1,6,2015,Unknown,Unknown,Unknown,Unknown,0,1,0,22.82,31.26,0,1,21.0,21.0,17.0,16.857142857142858,14.357142857142858,6.499084184567487,8.440000000000001,1.1740475787756077,315.0,131.0,184.0,0.0455780866001786,87.0,12.428571428571429,25.14253135689852,0,fast_moving
FOODS_1_004_WI_1_validation,FOODS_1_004,FOODS_1,FOODS,WI_1,WI,d_1598,10.0,2015-06-14,11520,Sunday,2,6,2015,Unknown,Unknown,Unknown,Unknown,0,0,1,22.82,31.26,1,1,17.0,23.0,18.0,16.285714285714285,14.357142857142858,6.499084184567487,8.440000000000001,1.134249355766265,315.0,127.0,188.0,0.0455780866001786,89.0,12.714285714285714,24.581939799331106,0,fast_moving
FOODS_1_004_WI_1_validation,FOODS_1_004,FOODS_1,FOODS,WI_1,WI,d_1599,13.0,2015-06-15,11520,Monday,3,6,2015,Unknown,Unknown,Unknown,Unknown,0,1,1,22.82,31.26,1,0,10.0,17.0,4.0,14.428571428571429,14.071428571428571,6.508846239164002,8.440000000000001,1.0253078461429137,309.0,115.0,194.0,0.04553845641738562,82.0,11.714285714285714,26.154776299879085,0,fast_moving
FOODS_1_004_WI_1_validation,FOODS_1_004,FOODS_1,FOODS,WI_1,WI,d_1600,11.0,2015-06-16,11520,Tuesday,4,6,2015,NBAFinalsEnd,Sporting,Unknown,Unknown,0,0,0,22.82,31.26,0,0,13.0,15.0,3.0,13.857142857142858,14.392857142857142,6.208353307733927,8.440000000000001,0.9627122681302541,315.0,110.0,205.0,0.04569146492505466,84.0,12.0,26.03305785123967,0,fast_moving
FOODS_1_004_WI_1_validation,FOODS_1_004,FOODS_1,FOODS,WI_1,WI,d_1601,17.0,2015-06-17,11520,Wednesday,5,6,2015,Unknown,Unknown,Unknown,Unknown,0,0,0,22.82,31.26,0,0,11.0,6.0,10.0,13.285714285714286,14.678571428571429,5.837640133482221,8.440000000000001,0.905047831291299,320.0,105.0,215.0,0.045870392369309565,72.0,10.285714285714286,30.811554332874827,0,fast_moving
FOODS_1_004_WI_1_validation,FOODS_1_004,FOODS_1,FOODS,WI_1,WI,d_1602,11.0,2015-06-18,11520,Thursday,6,6,2015,Ramadan starts,Religious,Unknown,Unknown,0,0,0,22.82,31.26,0,0,17.0,15.0,12.0,14.857142857142858,14.928571428571429,5.779456410607869,8.440000000000001,0.9951486503296431,326.0,116.0,210.0,0.045793023421926406,71.0,10.142857142857142,31.827057182705722,0,fast_moving
FOODS_1_004_WI_1_validation,FOODS_1_004,FOODS_1,FOODS,WI_1,WI,d_1603,12.0,2015-06-19,11520,Friday,7,6,2015,Unknown,Unknown,Unknown,Unknown,0,0,0,22.82,31.26,0,0,11.0,21.0,8.0,14.285714285714286,14.892857142857142,5.801272438419169,8.440000000000001,0.9591682093288701,325.0,112.0,213.0,0.04582403482714559,83.0,11.857142857142858,27.180406212664277,0,fast_moving
FOODS_1_004_WI_1_validation,FOODS_1_004,FOODS_1,FOODS,WI_1,WI,d_1604,13.0,2015-06-20,11521,Saturday,1,6,2015,Unknown,Unknown,Unknown,Unknown,0,0,0,22.82,31.26,0,1,12.0,17.0,32.0,13.0,15.035714285714286,5.673082269266191,8.440000000000001,0.8645505762087082,328.0,103.0,225.0,0.04584045257701741,83.0,11.857142857142858,27.431302270011948,0,fast_moving
FOODS_1_004_WI_1_validation,FOODS_1_004,FOODS_1,FOODS,WI_1,WI,d_1605,12.0,2015-06-21,11521,Sunday,2,6,2015,Father's day,Cultural,Unknown,Unknown,0,0,0,22.82,31.26,0,1,13.0,10.0,14.0,12.428571428571429,14.357142857142858,4.6044606851463294,8.440000000000001,0.8656113504532023,311.0,97.0,214.0,0.04616429804773251,82.0,11.714285714285714,26.324062877871828,0,fast_moving
FOODS_1_004_WI_1_validation,FOODS_1_004,FOODS_1,FOODS,WI_1,WI,d_1606,6.0,2015-06-22,11521,Monday,3,6,2015,Unknown,Unknown,Unknown,Unknown,0,0,0,22.82,31.26,0,0,12.0,13.0,14.0,12.714285714285714,14.285714285714286,4.6256702646022445,8.440000000000001,0.8899377043606946,310.0,99.0,211.0,0.04608280065456011,86.0,12.285714285714286,25.02883506343714,0,fast_moving
FOODS_1_004_WI_1_validation,FOODS_1_004,FOODS_1,FOODS,WI_1,WI,d_1607,13.0,2015-06-23,11521,Tuesday,4,6,2015,Unknown,Unknown,Unknown,Unknown,0,0,0,22.82,31.26,0,0,6.0,11.0,6.0,11.714285714285714,14.0,4.883835772407981,8.440000000000001,0.8366749313824523,304.0,92.0,212.0,0.046052480090526024,84.0,12.0,25.123966942148762,0,fast_moving
FOODS_1_004_WI_1_validation,FOODS_1_004,FOODS_1,FOODS,WI_1,WI,d_1608,5.0,2015-06-24,11521,Wednesday,5,6,2015,Unknown,Unknown,Unknown,Unknown,0,0,0,22.82,31.26,0,0,13.0,17.0,14.0,12.0,14.25,4.63181429935438,8.440000000000001,0.8420461721984422,309.0,94.0,215.0,0.04611635561049965,82.0,11.714285714285714,26.154776299879085,0,fast_moving
FOODS_1_004_WI_1_validation,FOODS_1_004,FOODS_1,FOODS,WI_1,WI,d_1609,10.0,2015-06-25,11521,Thursday,6,6,2015,Unknown,Unknown,Unknown,Unknown,0,0,0,22.82,31.26,0,0,5.0,11.0,13.0,10.285714285714286,13.928571428571429,4.951083468618512,8.440000000000001,0.7384085245161887,303.0,82.0,221.0,0.04596873089056284,83.0,11.857142857142858,25.340501792114694,0,fast_moving
FOODS_1_004_WI_1_validation,FOODS_1_004,FOODS_1,FOODS,WI_1,WI,d_1610,24.0,2015-06-26,11521,Friday,7,6,2015,Unknown,Unknown,Unknown,Unknown,0,0,0,22.82,31.26,0,0,10.0,12.0,12.0,10.142857142857142,13.821428571428571,5.004098849044181,8.440000000000001,0.7337970379404074,301.0,82.0,219.0,0.045918214794730156,71.0,10.142857142857142,29.386331938633198,0,fast_moving
FOODS_1_004_WI_1_validation,FOODS_1_004,FOODS_1,FOODS,WI_1,WI,d_1611,13.0,2015-06-27,11522,Saturday,1,6,2015,Unknown,Unknown,Unknown,Unknown,0,0,0,22.82,31.26,0,1,24.0,13.0,10.0,11.857142857142858,14.25,5.34460614216004,8.440000000000001,0.8320218130056037,310.0,94.0,216.0,0.0459675936529237,71.0,10.142857142857142,30.264993026499305,0,fast_moving
FOODS_1_004_WI_1_validation,FOODS_1_004,FOODS_1,FOODS,WI_1,WI,d_1612,11.0,2015-06-28,11522,Sunday,2,6,2015,Unknown,Unknown,Unknown,Unknown,0,0,0,22.82,31.26,0,1,13.0,12.0,20.0,11.857142857142858,14.357142857142858,5.28600027826323,8.440000000000001,0.8258131274438597,313.0,94.0,219.0,0.04586931944991504,74.0,10.571428571428571,29.330655957161984,0,fast_moving
FOODS_1_004_WI_1_validation,FOODS_1_004,FOODS_1,FOODS,WI_1,WI,d_1613,10.0,2015-06-29,11522,Monday,3,6,2015,Unknown,Unknown,Unknown,Unknown,0,0,0,22.82,31.26,0,0,11.0,6.0,9.0,11.714285714285714,14.035714285714286,5.203148212645045,8.440000000000001,0.8345461392063669,306.0,93.0,213.0,0.04586819744286551,81.0,11.571428571428571,26.217870257037944,0,fast_moving
FOODS_1_004_WI_1_validation,FOODS_1_004,FOODS_1,FOODS,WI_1,WI,d_1614,11.0,2015-06-30,11522,Tuesday,4,6,2015,Unknown,Unknown,Unknown,Unknown,0,0,0,22.82,31.26,0,0,10.0,13.0,13.0,12.285714285714286,14.071428571428571,5.170633397897181,8.440000000000001,0.8730344036464415,306.0,97.0,209.0,0.045984910413458036,80.0,11.428571428571429,26.54275092936803,0,fast_moving
FOODS_1_004_WI_1_validation,FOODS_1_004,FOODS_1,FOODS,WI_1,WI,d_1615,3.0,2015-07-01,11522,Wednesday,5,7,2015,Unknown,Unknown,Unknown,Unknown,1,1,0,22.82,31.26,0,0,11.0,5.0,22.0,12.0,14.0,5.199715091910042,8.440000000000001,0.8570816370259268,305.0,95.0,210.0,0.045901488847577554,94.0,13.428571428571429,22.544878563885955,0,fast_moving
FOODS_1_004_WI_1_validation,FOODS_1_004,FOODS_1,FOODS,WI_1,WI,d_1616,11.0,2015-07-02,11522,Thursday,6,7,2015,Unknown,Unknown,Unknown,Unknown,1,0,1,22.82,31.26,1,0,3.0,10.0,12.0,11.714285714285714,13.321428571428571,5.354496700964054,8.440000000000001,0.8792905626387295,291.0,93.0,198.0,0.04577794774392037,92.0,13.142857142857142,21.97411003236246,0,fast_moving
FOODS_1_004_WI_1_validation,FOODS_1_004,FOODS_1,FOODS,WI_1,WI,d_1617,12.0,2015-07-03,11522,Friday,7,7,2015,Unknown,Unknown,Unknown,Unknown,1,1,1,22.82,31.26,1,0,11.0,24.0,21.0,11.857142857142858,13.285714285714286,5.366957499760253,8.440000000000001,0.8924059479394024,290.0,94.0,196.0,0.04581264990711855,88.0,12.571428571428571,22.886133032694477,0,fast_moving
FOODS_1_004_WI_1_validation,FOODS_1_004,FOODS_1,FOODS,WI_1,WI,d_1618,13.0,2015-07-04,11523,Saturday,1,7,2015,IndependenceDay,National,Unknown,Unknown,1,0,0,22.82,31.26,0,1,12.0,13.0,21.0,10.142857142857142,12.964285714285714,5.153079933809763,8.440000000000001,0.7823088026267947,283.0,82.0,201.0,0.04581003499735236,94.0,13.428571428571429,20.91869060190074,0,fast_moving
FOODS_1_004_WI_1_validation,FOODS_1_004,FOODS_1,FOODS,WI_1,WI,d_1619,14.0,2015-07-05,11523,Sunday,2,7,2015,Unknown,Unknown,Unknown,Unknown,1,1,1,22.82,31.26,1,1,13.0,11.0,23.0,10.142857142857142,12.678571428571429,4.906938182618806,8.440000000000001,0.7999369063848485,277.0,81.0,196.0,0.04577085074989415,89.0,12.714285714285714,21.616499442586402,0,fast_moving
FOODS_1_004_WI_1_validation,FOODS_1_004,FOODS_1,FOODS,WI_1,WI,d_1620,17.0,2015-07-06,11523,Monday,3,7,2015,Unknown,Unknown,Unknown,Unknown,1,1,1,22.82,31.26,1,0,14.0,10.0,17.0,10.571428571428571,12.357142857142858,4.482181063940536,8.440000000000001,0.8554221045695724,269.0,83.0,186.0,0.04593716327129958,93.0,13.285714285714286,20.096051227321237,0,fast_moving
FOODS_1_004_WI_1_validation,FOODS_1_004,FOODS_1,FOODS,WI_1,WI,d_1621,10.0,2015-07-07,11523,Tuesday,4,7,2015,Unknown,Unknown,Unknown,Unknown,1,1,0,22.82,31.26,0,0,17.0,11.0,15.0,11.571428571428571,12.357142857142858,4.482181063940536,8.440000000000001,0.936340411758586,269.0,90.0,179.0,0.04593716327129958,102.0,14.571428571428571,18.33495618305745,0,fast_moving
FOODS_1_004_WI_1_validation,FOODS_1_004,FOODS_1,FOODS,WI_1,WI,d_1622,17.0,2015-07-08,11523,Wednesday,5,7,2015,Unknown,Unknown,Unknown,Unknown,1,0,1,22.82,31.26,1,0,10.0,3.0,6.0,11.428571428571429,12.178571428571429,4.472579597275859,8.440000000000001,0.9383393738930528,265.0,89.0,176.0,0.045956699893854855,97.0,13.857142857142858,18.986693961105424,0,fast_moving
FOODS_1_004_WI_1_validation,FOODS_1_004,FOODS_1,FOODS,WI_1,WI,d_1623,9.0,2015-07-09,11523,Thursday,6,7,2015,Unknown,Unknown,Unknown,Unknown,1,1,1,22.82,31.26,1,0,17.0,11.0,15.0,13.428571428571429,12.571428571428571,4.3921526944091225,8.440000000000001,1.0680968559319146,273.0,103.0,170.0,0.046049020228601995,101.0,14.428571428571429,18.790560471976402,0,fast_moving
FOODS_1_004_WI_1_validation,FOODS_1_004,FOODS_1,FOODS,WI_1,WI,d_1624,8.0,2015-07-10,11523,Friday,7,7,2015,Unknown,Unknown,Unknown,Unknown,1,0,0,22.82,31.26,0,0,9.0,12.0,21.0,13.142857142857142,12.357142857142858,4.415580878814759,8.440000000000001,1.0634977516270359,269.0,101.0,168.0,0.04593716327129958,103.0,14.714285714285714,18.158148505303764,0,fast_moving
FOODS_1_004_WI_1_validation,FOODS_1_004,FOODS_1,FOODS,WI_1,WI,d_1625,19.0,2015-07-11,11524,Saturday,1,7,2015,Unknown,Unknown,Unknown,Unknown,0,1,1,22.82,31.26,1,1,8.0,13.0,17.0,12.571428571428571,11.892857142857142,4.148531964480626,8.440000000000001,1.0569681828554958,259.0,97.0,162.0,0.04591819005662968,101.0,14.428571428571429,17.826941986234022,0,fast_moving
FOODS_1_004_WI_1_validation,FOODS_1_004,FOODS_1,FOODS,WI_1,WI,d_1626,9.0,2015-07-12,11524,Sunday,2,7,2015,Unknown,Unknown,Unknown,Unknown,0,1,1,22.82,31.26,1,1,19.0,14.0,10.0,13.428571428571429,11.964285714285714,4.255559699944108,8.440000000000001,1.1222942560024836,260.0,103.0,157.0,0.046016306530689166,99.0,14.142857142857142,18.254764292878637,0,fast_moving
FOODS_1_004_WI_1_validation,FOODS_1_004,FOODS_1,FOODS,WI_1,WI,d_1627,21.0,2015-07-13,11524,Monday,3,7,2015,Unknown,Unknown,Unknown,Unknown,0,1,0,22.82,31.26,0,0,9.0,17.0,13.0,12.714285714285714,11.928571428571429,4.2767984861348465,8.440000000000001,1.065778916737519,260.0,98.0,162.0,0.04587894442164234,85.0,12.142857142857142,21.236872812135356,0,fast_moving
FOODS_1_004_WI_1_validation,FOODS_1_004,FOODS_1,FOODS,WI_1,WI,d_1628,19.0,2015-07-14,11524,Tuesday,4,7,2015,Unknown,Unknown,Unknown,Unknown,0,0,1,22.82,31.26,1,0,21.0,10.0,11.0,13.285714285714286,12.214285714285714,4.60560964603387,8.440000000000001,1.087630252493948,266.0,103.0,163.0,0.04591819472214659,73.0,10.428571428571429,25.26458616010855,0,fast_moving
FOODS_1_004_WI_1_validation,FOODS_1_004,FOODS_1,FOODS,WI_1,WI,d_1629,12.0,2015-07-15,11524,Wednesday,5,7,2015,Unknown,Unknown,Unknown,Unknown,0,1,1,22.82,31.26,1,0,19.0,17.0,17.0,14.571428571428571,12.5,4.77260702109212,8.440000000000001,1.1656210360314032,273.0,112.0,161.0,0.04578737806821221,68.0,9.714285714285714,27.816593886462886,0,fast_moving
FOODS_1_004_WI_1_validation,FOODS_1_004,FOODS_1,FOODS,WI_1,WI,d_1630,13.0,2015-07-16,11524,Thursday,6,7,2015,Unknown,Unknown,Unknown,Unknown,0,0,0,22.82,31.26,0,0,12.0,9.0,11.0,13.857142857142858,12.321428571428571,4.690838758044054,8.440000000000001,1.1245464136244017,269.0,107.0,162.0,0.045804396903463454,58.0,8.285714285714286,32.078364565587734,0,fast_moving
FOODS_1_004_WI_1_validation,FOODS_1_004,FOODS_1,FOODS,WI_1,WI,d_1631,10.0,2015-07-17,11524,Friday,7,7,2015,Unknown,Unknown,Unknown,Unknown,0,0,0,22.82,31.26,0,0,13.0,8.0,12.0,14.428571428571429,12.392857142857142,4.685195641705715,8.440000000000001,1.1641711907972845,270.0,111.0,159.0,0.04589930090206015,76.0,10.857142857142858,24.641460234680572,0,fast_moving
FOODS_1_004_WI_1_validation,FOODS_1_004,FOODS_1,FOODS,WI_1,WI,d_1632,17.0,2015-07-18,11525,Saturday,1,7,2015,Eid al-Fitr,Religious,Unknown,Unknown,0,0,0,22.82,31.26,0,1,10.0,19.0,13.0,14.714285714285714,12.321428571428571,4.706603488941513,8.440000000000001,1.1941059856011687,269.0,113.0,156.0,0.045804396903463454,70.0,10.0,26.633663366336634,0,fast_moving
FOODS_1_004_WI_1_validation,FOODS_1_004,FOODS_1,FOODS,WI_1,WI,d_1633,7.0,2015-07-19,11525,Sunday,2,7,2015,Unknown,Unknown,Unknown,Unknown,0,0,0,22.82,31.26,0,1,17.0,9.0,12.0,14.428571428571429,12.464285714285714,4.787964408243152,8.440000000000001,1.1575002578589684,272.0,111.0,161.0,0.04582441135983219,73.0,10.428571428571429,25.834464043419267,0,fast_moving
FOODS_1_004_WI_1_validation,FOODS_1_004,FOODS_1,FOODS,WI_1,WI,d_1634,7.0,2015-07-20,11525,Monday,3,7,2015,Unknown,Unknown,Unknown,Unknown,0,0,0,22.82,31.26,0,0,7.0,21.0,6.0,14.142857142857142,12.285714285714286,4.897899344557625,8.440000000000001,1.1510690990268233,268.0,109.0,159.0,0.04584204643159648,79.0,11.285714285714286,23.538268506900877,0,fast_moving
FOODS_1_004_WI_1_validation,FOODS_1_004,FOODS_1,FOODS,WI_1,WI,d_1635,7.0,2015-07-21,11525,Tuesday,4,7,2015,Unknown,Unknown,Unknown,Unknown,0,0,0,22.82,31.26,0,0,7.0,19.0,13.0,12.142857142857142,12.321428571428571,4.853815386839907,8.440000000000001,0.9854272696708674,269.0,95.0,174.0,0.045804396903463454,88.0,12.571428571428571,21.228861330326946,0,fast_moving
FOODS_1_004_WI_1_validation,FOODS_1_004,FOODS_1,FOODS,WI_1,WI,d_1636,7.0,2015-07-22,11525,Wednesday,5,7,2015,Unknown,Unknown,Unknown,Unknown,0,0,0,22.82,31.26,0,0,7.0,12.0,5.0,10.428571428571429,12.107142857142858,4.954154902064611,8.440000000000001,0.8612857935037814,265.0,83.0,182.0,0.045687159132014064,87.0,12.428571428571429,21.151653363740024,0,fast_moving
FOODS_1_004_WI_1_validation,FOODS_1_004,FOODS_1,FOODS,WI_1,WI,d_1637,3.0,2015-07-23,11525,Thursday,6,7,2015,Unknown,Unknown,Unknown,Unknown,0,0,0,22.82,31.26,0,0,7.0,13.0,10.0,9.714285714285714,12.178571428571429,4.861439898178101,8.440000000000001,0.7975884678090948,266.0,78.0,188.0,0.04578393099488885,95.0,13.571428571428571,19.456635318704286,0,fast_moving
FOODS_1_004_WI_1_validation,FOODS_1_004,FOODS_1,FOODS,WI_1,WI,d_1638,28.0,2015-07-24,11525,Friday,7,7,2015,Unknown,Unknown,Unknown,Unknown,0,0,0,22.82,31.26,0,0,3.0,10.0,24.0,8.285714285714286,11.928571428571429,5.149099679869048,8.440000000000001,0.6945525524806304,261.0,69.0,192.0,0.045703163698880195,84.0,12.0,21.5702479338843,0,fast_moving
FOODS_1_004_WI_1_validation,FOODS_1_004,FOODS_1,FOODS,WI_1,WI,d_1639,11.0,2015-07-25,11526,Saturday,1,7,2015,Unknown,Unknown,Unknown,Unknown,0,0,0,22.82,31.26,0,1,28.0,17.0,13.0,10.857142857142858,12.071428571428571,5.537271499698717,8.440000000000001,0.8993337830002249,265.0,88.0,177.0,0.045552388751093666,99.0,14.142857142857142,18.605817452357073,0,fast_moving
FOODS_1_004_WI_1_validation,FOODS_1_004,FOODS_1,FOODS,WI_1,WI,d_1640,10.0,2015-07-26,11526,Sunday,2,7,2015,Unknown,Unknown,Unknown,Unknown,0,0,0,22.82,31.26,0,1,11.0,7.0,11.0,10.0,12.0,5.537749241945384,8.440000000000001,0.8332638946754437,264.0,82.0,182.0,0.0454543732788891,103.0,14.714285714285714,17.820636451301834,0,fast_moving
FOODS_1_004_WI_1_validation,FOODS_1_004,FOODS_1,FOODS,WI_1,WI,d_1641,13.0,2015-07-27,11526,Monday,3,7,2015,Unknown,Unknown,Unknown,Unknown,0,0,0,22.82,31.26,0,0,10.0,7.0,10.0,10.428571428571429,11.964285714285714,5.547653109780301,8.440000000000001,0.8715689434912904,263.0,85.0,178.0,0.04549140769155142,110.0,15.714285714285714,16.630532971996388,0,fast_moving
FOODS_1_004_WI_1_validation,FOODS_1_004,FOODS_1,FOODS,WI_1,WI,d_1642,16.0,2015-07-28,11526,Tuesday,4,7,2015,Unknown,Unknown,Unknown,Unknown,0,0,0,22.82,31.26,0,0,13.0,7.0,11.0,11.285714285714286,12.071428571428571,5.537271499698717,8.440000000000001,0.9348338007502338,265.0,91.0,174.0,0.045552388751093666,109.0,15.571428571428571,16.90975387420237,0,fast_moving
FOODS_1_004_WI_1_validation,FOODS_1_004,FOODS_1,FOODS,WI_1,WI,d_1643,6.0,2015-07-29,11526,Wednesday,5,7,2015,Unknown,Unknown,Unknown,Unknown,0,0,0,22.82,31.26,0,0,16.0,7.0,3.0,12.571428571428571,12.25,5.581882066777068,8.440000000000001,1.026155299275861,269.0,100.0,169.0,0.0455388641677912,122.0,17.428571428571427,15.346373268133659,0,fast_moving
FOODS_1_004_WI_1_validation,FOODS_1_004,FOODS_1,FOODS,WI_1,WI,d_1644,11.0,2015-07-30,11526,Thursday,6,7,2015,Unknown,Unknown,Unknown,Unknown,0,0,0,22.82,31.26,0,0,6.0,3.0,11.0,12.428571428571429,12.357142857142858,5.424323038249146,8.440000000000001,1.0056989607777405,271.0,98.0,173.0,0.04559814486715126,130.0,18.571428571428573,14.514154552410098,0,fast_moving
FOODS_1_004_WI_1_validation,FOODS_1_004,FOODS_1,FOODS,WI_1,WI,d_1645,17.0,2015-07-31,11526,Friday,7,7,2015,Unknown,Unknown,Unknown,Unknown,0,0,0,22.82,31.26,0,0,11.0,28.0,12.0,13.571428571428571,12.357142857142858,5.424323038249146,8.440000000000001,1.0981770261366133,271.0,106.0,165.0,0.04559814486715126,127.0,18.142857142857142,14.85512920908379,0,fast_moving
FOODS_1_004_WI_1_validation,FOODS_1_004,FOODS_1,FOODS,WI_1,WI,d_1646,26.0,2015-08-01,11527,Saturday,1,8,2015,Unknown,Unknown,Unknown,Unknown,1,1,0,22.82,31.26,0,1,17.0,11.0,13.0,12.0,12.535714285714286,5.493984204005547,8.440000000000001,0.957188600339574,275.0,95.0,180.0,0.045584249823507145,117.0,16.714285714285715,16.355140186915886,0,fast_moving
FOODS_1_004_WI_1_validation,FOODS_1_004,FOODS_1,FOODS,WI_1,WI,d_1647,14.0,2015-08-02,11527,Sunday,2,8,2015,Unknown,Unknown,Unknown,Unknown,1,0,1,22.82,31.26,1,1,26.0,10.0,14.0,14.142857142857142,13.0,6.055300708194985,8.440000000000001,1.0878284088037184,286.0,112.0,174.0,0.04545438652312405,115.0,16.428571428571427,17.303370786516854,0,fast_moving
FOODS_1_004_WI_1_validation,FOODS_1_004,FOODS_1,FOODS,WI_1,WI,d_1648,20.0,2015-08-03,11527,Monday,3,8,2015,Unknown,Unknown,Unknown,Unknown,1,1,1,22.82,31.26,1,0,14.0,13.0,17.0,14.714285714285714,13.0,6.055300708194985,8.440000000000001,1.1317810717856869,286.0,116.0,170.0,0.04545438652312405,106.0,15.142857142857142,18.762886597938145,0,fast_moving
FOODS_1_004_WI_1_validation,FOODS_1_004,FOODS_1,FOODS,WI_1,WI,d_1649,15.0,2015-08-04,11527,Tuesday,4,8,2015,Unknown,Unknown,Unknown,Unknown,1,0,0,22.82,31.26,0,0,20.0,16.0,10.0,15.714285714285714,13.107142857142858,6.154428009732842,8.440000000000001,1.1988186187429841,288.0,123.0,165.0,0.04551075467495897,100.0,14.285714285714286,20.019860973187686,0,fast_moving
FOODS_1_004_WI_1_validation,FOODS_1_004,FOODS_1,FOODS,WI_1,WI,d_1650,19.0,2015-08-05,11527,Wednesday,5,8,2015,Unknown,Unknown,Unknown,Unknown,1,1,1,22.82,31.26,1,0,15.0,6.0,17.0,15.571428571428571,13.285714285714286,6.133436852128474,8.440000000000001,1.171954799101143,292.0,122.0,170.0,0.045498865708385544,91.0,13.0,22.290076335877863,0,fast_moving
FOODS_1_004_WI_1_validation,FOODS_1_004,FOODS_1,FOODS,WI_1,WI,d_1651,19.0,2015-08-06,11527,Thursday,6,8,2015,Unknown,Unknown,Unknown,Unknown,1,1,1,22.82,31.26,1,0,19.0,11.0,9.0,17.428571428571427,13.357142857142858,6.189682488800968,8.440000000000001,1.3047151550151324,293.0,135.0,158.0,0.04558736269549544,78.0,11.142857142857142,26.06099110546379,0,fast_moving
FOODS_1_004_WI_1_validation,FOODS_1_004,FOODS_1,FOODS,WI_1,WI,d_1652,14.0,2015-08-07,11527,Friday,7,8,2015,Unknown,Unknown,Unknown,Unknown,1,1,0,22.82,31.26,0,0,19.0,17.0,8.0,18.571428571428573,13.714285714285714,6.2174017608712315,8.440000000000001,1.3540679325465854,301.0,143.0,158.0,0.04556225964128264,73.0,10.428571428571429,28.58887381275441,0,fast_moving
FOODS_1_004_WI_1_validation,FOODS_1_004,FOODS_1,FOODS,WI_1,WI,d_1653,16.0,2015-08-08,11528,Saturday,1,8,2015,Unknown,Unknown,Unknown,Unknown,1,0,1,22.82,31.26,1,1,14.0,26.0,19.0,18.142857142857142,13.928571428571429,6.115726972496111,8.440000000000001,1.3024705918549437,305.0,140.0,165.0,0.045667297577947054,66.0,9.428571428571429,32.00899550224887,0,fast_moving
FOODS_1_004_WI_1_validation,FOODS_1_004,FOODS_1,FOODS,WI_1,WI,d_1654,12.0,2015-08-09,11528,Sunday,2,8,2015,Unknown,Unknown,Unknown,Unknown,1,1,1,22.82,31.26,1,1,16.0,14.0,9.0,16.714285714285715,13.821428571428571,6.049509140960189,8.440000000000001,1.2092148371694038,303.0,130.0,173.0,0.045615125268327734,57.0,8.142857142857142,36.759098786828424,0,fast_moving
FOODS_1_004_WI_1_validation,FOODS_1_004,FOODS_1,FOODS,WI_1,WI,d_1655,11.0,2015-08-10,11528,Monday,3,8,2015,Unknown,Unknown,Unknown,Unknown,1,0,0,22.82,31.26,0,0,12.0,20.0,21.0,16.428571428571427,13.928571428571429,5.98719975001343,8.440000000000001,1.179402504435579,305.0,127.0,178.0,0.045667297577947054,48.0,6.857142857142857,43.83983572895278,0,fast_moving
FOODS_1_004_WI_1_validation,FOODS_1_004,FOODS_1,FOODS,WI_1,WI,d_1656,9.0,2015-08-11,11528,Tuesday,4,8,2015,Unknown,Unknown,Unknown,Unknown,0,1,1,22.82,31.26,1,0,11.0,15.0,19.0,15.142857142857142,13.571428571428571,5.846357342815629,8.440000000000001,1.1157072636753083,297.0,118.0,179.0,0.045694891840191015,45.0,6.428571428571429,45.49234135667396,0,fast_moving
FOODS_1_004_WI_1_validation,FOODS_1_004,FOODS_1,FOODS,WI_1,WI,d_1657,10.0,2015-08-12,11528,Wednesday,5,8,2015,Unknown,Unknown,Unknown,Unknown,0,1,1,22.82,31.26,1,0,9.0,19.0,12.0,14.285714285714286,13.214285714285714,5.807767103643083,8.440000000000001,1.0809992757304854,290.0,112.0,178.0,0.04556634533772544,48.0,6.857142857142857,41.68377823408625,0,fast_moving
FOODS_1_004_WI_1_validation,FOODS_1_004,FOODS_1,FOODS,WI_1,WI,d_1658,6.0,2015-08-13,11528,Thursday,6,8,2015,Unknown,Unknown,Unknown,Unknown,0,1,0,22.82,31.26,0,0,10.0,19.0,13.0,13.0,13.142857142857142,5.835487130729541,8.440000000000001,0.989055180584086,288.0,103.0,185.0,0.04563476218088529,45.0,6.428571428571429,44.11378555798687,0,fast_moving
FOODS_1_004_WI_1_validation,FOODS_1_004,FOODS_1,FOODS,WI_1,WI,d_1659,9.0,2015-08-14,11528,Friday,7,8,2015,Unknown,Unknown,Unknown,Unknown,0,0,1,22.82,31.26,1,0,6.0,14.0,10.0,11.142857142857142,12.892857142857142,5.989739904785862,8.440000000000001,0.8641988987003778,283.0,90.0,193.0,0.0455576381103146,39.0,5.571428571428571,49.89924433249371,0,fast_moving
FOODS_1_004_WI_1_validation,FOODS_1_004,FOODS_1,FOODS,WI_1,WI,d_1660,9.0,2015-08-15,11529,Saturday,1,8,2015,Unknown,Unknown,Unknown,Unknown,0,1,1,22.82,31.26,1,1,9.0,16.0,17.0,10.428571428571429,12.857142857142858,6.010572695424634,8.440000000000001,0.811048029597698,283.0,86.0,197.0,0.045431439666795734,37.0,5.285714285714286,52.54641909814324,0,fast_moving
FOODS_1_004_WI_1_validation,FOODS_1_004,FOODS_1,FOODS,WI_1,WI,d_1661,3.0,2015-08-16,11529,Sunday,2,8,2015,Unknown,Unknown,Unknown,Unknown,0,0,0,22.82,31.26,0,1,9.0,12.0,7.0,9.428571428571429,12.571428571428571,5.9964716256872235,8.440000000000001,0.749940345654323,276.0,78.0,198.0,0.0455484892135484,44.0,6.285714285714286,43.22147651006712,0,fast_moving
FOODS_1_004_WI_1_validation,FOODS_1_004,FOODS_1,FOODS,WI_1,WI,d_1662,2.0,2015-08-17,11529,Monday,3,8,2015,Unknown,Unknown,Unknown,Unknown,0,0,0,22.82,31.26,0,0,3.0,11.0,7.0,8.142857142857142,12.428571428571429,6.178988119416819,8.440000000000001,0.6551197030124013,274.0,70.0,204.0,0.045359584193384074,46.0,6.571428571428571,41.07066381156317,0,fast_moving
FOODS_1_004_WI_1_validation,FOODS_1_004,FOODS_1,FOODS,WI_1,WI,d_1663,6.0,2015-08-18,11529,Tuesday,4,8,2015,Unknown,Unknown,Unknown,Unknown,0,0,0,22.82,31.26,0,0,2.0,9.0,7.0,6.857142857142857,12.25,6.409628174343138,8.440000000000001,0.5597210723322877,271.0,61.0,210.0,0.045202785229574806,48.0,6.857142857142857,38.95277207392198,0,fast_moving
FOODS_1_004_WI_1_validation,FOODS_1_004,FOODS_1,FOODS,WI_1,WI,d_1664,13.0,2015-08-19,11529,Wednesday,5,8,2015,Unknown,Unknown,Unknown,Unknown,0,0,0,22.82,31.26,0,0,6.0,10.0,7.0,6.428571428571429,12.214285714285714,6.442665326395321,8.440000000000001,0.5262727028196522,270.0,58.0,212.0,0.0452379276902149,40.0,5.714285714285714,46.43734643734644,0,fast_moving
FOODS_1_004_WI_1_validation,FOODS_1_004,FOODS_1,FOODS,WI_1,WI,d_1665,3.0,2015-08-20,11529,Thursday,6,8,2015,Unknown,Unknown,Unknown,Unknown,0,0,0,22.82,31.26,0,0,13.0,6.0,3.0,6.857142857142857,12.428571428571429,6.36209010280352,8.440000000000001,0.55167974990518,274.0,61.0,213.0,0.045359584193384074,38.0,5.428571428571429,49.56072351421189,0,fast_moving
FOODS_1_004_WI_1_validation,FOODS_1_004,FOODS_1,FOODS,WI_1,WI,d_1666,3.0,2015-08-21,11529,Friday,7,8,2015,Unknown,Unknown,Unknown,Unknown,0,0,0,22.82,31.26,0,0,3.0,9.0,28.0,6.428571428571429,12.428571428571429,6.36209010280352,8.440000000000001,0.5171997655361064,274.0,58.0,216.0,0.045359584193384074,43.0,6.142857142857143,43.890160183066364,0,fast_moving
FOODS_1_004_WI_1_validation,FOODS_1_004,FOODS_1,FOODS,WI_1,WI,d_1667,7.0,2015-08-22,11530,Saturday,1,8,2015,Unknown,Unknown,Unknown,Unknown,0,0,0,22.82,31.26,0,1,3.0,9.0,11.0,5.571428571428571,11.535714285714286,5.827661641828584,8.440000000000001,0.4829302722983766,254.0,51.0,203.0,0.04541601917202801,41.0,5.857142857142857,42.63788968824941,0,fast_moving
FOODS_1_004_WI_1_validation,FOODS_1_004,FOODS_1,FOODS,WI_1,WI,d_1668,10.0,2015-08-23,11530,Sunday,2,8,2015,Unknown,Unknown,Unknown,Unknown,0,0,0,22.82,31.26,0,1,7.0,3.0,10.0,5.285714285714286,11.392857142857142,5.889974443221206,8.440000000000001,0.4639091239640408,252.0,49.0,203.0,0.04520957116383325,36.0,5.142857142857143,48.06539509536785,0,fast_moving
FOODS_1_004_WI_1_validation,FOODS_1_004,FOODS_1,FOODS,WI_1,WI,d_1669,4.0,2015-08-24,11530,Monday,3,8,2015,Unknown,Unknown,Unknown,Unknown,0,0,0,22.82,31.26,0,0,10.0,2.0,13.0,6.285714285714286,11.392857142857142,5.889974443221206,8.440000000000001,0.5516757149842647,252.0,56.0,196.0,0.04520957116383325,35.0,5.0,49.411764705882355,0,fast_moving
FOODS_1_004_WI_1_validation,FOODS_1_004,FOODS_1,FOODS,WI_1,WI,d_1670,8.0,2015-08-25,11530,Tuesday,4,8,2015,Unknown,Unknown,Unknown,Unknown,0,0,0,22.82,31.26,0,0,4.0,6.0,16.0,6.571428571428571,11.071428571428571,6.04261760441843,8.440000000000001,0.5934947811165443,245.0,59.0,186.0,0.04518931992697406,29.0,4.142857142857143,57.744107744107744,0,fast_moving
FOODS_1_004_WI_1_validation,FOODS_1_004,FOODS_1,FOODS,WI_1,WI,d_1671,5.0,2015-08-26,11530,Wednesday,5,8,2015,Unknown,Unknown,Unknown,Unknown,0,0,0,22.82,31.26,0,0,8.0,13.0,6.0,6.857142857142857,10.785714285714286,5.989850321861715,8.440000000000001,0.6357026500854225,239.0,60.0,179.0,0.04512832283427386,24.0,3.4285714285714284,67.73279352226722,0,fast_moving
FOODS_1_004_WI_1_validation,FOODS_1_004,FOODS_1,FOODS,WI_1,WI,d_1672,1.0,2015-08-27,11530,Thursday,6,8,2015,Unknown,Unknown,Unknown,Unknown,0,0,0,22.82,31.26,0,0,5.0,3.0,11.0,5.714285714285714,10.75,6.022334972294262,8.440000000000001,0.5315120188155255,238.0,53.0,185.0,0.04516787744589308,27.0,3.857142857142857,60.14440433212996,0,fast_moving
FOODS_1_004_WI_1_validation,FOODS_1_004,FOODS_1,FOODS,WI_1,WI,d_1673,8.0,2015-08-28,11530,Friday,7,8,2015,Unknown,Unknown,Unknown,Unknown,0,0,0,22.82,31.26,0,0,1.0,3.0,17.0,5.428571428571429,10.392857142857142,6.297202704754065,8.440000000000001,0.5222865153868357,231.0,51.0,180.0,0.0449905287979582,26.0,3.7142857142857144,60.561797752808985,0,fast_moving
FOODS_1_004_WI_1_validation,FOODS_1_004,FOODS_1,FOODS,WI_1,WI,d_1674,5.0,2015-08-29,11531,Saturday,1,8,2015,Unknown,Unknown,Unknown,Unknown,0,0,0,22.82,31.26,0,1,8.0,7.0,26.0,6.142857142857143,10.071428571428571,6.1759903774906535,8.440000000000001,0.6098685236926831,224.0,56.0,168.0,0.044961533972743745,28.0,4.0,54.63414634146342,0,fast_moving
FOODS_1_004_WI_1_validation,FOODS_1_004,FOODS_1,FOODS,WI_1,WI,d_1675,5.0,2015-08-30,11531,Sunday,2,8,2015,Unknown,Unknown,Unknown,Unknown,0,0,0,22.82,31.26,0,1,5.0,10.0,14.0,5.857142857142857,9.321428571428571,5.395839078871733,8.440000000000001,0.6282850881897728,207.0,52.0,155.0,0.04503083836033918,25.0,3.5714285714285716,56.38132295719844,0,fast_moving
FOODS_1_004_WI_1_validation,FOODS_1_004,FOODS_1,FOODS,WI_1,WI,d_1676,3.0,2015-08-31,11531,Monday,3,8,2015,Unknown,Unknown,Unknown,Unknown,0,0,0,22.82,31.26,0,0,5.0,4.0,20.0,5.142857142857143,9.0,5.3748384988656985,8.440000000000001,0.5713650864189694,200.0,47.0,153.0,0.044999775001124995,25.0,3.5714285714285716,54.474708171206224,0,fast_moving
FOODS_1_004_WI_1_validation,FOODS_1_004,FOODS_1,FOODS,WI_1,WI,d_1677,2.0,2015-09-01,11531,Tuesday,4,9,2015,Unknown,Unknown,Unknown,Unknown,1,1,0,22.82,31.26,0,0,3.0,8.0,15.0,5.0,8.392857142857142,5.035718976319626,8.440000000000001,0.5956737069625747,187.0,46.0,141.0,0.044881348992022195,24.0,3.4285714285714284,52.99595141700405,0,fast_moving
FOODS_1_004_WI_1_validation,FOODS_1_004,FOODS_1,FOODS,WI_1,WI,d_1678,0.0,2015-09-02,11531,Wednesday,5,9,2015,Unknown,Unknown,Unknown,Unknown,1,0,1,22.82,31.26,1,0,2.0,5.0,19.0,4.142857142857143,7.928571428571429,5.003173596003441,8.440000000000001,0.5224566270920785,177.0,40.0,137.0,0.044793935788901916,28.0,4.0,43.170731707317074,0,fast_moving
FOODS_1_004_WI_1_validation,FOODS_1_004,FOODS_1,FOODS,WI_1,WI,d_1679,4.0,2015-09-03,11531,Thursday,6,9,2015,Unknown,Unknown,Unknown,Unknown,1,1,1,22.82,31.26,1,0,0.0,1.0,19.0,3.4285714285714284,7.25,4.726795171423503,8.440000000000001,0.47284118446716705,162.0,34.0,128.0,0.04475281016783847,31.0,4.428571428571429,35.77287066246057,0,fast_moving
FOODS_1_004_WI_1_validation,FOODS_1_004,FOODS_1,FOODS,WI_1,WI,d_1680,7.0,2015-09-04,11531,Friday,7,9,2015,Unknown,Unknown,Unknown,Unknown,1,0,0,22.82,31.26,0,0,4.0,8.0,14.0,3.857142857142857,6.714285714285714,4.162060946544544,8.440000000000001,0.5743825387708213,150.0,36.0,114.0,0.044761606351195755,30.0,4.285714285714286,34.20195439739414,0,fast_moving
FOODS_1_004_WI_1_validation,FOODS_1_004,FOODS_1,FOODS,WI_1,WI,d_1681,7.0,2015-09-05,11532,Saturday,1,9,2015,Unknown,Unknown,Unknown,Unknown,1,1,1,22.82,31.26,1,1,7.0,5.0,16.0,3.7142857142857144,6.464285714285714,3.9108788711712212,8.440000000000001,0.5744967629317012,144.0,34.0,110.0,0.04489056127586415,37.0,5.285714285714286,26.73740053050398,0,fast_moving
FOODS_1_004_WI_1_validation,FOODS_1_004,FOODS_1,FOODS,WI_1,WI,d_1682,2.0,2015-09-06,11532,Sunday,2,9,2015,Unknown,Unknown,Unknown,Unknown,1,1,1,22.82,31.26,1,1,7.0,5.0,12.0,4.0,6.142857142857143,3.4395766935318894,8.440000000000001,0.6510568047062105,136.0,35.0,101.0,0.04516773511119141,38.0,5.428571428571429,24.599483204134366,0,fast_moving
FOODS_1_004_WI_1_validation,FOODS_1_004,FOODS_1,FOODS,WI_1,WI,d_1683,3.0,2015-09-07,11532,Monday,3,9,2015,LaborDay,National,Unknown,Unknown,1,1,0,22.82,31.26,0,0,2.0,3.0,11.0,3.5714285714285716,5.785714285714286,3.326182806685765,8.440000000000001,0.6171772780013332,129.0,32.0,97.0,0.04485015066328389,38.0,5.428571428571429,23.333333333333332,0,fast_moving
FOODS_1_004_WI_1_validation,FOODS_1_004,FOODS_1,FOODS,WI_1,WI,d_1684,1.0,2015-09-08,11532,Tuesday,4,9,2015,Unknown,Unknown,Unknown,Unknown,1,0,1,22.82,31.26,1,0,3.0,2.0,9.0,3.5714285714285716,5.5,3.203007845644338,8.440000000000001,0.6492326070584569,122.0,32.0,90.0,0.0450815976918222,39.0,5.571428571428571,21.51133501259446,0,fast_moving
FOODS_1_004_WI_1_validation,FOODS_1_004,FOODS_1,FOODS,WI_1,WI,d_1685,4.0,2015-09-09,11532,Wednesday,5,9,2015,Unknown,Unknown,Unknown,Unknown,1,1,1,22.82,31.26,1,0,1.0,0.0,10.0,3.4285714285714284,5.214285714285714,3.235876924559924,8.440000000000001,0.657408168296491,116.0,31.0,85.0,0.04495035141322673,37.0,5.285714285714286,21.53846153846154,0,fast_moving
FOODS_1_004_WI_1_validation,FOODS_1_004,FOODS_1,FOODS,WI_1,WI,d_1686,7.0,2015-09-10,11532,Thursday,6,9,2015,Unknown,Unknown,Unknown,Unknown,1,0,0,22.82,31.26,0,0,4.0,4.0,6.0,4.0,5.0,3.1031644541708623,8.440000000000001,0.7998400319936012,112.0,35.0,77.0,0.04464245854947724,35.0,5.0,21.96078431372549,0,fast_moving
FOODS_1_004_WI_1_validation,FOODS_1_004,FOODS_1,FOODS,WI_1,WI,d_1687,6.0,2015-09-11,11532,Friday,7,9,2015,Unknown,Unknown,Unknown,Unknown,0,1,1,22.82,31.26,1,0,7.0,7.0,9.0,4.428571428571429,5.035714285714286,3.1208040613626973,8.440000000000001,0.8792580196840344,112.0,38.0,74.0,0.04496133325340207,45.0,6.428571428571429,17.155361050328228,0,fast_moving
FOODS_1_004_WI_1_validation,FOODS_1_004,FOODS_1,FOODS,WI_1,WI,d_1688,14.0,2015-09-12,11533,Saturday,1,9,2015,Unknown,Unknown,Unknown,Unknown,0,1,1,22.82,31.26,1,1,6.0,7.0,9.0,4.285714285714286,4.928571428571429,3.0298340185386547,8.440000000000001,0.8693888196597791,110.0,37.0,73.0,0.044804787488944904,37.0,5.285714285714286,20.424403183023873,0,fast_moving
FOODS_1_004_WI_1_validation,FOODS_1_004,FOODS_1,FOODS,WI_1,WI,d_1689,3.0,2015-09-13,11533,Sunday,2,9,2015,Unknown,Unknown,Unknown,Unknown,0,1,0,22.82,31.26,0,1,14.0,2.0,3.0,5.285714285714286,5.107142857142857,3.403040968117743,8.440000000000001,1.0347624241407276,115.0,44.0,71.0,0.04440955171818381,43.0,6.142857142857143,18.42105263157895,0,fast_moving
FOODS_1_004_WI_1_validation,FOODS_1_004,FOODS_1,FOODS,WI_1,WI,d_1690,3.0,2015-09-14,11533,Monday,3,9,2015,Unknown,Unknown,Unknown,Unknown,0,0,1,22.82,31.26,1,0,3.0,3.0,2.0,5.428571428571429,5.107142857142857,3.403040968117743,8.440000000000001,1.062728976144531,115.0,45.0,70.0,0.04440955171818381,43.0,6.142857142857143,18.42105263157895,0,fast_moving
FOODS_1_004_WI_1_validation,FOODS_1_004,FOODS_1,FOODS,WI_1,WI,d_1691,2.0,2015-09-15,11533,Tuesday,4,9,2015,Unknown,Unknown,Unknown,Unknown,0,1,1,22.82,31.26,1,0,3.0,1.0,6.0,5.428571428571429,5.142857142857143,3.374350809599278,8.440000000000001,1.0553503485433386,115.0,45.0,70.0,0.044720108023905386,44.0,6.285714285714286,18.008948545861298,0,fast_moving
FOODS_1_004_WI_1_validation,FOODS_1_004,FOODS_1,FOODS,WI_1,WI,d_1692,2.0,2015-09-16,11533,Wednesday,5,9,2015,Unknown,Unknown,Unknown,Unknown,0,0,0,22.82,31.26,0,0,2.0,4.0,13.0,5.571428571428571,5.0,3.4210676262979103,8.440000000000001,1.1140629017053731,112.0,46.0,66.0,0.04464245854947724,49.0,7.0,15.774647887323944,0,fast_moving
FOODS_1_004_WI_1_validation,FOODS_1_004,FOODS_1,FOODS,WI_1,WI,d_1693,5.0,2015-09-17,11533,Thursday,6,9,2015,Unknown,Unknown,Unknown,Unknown,0,0,0,22.82,31.26,0,0,2.0,7.0,3.0,5.285714285714286,4.607142857142857,3.083279707813364,8.440000000000001,1.1470378522491242,103.0,44.0,59.0,0.04472910803917298,49.0,7.0,14.507042253521128,0,fast_moving
FOODS_1_004_WI_1_validation,FOODS_1_004,FOODS_1,FOODS,WI_1,WI,d_1694,16.0,2015-09-18,11533,Friday,7,9,2015,Unknown,Unknown,Unknown,Unknown,0,0,0,22.82,31.26,0,0,5.0,6.0,3.0,5.0,4.678571428571429,3.067796548237117,8.440000000000001,1.0684739139725858,105.0,42.0,63.0,0.04455739877307291,33.0,4.714285714285714,21.810089020771514,0,fast_moving
FOODS_1_004_WI_1_validation,FOODS_1_004,FOODS_1,FOODS,WI_1,WI,d_1695,6.0,2015-09-19,11534,Saturday,1,9,2015,Unknown,Unknown,Unknown,Unknown,0,0,0,22.82,31.26,0,1,16.0,14.0,7.0,6.428571428571429,5.142857142857143,3.7189632736406186,8.440000000000001,1.249756991696059,116.0,53.0,63.0,0.04433459317468938,29.0,4.142857142857143,27.34006734006734,0,fast_moving
FOODS_1_004_WI_1_validation,FOODS_1_004,FOODS_1,FOODS,WI_1,WI,d_1696,9.0,2015-09-20,11534,Sunday,2,9,2015,Unknown,Unknown,Unknown,Unknown,0,0,0,22.82,31.26,0,1,6.0,3.0,10.0,5.285714285714286,5.107142857142857,3.705244388543878,8.440000000000001,1.0347624241407276,115.0,45.0,70.0,0.04440955171818381,27.0,3.857142857142857,29.061371841155232,0,fast_moving
FOODS_1_004_WI_1_validation,FOODS_1_004,FOODS_1,FOODS,WI_1,WI,d_1697,3.0,2015-09-21,11534,Monday,3,9,2015,Unknown,Unknown,Unknown,Unknown,0,0,0,22.82,31.26,0,0,9.0,3.0,4.0,6.142857142857143,5.071428571428571,3.660890110631063,8.440000000000001,1.211028811220323,114.0,51.0,63.0,0.04448582531230929,29.0,4.142857142857143,26.86868686868687,0,fast_moving
FOODS_1_004_WI_1_validation,FOODS_1_004,FOODS_1,FOODS,WI_1,WI,d_1698,3.0,2015-09-22,11534,Tuesday,4,9,2015,Unknown,Unknown,Unknown,Unknown,0,0,0,22.82,31.26,0,0,3.0,2.0,8.0,6.142857142857143,5.035714285714286,3.6765739170042107,8.440000000000001,1.2196159627875316,114.0,51.0,63.0,0.044172544852363445,32.0,4.571428571428571,24.403669724770644,0,fast_moving
FOODS_1_004_WI_1_validation,FOODS_1_004,FOODS_1,FOODS,WI_1,WI,d_1699,7.0,2015-09-23,11534,Wednesday,5,9,2015,Unknown,Unknown,Unknown,Unknown,0,0,0,22.82,31.26,0,0,3.0,2.0,5.0,6.285714285714286,4.857142857142857,3.6485845628365565,8.440000000000001,1.2938512659158408,110.0,52.0,58.0,0.044155442742728306,30.0,4.285714285714286,25.081433224755703,0,fast_moving
FOODS_1_004_WI_1_validation,FOODS_1_004,FOODS_1,FOODS,WI_1,WI,d_1700,5.0,2015-09-24,11534,Thursday,6,9,2015,EidAlAdha,Religious,Unknown,Unknown,0,0,0,22.82,31.26,0,0,7.0,5.0,1.0,7.0,4.928571428571429,3.670993118515805,8.440000000000001,1.4200017387776391,111.0,57.0,54.0,0.04440114439123457,26.0,3.7142857142857144,29.101123595505616,0,fast_moving
FOODS_1_004_WI_1_validation,FOODS_1_004,FOODS_1,FOODS,WI_1,WI,d_1701,0.0,2015-09-25,11534,Friday,7,9,2015,Unknown,Unknown,Unknown,Unknown,0,0,0,22.82,31.26,0,0,5.0,16.0,8.0,7.0,5.071428571428571,3.5893729095202414,8.440000000000001,1.3800095755766468,114.0,57.0,57.0,0.04448582531230929,33.0,4.714285714285714,23.67952522255193,0,fast_moving
FOODS_1_004_WI_1_validation,FOODS_1_004,FOODS_1,FOODS,WI_1,WI,d_1702,2.0,2015-09-26,11535,Saturday,1,9,2015,Unknown,Unknown,Unknown,Unknown,0,0,0,22.82,31.26,0,1,0.0,6.0,5.0,4.714285714285714,4.785714285714286,3.66522338116824,8.440000000000001,0.9848688333781,108.0,41.0,67.0,0.04431175901810433,39.0,5.571428571428571,19.042821158690177,0,fast_moving
FOODS_1_004_WI_1_validation,FOODS_1_004,FOODS_1,FOODS,WI_1,WI,d_1703,7.0,2015-09-27,11535,Sunday,2,9,2015,Unknown,Unknown,Unknown,Unknown,0,0,0,22.82,31.26,0,1,2.0,9.0,5.0,4.142857142857143,4.678571428571429,3.702387332204975,8.440000000000001,0.8853069572915713,106.0,37.0,69.0,0.04413704992001423,40.0,5.714285714285714,18.230958230958233,0,fast_moving
FOODS_1_004_WI_1_validation,FOODS_1_004,FOODS_1,FOODS,WI_1,WI,d_1704,5.0,2015-09-28,11535,Monday,3,9,2015,Unknown,Unknown,Unknown,Unknown,0,0,0,22.82,31.26,0,0,7.0,3.0,3.0,3.857142857142857,4.75,3.728022015512792,8.440000000000001,0.8118591574706077,108.0,35.0,73.0,0.0439810742493125,39.0,5.571428571428571,19.042821158690177,0,fast_moving
FOODS_1_004_WI_1_validation,FOODS_1_004,FOODS_1,FOODS,WI_1,WI,d_1705,6.0,2015-09-29,11535,Tuesday,4,9,2015,Unknown,Unknown,Unknown,Unknown,0,0,0,22.82,31.26,0,0,5.0,3.0,2.0,4.142857142857143,4.821428571428571,3.71237740965893,8.440000000000001,0.8590810794798116,109.0,37.0,72.0,0.04423288383985992,39.0,5.571428571428571,19.2191435768262,0,fast_moving
FOODS_1_004_WI_1_validation,FOODS_1_004,FOODS_1,FOODS,WI_1,WI,d_1706,5.0,2015-09-30,11535,Wednesday,5,9,2015,Unknown,Unknown,Unknown,Unknown,0,0,0,22.82,31.26,0,0,6.0,7.0,0.0,4.571428571428571,4.964285714285714,3.6765739170042107,8.440000000000001,0.920677849066375,112.0,40.0,72.0,0.0443235838455524,40.0,5.714285714285714,19.262899262899264,0,fast_moving
FOODS_1_004_WI_1_validation,FOODS_1_004,FOODS_1,FOODS,WI_1,WI,d_1707,1.0,2015-10-01,11535,Thursday,6,10,2015,Unknown,Unknown,Unknown,Unknown,1,1,0,22.82,31.26,0,0,5.0,5.0,4.0,4.285714285714286,5.142857142857143,3.545621041711662,8.440000000000001,0.8331713277973726,116.0,38.0,78.0,0.04433459317468938,43.0,6.142857142857143,18.581235697940503,0,fast_moving
FOODS_1_004_WI_1_validation,FOODS_1_004,FOODS_1,FOODS,WI_1,WI,d_1708,7.0,2015-10-02,11535,Friday,7,10,2015,Unknown,Unknown,Unknown,Unknown,1,0,1,22.82,31.26,1,0,1.0,0.0,7.0,3.7142857142857144,5.035714285714286,3.625855126287496,8.440000000000001,0.7374422100575773,114.0,34.0,80.0,0.044172544852363445,39.0,5.571428571428571,20.1007556675063,0,fast_moving
FOODS_1_004_WI_1_validation,FOODS_1_004,FOODS_1,FOODS,WI_1,WI,d_1709,8.0,2015-10-03,11536,Saturday,1,10,2015,Unknown,Unknown,Unknown,Unknown,1,1,1,22.82,31.26,1,1,7.0,2.0,7.0,4.714285714285714,5.035714285714286,3.625855126287496,8.440000000000001,0.9359843435346172,114.0,41.0,73.0,0.044172544852363445,31.0,4.428571428571429,25.173501577287066,0,fast_moving
FOODS_1_004_WI_1_validation,FOODS_1_004,FOODS_1,FOODS,WI_1,WI,d_1710,8.0,2015-10-04,11536,Sunday,2,10,2015,Unknown,Unknown,Unknown,Unknown,1,0,0,22.82,31.26,0,1,8.0,7.0,2.0,5.571428571428571,5.071428571428571,3.6507591440743177,8.440000000000001,1.0983749683161066,114.0,47.0,67.0,0.04448582531230929,24.0,3.4285714285714284,32.30769230769231,0,fast_moving
FOODS_1_004_WI_1_validation,FOODS_1_004,FOODS_1,FOODS,WI_1,WI,d_1711,4.0,2015-10-05,11536,Monday,3,10,2015,Unknown,Unknown,Unknown,Unknown,1,1,1,22.82,31.26,1,0,8.0,5.0,3.0,5.714285714285714,5.285714285714286,3.639873246237727,8.440000000000001,1.0808765909152322,119.0,48.0,71.0,0.044417393851432216,20.0,2.857142857142857,40.2415458937198,0,fast_moving
FOODS_1_004_WI_1_validation,FOODS_1_004,FOODS_1,FOODS,WI_1,WI,d_1712,6.0,2015-10-06,11536,Tuesday,4,10,2015,Unknown,Unknown,Unknown,Unknown,1,1,1,22.82,31.26,1,0,4.0,6.0,1.0,5.571428571428571,5.321428571428571,3.6214747500264703,8.440000000000001,1.046783154843385,119.0,47.0,72.0,0.04471751137745541,14.0,2.0,56.666666666666664,0,fast_moving
FOODS_1_004_WI_1_validation,FOODS_1_004,FOODS_1,FOODS,WI_1,WI,d_1713,6.0,2015-10-07,11536,Wednesday,5,10,2015,Unknown,Unknown,Unknown,Unknown,1,1,0,22.82,31.26,0,0,6.0,5.0,4.0,5.571428571428571,5.5,3.52241499647718,8.440000000000001,1.0128028670111926,123.0,47.0,76.0,0.044715083617206365,8.0,1.1428571428571428,98.9655172413793,0,fast_moving
FOODS_1_004_WI_1_validation,FOODS_1_004,FOODS_1,FOODS,WI_1,WI,d_1714,4.0,2015-10-08,11536,Thursday,6,10,2015,Unknown,Unknown,Unknown,Unknown,1,0,1,22.82,31.26,1,0,6.0,1.0,7.0,5.714285714285714,5.571428571428571,3.5111312034787665,8.440000000000001,1.0254569692619273,125.0,48.0,77.0,0.04457107200285255,4.0,0.5714285714285714,186.17021276595747,0,fast_moving
FOODS_1_004_WI_1_validation,FOODS_1_004,FOODS_1,FOODS,WI_1,WI,d_1715,3.0,2015-10-09,11536,Friday,7,10,2015,Unknown,Unknown,Unknown,Unknown,1,1,1,22.82,31.26,1,0,4.0,7.0,6.0,6.142857142857143,5.464285714285714,3.5116962542353383,8.440000000000001,1.1239773113417153,122.0,51.0,71.0,0.0447888600444727,1.0,0.14285714285714285,502.3529411764706,0,fast_moving
FOODS_1_004_WI_1_validation,FOODS_1_004,FOODS_1,FOODS,WI_1,WI,d_1716,0.0,2015-10-10,11537,Saturday,1,10,2015,Unknown,Unknown,Unknown,Unknown,1,0,0,22.82,31.26,0,1,3.0,8.0,14.0,5.571428571428571,5.357142857142857,3.5403942625633458,8.440000000000001,1.0398059028981257,120.0,47.0,73.0,0.04464248512214779,1.0,0.14285714285714285,494.11764705882354,0,fast_moving
FOODS_1_004_WI_1_validation,FOODS_1_004,FOODS_1,FOODS,WI_1,WI,d_1717,1.0,2015-10-11,11537,Sunday,2,10,2015,Unknown,Unknown,Unknown,Unknown,0,1,1,22.82,31.26,1,1,0.0,8.0,3.0,4.428571428571429,4.857142857142857,3.2513733362117136,8.440000000000001,0.911577028258888,109.0,38.0,71.0,0.044560534831266284,0.0,0.0,1090.0,0,fast_moving
FOODS_1_004_WI_1_validation,FOODS_1_004,FOODS_1,FOODS,WI_1,WI,d_1718,0.0,2015-10-12,11537,Monday,3,10,2015,ColumbusDay,National,Unknown,Unknown,0,1,1,22.82,31.26,1,0,1.0,4.0,3.0,3.4285714285714284,4.785714285714286,3.3150291083816903,8.440000000000001,0.7162682424568,108.0,31.0,77.0,0.04431175901810433,0.0,0.0,1080.0,0,fast_moving
FOODS_1_004_WI_1_validation,FOODS_1_004,FOODS_1,FOODS,WI_1,WI,d_1719,0.0,2015-10-13,11537,Tuesday,4,10,2015,Unknown,Unknown,Unknown,Unknown,0,1,0,22.82,31.26,0,0,0.0,6.0,2.0,2.857142857142857,4.678571428571429,3.4216475501827874,8.440000000000001,0.6105565222700491,106.0,27.0,79.0,0.04413704992001423,4.0,0.5714285714285714,157.87234042553192,0,fast_moving
FOODS_1_004_WI_1_validation,FOODS_1_004,FOODS_1,FOODS,WI_1,WI,d_1720,0.0,2015-10-14,11537,Wednesday,5,10,2015,Unknown,Unknown,Unknown,Unknown,0,0,1,22.82,31.26,1,0,0.0,6.0,2.0,2.0,4.607142857142857,3.4996220506440996,8.440000000000001,0.4340143224726416,104.0,21.0,83.0,0.04429902459729095,7.0,1.0,94.54545454545453,0,fast_moving
FOODS_1_004_WI_1_validation,FOODS_1_004,FOODS_1,FOODS,WI_1,WI,d_1721,0.0,2015-10-15,11537,Thursday,6,10,2015,Unknown,Unknown,Unknown,Unknown,0,1,1,22.82,31.26,1,0,0.0,4.0,5.0,1.1428571428571428,4.535714285714286,3.5744167393373343,8.440000000000001,0.25191296407091346,103.0,16.0,87.0,0.044035633495929996,15.0,2.142857142857143,45.92356687898089,0,fast_moving
FOODS_1_004_WI_1_validation,FOODS_1_004,FOODS_1,FOODS,WI_1,WI,d_1722,0.0,2015-10-16,11537,Friday,7,10,2015,Unknown,Unknown,Unknown,Unknown,0,0,0,22.82,31.26,0,0,0.0,3.0,16.0,0.5714285714285714,4.357142857142857,3.6738745892251696,8.440000000000001,0.13111744845445308,99.0,12.0,87.0,0.044011099454983854,23.0,3.2857142857142856,29.240506329113924,0,fast_moving
FOODS_1_004_WI_1_validation,FOODS_1_004,FOODS_1,FOODS,WI_1,WI,d_1723,0.0,2015-10-17,11538,Saturday,1,10,2015,Unknown,Unknown,Unknown,Unknown,0,0,0,22.82,31.26,0,1,0.0,0.0,6.0,0.14285714285714285,3.7857142857142856,2.973427288714111,8.440000000000001,0.03772588372882635,86.0,7.0,79.0,0.04401942170107656,23.0,3.2857142857142856,25.40084388185654,0,fast_moving
FOODS_1_004_WI_1_validation,FOODS_1_004,FOODS_1,FOODS,WI_1,WI,d_1724,0.0,2015-10-18,11538,Sunday,2,10,2015,Unknown,Unknown,Unknown,Unknown,0,0,0,22.82,31.26,0,1,0.0,1.0,9.0,0.14285714285714285,3.5714285714285716,3.023715784073802,8.440000000000001,0.03998880313512216,82.0,8.0,74.0,0.043553475828691984,23.0,3.2857142857142856,24.219409282700422,0,fast_moving
FOODS_1_004_WI_1_validation,FOODS_1_004,FOODS_1,FOODS,WI_1,WI,d_1725,0.0,2015-10-19,11538,Monday,3,10,2015,Unknown,Unknown,Unknown,Unknown,0,0,0,22.82,31.26,0,0,0.0,0.0,3.0,0.0,3.25,2.9011491975881847,8.440000000000001,0.0,75.0,6.0,69.0,0.043332755563259155,26.0,3.7142857142857144,19.662921348314605,0,fast_moving
FOODS_1_004_WI_1_validation,FOODS_1_004,FOODS_1,FOODS,WI_1,WI,d_1726,4.0,2015-10-20,11538,Tuesday,4,10,2015,Unknown,Unknown,Unknown,Unknown,0,0,0,22.82,31.26,0,0,0.0,0.0,3.0,0.0,3.142857142857143,2.9654090432266997,8.440000000000001,0.0,72.0,6.0,66.0,0.0436501873981909,27.0,3.857142857142857,18.19494584837545,0,fast_moving
FOODS_1_004_WI_1_validation,FOODS_1_004,FOODS_1,FOODS,WI_1,WI,d_1727,3.0,2015-10-21,11538,Wednesday,5,10,2015,Unknown,Unknown,Unknown,Unknown,0,0,0,22.82,31.26,0,0,4.0,0.0,7.0,0.5714285714285714,3.1785714285714284,2.9696435928883735,8.440000000000001,0.1797187401716314,73.0,10.0,63.0,0.04354147790539072,31.0,4.428571428571429,16.1198738170347,0,fast_moving
FOODS_1_004_WI_1_validation,FOODS_1_004,FOODS_1,FOODS,WI_1,WI,d_1728,8.0,2015-10-22,11538,Thursday,6,10,2015,Unknown,Unknown,Unknown,Unknown,0,0,0,22.82,31.26,0,0,3.0,0.0,5.0,1.0,3.0357142857142856,2.873662559859178,8.440000000000001,0.3293032883285506,70.0,13.0,57.0,0.04336672741409816,31.0,4.428571428571429,15.457413249211356,0,fast_moving
FOODS_1_004_WI_1_validation,FOODS_1_004,FOODS_1,FOODS,WI_1,WI,d_1729,8.0,2015-10-23,11538,Friday,7,10,2015,Unknown,Unknown,Unknown,Unknown,0,0,0,22.82,31.26,0,0,8.0,0.0,0.0,2.142857142857143,3.142857142857143,3.0026443372255915,8.440000000000001,0.6816013086745126,73.0,22.0,51.0,0.04305224781656611,29.0,4.142857142857143,17.205387205387204,0,fast_moving
FOODS_1_004_WI_1_validation,FOODS_1_004,FOODS_1,FOODS,WI_1,WI,d_1730,0.0,2015-10-24,11539,Saturday,1,10,2015,Unknown,Unknown,Unknown,Unknown,0,0,0,22.82,31.26,0,1,8.0,0.0,2.0,3.2857142857142856,3.4285714285714284,3.072320530015275,8.440000000000001,0.9580539009455576,79.0,30.0,49.0,0.04339908898079047,30.0,4.285714285714286,18.013029315960914,0,fast_moving
FOODS_1_004_WI_1_validation,FOODS_1_004,FOODS_1,FOODS,WI_1,WI,d_1731,0.0,2015-10-25,11539,Sunday,2,10,2015,Unknown,Unknown,Unknown,Unknown,0,0,0,22.82,31.26,0,1,0.0,0.0,7.0,3.2857142857142856,3.357142857142857,3.12948091440908,8.440000000000001,0.9784319564385077,77.0,30.0,47.0,0.043598691668197256,30.0,4.285714285714286,17.557003257328994,0,fast_moving
FOODS_1_004_WI_1_validation,FOODS_1_004,FOODS_1,FOODS,WI_1,WI,d_1732,3.0,2015-10-26,11539,Monday,3,10,2015,Unknown,Unknown,Unknown,Unknown,0,0,0,22.82,31.26,0,0,0.0,0.0,5.0,3.2857142857142856,3.107142857142857,3.1072112745614517,8.440000000000001,1.0571310382865284,72.0,30.0,42.0,0.04315416254139327,27.0,3.857142857142857,18.19494584837545,0,fast_moving
FOODS_1_004_WI_1_validation,FOODS_1_004,FOODS_1,FOODS,WI_1,WI,d_1733,5.0,2015-10-27,11539,Tuesday,4,10,2015,Unknown,Unknown,Unknown,Unknown,0,0,0,22.82,31.26,0,0,3.0,4.0,6.0,3.7142857142857144,3.0357142857142856,3.0849952621026278,8.440000000000001,1.2231264995060451,70.0,33.0,37.0,0.04336672741409816,22.0,3.142857142857143,21.58590308370044,0,fast_moving
FOODS_1_004_WI_1_validation,FOODS_1_004,FOODS_1,FOODS,WI_1,WI,d_1734,7.0,2015-10-28,11539,Wednesday,5,10,2015,Unknown,Unknown,Unknown,Unknown,0,0,0,22.82,31.26,0,0,5.0,3.0,5.0,3.857142857142857,3.0,3.0550504633038758,8.440000000000001,1.2852858570952541,70.0,34.0,36.0,0.04285653062099112,15.0,2.142857142857143,31.21019108280255,0,fast_moving
FOODS_1_004_WI_1_validation,FOODS_1_004,FOODS_1,FOODS,WI_1,WI,d_1735,8.0,2015-10-29,11539,Thursday,6,10,2015,Unknown,Unknown,Unknown,Unknown,0,0,0,22.82,31.26,0,0,7.0,8.0,1.0,4.428571428571429,3.0714285714285716,3.126097690809848,8.440000000000001,1.44139117496629,71.0,38.0,33.0,0.04325894806310575,7.0,1.0,64.54545454545455,0,fast_moving
FOODS_1_004_WI_1_validation,FOODS_1_004,FOODS_1,FOODS,WI_1,WI,d_1736,6.0,2015-10-30,11539,Friday,7,10,2015,Unknown,Unknown,Unknown,Unknown,0,0,0,22.82,31.26,0,0,8.0,8.0,7.0,4.428571428571429,3.3214285714285716,3.2324004545248712,8.440000000000001,1.3329320204669561,77.0,38.0,39.0,0.04313487579938665,1.0,0.14285714285714285,317.05882352941177,0,fast_moving
FOODS_1_004_WI_1_validation,FOODS_1_004,FOODS_1,FOODS,WI_1,WI,d_1737,1.0,2015-10-31,11540,Saturday,1,10,2015,Halloween,Cultural,Unknown,Unknown,0,0,0,22.82,31.26,0,1,6.0,0.0,8.0,4.142857142857143,3.2857142857142856,3.1955657107373194,8.440000000000001,1.2604859390620249,76.0,36.0,40.0,0.04323251385790036,0.0,0.0,760.0,0,fast_moving
FOODS_1_004_WI_1_validation,FOODS_1_004,FOODS_1,FOODS,WI_1,WI,d_1738,0.0,2015-11-01,11540,Sunday,2,11,2015,Unknown,Unknown,Unknown,Unknown,1,1,0,22.82,31.26,0,1,1.0,0.0,8.0,4.285714285714286,3.0357142857142856,3.0849952621026278,8.440000000000001,1.4112998071223597,70.0,37.0,33.0,0.04336672741409816,0.0,0.0,700.0,0,fast_moving
FOODS_1_004_WI_1_validation,FOODS_1_004,FOODS_1,FOODS,WI_1,WI,d_1739,0.0,2015-11-02,11540,Monday,3,11,2015,Unknown,Unknown,Unknown,Unknown,1,0,1,22.82,31.26,1,0,0.0,3.0,4.0,4.285714285714286,2.75,2.9767618499152735,8.440000000000001,1.5578750584203147,64.0,36.0,28.0,0.0429680786237715,0.0,0.0,640.0,0,slow_moving
FOODS_1_004_WI_1_validation,FOODS_1_004,FOODS_1,FOODS,WI_1,WI,d_1740,0.0,2015-11-03,11540,Tuesday,4,11,2015,Unknown,Unknown,Unknown,Unknown,1,1,1,22.82,31.26,1,0,0.0,5.0,6.0,3.857142857142857,2.607142857142857,3.010343719937841,8.440000000000001,1.4788848113052528,61.0,34.0,27.0,0.042739346193387935,0.0,0.0,610.0,0,slow_moving
FOODS_1_004_WI_1_validation,FOODS_1_004,FOODS_1,FOODS,WI_1,WI,d_1741,0.0,2015-11-04,11540,Wednesday,5,11,2015,Unknown,Unknown,Unknown,Unknown,1,0,0,22.82,31.26,0,0,0.0,7.0,6.0,3.142857142857143,2.392857142857143,2.9732048516620875,8.440000000000001,1.3128841678104672,57.0,28.0,29.0,0.04197921339725869,0.0,0.0,570.0,0,slow_moving
FOODS_1_004_WI_1_validation,FOODS_1_004,FOODS_1,FOODS,WI_1,WI,d_1742,0.0,2015-11-05,11540,Thursday,6,11,2015,Unknown,Unknown,Unknown,Unknown,1,1,1,22.82,31.26,1,0,0.0,8.0,4.0,2.142857142857143,2.1785714285714284,2.9193298498947757,8.440000000000001,0.9831552729894476,52.0,21.0,31.0,0.04189479872639812,0.0,0.0,520.0,0,slow_moving
FOODS_1_004_WI_1_validation,FOODS_1_004,FOODS_1,FOODS,WI_1,WI,d_1743,0.0,2015-11-06,11540,Friday,7,11,2015,Unknown,Unknown,Unknown,Unknown,1,1,1,22.82,31.26,1,0,0.0,6.0,3.0,1.0,2.0357142857142856,2.9247620081354797,8.440000000000001,0.49098688363610865,49.0,13.0,36.0,0.04154434166066582,11.0,1.5714285714285714,29.316239316239315,0,slow_moving
FOODS_1_004_WI_1_validation,FOODS_1_004,FOODS_1,FOODS,WI_1,WI,d_1744,0.0,2015-11-07,11541,Saturday,1,11,2015,Unknown,Unknown,Unknown,Unknown,1,1,0,22.82,31.26,0,1,0.0,1.0,0.0,0.14285714285714285,1.9285714285714286,2.943021519013332,8.440000000000001,0.07403568520026653,47.0,7.0,40.0,0.04103256161723003,26.0,3.7142857142857144,12.322097378277153,0,slow_moving
FOODS_1_004_WI_1_validation,FOODS_1_004,FOODS_1,FOODS,WI_1,WI,d_1745,0.0,2015-11-08,11541,Sunday,2,11,2015,Unknown,Unknown,Unknown,Unknown,1,0,1,22.82,31.26,1,1,0.0,0.0,1.0,0.0,1.9285714285714286,2.943021519013332,8.440000000000001,0.0,47.0,6.0,41.0,0.04103256161723003,38.0,5.428571428571429,8.501291989664082,0,slow_moving
FOODS_1_004_WI_1_validation,FOODS_1_004,FOODS_1,FOODS,WI_1,WI,d_1746,0.0,2015-11-09,11541,Monday,3,11,2015,Unknown,Unknown,Unknown,Unknown,1,1,1,22.82,31.26,1,0,0.0,0.0,0.0,0.0,1.8928571428571428,2.9607217052389263,8.440000000000001,0.0,46.0,6.0,40.0,0.04114817379746403,40.0,5.714285714285714,7.9115479115479115,0,slow_moving
FOODS_1_004_WI_1_validation,FOODS_1_004,FOODS_1,FOODS,WI_1,WI,d_1747,0.0,2015-11-10,11541,Tuesday,4,11,2015,Unknown,Unknown,Unknown,Unknown,1,0,0,22.82,31.26,0,0,0.0,0.0,0.0,0.0,1.8928571428571428,2.9607217052389263,8.440000000000001,0.0,46.0,6.0,40.0,0.04114817379746403,43.0,6.142857142857143,7.368421052631579,0,slow_moving
FOODS_1_004_WI_1_validation,FOODS_1_004,FOODS_1,FOODS,WI_1,WI,d_1748,0.0,2015-11-11,11541,Wednesday,5,11,2015,VeteransDay,National,Unknown,Unknown,0,1,1,22.82,31.26,1,0,0.0,0.0,0.0,0.0,1.8928571428571428,2.9607217052389263,8.440000000000001,0.0,46.0,6.0,40.0,0.04114817379746403,46.0,6.571428571428571,6.89507494646681,1,slow_moving
FOODS_1_004_WI_1_validation,FOODS_1_004,FOODS_1,FOODS,WI_1,WI,d_1749,0.0,2015-11-12,11541,Thursday,6,11,2015,Unknown,Unknown,Unknown,Unknown,0,1,1,22.82,31.26,1,0,0.0,0.0,0.0,0.0,1.8928571428571428,2.9607217052389263,8.440000000000001,0.0,46.0,6.0,40.0,0.04114817379746403,51.0,7.285714285714286,6.228239845261122,1,slow_moving
FOODS_1_004_WI_1_validation,FOODS_1_004,FOODS_1,FOODS,WI_1,WI,d_1750,11.0,2015-11-13,11541,Friday,7,11,2015,Unknown,Unknown,Unknown,Unknown,0,1,0,22.82,31.26,0,0,0.0,0.0,0.0,0.0,1.8928571428571428,2.9607217052389263,8.440000000000001,0.0,46.0,6.0,40.0,0.04114817379746403,48.0,6.857142857142857,6.611909650924026,1,slow_moving
FOODS_1_004_WI_1_validation,FOODS_1_004,FOODS_1,FOODS,WI_1,WI,d_1751,15.0,2015-11-14,11542,Saturday,1,11,2015,Unknown,Unknown,Unknown,Unknown,0,0,1,22.82,31.26,1,1,11.0,0.0,0.0,1.5714285714285714,2.2857142857142856,3.3977895086325502,8.440000000000001,0.6871993502842507,55.0,18.0,37.0,0.0415576859641513,34.0,4.857142857142857,11.095100864553316,0,slow_moving
FOODS_1_004_WI_1_validation,FOODS_1_004,FOODS_1,FOODS,WI_1,WI,d_1752,12.0,2015-11-15,11542,Sunday,2,11,2015,Unknown,Unknown,Unknown,Unknown,0,1,1,22.82,31.26,1,1,15.0,0.0,0.0,3.7142857142857144,2.8214285714285716,4.128075252585057,8.440000000000001,1.3159892696259554,68.0,35.0,33.0,0.041490986477089625,25.0,3.5714285714285716,18.521400778210115,0,slow_moving
FOODS_1_004_WI_1_validation,FOODS_1_004,FOODS_1,FOODS,WI_1,WI,d_1753,2.0,2015-11-16,11542,Monday,3,11,2015,Unknown,Unknown,Unknown,Unknown,0,0,0,22.82,31.26,0,0,12.0,0.0,0.0,5.428571428571429,3.25,4.435755395186464,8.440000000000001,1.6698158808278774,78.0,47.0,31.0,0.041666132485480956,28.0,4.0,19.02439024390244,0,fast_moving
FOODS_1_004_WI_1_validation,FOODS_1_004,FOODS_1,FOODS,WI_1,WI,d_1754,3.0,2015-11-17,11542,Tuesday,4,11,2015,Unknown,Unknown,Unknown,Unknown,0,0,0,22.82,31.26,0,0,2.0,0.0,4.0,5.714285714285714,3.3214285714285716,4.397419878440252,8.440000000000001,1.7199122844734918,79.0,49.0,30.0,0.042042867450140776,28.0,4.0,19.26829268292683,0,fast_moving
FOODS_1_004_WI_1_validation,FOODS_1_004,FOODS_1,FOODS,WI_1,WI,d_1755,3.0,2015-11-18,11542,Wednesday,5,11,2015,Unknown,Unknown,Unknown,Unknown,0,0,0,22.82,31.26,0,0,3.0,0.0,3.0,6.142857142857143,3.2857142857142856,4.3957651578253385,8.440000000000001,1.8689963924023125,78.0,52.0,26.0,0.04212400207323349,28.0,4.0,19.02439024390244,0,fast_moving
FOODS_1_004_WI_1_validation,FOODS_1_004,FOODS_1,FOODS,WI_1,WI,d_1756,5.0,2015-11-19,11542,Thursday,6,11,2015,Unknown,Unknown,Unknown,Unknown,0,0,0,22.82,31.26,0,0,3.0,0.0,8.0,6.571428571428571,3.2857142857142856,4.3957651578253385,8.440000000000001,1.9993914895466598,78.0,55.0,23.0,0.04212400207323349,23.0,3.2857142857142856,23.037974683544306,0,fast_moving
FOODS_1_004_WI_1_validation,FOODS_1_004,FOODS_1,FOODS,WI_1,WI,d_1757,8.0,2015-11-20,11542,Friday,7,11,2015,Unknown,Unknown,Unknown,Unknown,0,0,0,22.82,31.26,0,0,5.0,11.0,8.0,7.285714285714286,3.1785714285714284,4.312372994832514,8.440000000000001,2.2914139371883007,76.0,60.0,16.0,0.041822757971229696,15.0,2.142857142857143,33.88535031847134,0,fast_moving
FOODS_1_004_WI_1_validation,FOODS_1_004,FOODS_1,FOODS,WI_1,WI,d_1758,1.0,2015-11-21,11543,Saturday,1,11,2015,Unknown,Unknown,Unknown,Unknown,0,0,0,22.82,31.26,0,1,8.0,15.0,0.0,6.857142857142857,3.1785714285714284,4.312372994832514,8.440000000000001,2.156624882059577,76.0,57.0,19.0,0.041822757971229696,14.0,2.0,36.19047619047619,0,fast_moving
FOODS_1_004_WI_1_validation,FOODS_1_004,FOODS_1,FOODS,WI_1,WI,d_1759,3.0,2015-11-22,11543,Sunday,2,11,2015,Unknown,Unknown,Unknown,Unknown,0,0,0,22.82,31.26,0,1,1.0,12.0,0.0,4.857142857142857,3.2142857142857144,4.289152060352407,8.440000000000001,1.5106411338694627,77.0,43.0,34.0,0.041743428192954825,11.0,1.5714285714285714,46.06837606837607,0,fast_moving
FOODS_1_004_WI_1_validation,FOODS_1_004,FOODS_1,FOODS,WI_1,WI,d_1760,5.0,2015-11-23,11543,Monday,3,11,2015,Unknown,Unknown,Unknown,Unknown,0,0,0,22.82,31.26,0,0,3.0,2.0,3.0,3.5714285714285716,3.3214285714285716,4.243108324562096,8.440000000000001,1.0749451777959325,79.0,34.0,45.0,0.042042867450140776,12.0,1.7142857142857142,43.54330708661417,0,fast_moving
FOODS_1_004_WI_1_validation,FOODS_1_004,FOODS_1,FOODS,WI_1,WI,d_1761,3.0,2015-11-24,11543,Tuesday,4,11,2015,Unknown,Unknown,Unknown,Unknown,0,0,0,22.82,31.26,0,0,5.0,3.0,5.0,4.0,3.392857142857143,4.254316202306342,8.440000000000001,1.1785999915814287,80.0,37.0,43.0,0.0424101841584123,11.0,1.5714285714285714,47.863247863247864,0,fast_moving
FOODS_1_004_WI_1_validation,FOODS_1_004,FOODS_1,FOODS,WI_1,WI,d_1762,3.0,2015-11-25,11543,Wednesday,5,11,2015,Unknown,Unknown,Unknown,Unknown,0,0,0,22.82,31.26,0,0,3.0,3.0,7.0,4.0,3.3214285714285716,4.243108324562096,8.440000000000001,1.2039385991314442,79.0,37.0,42.0,0.042042867450140776,12.0,1.7142857142857142,43.54330708661417,0,fast_moving
FOODS_1_004_WI_1_validation,FOODS_1_004,FOODS_1,FOODS,WI_1,WI,d_1763,0.0,2015-11-26,11543,Thursday,6,11,2015,Thanksgiving,National,Unknown,Unknown,0,0,0,22.82,31.26,0,0,3.0,5.0,8.0,4.0,3.1785714285714284,4.181560681784928,8.440000000000001,1.25803118120142,76.0,37.0,39.0,0.041822757971229696,17.0,2.4285714285714284,30.056497175141246,0,fast_moving
FOODS_1_004_WI_1_validation,FOODS_1_004,FOODS_1,FOODS,WI_1,WI,d_1764,0.0,2015-11-27,11543,Friday,7,11,2015,Unknown,Unknown,Unknown,Unknown,0,0,0,22.82,31.26,0,0,0.0,8.0,6.0,3.2857142857142856,2.892857142857143,4.1126659436454425,8.440000000000001,1.135409981734709,69.0,32.0,37.0,0.04192485823186827,25.0,3.5714285714285716,18.793774319066145,0,slow_moving
FOODS_1_004_WI_1_validation,FOODS_1_004,FOODS_1,FOODS,WI_1,WI,d_1765,0.0,2015-11-28,11544,Saturday,1,11,2015,Unknown,Unknown,Unknown,Unknown,0,0,0,22.82,31.26,0,1,0.0,1.0,1.0,2.142857142857143,2.6785714285714284,4.101070966074954,8.440000000000001,0.7997014447939437,65.0,24.0,41.0,0.0412081572371414,46.0,6.571428571428571,9.743040685224841,0,slow_moving
FOODS_1_004_WI_1_validation,FOODS_1_004,FOODS_1,FOODS,WI_1,WI,d_1766,0.0,2015-11-29,11544,Sunday,2,11,2015,Unknown,Unknown,Unknown,Unknown,0,0,0,22.82,31.26,0,1,0.0,3.0,0.0,2.0,2.642857142857143,4.1205383117786765,8.440000000000001,0.7564705246663426,64.0,23.0,41.0,0.04129399763842975,54.0,7.714285714285714,8.190127970749543,0,slow_moving
FOODS_1_004_WI_1_validation,FOODS_1_004,FOODS_1,FOODS,WI_1,WI,d_1767,6.0,2015-11-30,11544,Monday,3,11,2015,Unknown,Unknown,Unknown,Unknown,0,0,0,22.82,31.26,0,0,0.0,5.0,0.0,1.5714285714285714,2.642857142857143,4.1205383117786765,8.440000000000001,0.5943696979521262,64.0,20.0,44.0,0.04129399763842975,50.0,7.142857142857143,8.83629191321499,0,slow_moving
FOODS_1_004_WI_1_validation,FOODS_1_004,FOODS_1,FOODS,WI_1,WI,d_1768,2.0,2015-12-01,11544,Tuesday,4,12,2015,Unknown,Unknown,Unknown,Unknown,1,1,0,22.82,31.26,0,0,6.0,3.0,0.0,1.7142857142857142,2.857142857142857,4.133998922344681,8.440000000000001,0.5997900734742839,69.0,21.0,48.0,0.04140726738949953,55.0,7.857142857142857,8.67145421903052,0,slow_moving
FOODS_1_004_WI_1_validation,FOODS_1_004,FOODS_1,FOODS,WI_1,WI,d_1769,4.0,2015-12-02,11544,Wednesday,5,12,2015,Unknown,Unknown,Unknown,Unknown,1,0,1,22.82,31.26,1,0,2.0,3.0,0.0,1.5714285714285714,2.9285714285714284,4.099941927579426,8.440000000000001,0.5364022041254206,70.0,20.0,50.0,0.04183613703477705,54.0,7.714285714285714,8.957952468007313,0,slow_moving
FOODS_1_004_WI_1_validation,FOODS_1_004,FOODS_1,FOODS,WI_1,WI,d_1770,5.0,2015-12-03,11544,Thursday,6,12,2015,Unknown,Unknown,Unknown,Unknown,1,1,1,22.82,31.26,1,0,4.0,0.0,0.0,1.7142857142857142,3.0714285714285716,4.063647070456218,8.440000000000001,0.5579578741804994,73.0,21.0,52.0,0.042073787638916886,57.0,8.142857142857142,8.856152512998268,0,fast_moving
FOODS_1_004_WI_1_validation,FOODS_1_004,FOODS_1,FOODS,WI_1,WI,d_1771,8.0,2015-12-04,11544,Friday,7,12,2015,Unknown,Unknown,Unknown,Unknown,1,0,0,22.82,31.26,0,0,5.0,0.0,0.0,2.4285714285714284,3.25,4.033425159652577,8.440000000000001,0.7470228940545766,77.0,26.0,51.0,0.04220724406176543,55.0,7.857142857142857,9.676840215439857,0,fast_moving
FOODS_1_004_WI_1_validation,FOODS_1_004,FOODS_1,FOODS,WI_1,WI,d_1772,21.0,2015-12-05,11545,Saturday,1,12,2015,Unknown,Unknown,Unknown,Unknown,1,1,1,22.82,31.26,1,1,8.0,0.0,0.0,3.5714285714285716,3.5357142857142856,4.077782102847917,8.440000000000001,1.0098154057438302,83.0,34.0,49.0,0.042598454063376166,37.0,5.285714285714286,15.411140583554378,0,fast_moving
FOODS_1_004_WI_1_validation,FOODS_1_004,FOODS_1,FOODS,WI_1,WI,d_1773,8.0,2015-12-06,11545,Sunday,2,12,2015,Unknown,Unknown,Unknown,Unknown,1,1,1,22.82,31.26,1,1,21.0,0.0,0.0,6.571428571428571,4.285714285714286,5.184429272186746,8.440000000000001,1.5329756390175624,101.0,57.0,44.0,0.042432394587323743,32.0,4.571428571428571,21.620795107033643,0,fast_moving
FOODS_1_004_WI_1_validation,FOODS_1_004,FOODS_1,FOODS,WI_1,WI,d_1774,2.0,2015-12-07,11545,Monday,3,12,2015,Unknown,Unknown,Unknown,Unknown,1,1,0,22.82,31.26,0,0,8.0,6.0,0.0,7.714285714285714,4.571428571428571,5.159877772228577,8.440000000000001,1.6871309401068517,107.0,65.0,42.0,0.04272323222613406,38.0,5.428571428571429,19.354005167958658,0,fast_moving
FOODS_1_004_WI_1_validation,FOODS_1_004,FOODS_1,FOODS,WI_1,WI,d_1775,7.0,2015-12-08,11545,Tuesday,4,12,2015,Unknown,Unknown,Unknown,Unknown,1,0,1,22.82,31.26,1,0,2.0,2.0,0.0,7.142857142857143,4.642857142857143,5.107831936345107,8.440000000000001,1.5381302488694741,108.0,61.0,47.0,0.04298901994293704,34.0,4.857142857142857,21.786743515850148,0,fast_moving
FOODS_1_004_WI_1_validation,FOODS_1_004,FOODS_1,FOODS,WI_1,WI,d_1776,3.0,2015-12-09,11545,Wednesday,5,12,2015,Unknown,Unknown,Unknown,Unknown,1,1,1,22.82,31.26,1,0,7.0,4.0,0.0,7.857142857142857,4.892857142857143,5.04306847886677,8.440000000000001,1.6055112823656477,113.0,66.0,47.0,0.043299237554155656,37.0,5.285714285714286,20.98143236074271,0,fast_moving
FOODS_1_004_WI_1_validation,FOODS_1_004,FOODS_1,FOODS,WI_1,WI,d_1777,8.0,2015-12-10,11545,Thursday,6,12,2015,Unknown,Unknown,Unknown,Unknown,1,0,0,22.82,31.26,0,0,3.0,5.0,0.0,7.714285714285714,5.0,4.966554808583772,8.440000000000001,1.5425486331305167,115.0,64.0,51.0,0.04347788280101912,31.0,4.428571428571429,25.394321766561514,0,fast_moving
FOODS_1_004_WI_1_validation,FOODS_1_004,FOODS_1,FOODS,WI_1,WI,d_1778,6.0,2015-12-11,11545,Friday,7,12,2015,Unknown,Unknown,Unknown,Unknown,0,1,1,22.82,31.26,1,0,8.0,8.0,11.0,8.142857142857142,5.285714285714286,4.897899344557615,8.440000000000001,1.5402491420542057,121.0,67.0,54.0,0.04368322811972038,30.0,4.285714285714286,27.589576547231275,0,fast_moving
FOODS_1_004_WI_1_validation,FOODS_1_004,FOODS_1,FOODS,WI_1,WI,d_1779,3.0,2015-12-12,11546,Saturday,1,12,2015,Unknown,Unknown,Unknown,Unknown,0,1,1,22.82,31.26,1,1,6.0,21.0,15.0,7.857142857142857,5.107142857142857,4.771359661131504,8.440000000000001,1.5381603602091898,117.0,65.0,52.0,0.043650420570275954,30.0,4.285714285714286,26.67752442996743,0,fast_moving
FOODS_1_004_WI_1_validation,FOODS_1_004,FOODS_1,FOODS,WI_1,WI,d_1780,3.0,2015-12-13,11546,Sunday,2,12,2015,Unknown,Unknown,Unknown,Unknown,0,1,0,22.82,31.26,0,1,3.0,8.0,12.0,5.285714285714286,4.678571428571429,4.372079524102836,8.440000000000001,1.1295295661995908,107.0,46.0,61.0,0.043724557981434084,34.0,4.857142857142857,21.585014409221905,0,fast_moving
FOODS_1_004_WI_1_validation,FOODS_1_004,FOODS_1,FOODS,WI_1,WI,d_1781,8.0,2015-12-14,11546,Monday,3,12,2015,Chanukah End,Religious,Unknown,Unknown,0,0,1,22.82,31.26,1,0,3.0,2.0,2.0,4.571428571428571,4.357142857142857,4.138476063357627,8.440000000000001,1.0489395876356247,100.0,41.0,59.0,0.04357099286149995,35.0,5.0,19.607843137254903,0,fast_moving
FOODS_1_004_WI_1_validation,FOODS_1_004,FOODS_1,FOODS,WI_1,WI,d_1782,3.0,2015-12-15,11546,Tuesday,4,12,2015,Unknown,Unknown,Unknown,Unknown,0,1,1,22.82,31.26,1,0,8.0,7.0,3.0,5.428571428571429,4.571428571428571,4.167142829935072,8.440000000000001,1.187240291186303,105.0,47.0,58.0,0.04353700032788803,37.0,5.285714285714286,19.496021220159154,0,fast_moving
FOODS_1_004_WI_1_validation,FOODS_1_004,FOODS_1,FOODS,WI_1,WI,d_1783,6.0,2015-12-16,11546,Wednesday,5,12,2015,Unknown,Unknown,Unknown,Unknown,0,0,0,22.82,31.26,0,0,3.0,3.0,3.0,4.857142857142857,4.571428571428571,4.167142829935072,8.440000000000001,1.0622676289561657,105.0,43.0,62.0,0.04353700032788803,44.0,6.285714285714286,16.44295302013423,0,fast_moving
FOODS_1_004_WI_1_validation,FOODS_1_004,FOODS_1,FOODS,WI_1,WI,d_1784,2.0,2015-12-17,11546,Thursday,6,12,2015,Unknown,Unknown,Unknown,Unknown,0,0,0,22.82,31.26,0,0,6.0,8.0,5.0,5.285714285714286,4.678571428571429,4.163808543545381,8.440000000000001,1.1295295661995908,107.0,46.0,61.0,0.043724557981434084,52.0,7.428571428571429,14.212523719165086,0,fast_moving
FOODS_1_004_WI_1_validation,FOODS_1_004,FOODS_1,FOODS,WI_1,WI,d_1785,5.0,2015-12-18,11546,Friday,7,12,2015,Unknown,Unknown,Unknown,Unknown,0,0,0,22.82,31.26,0,0,2.0,6.0,8.0,4.428571428571429,4.571428571428571,4.193721686915037,8.440000000000001,0.968538132283563,105.0,40.0,65.0,0.04353700032788803,47.0,6.714285714285714,15.40880503144654,0,fast_moving
FOODS_1_004_WI_1_validation,FOODS_1_004,FOODS_1,FOODS,WI_1,WI,d_1786,3.0,2015-12-19,11547,Saturday,1,12,2015,Unknown,Unknown,Unknown,Unknown,0,0,0,22.82,31.26,0,1,5.0,3.0,1.0,4.285714285714286,4.464285714285714,4.140872540519125,8.440000000000001,0.9597850081581725,103.0,39.0,64.0,0.043342158952687004,46.0,6.571428571428571,15.438972162740901,0,fast_moving
FOODS_1_004_WI_1_validation,FOODS_1_004,FOODS_1,FOODS,WI_1,WI,d_1787,7.0,2015-12-20,11547,Sunday,2,12,2015,Unknown,Unknown,Unknown,Unknown,0,0,0,22.82,31.26,0,1,3.0,3.0,3.0,4.285714285714286,4.535714285714286,4.095907106668185,8.440000000000001,0.9446736152659255,104.0,39.0,65.0,0.04361221801438722,41.0,5.857142857142857,17.45803357314149,0,fast_moving
FOODS_1_004_WI_1_validation,FOODS_1_004,FOODS_1,FOODS,WI_1,WI,d_1788,9.0,2015-12-21,11547,Monday,3,12,2015,Unknown,Unknown,Unknown,Unknown,0,0,0,22.82,31.26,0,0,7.0,8.0,5.0,4.857142857142857,4.678571428571429,4.110092108804505,8.440000000000001,1.0379460878590834,107.0,43.0,64.0,0.043724557981434084,32.0,4.571428571428571,22.905198776758414,0,fast_moving
FOODS_1_004_WI_1_validation,FOODS_1_004,FOODS_1,FOODS,WI_1,WI,d_1789,5.0,2015-12-22,11547,Tuesday,4,12,2015,Unknown,Unknown,Unknown,Unknown,0,0,0,22.82,31.26,0,0,9.0,3.0,3.0,5.0,4.821428571428571,4.1904085492376195,8.440000000000001,1.0368219924756346,110.0,44.0,66.0,0.04383077036962001,27.0,3.857142857142857,27.79783393501805,0,fast_moving
FOODS_1_004_WI_1_validation,FOODS_1_004,FOODS_1,FOODS,WI_1,WI,d_1790,13.0,2015-12-23,11547,Wednesday,5,12,2015,Unknown,Unknown,Unknown,Unknown,0,0,0,22.82,31.26,0,0,5.0,6.0,3.0,5.285714285714286,4.892857142857143,4.175229297001496,8.440000000000001,1.0800712263187084,112.0,46.0,66.0,0.04368583443770273,14.0,2.0,53.33333333333333,0,fast_moving
FOODS_1_004_WI_1_validation,FOODS_1_004,FOODS_1,FOODS,WI_1,WI,d_1791,10.0,2015-12-24,11547,Thursday,6,12,2015,Unknown,Unknown,Unknown,Unknown,0,0,0,22.82,31.26,0,0,13.0,2.0,0.0,6.285714285714286,5.25,4.42739786464372,8.440000000000001,1.1970509018690316,120.0,53.0,67.0,0.043749635419704835,4.0,0.5714285714285714,178.72340425531917,0,fast_moving
FOODS_1_004_WI_1_validation,FOODS_1_004,FOODS_1,FOODS,WI_1,WI,d_1792,0.0,2015-12-25,11547,Friday,7,12,2015,Christmas,National,Unknown,Unknown,0,0,0,22.82,31.26,0,0,10.0,5.0,0.0,7.428571428571429,5.607142857142857,4.391399723822857,8.440000000000001,1.324604529128563,127.0,61.0,66.0,0.04415038351779007,4.0,0.5714285714285714,189.14893617021278,0,fast_moving
FOODS_1_004_WI_1_validation,FOODS_1_004,FOODS_1,FOODS,WI_1,WI,d_1793,2.0,2015-12-26,11548,Saturday,1,12,2015,Unknown,Unknown,Unknown,Unknown,0,0,0,22.82,31.26,0,1,0.0,3.0,0.0,6.714285714285714,5.607142857142857,4.391399723822857,8.440000000000001,1.1972387090200474,127.0,56.0,71.0,0.04415038351779007,2.0,0.2857142857142857,329.2592592592593,0,fast_moving
FOODS_1_004_WI_1_validation,FOODS_1_004,FOODS_1,FOODS,WI_1,WI,d_1794,2.0,2015-12-27,11548,Sunday,2,12,2015,Unknown,Unknown,Unknown,Unknown,0,0,0,22.82,31.26,0,1,2.0,7.0,0.0,6.571428571428571,5.678571428571429,4.312372994832518,8.440000000000001,1.157028950876575,128.0,55.0,73.0,0.0443634926959276,0.0,0.0,1280.0,0,fast_moving
FOODS_1_004_WI_1_validation,FOODS_1_004,FOODS_1,FOODS,WI_1,WI,d_1795,0.0,2015-12-28,11548,Monday,3,12,2015,Unknown,Unknown,Unknown,Unknown,0,0,0,22.82,31.26,0,0,2.0,9.0,6.0,5.857142857142857,5.75,4.230620302999086,8.440000000000001,1.0184564175174502,130.0,50.0,80.0,0.04423042899670002,6.0,0.8571428571428571,135.82089552238807,0,fast_moving
FOODS_1_004_WI_1_validation,FOODS_1_004,FOODS_1,FOODS,WI_1,WI,d_1796,0.0,2015-12-29,11548,Tuesday,4,12,2015,Unknown,Unknown,Unknown,Unknown,0,0,0,22.82,31.26,0,0,0.0,5.0,2.0,4.571428571428571,5.535714285714286,4.367236119418235,8.440000000000001,0.8256573006166628,125.0,41.0,84.0,0.04428536000283426,10.0,1.4285714285714286,81.77570093457943,0,fast_moving
FOODS_1_004_WI_1_validation,FOODS_1_004,FOODS_1,FOODS,WI_1,WI,d_1797,0.0,2015-12-30,11548,Wednesday,5,12,2015,Unknown,Unknown,Unknown,Unknown,0,0,0,22.82,31.26,0,0,0.0,13.0,4.0,3.857142857142857,5.464285714285714,4.442906479931568,8.440000000000001,0.7057531954936351,124.0,36.0,88.0,0.04406646490178075,15.0,2.142857142857143,55.28662420382165,0,fast_moving
FOODS_1_004_WI_1_validation,FOODS_1_004,FOODS_1,FOODS,WI_1,WI,d_1798,0.0,2015-12-31,11548,Thursday,6,12,2015,Unknown,Unknown,Unknown,Unknown,0,0,0,22.82,31.26,0,0,0.0,10.0,5.0,2.0,5.321428571428571,4.554635989265105,8.440000000000001,0.37576831199506133,121.0,24.0,97.0,0.043978385066475244,18.0,2.5714285714285716,45.29411764705882,0,fast_moving
FOODS_1_004_WI_1_validation,FOODS_1_004,FOODS_1,FOODS,WI_1,WI,d_1799,0.0,2016-01-01,11548,Friday,7,1,2016,NewYear,National,Unknown,Unknown,1,1,0,22.82,31.26,0,0,0.0,0.0,8.0,0.5714285714285714,5.142857142857143,4.664398541785819,8.440000000000001,0.11108951037298301,118.0,14.0,104.0,0.043583165760096465,28.0,4.0,28.780487804878053,0,fast_moving
FOODS_1_004_WI_1_validation,FOODS_1_004,FOODS_1,FOODS,WI_1,WI,d_1800,0.0,2016-01-02,11549,Saturday,1,1,2016,Unknown,Unknown,Unknown,Unknown,1,0,1,22.82,31.26,1,1,0.0,2.0,21.0,0.5714285714285714,4.857142857142857,4.727494722282223,8.440000000000001,0.11762284235598552,112.0,14.0,98.0,0.04336695973377788,35.0,5.0,21.96078431372549,0,fast_moving
FOODS_1_004_WI_1_validation,FOODS_1_004,FOODS_1,FOODS,WI_1,WI,d_1801,0.0,2016-01-03,11549,Sunday,2,1,2016,Unknown,Unknown,Unknown,Unknown,1,1,1,22.82,31.26,1,1,0.0,2.0,8.0,0.2857142857142857,4.107142857142857,3.6039000038978806,8.440000000000001,0.06954828389609487,94.0,10.0,84.0,0.04369254430423992,36.0,5.142857142857143,17.929155313351497,0,fast_moving
FOODS_1_004_WI_1_validation,FOODS_1_004,FOODS_1,FOODS,WI_1,WI,d_1802,6.0,2016-01-04,11549,Monday,3,1,2016,Unknown,Unknown,Unknown,Unknown,1,0,0,22.82,31.26,0,0,0.0,0.0,2.0,0.0,3.8214285714285716,3.6009625403398906,8.440000000000001,0.0,88.0,8.0,80.0,0.043424831211333635,35.0,5.0,17.254901960784316,0,fast_moving
FOODS_1_004_WI_1_validation,FOODS_1_004,FOODS_1,FOODS,WI_1,WI,d_1803,4.0,2016-01-05,11549,Tuesday,4,1,2016,Unknown,Unknown,Unknown,Unknown,1,1,1,22.82,31.26,1,0,6.0,0.0,7.0,0.8571428571428571,3.9642857142857144,3.6053678381930956,8.440000000000001,0.2161616889433296,91.0,14.0,77.0,0.04356310056247419,40.0,5.714285714285714,15.651105651105652,0,fast_moving
FOODS_1_004_WI_1_validation,FOODS_1_004,FOODS_1,FOODS,WI_1,WI,d_1804,5.0,2016-01-06,11549,Wednesday,5,1,2016,Unknown,Unknown,Unknown,Unknown,1,1,1,22.82,31.26,1,0,4.0,0.0,3.0,1.4285714285714286,3.857142857142857,3.5560515527059713,8.440000000000001,0.3702743733106232,89.0,18.0,71.0,0.04333819684209005,43.0,6.142857142857143,14.256292906178489,0,fast_moving
FOODS_1_004_WI_1_validation,FOODS_1_004,FOODS_1,FOODS,WI_1,WI,d_1805,3.0,2016-01-07,11549,Thursday,6,1,2016,OrthodoxChristmas,Religious,Unknown,Unknown,1,1,0,22.82,31.26,0,0,5.0,0.0,8.0,2.142857142857143,3.9285714285714284,3.5582826842980824,8.440000000000001,0.5453157378121933,90.0,23.0,67.0,0.04365030864736423,51.0,7.285714285714286,12.18568665377176,0,fast_moving
FOODS_1_004_WI_1_validation,FOODS_1_004,FOODS_1,FOODS,WI_1,WI,d_1806,10.0,2016-01-08,11549,Friday,7,1,2016,Unknown,Unknown,Unknown,Unknown,1,0,1,22.82,31.26,1,0,3.0,0.0,6.0,2.5714285714285716,3.75,3.4707774772082693,8.440000000000001,0.6855314773203337,86.0,25.0,61.0,0.04360414413785886,52.0,7.428571428571429,11.42314990512334,0,fast_moving
FOODS_1_004_WI_1_validation,FOODS_1_004,FOODS_1,FOODS,WI_1,WI,d_1807,7.0,2016-01-09,11550,Saturday,1,1,2016,Unknown,Unknown,Unknown,Unknown,1,1,1,22.82,31.26,1,1,10.0,0.0,3.0,4.0,3.892857142857143,3.644775923756005,8.440000000000001,1.0272590527204022,90.0,36.0,54.0,0.04325348765966092,65.0,9.285714285714286,9.58904109589041,0,fast_moving
FOODS_1_004_WI_1_validation,FOODS_1_004,FOODS_1,FOODS,WI_1,WI,d_1808,1.0,2016-01-10,11550,Sunday,2,1,2016,Unknown,Unknown,Unknown,Unknown,1,0,0,22.82,31.26,0,1,7.0,0.0,3.0,5.0,4.035714285714286,3.686633944571897,8.440000000000001,1.238631135647804,93.0,43.0,50.0,0.04339431066025403,75.0,10.714285714285714,8.599735799207398,0,fast_moving
FOODS_1_004_WI_1_validation,FOODS_1_004,FOODS_1,FOODS,WI_1,WI,d_1809,5.0,2016-01-11,11550,Monday,3,1,2016,Unknown,Unknown,Unknown,Unknown,0,1,1,22.82,31.26,1,0,1.0,6.0,8.0,5.142857142857143,3.9642857142857144,3.7266024925615615,8.440000000000001,1.2969701336599777,91.0,44.0,47.0,0.04356310056247419,73.0,10.428571428571429,8.64314789687924,0,fast_moving
FOODS_1_004_WI_1_validation,FOODS_1_004,FOODS_1,FOODS,WI_1,WI,d_1810,9.0,2016-01-12,11550,Tuesday,4,1,2016,Unknown,Unknown,Unknown,Unknown,0,1,1,22.82,31.26,1,0,5.0,4.0,3.0,5.0,3.857142857142857,3.6485845628365547,8.440000000000001,1.2959603065871812,89.0,43.0,46.0,0.04333819684209005,71.0,10.142857142857142,8.688981868898187,0,fast_moving
FOODS_1_004_WI_1_validation,FOODS_1_004,FOODS_1,FOODS,WI_1,WI,d_1811,8.0,2016-01-13,11550,Wednesday,5,1,2016,Unknown,Unknown,Unknown,Unknown,0,1,0,22.82,31.26,0,0,9.0,5.0,6.0,5.714285714285714,4.071428571428571,3.770534606250302,8.440000000000001,1.4031641351247062,94.0,48.0,46.0,0.04331260913637697,67.0,9.571428571428571,9.719350073855244,0,fast_moving
FOODS_1_004_WI_1_validation,FOODS_1_004,FOODS_1,FOODS,WI_1,WI,d_1812,11.0,2016-01-14,11550,Thursday,6,1,2016,Unknown,Unknown,Unknown,Unknown,0,0,1,22.82,31.26,1,0,8.0,3.0,2.0,6.142857142857143,4.142857142857143,3.826944296106562,8.440000000000001,1.482400799806943,95.0,51.0,44.0,0.043608563518880254,64.0,9.142857142857142,10.27820710973725,0,fast_moving
FOODS_1_004_WI_1_validation,FOODS_1_004,FOODS_1,FOODS,WI_1,WI,d_1813,11.0,2016-01-15,11550,Friday,7,1,2016,Unknown,Unknown,Unknown,Unknown,0,1,1,22.82,31.26,1,0,11.0,10.0,5.0,7.285714285714286,4.464285714285714,4.013700083437758,8.440000000000001,1.6316345138688932,102.0,60.0,42.0,0.043767077913801966,61.0,8.714285714285714,11.572123176661266,0,fast_moving
FOODS_1_004_WI_1_validation,FOODS_1_004,FOODS_1,FOODS,WI_1,WI,d_1814,20.0,2016-01-16,11551,Saturday,1,1,2016,Unknown,Unknown,Unknown,Unknown,0,0,0,22.82,31.26,0,1,11.0,7.0,3.0,7.428571428571429,4.678571428571429,4.199237774120179,8.440000000000001,1.5874469579021278,107.0,61.0,46.0,0.043724557981434084,46.0,6.571428571428571,16.038543897216275,0,fast_moving
FOODS_1_004_WI_1_validation,FOODS_1_004,FOODS_1,FOODS,WI_1,WI,d_1815,11.0,2016-01-17,11551,Sunday,2,1,2016,Unknown,Unknown,Unknown,Unknown,0,0,0,22.82,31.26,0,1,20.0,1.0,7.0,9.285714285714286,5.285714285714286,5.08343091241238,8.440000000000001,1.7564244602372525,122.0,76.0,46.0,0.04332517180772523,37.0,5.285714285714286,22.652519893899207,0,fast_moving
FOODS_1_004_WI_1_validation,FOODS_1_004,FOODS_1,FOODS,WI_1,WI,d_1816,3.0,2016-01-18,11551,Monday,3,1,2016,MartinLutherKingDay,National,Unknown,Unknown,0,0,0,22.82,31.26,0,0,11.0,5.0,9.0,10.714285714285714,5.428571428571429,5.1885098940480825,8.440000000000001,1.973320704080827,125.0,86.0,39.0,0.04342822400277941,39.0,5.571428571428571,22.04030226700252,0,fast_moving
FOODS_1_004_WI_1_validation,FOODS_1_004,FOODS_1,FOODS,WI_1,WI,d_1817,7.0,2016-01-19,11551,Tuesday,4,1,2016,Unknown,Unknown,Unknown,Unknown,0,0,0,22.82,31.26,0,0,3.0,9.0,5.0,10.428571428571429,5.214285714285714,5.159365040297841,8.440000000000001,1.999616511901827,120.0,84.0,36.0,0.04345201885222385,44.0,6.285714285714286,18.791946308724835,0,fast_moving
FOODS_1_004_WI_1_validation,FOODS_1_004,FOODS_1,FOODS,WI_1,WI,d_1818,4.0,2016-01-20,11551,Wednesday,5,1,2016,Unknown,Unknown,Unknown,Unknown,0,0,0,22.82,31.26,0,0,7.0,8.0,13.0,10.142857142857142,5.285714285714286,5.17012173262474,8.440000000000001,1.9185559488745372,122.0,82.0,40.0,0.04332517180772523,49.0,7.0,17.183098591549296,0,fast_moving
FOODS_1_004_WI_1_validation,FOODS_1_004,FOODS_1,FOODS,WI_1,WI,d_1819,8.0,2016-01-21,11551,Thursday,6,1,2016,Unknown,Unknown,Unknown,Unknown,0,0,0,22.82,31.26,0,0,4.0,11.0,10.0,9.571428571428571,4.964285714285714,4.947742791431123,8.440000000000001,1.9276692464827228,115.0,77.0,38.0,0.04316732649529756,52.0,7.428571428571429,15.275142314990513,0,fast_moving
FOODS_1_004_WI_1_validation,FOODS_1_004,FOODS_1,FOODS,WI_1,WI,d_1820,8.0,2016-01-22,11551,Friday,7,1,2016,Unknown,Unknown,Unknown,Unknown,0,0,0,22.82,31.26,0,0,8.0,11.0,0.0,9.142857142857142,4.892857142857143,4.8864081007406694,8.440000000000001,1.8682313103891173,113.0,74.0,39.0,0.043299237554155656,65.0,9.285714285714286,12.039573820395738,0,fast_moving
FOODS_1_004_WI_1_validation,FOODS_1_004,FOODS_1,FOODS,WI_1,WI,d_1821,5.0,2016-01-23,11552,Saturday,1,1,2016,Unknown,Unknown,Unknown,Unknown,0,0,0,22.82,31.26,0,1,8.0,20.0,2.0,8.714285714285714,5.178571428571429,4.823196814689136,8.440000000000001,1.6824337369335574,119.0,71.0,48.0,0.04351704127336265,73.0,10.428571428571429,11.302578018995929,0,fast_moving
FOODS_1_004_WI_1_validation,FOODS_1_004,FOODS_1,FOODS,WI_1,WI,d_1822,2.0,2016-01-24,11552,Sunday,2,1,2016,Unknown,Unknown,Unknown,Unknown,0,0,0,22.82,31.26,0,1,5.0,11.0,2.0,6.571428571428571,5.285714285714286,4.783127311530271,8.440000000000001,1.243008079552517,121.0,56.0,65.0,0.04368322811972038,78.0,11.142857142857142,10.762388818297332,0,fast_moving
FOODS_1_004_WI_1_validation,FOODS_1_004,FOODS_1,FOODS,WI_1,WI,d_1823,5.0,2016-01-25,11552,Monday,3,1,2016,Unknown,Unknown,Unknown,Unknown,0,0,0,22.82,31.26,0,0,2.0,3.0,0.0,5.285714285714286,5.285714285714286,4.783127311530271,8.440000000000001,0.9998108465965898,121.0,47.0,74.0,0.04368322811972038,94.0,13.428571428571429,8.944033790918692,0,fast_moving
FOODS_1_004_WI_1_validation,FOODS_1_004,FOODS_1,FOODS,WI_1,WI,d_1824,12.0,2016-01-26,11552,Tuesday,4,1,2016,Unknown,Unknown,Unknown,Unknown,0,0,0,22.82,31.26,0,0,5.0,7.0,0.0,5.571428571428571,5.464285714285714,4.670491629742203,8.440000000000001,1.019421282379695,125.0,49.0,76.0,0.043713936002797694,109.0,15.571428571428571,7.976298997265269,0,fast_moving
FOODS_1_004_WI_1_validation,FOODS_1_004,FOODS_1,FOODS,WI_1,WI,d_1825,9.0,2016-01-27,11552,Wednesday,5,1,2016,Unknown,Unknown,Unknown,Unknown,0,0,0,22.82,31.26,0,0,12.0,4.0,0.0,6.285714285714286,5.892857142857143,4.700979296828085,8.440000000000001,1.0664856872773103,134.0,54.0,80.0,0.04397621766148867,100.0,14.285714285714286,9.314796425024825,0,fast_moving
FOODS_1_004_WI_1_validation,FOODS_1_004,FOODS_1,FOODS,WI_1,WI,d_1826,11.0,2016-01-28,11552,Thursday,6,1,2016,Unknown,Unknown,Unknown,Unknown,0,0,0,22.82,31.26,0,0,9.0,8.0,0.0,7.0,6.214285714285714,4.589498018682653,8.440000000000001,1.126255545084699,140.0,59.0,81.0,0.0443874380489119,89.0,12.714285714285714,10.925306577480491,0,fast_moving
FOODS_1_004_WI_1_validation,FOODS_1_004,FOODS_1,FOODS,WI_1,WI,d_1827,21.0,2016-01-29,11552,Friday,7,1,2016,Unknown,Unknown,Unknown,Unknown,0,0,0,22.82,31.26,0,0,11.0,8.0,0.0,7.428571428571429,6.607142857142857,4.507929521568467,8.440000000000001,1.124154182069741,148.0,62.0,86.0,0.044642555503968596,68.0,9.714285714285714,15.080058224163029,0,fast_moving
FOODS_1_004_WI_1_validation,FOODS_1_004,FOODS_1,FOODS,WI_1,WI,d_1828,13.0,2016-01-30,11601,Saturday,1,1,2016,Unknown,Unknown,Unknown,Unknown,0,0,0,22.82,31.26,0,1,21.0,5.0,0.0,9.285714285714286,7.357142857142857,5.0787450018336955,8.440000000000001,1.2619643931892754,165.0,76.0,89.0,0.04458847435556667,55.0,7.857142857142857,20.73608617594255,0,fast_moving
FOODS_1_004_WI_1_validation,FOODS_1_004,FOODS_1,FOODS,WI_1,WI,d_1829,7.0,2016-01-31,11601,Sunday,2,1,2016,Unknown,Unknown,Unknown,Unknown,0,0,0,22.82,31.26,0,1,13.0,2.0,0.0,10.428571428571429,7.821428571428571,4.974405391070268,8.440000000000001,1.333162883284329,175.0,83.0,92.0,0.04469362215889378,48.0,6.857142857142857,25.154004106776185,0,fast_moving
FOODS_1_004_WI_1_validation,FOODS_1_004,FOODS_1,FOODS,WI_1,WI,d_1830,21.0,2016-02-01,11601,Monday,3,2,2016,Unknown,Unknown,Unknown,Unknown,1,1,0,22.82,31.26,0,0,7.0,5.0,6.0,11.142857142857142,8.071428571428571,4.736998357520656,8.440000000000001,1.3803599554037553,179.0,88.0,91.0,0.04509152782067458,27.0,3.857142857142857,45.23465703971119,0,fast_moving
FOODS_1_004_WI_1_validation,FOODS_1_004,FOODS_1,FOODS,WI_1,WI,d_1831,27.0,2016-02-02,11601,Tuesday,4,2,2016,Unknown,Unknown,Unknown,Unknown,1,0,1,22.82,31.26,1,0,21.0,12.0,4.0,13.428571428571429,8.607142857142858,5.307850829034326,8.440000000000001,1.5599847320643245,192.0,105.0,87.0,0.04482863556514215,0.0,0.0,1920.0,0,fast_moving
FOODS_1_004_WI_1_validation,FOODS_1_004,FOODS_1,FOODS,WI_1,WI,d_1832,0.0,2016-02-03,11601,Wednesday,5,2,2016,Unknown,Unknown,Unknown,Unknown,1,1,1,22.82,31.26,1,0,27.0,9.0,5.0,15.571428571428571,9.428571428571429,6.262342310743735,8.440000000000001,1.6513400093929431,211.0,122.0,89.0,0.04468496087019222,0.0,0.0,2110.0,0,fast_moving
FOODS_1_004_WI_1_validation,FOODS_1_004,FOODS_1,FOODS,WI_1,WI,d_1833,0.0,2016-02-04,11601,Thursday,6,2,2016,Unknown,Unknown,Unknown,Unknown,1,0,0,22.82,31.26,0,0,0.0,11.0,3.0,14.285714285714286,9.25,6.46142399166004,8.440000000000001,1.5442346001204506,208.0,113.0,95.0,0.044470940043557484,0.0,0.0,2080.0,0,fast_moving
FOODS_1_004_WI_1_validation,FOODS_1_004,FOODS_1,FOODS,WI_1,WI,d_1834,0.0,2016-02-05,11601,Friday,7,2,2016,Unknown,Unknown,Unknown,Unknown,1,1,1,22.82,31.26,1,0,0.0,21.0,10.0,12.714285714285714,9.142857142857142,6.592443967173133,8.440000000000001,1.3904729170247005,206.0,103.0,103.0,0.04438258621490741,0.0,0.0,2060.0,0,fast_moving
FOODS_1_004_WI_1_validation,FOODS_1_004,FOODS_1,FOODS,WI_1,WI,d_1835,0.0,2016-02-06,11602,Saturday,1,2,2016,Unknown,Unknown,Unknown,Unknown,1,1,1,22.82,31.26,1,1,0.0,13.0,7.0,9.714285714285714,8.785714285714286,6.811521518488021,8.440000000000001,1.1055652202188369,199.0,82.0,117.0,0.04414909616391016,0.0,0.0,1990.0,0,fast_moving
FOODS_1_004_WI_1_validation,FOODS_1_004,FOODS_1,FOODS,WI_1,WI,d_1836,0.0,2016-02-07,11602,Sunday,2,2,2016,SuperBowl,Sporting,Unknown,Unknown,1,1,0,22.82,31.26,0,1,0.0,7.0,1.0,7.857142857142857,8.535714285714286,7.005194595637675,8.440000000000001,0.9203942634335726,194.0,70.0,124.0,0.04399830045058678,0.0,0.0,1940.0,0,fast_moving
FOODS_1_004_WI_1_validation,FOODS_1_004,FOODS_1,FOODS,WI_1,WI,d_1837,0.0,2016-02-08,11602,Monday,3,2,2016,Unknown,Unknown,Unknown,Unknown,1,0,1,22.82,31.26,1,0,0.0,21.0,5.0,6.857142857142857,8.5,7.047458170621988,8.440000000000001,0.8066277916883728,193.0,63.0,130.0,0.04404122258433894,0.0,0.0,1930.0,0,fast_moving
FOODS_1_004_WI_1_validation,FOODS_1_004,FOODS_1,FOODS,WI_1,WI,d_1838,0.0,2016-02-09,11602,Tuesday,4,2,2016,Unknown,Unknown,Unknown,Unknown,1,1,1,22.82,31.26,1,0,0.0,27.0,9.0,3.857142857142857,8.321428571428571,7.201098534655672,8.440000000000001,0.46346361810597875,190.0,42.0,148.0,0.04379676197192947,0.0,0.0,1900.0,0,fast_moving
FOODS_1_004_WI_1_validation,FOODS_1_004,FOODS_1,FOODS,WI_1,WI,d_1839,0.0,2016-02-10,11602,Wednesday,5,2,2016,LentStart,Religious,Unknown,Unknown,1,0,0,22.82,31.26,0,0,0.0,0.0,8.0,0.0,8.0,7.368602058484108,8.440000000000001,0.0,183.0,15.0,168.0,0.04371560811143108,0.0,0.0,1830.0,0,fast_moving
FOODS_1_004_WI_1_validation,FOODS_1_004,FOODS_1,FOODS,WI_1,WI,d_1840,0.0,2016-02-11,11602,Thursday,6,2,2016,Unknown,Unknown,Unknown,Unknown,0,1,1,22.82,31.26,1,0,0.0,0.0,11.0,0.0,7.714285714285714,7.5221014737911185,8.440000000000001,0.0,178.0,16.0,162.0,0.04333844031373821,0.0,0.0,1780.0,0,fast_moving
FOODS_1_004_WI_1_validation,FOODS_1_004,FOODS_1,FOODS,WI_1,WI,d_1841,0.0,2016-02-12,11602,Friday,7,2,2016,Unknown,Unknown,Unknown,Unknown,0,1,1,22.82,31.26,1,0,0.0,0.0,11.0,0.0,7.321428571428571,7.630608788045054,8.440000000000001,0.0,170.0,16.0,154.0,0.04306697355561774,0.0,0.0,1700.0,0,fast_moving
FOODS_1_004_WI_1_validation,FOODS_1_004,FOODS_1,FOODS,WI_1,WI,d_1842,0.0,2016-02-13,11603,Saturday,1,2,2016,Unknown,Unknown,Unknown,Unknown,0,1,0,22.82,31.26,0,1,0.0,0.0,20.0,0.0,6.928571428571429,7.716881789315194,8.440000000000001,0.0,161.0,16.0,145.0,0.04303433785238246,0.0,0.0,1610.0,0,fast_moving
FOODS_1_004_WI_1_validation,FOODS_1_004,FOODS_1,FOODS,WI_1,WI,d_1843,0.0,2016-02-14,11603,Sunday,2,2,2016,ValentinesDay,Cultural,Unknown,Unknown,0,0,1,22.82,31.26,1,1,0.0,0.0,11.0,0.0,6.214285714285714,7.3804403304206305,8.440000000000001,0.0,146.0,15.0,131.0,0.04256330925326343,0.0,0.0,1460.0,0,fast_moving
FOODS_1_004_WI_1_validation,FOODS_1_004,FOODS_1,FOODS,WI_1,WI,d_1844,0.0,2016-02-15,11603,Monday,3,2,2016,PresidentsDay,National,Unknown,Unknown,0,1,1,22.82,31.26,1,0,0.0,0.0,3.0,0.0,5.821428571428571,7.408971395737539,8.440000000000001,0.0,138.0,15.0,123.0,0.04218395932948726,0.0,0.0,1380.0,0,fast_moving
FOODS_1_004_WI_1_validation,FOODS_1_004,FOODS_1,FOODS,WI_1,WI,d_1845,0.0,2016-02-16,11603,Tuesday,4,2,2016,Unknown,Unknown,Unknown,Unknown,0,0,0,22.82,31.26,0,0,0.0,0.0,7.0,0.0,5.714285714285714,7.4727016427306765,8.440000000000001,0.0,135.0,15.0,120.0,0.042327728789310556,0.0,0.0,1350.0,0,fast_moving
FOODS_1_004_WI_1_validation,FOODS_1_004,FOODS_1,FOODS,WI_1,WI,d_1846,0.0,2016-02-17,11603,Wednesday,5,2,2016,LentWeek2,Religious,Unknown,Unknown,0,0,0,22.82,31.26,0,0,0.0,0.0,4.0,0.0,5.464285714285714,7.544839506219008,8.440000000000001,0.0,130.0,16.0,114.0,0.04203264370493853,0.0,0.0,1300.0,0,fast_moving
FOODS_1_004_WI_1_validation,FOODS_1_004,FOODS_1,FOODS,WI_1,WI,d_1847,0.0,2016-02-18,11603,Thursday,6,2,2016,Unknown,Unknown,Unknown,Unknown,0,0,0,22.82,31.26,0,0,0.0,0.0,8.0,0.0,5.321428571428571,7.611169041605507,8.440000000000001,0.0,127.0,16.0,111.0,0.041900682446819874,0.0,0.0,1270.0,0,fast_moving
FOODS_1_004_WI_1_validation,FOODS_1_004,FOODS_1,FOODS,WI_1,WI,d_1848,0.0,2016-02-19,11603,Friday,7,2,2016,Unknown,Unknown,Unknown,Unknown,0,0,0,22.82,31.26,0,0,0.0,0.0,8.0,0.0,5.035714285714286,7.656912359319962,8.440000000000001,0.0,122.0,16.0,106.0,0.04127600827627877,0.0,0.0,1220.0,0,fast_moving
FOODS_1_004_WI_1_validation,FOODS_1_004,FOODS_1,FOODS,WI_1,WI,d_1849,0.0,2016-02-20,11604,Saturday,1,2,2016,Unknown,Unknown,Unknown,Unknown,0,0,0,22.82,31.26,0,1,0.0,0.0,5.0,0.0,4.75,7.691385272329511,8.440000000000001,0.0,116.0,16.0,100.0,0.04094792286273394,0.0,0.0,1160.0,0,fast_moving
FOODS_1_004_WI_1_validation,FOODS_1_004,FOODS_1,FOODS,WI_1,WI,d_1850,0.0,2016-02-21,11604,Sunday,2,2,2016,Unknown,Unknown,Unknown,Unknown,0,0,0,22.82,31.26,0,1,0.0,0.0,2.0,0.0,4.571428571428571,7.743233946980542,8.440000000000001,0.0,112.0,16.0,96.0,0.040815962102379186,0.0,0.0,1120.0,0,fast_moving
FOODS_1_004_WI_1_validation,FOODS_1_004,FOODS_1,FOODS,WI_1,WI,d_1851,0.0,2016-02-22,11604,Monday,3,2,2016,Unknown,Unknown,Unknown,Unknown,0,0,0,22.82,31.26,0,0,0.0,0.0,5.0,0.0,4.5,7.776984086487601,8.440000000000001,0.0,111.0,16.0,95.0,0.04054017531373591,0.0,0.0,1110.0,0,fast_moving
FOODS_1_004_WI_1_validation,FOODS_1_004,FOODS_1,FOODS,WI_1,WI,d_1852,0.0,2016-02-23,11604,Tuesday,4,2,2016,Unknown,Unknown,Unknown,Unknown,0,0,0,22.82,31.26,0,0,0.0,0.0,12.0,0.0,4.321428571428571,7.822349611156058,8.440000000000001,0.0,107.0,16.0,91.0,0.040386805463767356,0.0,0.0,1070.0,0,fast_moving
FOODS_1_004_WI_1_validation,FOODS_1_004,FOODS_1,FOODS,WI_1,WI,d_1853,0.0,2016-02-24,11604,Wednesday,5,2,2016,Unknown,Unknown,Unknown,Unknown,0,0,0,22.82,31.26,0,0,0.0,0.0,9.0,0.0,3.892857142857143,7.714053004524512,8.440000000000001,0.0,98.0,16.0,82.0,0.03972262673704496,0.0,0.0,980.0,0,fast_moving
FOODS_1_004_WI_1_validation,FOODS_1_004,FOODS_1,FOODS,WI_1,WI,d_1854,0.0,2016-02-25,11604,Thursday,6,2,2016,Unknown,Unknown,Unknown,Unknown,0,0,0,22.82,31.26,0,0,0.0,0.0,11.0,0.0,3.5714285714285716,7.680801325038221,8.440000000000001,0.0,91.0,16.0,75.0,0.03924603654276954,0.0,0.0,910.0,0,fast_moving
FOODS_1_004_WI_1_validation,FOODS_1_004,FOODS_1,FOODS,WI_1,WI,d_1855,0.0,2016-02-26,11604,Friday,7,2,2016,Unknown,Unknown,Unknown,Unknown,0,0,0,22.82,31.26,0,0,0.0,0.0,21.0,0.0,3.1785714285714284,7.567247023404707,8.440000000000001,0.0,82.0,16.0,66.0,0.038762593487535864,0.0,0.0,820.0,0,fast_moving
FOODS_1_004_WI_1_validation,FOODS_1_004,FOODS_1,FOODS,WI_1,WI,d_1856,0.0,2016-02-27,11605,Saturday,1,2,2016,Unknown,Unknown,Unknown,Unknown,0,0,0,22.82,31.26,0,1,0.0,0.0,13.0,0.0,2.4285714285714284,6.7298592326292495,8.440000000000001,0.0,65.0,14.0,51.0,0.03736206256167487,0.0,0.0,650.0,0,slow_moving
FOODS_1_004_WI_1_validation,FOODS_1_004,FOODS_1,FOODS,WI_1,WI,d_1857,0.0,2016-02-28,11605,Sunday,2,2,2016,Unknown,Unknown,Unknown,Unknown,0,0,0,22.82,31.26,0,1,0.0,0.0,7.0,0.0,1.9642857142857142,6.414579128580866,8.440000000000001,0.0,55.0,13.0,42.0,0.035713636375442524,0.0,0.0,550.0,0,slow_moving
FOODS_1_004_WI_1_validation,FOODS_1_004,FOODS_1,FOODS,WI_1,WI,d_1858,0.0,2016-02-29,11605,Monday,3,2,2016,Unknown,Unknown,Unknown,Unknown,0,0,0,22.82,31.26,0,0,0.0,0.0,21.0,0.0,1.7142857142857142,6.347102826149435,8.440000000000001,0.0,49.0,13.0,36.0,0.034984708766876475,0.0,0.0,490.0,0,slow_moving
FOODS_1_004_WI_1_validation,FOODS_1_004,FOODS_1,FOODS,WI_1,WI,d_1859,0.0,2016-03-01,11605,Tuesday,4,3,2016,Unknown,Unknown,Unknown,Unknown,1,1,0,22.82,31.26,0,0,0.0,0.0,27.0,0.0,0.9642857142857143,5.102520385624553,8.440000000000001,0.0,31.0,11.0,20.0,0.03110498739671992,0.0,0.0,310.0,0,slow_moving
FOODS_1_004_WI_1_validation,FOODS_1_004,FOODS_1,FOODS,WI_1,WI,d_1860,0.0,2016-03-02,11605,Wednesday,5,3,2016,Unknown,Unknown,Unknown,Unknown,1,0,1,22.82,31.26,1,0,0.0,0.0,0.0,0.0,0.0,0.0,8.440000000000001,0.0,5.0,3.0,2.0,0.0,0.0,0.0,50.0,0,dead_stock
FOODS_1_004_WI_1_validation,FOODS_1_004,FOODS_1,FOODS,WI_1,WI,d_1861,0.0,2016-03-03,11605,Thursday,6,3,2016,Unknown,Unknown,Unknown,Unknown,1,1,1,22.82,31.26,1,0,0.0,0.0,0.0,0.0,0.0,0.0,8.440000000000001,0.0,5.0,3.0,2.0,0.0,0.0,0.0,50.0,0,dead_stock
FOODS_1_004_WI_1_validation,FOODS_1_004,FOODS_1,FOODS,WI_1,WI,d_1862,0.0,2016-03-04,11605,Friday,7,3,2016,Unknown,Unknown,Unknown,Unknown,1,0,0,22.82,31.26,0,0,0.0,0.0,0.0,0.0,0.0,0.0,8.440000000000001,0.0,5.0,3.0,2.0,0.0,0.0,0.0,50.0,0,dead_stock
FOODS_1_004_WI_1_validation,FOODS_1_004,FOODS_1,FOODS,WI_1,WI,d_1863,0.0,2016-03-05,11606,Saturday,1,3,2016,Unknown,Unknown,Unknown,Unknown,1,1,1,22.82,31.26,1,1,0.0,0.0,0.0,0.0,0.0,0.0,8.440000000000001,0.0,5.0,3.0,2.0,0.0,0.0,0.0,50.0,0,dead_stock
FOODS_1_004_WI_1_validation,FOODS_1_004,FOODS_1,FOODS,WI_1,WI,d_1864,0.0,2016-03-06,11606,Sunday,2,3,2016,Unknown,Unknown,Unknown,Unknown,1,1,1,22.82,31.26,1,1,0.0,0.0,0.0,0.0,0.0,0.0,8.440000000000001,0.0,5.0,3.0,2.0,0.0,0.0,0.0,50.0,0,dead_stock
FOODS_1_004_WI_1_validation,FOODS_1_004,FOODS_1,FOODS,WI_1,WI,d_1865,0.0,2016-03-07,11606,Monday,3,3,2016,Unknown,Unknown,Unknown,Unknown,1,1,0,22.82,31.26,0,0,0.0,0.0,0.0,0.0,0.0,0.0,8.440000000000001,0.0,5.0,3.0,2.0,0.0,0.0,0.0,50.0,0,dead_stock
FOODS_1_004_WI_1_validation,FOODS_1_004,FOODS_1,FOODS,WI_1,WI,d_1866,0.0,2016-03-08,11606,Tuesday,4,3,2016,Unknown,Unknown,Unknown,Unknown,1,0,1,22.82,31.26,1,0,0.0,0.0,0.0,0.0,0.0,0.0,8.440000000000001,0.0,5.0,3.0,2.0,0.0,0.0,0.0,50.0,0,dead_stock
FOODS_1_004_WI_1_validation,FOODS_1_004,FOODS_1,FOODS,WI_1,WI,d_1867,0.0,2016-03-09,11606,Wednesday,5,3,2016,Unknown,Unknown,Unknown,Unknown,1,1,1,22.82,31.26,1,0,0.0,0.0,0.0,0.0,0.0,0.0,8.440000000000001,0.0,5.0,3.0,2.0,0.0,0.0,0.0,50.0,0,dead_stock
FOODS_1_004_WI_1_validation,FOODS_1_004,FOODS_1,FOODS,WI_1,WI,d_1868,0.0,2016-03-10,11606,Thursday,6,3,2016,Unknown,Unknown,Unknown,Unknown,1,0,0,22.82,31.26,0,0,0.0,0.0,0.0,0.0,0.0,0.0,8.440000000000001,0.0,5.0,3.0,2.0,0.0,0.0,0.0,50.0,0,dead_stock
FOODS_1_004_WI_1_validation,FOODS_1_004,FOODS_1,FOODS,WI_1,WI,d_1869,0.0,2016-03-11,11606,Friday,7,3,2016,Unknown,Unknown,Unknown,Unknown,0,1,1,22.82,31.26,1,0,0.0,0.0,0.0,0.0,0.0,0.0,8.440000000000001,0.0,5.0,3.0,2.0,0.0,0.0,0.0,50.0,0,dead_stock
FOODS_1_004_WI_1_validation,FOODS_1_004,FOODS_1,FOODS,WI_1,WI,d_1870,0.0,2016-03-12,11607,Saturday,1,3,2016,Unknown,Unknown,Unknown,Unknown,0,1,1,22.82,31.26,1,1,0.0,0.0,0.0,0.0,0.0,0.0,8.440000000000001,0.0,5.0,3.0,2.0,0.0,0.0,0.0,50.0,0,dead_stock
FOODS_1_004_WI_1_validation,FOODS_1_004,FOODS_1,FOODS,WI_1,WI,d_1871,0.0,2016-03-13,11607,Sunday,2,3,2016,Unknown,Unknown,Unknown,Unknown,0,1,0,22.82,31.26,0,1,0.0,0.0,0.0,0.0,0.0,0.0,8.440000000000001,0.0,5.0,3.0,2.0,0.0,0.0,0.0,50.0,0,dead_stock
FOODS_1_004_WI_1_validation,FOODS_1_004,FOODS_1,FOODS,WI_1,WI,d_1872,0.0,2016-03-14,11607,Monday,3,3,2016,Unknown,Unknown,Unknown,Unknown,0,0,1,22.82,31.26,1,0,0.0,0.0,0.0,0.0,0.0,0.0,8.440000000000001,0.0,5.0,3.0,2.0,0.0,0.0,0.0,50.0,0,dead_stock
FOODS_1_004_WI_1_validation,FOODS_1_004,FOODS_1,FOODS,WI_1,WI,d_1873,0.0,2016-03-15,11607,Tuesday,4,3,2016,Unknown,Unknown,Unknown,Unknown,0,1,1,22.82,31.26,1,0,0.0,0.0,0.0,0.0,0.0,0.0,8.440000000000001,0.0,5.0,3.0,2.0,0.0,0.0,0.0,50.0,0,dead_stock
FOODS_1_004_WI_1_validation,FOODS_1_004,FOODS_1,FOODS,WI_1,WI,d_1874,0.0,2016-03-16,11607,Wednesday,5,3,2016,Unknown,Unknown,Unknown,Unknown,0,0,0,22.82,31.26,0,0,0.0,0.0,0.0,0.0,0.0,0.0,8.440000000000001,0.0,5.0,3.0,2.0,0.0,0.0,0.0,50.0,0,dead_stock
FOODS_1_004_WI_1_validation,FOODS_1_004,FOODS_1,FOODS,WI_1,WI,d_1875,0.0,2016-03-17,11607,Thursday,6,3,2016,StPatricksDay,Cultural,Unknown,Unknown,0,0,0,22.82,31.26,0,0,0.0,0.0,0.0,0.0,0.0,0.0,8.440000000000001,0.0,5.0,3.0,2.0,0.0,0.0,0.0,50.0,0,dead_stock
FOODS_1_004_WI_1_validation,FOODS_1_004,FOODS_1,FOODS,WI_1,WI,d_1876,0.0,2016-03-18,11607,Friday,7,3,2016,Unknown,Unknown,Unknown,Unknown,0,0,0,22.82,31.26,0,0,0.0,0.0,0.0,0.0,0.0,0.0,8.440000000000001,0.0,5.0,3.0,2.0,0.0,0.0,0.0,50.0,0,dead_stock
FOODS_1_004_WI_1_validation,FOODS_1_004,FOODS_1,FOODS,WI_1,WI,d_1877,0.0,2016-03-19,11608,Saturday,1,3,2016,Unknown,Unknown,Unknown,Unknown,0,0,0,22.82,31.26,0,1,0.0,0.0,0.0,0.0,0.0,0.0,8.440000000000001,0.0,5.0,3.0,2.0,0.0,0.0,0.0,50.0,0,dead_stock
FOODS_1_004_WI_1_validation,FOODS_1_004,FOODS_1,FOODS,WI_1,WI,d_1878,0.0,2016-03-20,11608,Sunday,2,3,2016,Unknown,Unknown,Unknown,Unknown,0,0,0,22.82,31.26,0,1,0.0,0.0,0.0,0.0,0.0,0.0,8.440000000000001,0.0,5.0,3.0,2.0,0.0,0.0,0.0,50.0,0,dead_stock
FOODS_1_004_WI_1_validation,FOODS_1_004,FOODS_1,FOODS,WI_1,WI,d_1879,0.0,2016-03-21,11608,Monday,3,3,2016,Unknown,Unknown,Unknown,Unknown,0,0,0,22.82,31.26,0,0,0.0,0.0,0.0,0.0,0.0,0.0,8.440000000000001,0.0,5.0,3.0,2.0,0.0,0.0,0.0,50.0,0,dead_stock
FOODS_1_004_WI_1_validation,FOODS_1_004,FOODS_1,FOODS,WI_1,WI,d_1880,0.0,2016-03-22,11608,Tuesday,4,3,2016,Unknown,Unknown,Unknown,Unknown,0,0,0,22.82,31.26,0,0,0.0,0.0,0.0,0.0,0.0,0.0,8.440000000000001,0.0,5.0,3.0,2.0,0.0,0.0,0.0,50.0,0,dead_stock
FOODS_1_004_WI_1_validation,FOODS_1_004,FOODS_1,FOODS,WI_1,WI,d_1881,0.0,2016-03-23,11608,Wednesday,5,3,2016,Unknown,Unknown,Unknown,Unknown,0,0,0,22.82,31.26,0,0,0.0,0.0,0.0,0.0,0.0,0.0,8.440000000000001,0.0,5.0,3.0,2.0,0.0,0.0,0.0,50.0,0,dead_stock
FOODS_1_004_WI_1_validation,FOODS_1_004,FOODS_1,FOODS,WI_1,WI,d_1882,0.0,2016-03-24,11608,Thursday,6,3,2016,Purim End,Religious,Unknown,Unknown,0,0,0,22.82,31.26,0,0,0.0,0.0,0.0,0.0,0.0,0.0,8.440000000000001,0.0,5.0,3.0,2.0,0.0,0.0,0.0,50.0,0,dead_stock
FOODS_1_004_WI_1_validation,FOODS_1_004,FOODS_1,FOODS,WI_1,WI,d_1883,0.0,2016-03-25,11608,Friday,7,3,2016,Unknown,Unknown,Unknown,Unknown,0,0,0,22.82,31.26,0,0,0.0,0.0,0.0,0.0,0.0,0.0,8.440000000000001,0.0,5.0,3.0,2.0,0.0,0.0,0.0,50.0,0,dead_stock
FOODS_1_004_WI_1_validation,FOODS_1_004,FOODS_1,FOODS,WI_1,WI,d_1884,0.0,2016-03-26,11609,Saturday,1,3,2016,Unknown,Unknown,Unknown,Unknown,0,0,0,22.82,31.26,0,1,0.0,0.0,0.0,0.0,0.0,0.0,8.440000000000001,0.0,5.0,3.0,2.0,0.0,0.0,0.0,50.0,0,dead_stock
FOODS_1_004_WI_1_validation,FOODS_1_004,FOODS_1,FOODS,WI_1,WI,d_1885,0.0,2016-03-27,11609,Sunday,2,3,2016,Easter,Cultural,Unknown,Unknown,0,0,0,22.82,31.26,0,1,0.0,0.0,0.0,0.0,0.0,0.0,8.440000000000001,0.0,5.0,3.0,2.0,0.0,0.0,0.0,50.0,0,dead_stock
FOODS_1_004_WI_1_validation,FOODS_1_004,FOODS_1,FOODS,WI_1,WI,d_1886,0.0,2016-03-28,11609,Monday,3,3,2016,Unknown,Unknown,Unknown,Unknown,0,0,0,22.82,31.26,0,0,0.0,0.0,0.0,0.0,0.0,0.0,8.440000000000001,0.0,5.0,3.0,2.0,0.0,0.0,0.0,50.0,0,dead_stock
FOODS_1_004_WI_1_validation,FOODS_1_004,FOODS_1,FOODS,WI_1,WI,d_1887,0.0,2016-03-29,11609,Tuesday,4,3,2016,Unknown,Unknown,Unknown,Unknown,0,0,0,22.82,31.26,0,0,0.0,0.0,0.0,0.0,0.0,0.0,8.440000000000001,0.0,5.0,3.0,2.0,0.0,0.0,0.0,50.0,0,dead_stock
FOODS_1_004_WI_1_validation,FOODS_1_004,FOODS_1,FOODS,WI_1,WI,d_1888,0.0,2016-03-30,11609,Wednesday,5,3,2016,Unknown,Unknown,Unknown,Unknown,0,0,0,22.82,31.26,0,0,0.0,0.0,0.0,0.0,0.0,0.0,8.440000000000001,0.0,5.0,3.0,2.0,0.0,0.0,0.0,50.0,0,dead_stock
FOODS_1_004_WI_1_validation,FOODS_1_004,FOODS_1,FOODS,WI_1,WI,d_1889,0.0,2016-03-31,11609,Thursday,6,3,2016,Unknown,Unknown,Unknown,Unknown,0,0,0,22.82,31.26,0,0,0.0,0.0,0.0,0.0,0.0,0.0,8.440000000000001,0.0,5.0,3.0,2.0,0.0,0.0,0.0,50.0,0,dead_stock
FOODS_1_004_WI_1_validation,FOODS_1_004,FOODS_1,FOODS,WI_1,WI,d_1890,0.0,2016-04-01,11609,Friday,7,4,2016,Unknown,Unknown,Unknown,Unknown,1,1,0,22.82,31.26,0,0,0.0,0.0,0.0,0.0,0.0,0.0,8.440000000000001,0.0,5.0,3.0,2.0,0.0,0.0,0.0,50.0,0,dead_stock
FOODS_1_004_WI_1_validation,FOODS_1_004,FOODS_1,FOODS,WI_1,WI,d_1891,0.0,2016-04-02,11610,Saturday,1,4,2016,Unknown,Unknown,Unknown,Unknown,1,0,1,22.82,31.26,1,1,0.0,0.0,0.0,0.0,0.0,0.0,8.440000000000001,0.0,5.0,3.0,2.0,0.0,0.0,0.0,50.0,0,dead_stock
FOODS_1_004_WI_1_validation,FOODS_1_004,FOODS_1,FOODS,WI_1,WI,d_1892,0.0,2016-04-03,11610,Sunday,2,4,2016,Unknown,Unknown,Unknown,Unknown,1,1,1,22.82,31.26,1,1,0.0,0.0,0.0,0.0,0.0,0.0,8.440000000000001,0.0,5.0,3.0,2.0,0.0,0.0,0.0,50.0,0,dead_stock
FOODS_1_004_WI_1_validation,FOODS_1_004,FOODS_1,FOODS,WI_1,WI,d_1893,0.0,2016-04-04,11610,Monday,3,4,2016,Unknown,Unknown,Unknown,Unknown,1,0,0,22.82,31.26,0,0,0.0,0.0,0.0,0.0,0.0,0.0,8.440000000000001,0.0,5.0,3.0,2.0,0.0,0.0,0.0,50.0,0,dead_stock
FOODS_1_004_WI_1_validation,FOODS_1_004,FOODS_1,FOODS,WI_1,WI,d_1894,0.0,2016-04-05,11610,Tuesday,4,4,2016,Unknown,Unknown,Unknown,Unknown,1,1,1,22.82,31.26,1,0,0.0,0.0,0.0,0.0,0.0,0.0,8.440000000000001,0.0,5.0,3.0,2.0,0.0,0.0,0.0,50.0,0,dead_stock
FOODS_1_004_WI_1_validation,FOODS_1_004,FOODS_1,FOODS,WI_1,WI,d_1895,0.0,2016-04-06,11610,Wednesday,5,4,2016,Unknown,Unknown,Unknown,Unknown,1,1,1,22.82,31.26,1,0,0.0,0.0,0.0,0.0,0.0,0.0,8.440000000000001,0.0,5.0,3.0,2.0,0.0,0.0,0.0,50.0,0,dead_stock
FOODS_1_004_WI_1_validation,FOODS_1_004,FOODS_1,FOODS,WI_1,WI,d_1896,0.0,2016-04-07,11610,Thursday,6,4,2016,Unknown,Unknown,Unknown,Unknown,1,1,0,22.82,31.26,0,0,0.0,0.0,0.0,0.0,0.0,0.0,8.440000000000001,0.0,5.0,3.0,2.0,0.0,0.0,0.0,50.0,0,dead_stock
FOODS_1_004_WI_1_validation,FOODS_1_004,FOODS_1,FOODS,WI_1,WI,d_1897,0.0,2016-04-08,11610,Friday,7,4,2016,Unknown,Unknown,Unknown,Unknown,1,0,1,22.82,31.26,1,0,0.0,0.0,0.0,0.0,0.0,0.0,8.440000000000001,0.0,5.0,3.0,2.0,0.0,0.0,0.0,50.0,0,dead_stock
FOODS_1_004_WI_1_validation,FOODS_1_004,FOODS_1,FOODS,WI_1,WI,d_1898,0.0,2016-04-09,11611,Saturday,1,4,2016,Unknown,Unknown,Unknown,Unknown,1,1,1,22.82,31.26,1,1,0.0,0.0,0.0,0.0,0.0,0.0,8.440000000000001,0.0,5.0,3.0,2.0,0.0,0.0,0.0,50.0,0,dead_stock
FOODS_1_004_WI_1_validation,FOODS_1_004,FOODS_1,FOODS,WI_1,WI,d_1899,0.0,2016-04-10,11611,Sunday,2,4,2016,Unknown,Unknown,Unknown,Unknown,1,0,0,22.82,31.26,0,1,0.0,0.0,0.0,0.0,0.0,0.0,8.440000000000001,0.0,5.0,3.0,2.0,0.0,0.0,0.0,50.0,0,dead_stock
FOODS_1_004_WI_1_validation,FOODS_1_004,FOODS_1,FOODS,WI_1,WI,d_1900,0.0,2016-04-11,11611,Monday,3,4,2016,Unknown,Unknown,Unknown,Unknown,0,1,1,22.82,31.26,1,0,0.0,0.0,0.0,0.0,0.0,0.0,8.440000000000001,0.0,5.0,3.0,2.0,0.0,0.0,0.0,50.0,0,dead_stock
FOODS_1_004_WI_1_validation,FOODS_1_004,FOODS_1,FOODS,WI_1,WI,d_1901,0.0,2016-04-12,11611,Tuesday,4,4,2016,Unknown,Unknown,Unknown,Unknown,0,1,1,22.82,31.26,1,0,0.0,0.0,0.0,0.0,0.0,0.0,8.440000000000001,0.0,5.0,3.0,2.0,0.0,0.0,0.0,50.0,0,dead_stock
FOODS_1_004_WI_1_validation,FOODS_1_004,FOODS_1,FOODS,WI_1,WI,d_1902,0.0,2016-04-13,11611,Wednesday,5,4,2016,Unknown,Unknown,Unknown,Unknown,0,1,0,22.82,31.26,0,0,0.0,0.0,0.0,0.0,0.0,0.0,8.440000000000001,0.0,5.0,3.0,2.0,0.0,0.0,0.0,50.0,0,dead_stock
FOODS_1_004_WI_1_validation,FOODS_1_004,FOODS_1,FOODS,WI_1,WI,d_1903,0.0,2016-04-14,11611,Thursday,6,4,2016,Unknown,Unknown,Unknown,Unknown,0,0,1,22.82,31.26,1,0,0.0,0.0,0.0,0.0,0.0,0.0,8.440000000000001,0.0,5.0,3.0,2.0,0.0,0.0,0.0,50.0,0,dead_stock
FOODS_1_004_WI_1_validation,FOODS_1_004,FOODS_1,FOODS,WI_1,WI,d_1904,0.0,2016-04-15,11611,Friday,7,4,2016,Unknown,Unknown,Unknown,Unknown,0,1,1,22.82,31.26,1,0,0.0,0.0,0.0,0.0,0.0,0.0,8.440000000000001,0.0,5.0,3.0,2.0,0.0,0.0,0.0,50.0,0,dead_stock
FOODS_1_004_WI_1_validation,FOODS_1_004,FOODS_1,FOODS,WI_1,WI,d_1905,0.0,2016-04-16,11612,Saturday,1,4,2016,Unknown,Unknown,Unknown,Unknown,0,0,0,22.82,31.26,0,1,0.0,0.0,0.0,0.0,0.0,0.0,8.440000000000001,0.0,5.0,3.0,2.0,0.0,0.0,0.0,50.0,0,dead_stock
FOODS_1_004_WI_1_validation,FOODS_1_004,FOODS_1,FOODS,WI_1,WI,d_1906,0.0,2016-04-17,11612,Sunday,2,4,2016,Unknown,Unknown,Unknown,Unknown,0,0,0,22.82,31.26,0,1,0.0,0.0,0.0,0.0,0.0,0.0,8.440000000000001,0.0,5.0,3.0,2.0,0.0,0.0,0.0,50.0,0,dead_stock
FOODS_1_006_WI_1_validation,FOODS_1_006,FOODS_1,FOODS,WI_1,WI,d_1577,0.0,2015-05-24,11517,Sunday,2,5,2015,Unknown,Unknown,Unknown,Unknown,0,0,0,10.96,16.55,0,1,0.0,1.0,0.0,1.2857142857142858,1.0,1.1547005383792515,5.59,1.2844298558584275,24.0,12.0,12.0,0.0416649306278905,7.0,1.0,21.818181818181817,0,slow_moving
FOODS_1_006_WI_1_validation,FOODS_1_006,FOODS_1,FOODS,WI_1,WI,d_1578,1.0,2015-05-25,11517,Monday,3,5,2015,MemorialDay,National,Unknown,Unknown,0,0,0,10.96,16.55,0,0,0.0,0.0,0.0,1.1428571428571428,1.0,1.1547005383792515,5.59,1.1417154274297132,24.0,11.0,13.0,0.0416649306278905,6.0,0.8571428571428571,25.074626865671643,0,slow_moving
FOODS_1_006_WI_1_validation,FOODS_1_006,FOODS_1,FOODS,WI_1,WI,d_1579,1.0,2015-05-26,11517,Tuesday,4,5,2015,Unknown,Unknown,Unknown,Unknown,0,0,0,10.96,16.55,0,0,1.0,1.0,0.0,1.2857142857142858,1.0357142857142858,1.1379690439434391,5.59,1.2401818933443574,25.0,12.0,13.0,0.04142691435199735,10.0,1.4285714285714286,16.355140186915886,0,slow_moving
FOODS_1_006_WI_1_validation,FOODS_1_006,FOODS_1,FOODS,WI_1,WI,d_1580,1.0,2015-05-27,11517,Wednesday,5,5,2015,Unknown,Unknown,Unknown,Unknown,0,0,0,10.96,16.55,0,0,1.0,4.0,1.0,1.2857142857142858,1.0714285714285714,1.1198072396480807,5.59,1.1988810443585989,25.0,12.0,13.0,0.04285542863999725,11.0,1.5714285714285714,14.957264957264957,0,slow_moving
FOODS_1_006_WI_1_validation,FOODS_1_006,FOODS_1,FOODS,WI_1,WI,d_1581,1.0,2015-05-28,11517,Thursday,6,5,2015,Unknown,Unknown,Unknown,Unknown,0,0,0,10.96,16.55,0,0,1.0,3.0,1.0,0.8571428571428571,1.0714285714285714,1.1198072396480807,5.59,0.7992540295723991,25.0,9.0,16.0,0.04285542863999725,15.0,2.142857142857143,11.146496815286625,0,slow_moving
FOODS_1_006_WI_1_validation,FOODS_1_006,FOODS_1,FOODS,WI_1,WI,d_1582,0.0,2015-05-29,11517,Friday,7,5,2015,Unknown,Unknown,Unknown,Unknown,0,0,0,10.96,16.55,0,0,1.0,0.0,0.0,0.5714285714285714,1.0714285714285714,1.1198072396480807,5.59,0.5328360197149328,25.0,7.0,18.0,0.04285542863999725,15.0,2.142857142857143,11.146496815286625,0,slow_moving
FOODS_1_006_WI_1_validation,FOODS_1_006,FOODS_1,FOODS,WI_1,WI,d_1583,1.0,2015-05-30,11518,Saturday,1,5,2015,Unknown,Unknown,Unknown,Unknown,0,0,0,10.96,16.55,0,1,0.0,0.0,0.0,0.5714285714285714,1.0714285714285714,1.1198072396480807,5.59,0.5328360197149328,25.0,7.0,18.0,0.04285542863999725,17.0,2.4285714285714284,9.887005649717514,0,slow_moving
FOODS_1_006_WI_1_validation,FOODS_1_006,FOODS_1,FOODS,WI_1,WI,d_1584,2.0,2015-05-31,11518,Sunday,2,5,2015,Unknown,Unknown,Unknown,Unknown,0,0,0,10.96,16.55,0,1,1.0,0.0,2.0,0.7142857142857143,1.1071428571428572,1.1001442906807546,5.59,0.6445790898543252,26.0,8.0,18.0,0.04258077986011527,16.0,2.2857142857142856,10.89820359281437,0,slow_moving
FOODS_1_006_WI_1_validation,FOODS_1_006,FOODS_1,FOODS,WI_1,WI,d_1585,0.0,2015-06-01,11518,Monday,3,6,2015,Unknown,Unknown,Unknown,Unknown,1,1,0,10.96,16.55,0,0,2.0,1.0,1.0,1.0,1.1071428571428572,1.1001442906807546,5.59,0.9024107257960552,26.0,10.0,16.0,0.04258077986011527,17.0,2.4285714285714284,10.282485875706215,0,slow_moving
FOODS_1_006_WI_1_validation,FOODS_1_006,FOODS_1,FOODS,WI_1,WI,d_1586,5.0,2015-06-02,11518,Tuesday,4,6,2015,Unknown,Unknown,Unknown,Unknown,1,0,1,10.96,16.55,1,0,0.0,1.0,0.0,0.8571428571428571,1.0714285714285714,1.1198072396480807,5.59,0.7992540295723991,25.0,9.0,16.0,0.04285542863999725,12.0,1.7142857142857142,13.779527559055119,0,slow_moving
FOODS_1_006_WI_1_validation,FOODS_1_006,FOODS_1,FOODS,WI_1,WI,d_1587,2.0,2015-06-03,11518,Wednesday,5,6,2015,Unknown,Unknown,Unknown,Unknown,1,1,1,10.96,16.55,1,0,5.0,1.0,2.0,1.4285714285714286,1.25,1.3228756555322954,5.59,1.1419435879867537,29.0,13.0,16.0,0.0431019620013103,15.0,2.142857142857143,12.929936305732484,0,slow_moving
FOODS_1_006_WI_1_validation,FOODS_1_006,FOODS_1,FOODS,WI_1,WI,d_1588,5.0,2015-06-04,11518,Thursday,6,6,2015,NBAFinalsStart,Sporting,Unknown,Unknown,1,0,0,10.96,16.55,0,0,2.0,1.0,0.0,1.5714285714285714,1.25,1.3228756555322954,5.59,1.2561379467854288,29.0,14.0,15.0,0.0431019620013103,12.0,1.7142857142857142,15.984251968503937,0,slow_moving
FOODS_1_006_WI_1_validation,FOODS_1_006,FOODS_1,FOODS,WI_1,WI,d_1589,0.0,2015-06-05,11518,Friday,7,6,2015,Unknown,Unknown,Unknown,Unknown,1,1,1,10.96,16.55,1,0,5.0,0.0,1.0,2.142857142857143,1.4285714285714286,1.4764464703788553,5.59,1.49895073448586,33.0,18.0,15.0,0.043288731510300556,14.0,2.0,15.714285714285714,0,slow_moving
FOODS_1_006_WI_1_validation,FOODS_1_006,FOODS_1,FOODS,WI_1,WI,d_1590,3.0,2015-06-06,11519,Saturday,1,6,2015,Unknown,Unknown,Unknown,Unknown,1,1,1,10.96,16.55,1,1,0.0,1.0,1.0,2.142857142857143,1.3928571428571428,1.4991179064218054,5.59,1.5373577944040178,33.0,18.0,15.0,0.04220651322254304,11.0,1.5714285714285714,19.743589743589745,0,slow_moving
FOODS_1_006_WI_1_validation,FOODS_1_006,FOODS_1,FOODS,WI_1,WI,d_1591,1.0,2015-06-07,11519,Sunday,2,6,2015,Unknown,Unknown,Unknown,Unknown,1,1,0,10.96,16.55,0,1,3.0,2.0,1.0,2.4285714285714284,1.4642857142857142,1.5270921982678656,5.59,1.6574046992297944,34.0,21.0,13.0,0.043065960244866745,11.0,1.5714285714285714,20.34188034188034,0,slow_moving
FOODS_1_006_WI_1_validation,FOODS_1_006,FOODS_1,FOODS,WI_1,WI,d_1592,1.0,2015-06-08,11519,Monday,3,6,2015,Unknown,Unknown,Unknown,Unknown,1,0,1,10.96,16.55,1,0,1.0,0.0,0.0,2.2857142857142856,1.4642857142857142,1.5270921982678656,5.59,1.5599103051574537,34.0,20.0,14.0,0.043065960244866745,12.0,1.7142857142857142,18.74015748031496,0,slow_moving
FOODS_1_006_WI_1_validation,FOODS_1_006,FOODS_1,FOODS,WI_1,WI,d_1593,0.0,2015-06-09,11519,Tuesday,4,6,2015,Unknown,Unknown,Unknown,Unknown,1,1,1,10.96,16.55,1,0,1.0,5.0,3.0,2.4285714285714284,1.5,1.5030832509409646,5.59,1.6179689730655753,35.0,21.0,14.0,0.04285591840233136,13.0,1.8571428571428572,17.883211678832115,0,slow_moving
FOODS_1_006_WI_1_validation,FOODS_1_006,FOODS_1,FOODS,WI_1,WI,d_1594,5.0,2015-06-10,11519,Wednesday,5,6,2015,Unknown,Unknown,Unknown,Unknown,1,0,0,10.96,16.55,0,0,0.0,2.0,3.0,1.7142857142857142,1.3928571428571428,1.4991179064218054,5.59,1.229886235523214,33.0,15.0,18.0,0.04220651322254304,9.0,1.2857142857142858,23.81443298969072,0,slow_moving
FOODS_1_006_WI_1_validation,FOODS_1_006,FOODS_1,FOODS,WI_1,WI,d_1595,2.0,2015-06-11,11519,Thursday,6,6,2015,Unknown,Unknown,Unknown,Unknown,0,1,1,10.96,16.55,1,0,5.0,5.0,1.0,2.142857142857143,1.4642857142857142,1.621205378200701,5.59,1.4624159110851127,34.0,19.0,15.0,0.043065960244866745,9.0,1.2857142857142858,24.536082474226802,0,slow_moving
FOODS_1_006_WI_1_validation,FOODS_1_006,FOODS_1,FOODS,WI_1,WI,d_1596,2.0,2015-06-12,11519,Friday,7,6,2015,Unknown,Unknown,Unknown,Unknown,0,1,1,10.96,16.55,1,0,2.0,0.0,2.0,1.7142857142857142,1.5,1.6216132799251581,5.59,1.1420957456933474,35.0,16.0,19.0,0.04285591840233136,8.0,1.1428571428571428,28.160919540229884,0,slow_moving
FOODS_1_006_WI_1_validation,FOODS_1_006,FOODS_1,FOODS,WI_1,WI,d_1597,0.0,2015-06-13,11520,Saturday,1,6,2015,Unknown,Unknown,Unknown,Unknown,0,1,0,10.96,16.55,0,1,2.0,3.0,0.0,2.0,1.5,1.6216132799251581,5.59,1.3324450366422387,35.0,18.0,17.0,0.04285591840233136,8.0,1.1428571428571428,28.160919540229884,0,slow_moving
FOODS_1_006_WI_1_validation,FOODS_1_006,FOODS_1,FOODS,WI_1,WI,d_1598,1.0,2015-06-14,11520,Sunday,2,6,2015,Unknown,Unknown,Unknown,Unknown,0,0,1,10.96,16.55,1,1,0.0,1.0,1.0,1.5714285714285714,1.5,1.6216132799251581,5.59,1.0469211002189018,35.0,15.0,20.0,0.04285591840233136,8.0,1.1428571428571428,28.160919540229884,0,slow_moving
FOODS_1_006_WI_1_validation,FOODS_1_006,FOODS_1,FOODS,WI_1,WI,d_1599,2.0,2015-06-15,11520,Monday,3,6,2015,Unknown,Unknown,Unknown,Unknown,0,1,1,10.96,16.55,1,0,1.0,1.0,0.0,1.5714285714285714,1.5,1.6216132799251581,5.59,1.0469211002189018,35.0,15.0,20.0,0.04285591840233136,8.0,1.1428571428571428,28.160919540229884,0,slow_moving
FOODS_1_006_WI_1_validation,FOODS_1_006,FOODS_1,FOODS,WI_1,WI,d_1600,1.0,2015-06-16,11520,Tuesday,4,6,2015,NBAFinalsEnd,Sporting,Unknown,Unknown,0,0,0,10.96,16.55,0,0,2.0,0.0,1.0,1.7142857142857142,1.5714285714285714,1.5969547740197747,5.59,1.0902153175252112,37.0,16.0,21.0,0.04246989463605231,9.0,1.2857142857142858,26.70103092783505,0,slow_moving
FOODS_1_006_WI_1_validation,FOODS_1_006,FOODS_1,FOODS,WI_1,WI,d_1601,1.0,2015-06-17,11520,Wednesday,5,6,2015,Unknown,Unknown,Unknown,Unknown,0,0,0,10.96,16.55,0,0,1.0,5.0,4.0,1.8571428571428572,1.5714285714285714,1.5969547740197747,5.59,1.1810665939856457,37.0,17.0,20.0,0.04246989463605231,15.0,2.142857142857143,16.496815286624205,0,slow_moving
FOODS_1_006_WI_1_validation,FOODS_1_006,FOODS_1,FOODS,WI_1,WI,d_1602,2.0,2015-06-18,11520,Thursday,6,6,2015,Ramadan starts,Religious,Unknown,Unknown,0,0,0,10.96,16.55,0,0,1.0,2.0,3.0,1.2857142857142858,1.4642857142857142,1.5270921982678656,5.59,0.8774495466510678,34.0,13.0,21.0,0.043065960244866745,13.0,1.8571428571428572,17.372262773722625,0,slow_moving
FOODS_1_006_WI_1_validation,FOODS_1_006,FOODS_1,FOODS,WI_1,WI,d_1603,1.0,2015-06-19,11520,Friday,7,6,2015,Unknown,Unknown,Unknown,Unknown,0,0,0,10.96,16.55,0,0,2.0,2.0,0.0,1.2857142857142858,1.4285714285714286,1.5013221686128044,5.59,0.8993704406915161,34.0,13.0,21.0,0.04201557097060171,18.0,2.5714285714285716,12.727272727272727,0,slow_moving
FOODS_1_006_WI_1_validation,FOODS_1_006,FOODS_1,FOODS,WI_1,WI,d_1604,0.0,2015-06-20,11521,Saturday,1,6,2015,Unknown,Unknown,Unknown,Unknown,0,0,0,10.96,16.55,0,1,1.0,0.0,0.0,1.1428571428571428,1.4642857142857142,1.4777897123279868,5.59,0.7799551525787268,34.0,11.0,23.0,0.043065960244866745,19.0,2.7142857142857144,12.081218274111674,0,slow_moving
FOODS_1_006_WI_1_validation,FOODS_1_006,FOODS_1,FOODS,WI_1,WI,d_1605,1.0,2015-06-21,11521,Sunday,2,6,2015,Father's day,Cultural,Unknown,Unknown,0,0,0,10.96,16.55,0,1,0.0,1.0,0.0,1.1428571428571428,1.4642857142857142,1.4777897123279868,5.59,0.7799551525787268,34.0,11.0,23.0,0.043065960244866745,21.0,3.0,10.96774193548387,0,slow_moving
FOODS_1_006_WI_1_validation,FOODS_1_006,FOODS_1,FOODS,WI_1,WI,d_1606,2.0,2015-06-22,11521,Monday,3,6,2015,Unknown,Unknown,Unknown,Unknown,0,0,0,10.96,16.55,0,0,1.0,2.0,1.0,1.1428571428571428,1.5,1.4529663145135578,5.59,0.7613971637955649,35.0,11.0,24.0,0.04285591840233136,19.0,2.7142857142857144,12.436548223350252,0,slow_moving
FOODS_1_006_WI_1_validation,FOODS_1_006,FOODS_1,FOODS,WI_1,WI,d_1607,2.0,2015-06-23,11521,Tuesday,4,6,2015,Unknown,Unknown,Unknown,Unknown,0,0,0,10.96,16.55,0,0,2.0,1.0,1.0,1.1428571428571428,1.5357142857142858,1.452511053241372,5.59,0.7437017755879892,36.0,11.0,25.0,0.04265754522691831,20.0,2.857142857142857,12.17391304347826,0,slow_moving
FOODS_1_006_WI_1_validation,FOODS_1_006,FOODS_1,FOODS,WI_1,WI,d_1608,7.0,2015-06-24,11521,Wednesday,5,6,2015,Unknown,Unknown,Unknown,Unknown,0,0,0,10.96,16.55,0,0,2.0,1.0,1.0,1.2857142857142858,1.5714285714285714,1.4511444124621458,5.59,0.8176614881439086,36.0,12.0,24.0,0.04364958116242803,14.0,2.0,17.142857142857142,0,slow_moving
FOODS_1_006_WI_1_validation,FOODS_1_006,FOODS_1,FOODS,WI_1,WI,d_1609,0.0,2015-06-25,11521,Thursday,6,6,2015,Unknown,Unknown,Unknown,Unknown,0,0,0,10.96,16.55,0,0,7.0,2.0,1.0,2.142857142857143,1.7857142857142858,1.7713176275208626,5.59,1.1993283761093787,42.0,19.0,23.0,0.04251599451713735,17.0,2.4285714285714284,16.610169491525426,0,slow_moving
FOODS_1_006_WI_1_validation,FOODS_1_006,FOODS_1,FOODS,WI_1,WI,d_1610,6.0,2015-06-26,11521,Friday,7,6,2015,Unknown,Unknown,Unknown,Unknown,0,0,0,10.96,16.55,0,0,0.0,1.0,0.0,1.8571428571428572,1.75,1.7976321874848262,5.59,1.060618422126132,41.0,17.0,24.0,0.04268188580766323,13.0,1.8571428571428572,20.94890510948905,0,slow_moving
FOODS_1_006_WI_1_validation,FOODS_1_006,FOODS_1,FOODS,WI_1,WI,d_1611,1.0,2015-06-27,11522,Saturday,1,6,2015,Unknown,Unknown,Unknown,Unknown,0,0,0,10.96,16.55,0,1,6.0,0.0,1.0,2.5714285714285716,1.9642857142857142,1.9337574794730568,5.59,1.3084248019190232,46.0,22.0,24.0,0.042700935072840035,17.0,2.4285714285714284,18.19209039548023,0,slow_moving
FOODS_1_006_WI_1_validation,FOODS_1_006,FOODS_1,FOODS,WI_1,WI,d_1612,3.0,2015-06-28,11522,Sunday,2,6,2015,Unknown,Unknown,Unknown,Unknown,0,0,0,10.96,16.55,0,1,1.0,1.0,2.0,2.7142857142857144,1.9642857142857142,1.9337574794730568,5.59,1.3811150686923024,46.0,23.0,23.0,0.042700935072840035,15.0,2.142857142857143,20.50955414012739,0,slow_moving
FOODS_1_006_WI_1_validation,FOODS_1_006,FOODS_1,FOODS,WI_1,WI,d_1613,0.0,2015-06-29,11522,Monday,3,6,2015,Unknown,Unknown,Unknown,Unknown,0,0,0,10.96,16.55,0,0,3.0,2.0,0.0,3.0,2.0,1.9436506316151003,5.59,1.4992503748125938,46.0,25.0,21.0,0.043477315710528035,20.0,2.857142857142857,15.555555555555555,0,slow_moving
FOODS_1_006_WI_1_validation,FOODS_1_006,FOODS_1,FOODS,WI_1,WI,d_1614,3.0,2015-06-30,11522,Tuesday,4,6,2015,Unknown,Unknown,Unknown,Unknown,0,0,0,10.96,16.55,0,0,0.0,2.0,5.0,2.7142857142857144,2.0,1.9436506316151003,5.59,1.3564646248304422,46.0,23.0,23.0,0.043477315710528035,17.0,2.4285714285714284,18.19209039548023,0,slow_moving
FOODS_1_006_WI_1_validation,FOODS_1_006,FOODS_1,FOODS,WI_1,WI,d_1615,1.0,2015-07-01,11522,Wednesday,5,7,2015,Unknown,Unknown,Unknown,Unknown,1,1,0,10.96,16.55,0,0,3.0,7.0,2.0,2.857142857142857,1.9285714285714286,1.864454471471609,5.59,1.4807137040053306,45.0,24.0,21.0,0.04285619049735403,17.0,2.4285714285714284,17.796610169491526,0,slow_moving
FOODS_1_006_WI_1_validation,FOODS_1_006,FOODS_1,FOODS,WI_1,WI,d_1616,3.0,2015-07-02,11522,Thursday,6,7,2015,Unknown,Unknown,Unknown,Unknown,1,0,1,10.96,16.55,1,0,1.0,0.0,5.0,2.0,1.8928571428571428,1.8725954599469041,5.59,1.0560458625631743,44.0,18.0,26.0,0.04301850282623447,15.0,2.142857142857143,19.61783439490446,0,slow_moving
FOODS_1_006_WI_1_validation,FOODS_1_006,FOODS_1,FOODS,WI_1,WI,d_1617,2.0,2015-07-03,11522,Friday,7,7,2015,Unknown,Unknown,Unknown,Unknown,1,1,1,10.96,16.55,1,0,3.0,6.0,0.0,2.4285714285714284,1.8214285714285714,1.7858201026848814,5.59,1.3326017088657207,42.0,21.0,21.0,0.043366314407480094,15.0,2.142857142857143,18.726114649681527,0,slow_moving
FOODS_1_006_WI_1_validation,FOODS_1_006,FOODS_1,FOODS,WI_1,WI,d_1618,5.0,2015-07-04,11523,Saturday,1,7,2015,IndependenceDay,National,Unknown,Unknown,1,0,0,10.96,16.55,0,1,2.0,1.0,3.0,1.8571428571428572,1.8928571428571428,1.7499055152119825,5.59,0.9806140152372332,44.0,17.0,27.0,0.04301850282623447,15.0,2.142857142857143,19.61783439490446,0,slow_moving
FOODS_1_006_WI_1_validation,FOODS_1_006,FOODS_1,FOODS,WI_1,WI,d_1619,1.0,2015-07-05,11523,Sunday,2,7,2015,Unknown,Unknown,Unknown,Unknown,1,1,1,10.96,16.55,1,1,5.0,3.0,1.0,2.4285714285714284,1.9642857142857142,1.8354965592579082,5.59,1.235734535145744,45.0,21.0,24.0,0.043649823654712434,14.0,2.0,21.428571428571427,0,slow_moving
FOODS_1_006_WI_1_validation,FOODS_1_006,FOODS_1,FOODS,WI_1,WI,d_1620,5.0,2015-07-06,11523,Monday,3,7,2015,Unknown,Unknown,Unknown,Unknown,1,1,1,10.96,16.55,1,0,1.0,0.0,1.0,2.142857142857143,1.9642857142857142,1.8354965592579082,5.59,1.090354001599186,45.0,19.0,26.0,0.043649823654712434,9.0,1.2857142857142858,32.47422680412371,0,slow_moving
FOODS_1_006_WI_1_validation,FOODS_1_006,FOODS_1,FOODS,WI_1,WI,d_1621,0.0,2015-07-07,11523,Tuesday,4,7,2015,Unknown,Unknown,Unknown,Unknown,1,1,0,10.96,16.55,0,0,5.0,3.0,0.0,2.857142857142857,2.107142857142857,1.911743158680555,5.59,1.3552890153825303,49.0,24.0,25.0,0.04300203785928568,12.0,1.7142857142857142,27.007874015748033,0,slow_moving
FOODS_1_006_WI_1_validation,FOODS_1_006,FOODS_1,FOODS,WI_1,WI,d_1622,1.0,2015-07-08,11523,Wednesday,5,7,2015,Unknown,Unknown,Unknown,Unknown,1,0,1,10.96,16.55,1,0,0.0,1.0,5.0,2.4285714285714284,2.107142857142857,1.911743158680555,5.59,1.1519956630751507,49.0,21.0,28.0,0.04300203785928568,13.0,1.8571428571428572,25.03649635036496,0,slow_moving
FOODS_1_006_WI_1_validation,FOODS_1_006,FOODS_1,FOODS,WI_1,WI,d_1623,1.0,2015-07-09,11523,Thursday,6,7,2015,Unknown,Unknown,Unknown,Unknown,1,1,1,10.96,16.55,1,0,1.0,3.0,2.0,2.4285714285714284,1.9642857142857142,1.8354965592579082,5.59,1.235734535145744,45.0,21.0,24.0,0.043649823654712434,12.0,1.7142857142857142,24.80314960629921,0,slow_moving
FOODS_1_006_WI_1_validation,FOODS_1_006,FOODS_1,FOODS,WI_1,WI,d_1624,2.0,2015-07-10,11523,Friday,7,7,2015,Unknown,Unknown,Unknown,Unknown,1,0,0,10.96,16.55,0,0,1.0,2.0,2.0,2.142857142857143,1.9285714285714286,1.8444826922788957,5.59,1.1105352780039979,45.0,19.0,26.0,0.04285619049735403,13.0,1.8571428571428572,22.992700729927005,0,slow_moving
FOODS_1_006_WI_1_validation,FOODS_1_006,FOODS_1,FOODS,WI_1,WI,d_1625,5.0,2015-07-11,11524,Saturday,1,7,2015,Unknown,Unknown,Unknown,Unknown,0,1,1,10.96,16.55,1,1,2.0,5.0,0.0,2.142857142857143,1.9285714285714286,1.8444826922788957,5.59,1.1105352780039979,45.0,19.0,26.0,0.04285619049735403,13.0,1.8571428571428572,22.992700729927005,0,slow_moving
FOODS_1_006_WI_1_validation,FOODS_1_006,FOODS_1,FOODS,WI_1,WI,d_1626,0.0,2015-07-12,11524,Sunday,2,7,2015,Unknown,Unknown,Unknown,Unknown,0,1,1,10.96,16.55,1,1,5.0,1.0,1.0,2.142857142857143,2.107142857142857,1.8922705490198362,5.59,1.0164667615368976,49.0,19.0,30.0,0.04300203785928568,14.0,2.0,23.333333333333332,0,slow_moving
FOODS_1_006_WI_1_validation,FOODS_1_006,FOODS_1,FOODS,WI_1,WI,d_1627,0.0,2015-07-13,11524,Monday,3,7,2015,Unknown,Unknown,Unknown,Unknown,0,1,0,10.96,16.55,0,0,0.0,5.0,2.0,2.0,2.0714285714285716,1.923125762505588,5.59,0.9650513545185083,48.0,18.0,30.0,0.04315386286595221,15.0,2.142857142857143,21.401273885350317,0,slow_moving
FOODS_1_006_WI_1_validation,FOODS_1_006,FOODS_1,FOODS,WI_1,WI,d_1628,3.0,2015-07-14,11524,Tuesday,4,7,2015,Unknown,Unknown,Unknown,Unknown,0,0,1,10.96,16.55,1,0,0.0,0.0,1.0,1.2857142857142858,2.0,1.962613525850633,5.59,0.6425358749196831,46.0,13.0,33.0,0.043477315710528035,13.0,1.8571428571428572,23.503649635036496,0,slow_moving
FOODS_1_006_WI_1_validation,FOODS_1_006,FOODS_1,FOODS,WI_1,WI,d_1629,2.0,2015-07-15,11524,Wednesday,5,7,2015,Unknown,Unknown,Unknown,Unknown,0,1,1,10.96,16.55,1,0,3.0,1.0,1.0,1.7142857142857142,2.0714285714285716,1.9612651137877428,5.59,0.8271868753015784,48.0,16.0,32.0,0.04315386286595221,12.0,1.7142857142857142,26.456692913385826,0,slow_moving
FOODS_1_006_WI_1_validation,FOODS_1_006,FOODS_1,FOODS,WI_1,WI,d_1630,0.0,2015-07-16,11524,Thursday,6,7,2015,Unknown,Unknown,Unknown,Unknown,0,0,0,10.96,16.55,0,0,2.0,1.0,2.0,1.8571428571428572,2.107142857142857,1.9501051389373993,5.59,0.8809378599986447,49.0,17.0,32.0,0.04300203785928568,13.0,1.8571428571428572,25.03649635036496,0,slow_moving
FOODS_1_006_WI_1_validation,FOODS_1_006,FOODS_1,FOODS,WI_1,WI,d_1631,3.0,2015-07-17,11524,Friday,7,7,2015,Unknown,Unknown,Unknown,Unknown,0,0,0,10.96,16.55,0,0,0.0,2.0,1.0,1.7142857142857142,2.0357142857142856,1.9903869502285763,5.59,0.8416918005190434,47.0,16.0,31.0,0.04331214837374281,10.0,1.4285714285714286,30.747663551401867,0,slow_moving
FOODS_1_006_WI_1_validation,FOODS_1_006,FOODS_1,FOODS,WI_1,WI,d_1632,5.0,2015-07-18,11525,Saturday,1,7,2015,Eid al-Fitr,Religious,Unknown,Unknown,0,0,0,10.96,16.55,0,1,3.0,5.0,0.0,1.8571428571428572,2.107142857142857,1.9877268929755423,5.59,0.8809378599986447,49.0,17.0,32.0,0.04300203785928568,8.0,1.1428571428571428,39.42528735632184,0,slow_moving
FOODS_1_006_WI_1_validation,FOODS_1_006,FOODS_1,FOODS,WI_1,WI,d_1633,1.0,2015-07-19,11525,Sunday,2,7,2015,Unknown,Unknown,Unknown,Unknown,0,0,0,10.96,16.55,0,1,5.0,0.0,1.0,1.8571428571428572,2.2857142857142856,2.015810522715879,5.59,0.8121446866995691,53.0,18.0,35.0,0.04312587094044048,9.0,1.2857142857142858,38.24742268041236,0,slow_moving
FOODS_1_006_WI_1_validation,FOODS_1_006,FOODS_1,FOODS,WI_1,WI,d_1634,1.0,2015-07-20,11525,Monday,3,7,2015,Unknown,Unknown,Unknown,Unknown,0,0,0,10.96,16.55,0,0,1.0,0.0,2.0,2.0,2.2857142857142856,2.015810522715879,5.59,0.8746173549072281,53.0,19.0,34.0,0.04312587094044048,10.0,1.4285714285714286,34.67289719626168,0,slow_moving
FOODS_1_006_WI_1_validation,FOODS_1_006,FOODS_1,FOODS,WI_1,WI,d_1635,1.0,2015-07-21,11525,Tuesday,4,7,2015,Unknown,Unknown,Unknown,Unknown,0,0,0,10.96,16.55,0,0,1.0,3.0,2.0,2.142857142857143,2.25,2.0298695451605684,5.59,0.9519578599987307,52.0,20.0,32.0,0.043268398684640684,9.0,1.2857142857142858,37.52577319587628,0,slow_moving
FOODS_1_006_WI_1_validation,FOODS_1_006,FOODS_1,FOODS,WI_1,WI,d_1636,1.0,2015-07-22,11525,Wednesday,5,7,2015,Unknown,Unknown,Unknown,Unknown,0,0,0,10.96,16.55,0,0,1.0,2.0,7.0,1.8571428571428572,2.2142857142857144,2.043184566945232,5.59,0.838331076288128,51.0,18.0,33.0,0.04341651564255043,8.0,1.1428571428571428,41.03448275862069,0,slow_moving
FOODS_1_006_WI_1_validation,FOODS_1_006,FOODS_1,FOODS,WI_1,WI,d_1637,1.0,2015-07-23,11525,Thursday,6,7,2015,Unknown,Unknown,Unknown,Unknown,0,0,0,10.96,16.55,0,0,1.0,0.0,0.0,1.7142857142857142,2.0,1.825741858350554,5.59,0.8567144998929107,46.0,16.0,30.0,0.043477315710528035,8.0,1.1428571428571428,37.01149425287356,0,slow_moving
FOODS_1_006_WI_1_validation,FOODS_1_006,FOODS_1,FOODS,WI_1,WI,d_1638,0.0,2015-07-24,11525,Friday,7,7,2015,Unknown,Unknown,Unknown,Unknown,0,0,0,10.96,16.55,0,0,1.0,3.0,6.0,1.8571428571428572,2.0357142857142856,1.7946864547601267,5.59,0.9118327838956304,47.0,17.0,30.0,0.04331214837374281,14.0,2.0,22.38095238095238,0,slow_moving
FOODS_1_006_WI_1_validation,FOODS_1_006,FOODS_1,FOODS,WI_1,WI,d_1639,3.0,2015-07-25,11526,Saturday,1,7,2015,Unknown,Unknown,Unknown,Unknown,0,0,0,10.96,16.55,0,1,0.0,5.0,1.0,1.4285714285714286,1.8214285714285714,1.6567163289800084,5.59,0.7838833581563064,42.0,14.0,28.0,0.043366314407480094,13.0,1.8571428571428572,21.459854014598537,0,slow_moving
FOODS_1_006_WI_1_validation,FOODS_1_006,FOODS_1,FOODS,WI_1,WI,d_1640,2.0,2015-07-26,11526,Sunday,2,7,2015,Unknown,Unknown,Unknown,Unknown,0,0,0,10.96,16.55,0,1,3.0,1.0,3.0,1.1428571428571428,1.8928571428571428,1.663091403342888,5.59,0.6034547786075282,44.0,12.0,32.0,0.04301850282623447,19.0,2.7142857142857144,15.63451776649746,0,slow_moving
FOODS_1_006_WI_1_validation,FOODS_1_006,FOODS_1,FOODS,WI_1,WI,d_1641,2.0,2015-07-27,11526,Monday,3,7,2015,Unknown,Unknown,Unknown,Unknown,0,0,0,10.96,16.55,0,0,2.0,1.0,0.0,1.2857142857142858,1.8571428571428572,1.6491139195267017,5.59,0.6919351118628432,43.0,13.0,30.0,0.04318836439019691,20.0,2.857142857142857,14.541062801932366,0,slow_moving
FOODS_1_006_WI_1_validation,FOODS_1_006,FOODS_1,FOODS,WI_1,WI,d_1642,0.0,2015-07-28,11526,Tuesday,4,7,2015,Unknown,Unknown,Unknown,Unknown,0,0,0,10.96,16.55,0,0,2.0,1.0,3.0,1.4285714285714286,1.9285714285714286,1.6085091194337655,5.59,0.7403568520026653,44.0,14.0,30.0,0.0438301726908804,20.0,2.857142857142857,14.879227053140095,0,slow_moving
FOODS_1_006_WI_1_validation,FOODS_1_006,FOODS_1,FOODS,WI_1,WI,d_1643,0.0,2015-07-29,11526,Wednesday,5,7,2015,Unknown,Unknown,Unknown,Unknown,0,0,0,10.96,16.55,0,0,0.0,1.0,1.0,1.2857142857142858,1.8214285714285714,1.6342077348473545,5.59,0.7054950223406758,42.0,13.0,29.0,0.043366314407480094,21.0,3.0,13.548387096774194,0,slow_moving
FOODS_1_006_WI_1_validation,FOODS_1_006,FOODS_1,FOODS,WI_1,WI,d_1644,1.0,2015-07-30,11526,Thursday,6,7,2015,Unknown,Unknown,Unknown,Unknown,0,0,0,10.96,16.55,0,0,0.0,1.0,3.0,1.1428571428571428,1.7857142857142858,1.663489034287803,5.59,0.6396418005916686,41.0,12.0,29.0,0.043552944701697176,20.0,2.857142857142857,13.864734299516908,0,slow_moving
FOODS_1_006_WI_1_validation,FOODS_1_006,FOODS_1,FOODS,WI_1,WI,d_1645,6.0,2015-07-31,11526,Friday,7,7,2015,Unknown,Unknown,Unknown,Unknown,0,0,0,10.96,16.55,0,0,1.0,0.0,2.0,1.1428571428571428,1.7142857142857142,1.652319197418807,5.59,0.6662780044973766,40.0,12.0,28.0,0.04285607145535647,16.0,2.2857142857142856,16.766467065868262,0,slow_moving
FOODS_1_006_WI_1_validation,FOODS_1_006,FOODS_1,FOODS,WI_1,WI,d_1646,2.0,2015-08-01,11527,Saturday,1,8,2015,Unknown,Unknown,Unknown,Unknown,1,1,0,10.96,16.55,0,1,6.0,3.0,5.0,2.0,1.8571428571428572,1.8401748249129446,5.59,1.0763435073422003,43.0,18.0,25.0,0.04318836439019691,16.0,2.2857142857142856,18.023952095808383,0,slow_moving
FOODS_1_006_WI_1_validation,FOODS_1_006,FOODS_1,FOODS,WI_1,WI,d_1647,8.0,2015-08-02,11527,Sunday,2,8,2015,Unknown,Unknown,Unknown,Unknown,1,0,1,10.96,16.55,1,1,2.0,2.0,1.0,1.8571428571428572,1.75,1.7347216662217773,5.59,1.060618422126132,41.0,17.0,24.0,0.04268188580766323,8.0,1.1428571428571428,32.98850574712644,0,slow_moving
FOODS_1_006_WI_1_validation,FOODS_1_006,FOODS_1,FOODS,WI_1,WI,d_1648,3.0,2015-08-03,11527,Monday,3,8,2015,Unknown,Unknown,Unknown,Unknown,1,1,1,10.96,16.55,1,0,8.0,2.0,5.0,2.7142857142857144,2.0,2.09054308024742,5.59,1.3564646248304422,47.0,24.0,23.0,0.042552286121571886,8.0,1.1428571428571428,37.81609195402299,0,slow_moving
FOODS_1_006_WI_1_validation,FOODS_1_006,FOODS_1,FOODS,WI_1,WI,d_1649,0.0,2015-08-04,11527,Tuesday,4,8,2015,Unknown,Unknown,Unknown,Unknown,1,0,0,10.96,16.55,0,0,3.0,0.0,0.0,2.857142857142857,1.9285714285714286,2.0171224724302363,5.59,1.4807137040053306,45.0,25.0,20.0,0.04285619049735403,10.0,1.4285714285714286,29.439252336448597,0,slow_moving
FOODS_1_006_WI_1_validation,FOODS_1_006,FOODS_1,FOODS,WI_1,WI,d_1650,1.0,2015-08-05,11527,Wednesday,5,8,2015,Unknown,Unknown,Unknown,Unknown,1,1,1,10.96,16.55,1,0,0.0,0.0,1.0,2.857142857142857,1.9285714285714286,2.0171224724302363,5.59,1.4807137040053306,45.0,25.0,20.0,0.04285619049735403,10.0,1.4285714285714286,29.439252336448597,0,slow_moving
FOODS_1_006_WI_1_validation,FOODS_1_006,FOODS_1,FOODS,WI_1,WI,d_1651,0.0,2015-08-06,11527,Thursday,6,8,2015,Unknown,Unknown,Unknown,Unknown,1,1,1,10.96,16.55,1,0,1.0,1.0,1.0,3.0,1.9285714285714286,2.0171224724302363,5.59,1.5547493892055972,45.0,26.0,19.0,0.04285619049735403,13.0,1.8571428571428572,22.992700729927005,0,slow_moving
FOODS_1_006_WI_1_validation,FOODS_1_006,FOODS_1,FOODS,WI_1,WI,d_1652,2.0,2015-08-07,11527,Friday,7,8,2015,Unknown,Unknown,Unknown,Unknown,1,1,0,10.96,16.55,0,0,0.0,6.0,2.0,2.857142857142857,1.8928571428571428,2.0428608428574924,5.59,1.5086369465188205,44.0,25.0,19.0,0.04301850282623447,12.0,1.7142857142857142,24.251968503937007,0,slow_moving
FOODS_1_006_WI_1_validation,FOODS_1_006,FOODS_1,FOODS,WI_1,WI,d_1653,2.0,2015-08-08,11528,Saturday,1,8,2015,Unknown,Unknown,Unknown,Unknown,1,0,1,10.96,16.55,1,1,2.0,2.0,5.0,2.2857142857142856,1.8928571428571428,2.0428608428574924,5.59,1.2069095572150563,44.0,21.0,23.0,0.04301850282623447,10.0,1.4285714285714286,28.78504672897196,0,slow_moving
FOODS_1_006_WI_1_validation,FOODS_1_006,FOODS_1,FOODS,WI_1,WI,d_1654,0.0,2015-08-09,11528,Sunday,2,8,2015,Unknown,Unknown,Unknown,Unknown,1,1,1,10.96,16.55,1,1,2.0,8.0,0.0,2.2857142857142856,1.7857142857142858,1.9504442581711492,5.59,1.2792836011833373,42.0,20.0,22.0,0.04251599451713735,10.0,1.4285714285714286,27.47663551401869,0,slow_moving
FOODS_1_006_WI_1_validation,FOODS_1_006,FOODS_1,FOODS,WI_1,WI,d_1655,3.0,2015-08-10,11528,Monday,3,8,2015,Unknown,Unknown,Unknown,Unknown,1,0,0,10.96,16.55,0,0,0.0,3.0,0.0,1.1428571428571428,1.7857142857142858,1.9504442581711492,5.59,0.6396418005916686,42.0,12.0,30.0,0.04251599451713735,9.0,1.2857142857142858,30.30927835051546,0,slow_moving
FOODS_1_006_WI_1_validation,FOODS_1_006,FOODS_1,FOODS,WI_1,WI,d_1656,2.0,2015-08-11,11528,Tuesday,4,8,2015,Unknown,Unknown,Unknown,Unknown,0,1,1,10.96,16.55,1,0,3.0,0.0,3.0,1.1428571428571428,1.8928571428571428,1.9310194144119783,5.59,0.6034547786075282,44.0,12.0,32.0,0.04301850282623447,7.0,1.0,40.0,0,slow_moving
FOODS_1_006_WI_1_validation,FOODS_1_006,FOODS_1,FOODS,WI_1,WI,d_1657,1.0,2015-08-12,11528,Wednesday,5,8,2015,Unknown,Unknown,Unknown,Unknown,0,1,1,10.96,16.55,1,0,2.0,1.0,2.0,1.4285714285714286,1.8571428571428572,1.918994445677132,5.59,0.7688167909587146,43.0,14.0,29.0,0.04318836439019691,7.0,1.0,39.090909090909086,0,slow_moving
FOODS_1_006_WI_1_validation,FOODS_1_006,FOODS_1,FOODS,WI_1,WI,d_1658,3.0,2015-08-13,11528,Thursday,6,8,2015,Unknown,Unknown,Unknown,Unknown,0,1,0,10.96,16.55,0,0,1.0,0.0,0.0,1.4285714285714286,1.8214285714285714,1.9255316039140875,5.59,0.7838833581563064,43.0,14.0,29.0,0.04235781892115466,4.0,0.5714285714285714,64.04255319148936,0,slow_moving
FOODS_1_006_WI_1_validation,FOODS_1_006,FOODS_1,FOODS,WI_1,WI,d_1659,1.0,2015-08-14,11528,Friday,7,8,2015,Unknown,Unknown,Unknown,Unknown,0,0,1,10.96,16.55,1,0,3.0,2.0,3.0,1.8571428571428572,1.9285714285714286,1.903769582785329,5.59,0.9624639076034649,45.0,17.0,28.0,0.04285619049735403,6.0,0.8571428571428571,47.01492537313433,0,slow_moving
FOODS_1_006_WI_1_validation,FOODS_1_006,FOODS_1,FOODS,WI_1,WI,d_1660,0.0,2015-08-15,11529,Saturday,1,8,2015,Unknown,Unknown,Unknown,Unknown,0,1,1,10.96,16.55,1,1,1.0,2.0,5.0,1.7142857142857142,1.8571428571428572,1.8995961698386343,5.59,0.9225801491504574,43.0,16.0,27.0,0.04318836439019691,8.0,1.1428571428571428,34.59770114942528,0,slow_moving
FOODS_1_006_WI_1_validation,FOODS_1_006,FOODS_1,FOODS,WI_1,WI,d_1661,0.0,2015-08-16,11529,Sunday,2,8,2015,Unknown,Unknown,Unknown,Unknown,0,0,0,10.96,16.55,0,1,0.0,0.0,1.0,1.4285714285714286,1.6785714285714286,1.826828286211265,5.59,0.8505571149102663,39.0,14.0,25.0,0.04303918947133224,8.0,1.1428571428571428,31.379310344827587,0,slow_moving
FOODS_1_006_WI_1_validation,FOODS_1_006,FOODS_1,FOODS,WI_1,WI,d_1662,2.0,2015-08-17,11529,Monday,3,8,2015,Unknown,Unknown,Unknown,Unknown,0,0,0,10.96,16.55,0,0,0.0,3.0,1.0,1.4285714285714286,1.6428571428571428,1.850210913188122,5.59,0.8690362388111585,39.0,14.0,25.0,0.042123462035771976,7.0,1.0,35.45454545454545,0,slow_moving
FOODS_1_006_WI_1_validation,FOODS_1_006,FOODS_1,FOODS,WI_1,WI,d_1663,0.0,2015-08-18,11529,Tuesday,4,8,2015,Unknown,Unknown,Unknown,Unknown,0,0,0,10.96,16.55,0,0,2.0,2.0,1.0,1.2857142857142858,1.6785714285714286,1.8469909749036841,5.59,0.7655014034192397,39.0,13.0,26.0,0.04303918947133224,8.0,1.1428571428571428,31.379310344827587,0,slow_moving
FOODS_1_006_WI_1_validation,FOODS_1_006,FOODS_1,FOODS,WI_1,WI,d_1664,1.0,2015-08-19,11529,Wednesday,5,8,2015,Unknown,Unknown,Unknown,Unknown,0,0,0,10.96,16.55,0,0,0.0,1.0,1.0,1.0,1.6428571428571428,1.8701215194084309,5.59,0.6083253671678109,39.0,11.0,28.0,0.042123462035771976,7.0,1.0,35.45454545454545,0,slow_moving
FOODS_1_006_WI_1_validation,FOODS_1_006,FOODS_1,FOODS,WI_1,WI,d_1665,0.0,2015-08-20,11529,Thursday,6,8,2015,Unknown,Unknown,Unknown,Unknown,0,0,0,10.96,16.55,0,0,1.0,3.0,1.0,1.0,1.6428571428571428,1.8701215194084309,5.59,0.6083253671678109,39.0,11.0,28.0,0.042123462035771976,7.0,1.0,35.45454545454545,0,slow_moving
FOODS_1_006_WI_1_validation,FOODS_1_006,FOODS_1,FOODS,WI_1,WI,d_1666,3.0,2015-08-21,11529,Friday,7,8,2015,Unknown,Unknown,Unknown,Unknown,0,0,0,10.96,16.55,0,0,0.0,1.0,0.0,0.5714285714285714,1.6071428571428572,1.892270549019836,5.59,0.35533445855911877,38.0,8.0,30.0,0.04229212013217698,5.0,0.7142857142857143,46.666666666666664,0,slow_moving
FOODS_1_006_WI_1_validation,FOODS_1_006,FOODS_1,FOODS,WI_1,WI,d_1667,2.0,2015-08-22,11530,Saturday,1,8,2015,Unknown,Unknown,Unknown,Unknown,0,0,0,10.96,16.55,0,1,3.0,0.0,3.0,0.8571428571428571,1.7142857142857142,1.8828100129788838,5.59,0.4997085033730324,40.0,10.0,30.0,0.04285607145535647,7.0,1.0,36.36363636363636,0,slow_moving
FOODS_1_006_WI_1_validation,FOODS_1_006,FOODS_1,FOODS,WI_1,WI,d_1668,0.0,2015-08-23,11530,Sunday,2,8,2015,Unknown,Unknown,Unknown,Unknown,0,0,0,10.96,16.55,0,1,2.0,0.0,2.0,1.1428571428571428,1.6785714285714286,1.8669359216239148,5.59,0.680445691928213,39.0,12.0,27.0,0.04303918947133224,8.0,1.1428571428571428,31.379310344827587,0,slow_moving
FOODS_1_006_WI_1_validation,FOODS_1_006,FOODS_1,FOODS,WI_1,WI,d_1669,1.0,2015-08-24,11530,Monday,3,8,2015,Unknown,Unknown,Unknown,Unknown,0,0,0,10.96,16.55,0,0,0.0,2.0,2.0,1.1428571428571428,1.6071428571428572,1.892270549019836,5.59,0.7106689171182375,38.0,12.0,26.0,0.04229212013217698,7.0,1.0,34.54545454545454,0,slow_moving
FOODS_1_006_WI_1_validation,FOODS_1_006,FOODS_1,FOODS,WI_1,WI,d_1670,1.0,2015-08-25,11530,Tuesday,4,8,2015,Unknown,Unknown,Unknown,Unknown,0,0,0,10.96,16.55,0,0,1.0,0.0,0.0,1.0,1.5714285714285714,1.8940173144144137,5.59,0.6359589352230399,37.0,11.0,26.0,0.04246989463605231,8.0,1.1428571428571428,29.770114942528735,0,slow_moving
FOODS_1_006_WI_1_validation,FOODS_1_006,FOODS_1,FOODS,WI_1,WI,d_1671,0.0,2015-08-26,11530,Wednesday,5,8,2015,Unknown,Unknown,Unknown,Unknown,0,0,0,10.96,16.55,0,0,1.0,1.0,0.0,1.1428571428571428,1.6071428571428572,1.8725954599469041,5.59,0.7106689171182375,38.0,12.0,26.0,0.04229212013217698,8.0,1.1428571428571428,30.57471264367816,0,slow_moving
FOODS_1_006_WI_1_validation,FOODS_1_006,FOODS_1,FOODS,WI_1,WI,d_1672,0.0,2015-08-27,11530,Thursday,6,8,2015,Unknown,Unknown,Unknown,Unknown,0,0,0,10.96,16.55,0,0,0.0,0.0,1.0,1.0,1.6071428571428572,1.8725954599469041,5.59,0.6218353024784579,38.0,11.0,27.0,0.04229212013217698,9.0,1.2857142857142858,27.42268041237113,0,slow_moving
FOODS_1_006_WI_1_validation,FOODS_1_006,FOODS_1,FOODS,WI_1,WI,d_1673,1.0,2015-08-28,11530,Friday,7,8,2015,Unknown,Unknown,Unknown,Unknown,0,0,0,10.96,16.55,0,0,0.0,3.0,6.0,1.0,1.5714285714285714,1.8940173144144137,5.59,0.6359589352230399,37.0,11.0,26.0,0.04246989463605231,10.0,1.4285714285714286,24.205607476635514,0,slow_moving
FOODS_1_006_WI_1_validation,FOODS_1_006,FOODS_1,FOODS,WI_1,WI,d_1674,4.0,2015-08-29,11531,Saturday,1,8,2015,Unknown,Unknown,Unknown,Unknown,0,0,0,10.96,16.55,0,1,1.0,2.0,2.0,0.7142857142857143,1.3928571428571428,1.685214256392074,5.59,0.5124525981346726,33.0,9.0,24.0,0.04220651322254304,6.0,0.8571428571428571,34.47761194029851,0,slow_moving
FOODS_1_006_WI_1_validation,FOODS_1_006,FOODS_1,FOODS,WI_1,WI,d_1675,1.0,2015-08-30,11531,Sunday,2,8,2015,Unknown,Unknown,Unknown,Unknown,0,0,0,10.96,16.55,0,1,4.0,0.0,8.0,1.0,1.4642857142857142,1.752926502381467,5.59,0.682460758506386,35.0,11.0,24.0,0.041835539392752044,9.0,1.2857142857142858,25.257731958762882,0,slow_moving
FOODS_1_006_WI_1_validation,FOODS_1_006,FOODS_1,FOODS,WI_1,WI,d_1676,0.0,2015-08-31,11531,Monday,3,8,2015,Unknown,Unknown,Unknown,Unknown,0,0,0,10.96,16.55,0,0,1.0,1.0,3.0,1.1428571428571428,1.2142857142857142,1.1974399500026858,5.59,0.9404020218643471,28.0,11.0,17.0,0.04336579816026978,10.0,1.4285714285714286,18.317757009345794,0,slow_moving
FOODS_1_006_WI_1_validation,FOODS_1_006,FOODS_1,FOODS,WI_1,WI,d_1677,2.0,2015-09-01,11531,Tuesday,4,9,2015,Unknown,Unknown,Unknown,Unknown,1,1,0,10.96,16.55,0,0,0.0,1.0,0.0,1.0,1.1071428571428572,1.1655323283657166,5.59,0.9024107257960552,26.0,10.0,16.0,0.04258077986011527,9.0,1.2857142857142858,18.76288659793814,0,slow_moving
FOODS_1_006_WI_1_validation,FOODS_1_006,FOODS_1,FOODS,WI_1,WI,d_1678,0.0,2015-09-02,11531,Wednesday,5,9,2015,Unknown,Unknown,Unknown,Unknown,1,0,1,10.96,16.55,1,0,2.0,0.0,1.0,1.1428571428571428,1.1785714285714286,1.1564175661505611,5.59,0.9688748940293085,28.0,11.0,17.0,0.04209033350849715,9.0,1.2857142857142858,20.206185567010305,0,slow_moving
FOODS_1_006_WI_1_validation,FOODS_1_006,FOODS_1,FOODS,WI_1,WI,d_1679,1.0,2015-09-03,11531,Thursday,6,9,2015,Unknown,Unknown,Unknown,Unknown,1,1,1,10.96,16.55,1,0,0.0,0.0,0.0,1.1428571428571428,1.1428571428571428,1.1773883752795364,5.59,0.9991257649556639,27.0,11.0,16.0,0.04232647468083192,8.0,1.1428571428571428,21.724137931034484,0,slow_moving
FOODS_1_006_WI_1_validation,FOODS_1_006,FOODS_1,FOODS,WI_1,WI,d_1680,2.0,2015-09-04,11531,Friday,7,9,2015,Unknown,Unknown,Unknown,Unknown,1,0,0,10.96,16.55,0,0,1.0,1.0,2.0,1.2857142857142858,1.1785714285714286,1.1564175661505611,5.59,1.0899842557829722,28.0,12.0,16.0,0.04209033350849715,7.0,1.0,25.454545454545453,0,slow_moving
FOODS_1_006_WI_1_validation,FOODS_1_006,FOODS_1,FOODS,WI_1,WI,d_1681,0.0,2015-09-05,11532,Saturday,1,9,2015,Unknown,Unknown,Unknown,Unknown,1,1,1,10.96,16.55,1,1,2.0,4.0,2.0,1.4285714285714286,1.1785714285714286,1.1564175661505611,5.59,1.2110936175366356,28.0,13.0,15.0,0.04209033350849715,11.0,1.5714285714285714,16.752136752136753,0,slow_moving
FOODS_1_006_WI_1_validation,FOODS_1_006,FOODS_1,FOODS,WI_1,WI,d_1682,4.0,2015-09-06,11532,Sunday,2,9,2015,Unknown,Unknown,Unknown,Unknown,1,1,1,10.96,16.55,1,1,0.0,1.0,0.0,0.8571428571428571,1.1071428571428572,1.1655323283657166,5.59,0.7734949078251901,26.0,9.0,17.0,0.04258077986011527,10.0,1.4285714285714286,17.009345794392523,0,slow_moving
FOODS_1_006_WI_1_validation,FOODS_1_006,FOODS_1,FOODS,WI_1,WI,d_1683,1.0,2015-09-07,11532,Monday,3,9,2015,LaborDay,National,Unknown,Unknown,1,1,0,10.96,16.55,0,0,4.0,0.0,3.0,1.2857142857142858,1.25,1.265642861099391,5.59,1.0277492291880783,29.0,12.0,17.0,0.0431019620013103,9.0,1.2857142857142858,20.92783505154639,0,slow_moving
FOODS_1_006_WI_1_validation,FOODS_1_006,FOODS_1,FOODS,WI_1,WI,d_1684,1.0,2015-09-08,11532,Tuesday,4,9,2015,Unknown,Unknown,Unknown,Unknown,1,0,1,10.96,16.55,1,0,1.0,2.0,2.0,1.4285714285714286,1.1785714285714286,1.2187902754164623,5.59,1.2110936175366356,28.0,13.0,15.0,0.04209033350849715,10.0,1.4285714285714286,18.317757009345794,0,slow_moving
FOODS_1_006_WI_1_validation,FOODS_1_006,FOODS_1,FOODS,WI_1,WI,d_1685,0.0,2015-09-09,11532,Wednesday,5,9,2015,Unknown,Unknown,Unknown,Unknown,1,1,1,10.96,16.55,1,0,1.0,0.0,1.0,1.2857142857142858,1.1428571428571428,1.2084359562332878,5.59,1.124016485575122,27.0,12.0,15.0,0.04232647468083192,11.0,1.5714285714285714,16.153846153846153,0,slow_moving
FOODS_1_006_WI_1_validation,FOODS_1_006,FOODS_1,FOODS,WI_1,WI,d_1686,0.0,2015-09-10,11532,Thursday,6,9,2015,Unknown,Unknown,Unknown,Unknown,1,0,0,10.96,16.55,0,0,0.0,1.0,3.0,1.2857142857142858,1.1071428571428572,1.2274419565151573,5.59,1.1602423617377853,26.0,12.0,14.0,0.04258077986011527,12.0,1.7142857142857142,14.330708661417322,0,slow_moving
FOODS_1_006_WI_1_validation,FOODS_1_006,FOODS_1,FOODS,WI_1,WI,d_1687,1.0,2015-09-11,11532,Friday,7,9,2015,Unknown,Unknown,Unknown,Unknown,0,1,1,10.96,16.55,1,0,0.0,2.0,1.0,1.1428571428571428,1.0,1.1863420280034793,5.59,1.1417154274297132,24.0,11.0,13.0,0.0416649306278905,12.0,1.7142857142857142,13.228346456692913,0,slow_moving
FOODS_1_006_WI_1_validation,FOODS_1_006,FOODS_1,FOODS,WI_1,WI,d_1688,4.0,2015-09-12,11533,Saturday,1,9,2015,Unknown,Unknown,Unknown,Unknown,0,1,1,10.96,16.55,1,1,1.0,0.0,0.0,1.0,1.0,1.1863420280034793,5.59,0.9990009990009991,24.0,10.0,14.0,0.0416649306278905,9.0,1.2857142857142858,17.31958762886598,0,slow_moving
FOODS_1_006_WI_1_validation,FOODS_1_006,FOODS_1,FOODS,WI_1,WI,d_1689,3.0,2015-09-13,11533,Sunday,2,9,2015,Unknown,Unknown,Unknown,Unknown,0,1,0,10.96,16.55,0,1,4.0,4.0,0.0,1.5714285714285714,1.1428571428571428,1.2971274735120226,5.59,1.373797926814038,27.0,14.0,13.0,0.04232647468083192,7.0,1.0,24.545454545454543,0,slow_moving
FOODS_1_006_WI_1_validation,FOODS_1_006,FOODS_1,FOODS,WI_1,WI,d_1690,0.0,2015-09-14,11533,Monday,3,9,2015,Unknown,Unknown,Unknown,Unknown,0,0,1,10.96,16.55,1,0,3.0,1.0,2.0,1.4285714285714286,1.25,1.3228756555322954,5.59,1.1419435879867537,29.0,13.0,16.0,0.0431019620013103,8.0,1.1428571428571428,23.333333333333332,0,slow_moving
FOODS_1_006_WI_1_validation,FOODS_1_006,FOODS_1,FOODS,WI_1,WI,d_1691,2.0,2015-09-15,11533,Tuesday,4,9,2015,Unknown,Unknown,Unknown,Unknown,0,1,1,10.96,16.55,1,0,0.0,1.0,0.0,1.2857142857142858,1.1785714285714286,1.3348205990866457,5.59,1.0899842557829722,28.0,12.0,16.0,0.04209033350849715,6.0,0.8571428571428571,29.253731343283583,0,slow_moving
FOODS_1_006_WI_1_validation,FOODS_1_006,FOODS_1,FOODS,WI_1,WI,d_1692,1.0,2015-09-16,11533,Wednesday,5,9,2015,Unknown,Unknown,Unknown,Unknown,0,0,0,10.96,16.55,0,0,2.0,0.0,1.0,1.4285714285714286,1.25,1.3228756555322954,5.59,1.1419435879867537,29.0,13.0,16.0,0.0431019620013103,6.0,0.8571428571428571,30.29850746268657,0,slow_moving
FOODS_1_006_WI_1_validation,FOODS_1_006,FOODS_1,FOODS,WI_1,WI,d_1693,1.0,2015-09-17,11533,Thursday,6,9,2015,Unknown,Unknown,Unknown,Unknown,0,0,0,10.96,16.55,0,0,1.0,0.0,0.0,1.5714285714285714,1.25,1.3228756555322954,5.59,1.2561379467854288,29.0,14.0,15.0,0.0431019620013103,5.0,0.7142857142857143,35.6140350877193,0,slow_moving
FOODS_1_006_WI_1_validation,FOODS_1_006,FOODS_1,FOODS,WI_1,WI,d_1694,1.0,2015-09-18,11533,Friday,7,9,2015,Unknown,Unknown,Unknown,Unknown,0,0,0,10.96,16.55,0,0,1.0,1.0,3.0,1.7142857142857142,1.2857142857142858,1.301200097264711,5.59,1.3322971022538026,30.0,15.0,15.0,0.04285571433333175,7.0,1.0,27.27272727272727,0,slow_moving
FOODS_1_006_WI_1_validation,FOODS_1_006,FOODS_1,FOODS,WI_1,WI,d_1695,1.0,2015-09-19,11534,Saturday,1,9,2015,Unknown,Unknown,Unknown,Unknown,0,0,0,10.96,16.55,0,1,1.0,4.0,2.0,1.7142857142857142,1.2142857142857142,1.2577800213115895,5.59,1.4106030327965207,29.0,15.0,14.0,0.04187047737270143,9.0,1.2857142857142858,20.92783505154639,0,slow_moving
FOODS_1_006_WI_1_validation,FOODS_1_006,FOODS_1,FOODS,WI_1,WI,d_1696,1.0,2015-09-20,11534,Sunday,2,9,2015,Unknown,Unknown,Unknown,Unknown,0,0,0,10.96,16.55,0,1,1.0,3.0,0.0,1.2857142857142858,1.1785714285714286,1.248808956375558,5.59,1.0899842557829722,28.0,12.0,16.0,0.04209033350849715,11.0,1.5714285714285714,16.752136752136753,0,slow_moving
FOODS_1_006_WI_1_validation,FOODS_1_006,FOODS_1,FOODS,WI_1,WI,d_1697,1.0,2015-09-21,11534,Monday,3,9,2015,Unknown,Unknown,Unknown,Unknown,0,0,0,10.96,16.55,0,0,1.0,0.0,1.0,1.0,1.2142857142857142,1.2279806626883458,5.59,0.8228517691313038,28.0,10.0,18.0,0.04336579816026978,11.0,1.5714285714285714,16.752136752136753,0,slow_moving
FOODS_1_006_WI_1_validation,FOODS_1_006,FOODS_1,FOODS,WI_1,WI,d_1698,0.0,2015-09-22,11534,Tuesday,4,9,2015,Unknown,Unknown,Unknown,Unknown,0,0,0,10.96,16.55,0,0,1.0,2.0,1.0,1.1428571428571428,1.2142857142857142,1.2279806626883458,5.59,0.9404020218643471,28.0,11.0,17.0,0.04336579816026978,12.0,1.7142857142857142,15.433070866141732,0,slow_moving
FOODS_1_006_WI_1_validation,FOODS_1_006,FOODS_1,FOODS,WI_1,WI,d_1699,1.0,2015-09-23,11534,Wednesday,5,9,2015,Unknown,Unknown,Unknown,Unknown,0,0,0,10.96,16.55,0,0,0.0,1.0,0.0,0.8571428571428571,1.1785714285714286,1.248808956375558,5.59,0.7266561705219814,28.0,9.0,19.0,0.04209033350849715,14.0,2.0,13.333333333333332,0,slow_moving
FOODS_1_006_WI_1_validation,FOODS_1_006,FOODS_1,FOODS,WI_1,WI,d_1700,0.0,2015-09-24,11534,Thursday,6,9,2015,EidAlAdha,Religious,Unknown,Unknown,0,0,0,10.96,16.55,0,0,1.0,1.0,0.0,0.8571428571428571,1.2142857142857142,1.2279806626883458,5.59,0.7053015163982603,28.0,9.0,19.0,0.04336579816026978,15.0,2.142857142857143,12.484076433121018,0,slow_moving
FOODS_1_006_WI_1_validation,FOODS_1_006,FOODS_1,FOODS,WI_1,WI,d_1701,3.0,2015-09-25,11534,Friday,7,9,2015,Unknown,Unknown,Unknown,Unknown,0,0,0,10.96,16.55,0,0,0.0,1.0,1.0,0.7142857142857143,1.2142857142857142,1.2279806626883458,5.59,0.587751263665217,28.0,8.0,20.0,0.04336579816026978,13.0,1.8571428571428572,14.306569343065693,0,slow_moving
FOODS_1_006_WI_1_validation,FOODS_1_006,FOODS_1,FOODS,WI_1,WI,d_1702,3.0,2015-09-26,11535,Saturday,1,9,2015,Unknown,Unknown,Unknown,Unknown,0,0,0,10.96,16.55,0,1,3.0,1.0,4.0,1.0,1.2857142857142858,1.2724180205607039,5.59,0.7771733096480515,30.0,10.0,20.0,0.04285571433333175,12.0,1.7142857142857142,16.53543307086614,0,slow_moving
FOODS_1_006_WI_1_validation,FOODS_1_006,FOODS_1,FOODS,WI_1,WI,d_1703,3.0,2015-09-27,11535,Sunday,2,9,2015,Unknown,Unknown,Unknown,Unknown,0,0,0,10.96,16.55,0,1,3.0,1.0,1.0,1.2857142857142858,1.25,1.2056963563450394,5.59,1.0277492291880783,29.0,12.0,17.0,0.0431019620013103,10.0,1.4285714285714286,18.971962616822427,0,slow_moving
FOODS_1_006_WI_1_validation,FOODS_1_006,FOODS_1,FOODS,WI_1,WI,d_1704,1.0,2015-09-28,11535,Monday,3,9,2015,Unknown,Unknown,Unknown,Unknown,0,0,0,10.96,16.55,0,0,3.0,1.0,0.0,1.5714285714285714,1.3214285714285714,1.248808956375558,5.59,1.18828994274603,31.0,14.0,17.0,0.04262535309920878,9.0,1.2857142857142858,22.371134020618555,0,slow_moving
FOODS_1_006_WI_1_validation,FOODS_1_006,FOODS_1,FOODS,WI_1,WI,d_1705,1.0,2015-09-29,11535,Tuesday,4,9,2015,Unknown,Unknown,Unknown,Unknown,0,0,0,10.96,16.55,0,0,1.0,0.0,2.0,1.5714285714285714,1.3571428571428572,1.2236643728386056,5.59,1.1570421794467234,31.0,14.0,17.0,0.04377738966945767,9.0,1.2857142857142858,22.371134020618555,0,slow_moving
FOODS_1_006_WI_1_validation,FOODS_1_006,FOODS_1,FOODS,WI_1,WI,d_1706,3.0,2015-09-30,11535,Wednesday,5,9,2015,Unknown,Unknown,Unknown,Unknown,0,0,0,10.96,16.55,0,0,1.0,1.0,0.0,1.7142857142857142,1.3214285714285714,1.2187902754164621,5.59,1.2963163011774874,31.0,15.0,16.0,0.04262535309920878,8.0,1.1428571428571428,24.942528735632184,0,slow_moving
FOODS_1_006_WI_1_validation,FOODS_1_006,FOODS_1,FOODS,WI_1,WI,d_1707,1.0,2015-10-01,11535,Thursday,6,10,2015,Unknown,Unknown,Unknown,Unknown,1,1,0,10.96,16.55,0,0,3.0,0.0,1.0,2.0,1.4285714285714286,1.2301331282538137,5.59,1.399020685520136,33.0,17.0,16.0,0.043288731510300556,7.0,1.0,29.999999999999996,0,slow_moving
FOODS_1_006_WI_1_validation,FOODS_1_006,FOODS_1,FOODS,WI_1,WI,d_1708,1.0,2015-10-02,11535,Friday,7,10,2015,Unknown,Unknown,Unknown,Unknown,1,0,1,10.96,16.55,1,0,1.0,3.0,2.0,2.142857142857143,1.4285714285714286,1.2301331282538137,5.59,1.49895073448586,33.0,18.0,15.0,0.043288731510300556,9.0,1.2857142857142858,23.81443298969072,0,slow_moving
FOODS_1_006_WI_1_validation,FOODS_1_006,FOODS_1,FOODS,WI_1,WI,d_1709,2.0,2015-10-03,11536,Saturday,1,10,2015,Unknown,Unknown,Unknown,Unknown,1,1,1,10.96,16.55,1,1,1.0,3.0,0.0,1.8571428571428572,1.3928571428571428,1.2274419565151573,5.59,1.3323767551501489,32.0,16.0,16.0,0.04352542554473744,7.0,1.0,29.09090909090909,0,slow_moving
FOODS_1_006_WI_1_validation,FOODS_1_006,FOODS_1,FOODS,WI_1,WI,d_1710,1.0,2015-10-04,11536,Sunday,2,10,2015,Unknown,Unknown,Unknown,Unknown,1,0,0,10.96,16.55,0,1,2.0,3.0,4.0,1.7142857142857142,1.4642857142857142,1.2013000012992983,5.59,1.16993272886809,34.0,15.0,19.0,0.043065960244866745,8.0,1.1428571428571428,27.356321839080458,0,slow_moving
FOODS_1_006_WI_1_validation,FOODS_1_006,FOODS_1,FOODS,WI_1,WI,d_1711,0.0,2015-10-05,11536,Monday,3,10,2015,Unknown,Unknown,Unknown,Unknown,1,1,1,10.96,16.55,1,0,1.0,1.0,1.0,1.4285714285714286,1.3571428571428572,1.0959280090672936,5.59,1.0518565267697486,31.0,13.0,18.0,0.04377738966945767,12.0,1.7142857142857142,17.086614173228348,0,slow_moving
FOODS_1_006_WI_1_validation,FOODS_1_006,FOODS_1,FOODS,WI_1,WI,d_1712,1.0,2015-10-06,11536,Tuesday,4,10,2015,Unknown,Unknown,Unknown,Unknown,1,1,1,10.96,16.55,1,0,0.0,1.0,1.0,1.2857142857142858,1.3214285714285714,1.1239339452243242,5.59,0.9722372258831157,30.0,12.0,18.0,0.04404615084259096,15.0,2.142857142857143,13.375796178343949,0,slow_moving
FOODS_1_006_WI_1_validation,FOODS_1_006,FOODS_1,FOODS,WI_1,WI,d_1713,2.0,2015-10-07,11536,Wednesday,5,10,2015,Unknown,Unknown,Unknown,Unknown,1,1,0,10.96,16.55,0,0,1.0,3.0,0.0,1.2857142857142858,1.3214285714285714,1.1239339452243242,5.59,0.9722372258831157,30.0,12.0,18.0,0.04404615084259096,14.0,2.0,14.285714285714285,0,slow_moving
FOODS_1_006_WI_1_validation,FOODS_1_006,FOODS_1,FOODS,WI_1,WI,d_1714,0.0,2015-10-08,11536,Thursday,6,10,2015,Unknown,Unknown,Unknown,Unknown,1,0,1,10.96,16.55,1,0,2.0,1.0,0.0,1.1428571428571428,1.3928571428571428,1.1001442906807548,5.59,0.8199241570154762,32.0,11.0,21.0,0.04352542554473744,14.0,2.0,15.238095238095237,0,slow_moving
FOODS_1_006_WI_1_validation,FOODS_1_006,FOODS_1,FOODS,WI_1,WI,d_1715,3.0,2015-10-09,11536,Friday,7,10,2015,Unknown,Unknown,Unknown,Unknown,1,1,1,10.96,16.55,1,0,0.0,1.0,1.0,1.0,1.3928571428571428,1.1001442906807548,5.59,0.7174336373885416,32.0,10.0,22.0,0.04352542554473744,14.0,2.0,15.238095238095237,0,slow_moving
FOODS_1_006_WI_1_validation,FOODS_1_006,FOODS_1,FOODS,WI_1,WI,d_1716,0.0,2015-10-10,11537,Saturday,1,10,2015,Unknown,Unknown,Unknown,Unknown,1,0,0,10.96,16.55,0,1,3.0,2.0,4.0,1.2857142857142858,1.4642857142857142,1.1379690439434396,5.59,0.8774495466510678,34.0,12.0,22.0,0.043065960244866745,17.0,2.4285714285714284,13.44632768361582,0,slow_moving
FOODS_1_006_WI_1_validation,FOODS_1_006,FOODS_1,FOODS,WI_1,WI,d_1717,2.0,2015-10-11,11537,Sunday,2,10,2015,Unknown,Unknown,Unknown,Unknown,0,1,1,10.96,16.55,1,1,0.0,1.0,3.0,1.0,1.3214285714285714,1.0559731838826996,5.59,0.756184509020201,30.0,10.0,20.0,0.04404615084259096,15.0,2.142857142857143,13.375796178343949,0,slow_moving
FOODS_1_006_WI_1_validation,FOODS_1_006,FOODS_1,FOODS,WI_1,WI,d_1718,4.0,2015-10-12,11537,Monday,3,10,2015,ColumbusDay,National,Unknown,Unknown,0,1,1,10.96,16.55,1,0,2.0,0.0,0.0,1.1428571428571428,1.2857142857142858,1.0131411680782827,5.59,0.8881980681692017,30.0,11.0,19.0,0.04285571433333175,12.0,1.7142857142857142,16.53543307086614,0,slow_moving
FOODS_1_006_WI_1_validation,FOODS_1_006,FOODS_1,FOODS,WI_1,WI,d_1719,4.0,2015-10-13,11537,Tuesday,4,10,2015,Unknown,Unknown,Unknown,Unknown,0,1,0,10.96,16.55,0,0,4.0,1.0,2.0,1.7142857142857142,1.4285714285714286,1.1031460542154958,5.59,1.199160587588688,33.0,15.0,18.0,0.043288731510300556,10.0,1.4285714285714286,21.58878504672897,0,slow_moving
FOODS_1_006_WI_1_validation,FOODS_1_006,FOODS_1,FOODS,WI_1,WI,d_1720,1.0,2015-10-14,11537,Wednesday,5,10,2015,Unknown,Unknown,Unknown,Unknown,0,0,1,10.96,16.55,1,0,4.0,2.0,1.0,2.142857142857143,1.5,1.2018504251546636,5.59,1.4276196821166842,34.0,18.0,16.0,0.04411634951913179,14.0,2.0,16.19047619047619,0,slow_moving
FOODS_1_006_WI_1_validation,FOODS_1_006,FOODS_1,FOODS,WI_1,WI,d_1721,0.0,2015-10-15,11537,Thursday,6,10,2015,Unknown,Unknown,Unknown,Unknown,0,1,1,10.96,16.55,1,0,1.0,0.0,1.0,2.0,1.5,1.2018504251546636,5.59,1.3324450366422387,34.0,17.0,17.0,0.04411634951913179,15.0,2.142857142857143,15.159235668789808,0,slow_moving
FOODS_1_006_WI_1_validation,FOODS_1_006,FOODS_1,FOODS,WI_1,WI,d_1722,3.0,2015-10-16,11537,Friday,7,10,2015,Unknown,Unknown,Unknown,Unknown,0,0,0,10.96,16.55,0,0,0.0,3.0,1.0,2.0,1.4642857142857142,1.2317450089997395,5.59,1.364921517012772,34.0,17.0,17.0,0.043065960244866745,15.0,2.142857142857143,15.159235668789808,0,slow_moving
FOODS_1_006_WI_1_validation,FOODS_1_006,FOODS_1,FOODS,WI_1,WI,d_1723,3.0,2015-10-17,11538,Saturday,1,10,2015,Unknown,Unknown,Unknown,Unknown,0,0,0,10.96,16.55,0,1,3.0,0.0,1.0,2.0,1.5357142857142858,1.2614554456142484,5.59,1.3014781072789812,35.0,17.0,18.0,0.04387629741191069,12.0,1.7142857142857142,19.291338582677167,0,slow_moving
FOODS_1_006_WI_1_validation,FOODS_1_006,FOODS_1,FOODS,WI_1,WI,d_1724,0.0,2015-10-18,11538,Sunday,2,10,2015,Unknown,Unknown,Unknown,Unknown,0,0,0,10.96,16.55,0,1,3.0,2.0,1.0,2.4285714285714284,1.6071428571428572,1.2863754913562002,5.59,1.5101714488762548,37.0,20.0,17.0,0.04343511951414441,13.0,1.8571428571428572,18.905109489051092,0,slow_moving
FOODS_1_006_WI_1_validation,FOODS_1_006,FOODS_1,FOODS,WI_1,WI,d_1725,1.0,2015-10-19,11538,Monday,3,10,2015,Unknown,Unknown,Unknown,Unknown,0,0,0,10.96,16.55,0,0,0.0,4.0,1.0,2.142857142857143,1.5714285714285714,1.3173646934124719,5.59,1.3627691469065142,36.0,18.0,18.0,0.04364958116242803,13.0,1.8571428571428572,18.394160583941606,0,slow_moving
FOODS_1_006_WI_1_validation,FOODS_1_006,FOODS_1,FOODS,WI_1,WI,d_1726,2.0,2015-10-20,11538,Tuesday,4,10,2015,Unknown,Unknown,Unknown,Unknown,0,0,0,10.96,16.55,0,0,1.0,4.0,0.0,1.7142857142857142,1.5714285714285714,1.3173646934124719,5.59,1.0902153175252112,36.0,15.0,21.0,0.04364958116242803,11.0,1.5714285714285714,21.538461538461537,0,slow_moving
FOODS_1_006_WI_1_validation,FOODS_1_006,FOODS_1,FOODS,WI_1,WI,d_1727,5.0,2015-10-21,11538,Wednesday,5,10,2015,Unknown,Unknown,Unknown,Unknown,0,0,0,10.96,16.55,0,0,2.0,1.0,1.0,1.4285714285714286,1.6428571428571428,1.282771470489832,5.59,0.8690362388111585,38.0,13.0,25.0,0.04323194502400313,11.0,1.5714285714285714,22.735042735042736,0,slow_moving
FOODS_1_006_WI_1_validation,FOODS_1_006,FOODS_1,FOODS,WI_1,WI,d_1728,1.0,2015-10-22,11538,Thursday,6,10,2015,Unknown,Unknown,Unknown,Unknown,0,0,0,10.96,16.55,0,0,5.0,0.0,0.0,2.0,1.7857142857142858,1.4235360994562192,5.59,1.1193731510354201,41.0,17.0,24.0,0.043552944701697176,11.0,1.5714285714285714,24.529914529914528,0,slow_moving
FOODS_1_006_WI_1_validation,FOODS_1_006,FOODS_1,FOODS,WI_1,WI,d_1729,3.0,2015-10-23,11538,Friday,7,10,2015,Unknown,Unknown,Unknown,Unknown,0,0,0,10.96,16.55,0,0,1.0,3.0,3.0,2.142857142857143,1.8214285714285714,1.3892063129334606,5.59,1.1758250372344596,42.0,18.0,24.0,0.043366314407480094,8.0,1.1428571428571428,33.793103448275865,0,slow_moving
FOODS_1_006_WI_1_validation,FOODS_1_006,FOODS_1,FOODS,WI_1,WI,d_1730,0.0,2015-10-24,11539,Saturday,1,10,2015,Unknown,Unknown,Unknown,Unknown,0,0,0,10.96,16.55,0,1,3.0,3.0,3.0,2.142857142857143,1.8214285714285714,1.3892063129334606,5.59,1.1758250372344596,42.0,18.0,24.0,0.043366314407480094,14.0,2.0,20.0,0,slow_moving
FOODS_1_006_WI_1_validation,FOODS_1_006,FOODS_1,FOODS,WI_1,WI,d_1731,1.0,2015-10-25,11539,Sunday,2,10,2015,Unknown,Unknown,Unknown,Unknown,0,0,0,10.96,16.55,0,1,0.0,0.0,3.0,1.7142857142857142,1.7142857142857142,1.410467294699877,5.59,0.9994170067460648,39.0,15.0,24.0,0.043954916906892495,14.0,2.0,18.57142857142857,0,slow_moving
FOODS_1_006_WI_1_validation,FOODS_1_006,FOODS_1,FOODS,WI_1,WI,d_1732,1.0,2015-10-26,11539,Monday,3,10,2015,Unknown,Unknown,Unknown,Unknown,0,0,0,10.96,16.55,0,0,1.0,1.0,1.0,1.8571428571428572,1.6428571428571428,1.3934844605516568,5.59,1.129747110454506,38.0,16.0,22.0,0.04323194502400313,13.0,1.8571428571428572,19.416058394160583,0,slow_moving
FOODS_1_006_WI_1_validation,FOODS_1_006,FOODS_1,FOODS,WI_1,WI,d_1733,0.0,2015-10-27,11539,Tuesday,4,10,2015,Unknown,Unknown,Unknown,Unknown,0,0,0,10.96,16.55,0,0,1.0,2.0,1.0,1.8571428571428572,1.6428571428571428,1.3934844605516568,5.59,1.129747110454506,38.0,16.0,22.0,0.04323194502400313,13.0,1.8571428571428572,19.416058394160583,0,slow_moving
FOODS_1_006_WI_1_validation,FOODS_1_006,FOODS_1,FOODS,WI_1,WI,d_1734,5.0,2015-10-28,11539,Wednesday,5,10,2015,Unknown,Unknown,Unknown,Unknown,0,0,0,10.96,16.55,0,0,0.0,5.0,3.0,1.5714285714285714,1.6071428571428572,1.4230714230607946,5.59,0.9771697610375766,37.0,14.0,23.0,0.04343511951414441,8.0,1.1428571428571428,29.770114942528735,0,slow_moving
FOODS_1_006_WI_1_validation,FOODS_1_006,FOODS_1,FOODS,WI_1,WI,d_1735,1.0,2015-10-29,11539,Thursday,6,10,2015,Unknown,Unknown,Unknown,Unknown,0,0,0,10.96,16.55,0,0,5.0,1.0,1.0,1.5714285714285714,1.6785714285714286,1.5408889072021463,5.59,0.9356128264012928,39.0,15.0,24.0,0.04303918947133224,8.0,1.1428571428571428,31.379310344827587,0,slow_moving
FOODS_1_006_WI_1_validation,FOODS_1_006,FOODS_1,FOODS,WI_1,WI,d_1736,0.0,2015-10-30,11539,Friday,7,10,2015,Unknown,Unknown,Unknown,Unknown,0,0,0,10.96,16.55,0,0,1.0,3.0,1.0,1.5714285714285714,1.6785714285714286,1.5408889072021463,5.59,0.9356128264012928,39.0,15.0,24.0,0.04303918947133224,9.0,1.2857142857142858,28.144329896907212,0,slow_moving
FOODS_1_006_WI_1_validation,FOODS_1_006,FOODS_1,FOODS,WI_1,WI,d_1737,6.0,2015-10-31,11540,Saturday,1,10,2015,Halloween,Cultural,Unknown,Unknown,0,0,0,10.96,16.55,0,1,0.0,0.0,2.0,1.1428571428571428,1.6428571428571428,1.5685399135238671,5.59,0.6952289910489268,38.0,12.0,26.0,0.04323194502400313,5.0,0.7142857142857143,46.666666666666664,0,slow_moving
FOODS_1_006_WI_1_validation,FOODS_1_006,FOODS_1,FOODS,WI_1,WI,d_1738,1.0,2015-11-01,11540,Sunday,2,11,2015,Unknown,Unknown,Unknown,Unknown,1,1,0,10.96,16.55,0,1,6.0,1.0,1.0,2.0,1.7857142857142858,1.7713176275208626,5.59,1.1193731510354201,42.0,18.0,24.0,0.04251599451713735,4.0,0.5714285714285714,62.55319148936171,0,slow_moving
FOODS_1_006_WI_1_validation,FOODS_1_006,FOODS_1,FOODS,WI_1,WI,d_1739,0.0,2015-11-02,11540,Monday,3,11,2015,Unknown,Unknown,Unknown,Unknown,1,0,1,10.96,16.55,1,0,1.0,1.0,0.0,2.0,1.7857142857142858,1.7713176275208626,5.59,1.1193731510354201,42.0,18.0,24.0,0.04251599451713735,5.0,0.7142857142857143,51.578947368421055,0,slow_moving
FOODS_1_006_WI_1_validation,FOODS_1_006,FOODS_1,FOODS,WI_1,WI,d_1740,0.0,2015-11-03,11540,Tuesday,4,11,2015,Unknown,Unknown,Unknown,Unknown,1,1,1,10.96,16.55,1,0,0.0,0.0,1.0,1.8571428571428572,1.7857142857142858,1.7713176275208626,5.59,1.0394179259614615,42.0,17.0,25.0,0.04251599451713735,7.0,1.0,38.18181818181818,0,slow_moving
FOODS_1_006_WI_1_validation,FOODS_1_006,FOODS_1,FOODS,WI_1,WI,d_1741,0.0,2015-11-04,11540,Wednesday,5,11,2015,Unknown,Unknown,Unknown,Unknown,1,0,0,10.96,16.55,0,0,0.0,5.0,2.0,1.8571428571428572,1.75,1.7976321874848262,5.59,1.060618422126132,41.0,17.0,24.0,0.04268188580766323,9.0,1.2857142857142858,29.587628865979376,0,slow_moving
FOODS_1_006_WI_1_validation,FOODS_1_006,FOODS_1,FOODS,WI_1,WI,d_1742,1.0,2015-11-05,11540,Thursday,6,11,2015,Unknown,Unknown,Unknown,Unknown,1,1,1,10.96,16.55,1,0,0.0,1.0,0.0,1.1428571428571428,1.6785714285714286,1.826828286211265,5.59,0.680445691928213,39.0,12.0,27.0,0.04303918947133224,8.0,1.1428571428571428,31.379310344827587,0,slow_moving
FOODS_1_006_WI_1_validation,FOODS_1_006,FOODS_1,FOODS,WI_1,WI,d_1743,1.0,2015-11-06,11540,Friday,7,11,2015,Unknown,Unknown,Unknown,Unknown,1,1,1,10.96,16.55,1,0,1.0,0.0,3.0,1.1428571428571428,1.7142857142857142,1.8024087351866804,5.59,0.6662780044973766,40.0,12.0,28.0,0.04285607145535647,23.0,3.2857142857142856,11.814345991561181,0,slow_moving
FOODS_1_006_WI_1_validation,FOODS_1_006,FOODS_1,FOODS,WI_1,WI,d_1744,2.0,2015-11-07,11541,Saturday,1,11,2015,Unknown,Unknown,Unknown,Unknown,1,1,0,10.96,16.55,0,1,1.0,6.0,0.0,1.2857142857142858,1.6428571428571428,1.7891501337389777,5.59,0.7821326149300427,39.0,13.0,26.0,0.042123462035771976,23.0,3.2857142857142856,11.518987341772153,0,slow_moving
FOODS_1_006_WI_1_validation,FOODS_1_006,FOODS_1,FOODS,WI_1,WI,d_1745,0.0,2015-11-08,11541,Sunday,2,11,2015,Unknown,Unknown,Unknown,Unknown,1,0,1,10.96,16.55,1,1,2.0,1.0,2.0,0.7142857142857143,1.7142857142857142,1.7608319342086858,5.59,0.4164237528108604,40.0,9.0,31.0,0.04285607145535647,26.0,3.7142857142857144,10.48689138576779,0,slow_moving
FOODS_1_006_WI_1_validation,FOODS_1_006,FOODS_1,FOODS,WI_1,WI,d_1746,1.0,2015-11-09,11541,Monday,3,11,2015,Unknown,Unknown,Unknown,Unknown,1,1,1,10.96,16.55,1,0,0.0,0.0,4.0,0.5714285714285714,1.6428571428571428,1.7891501337389777,5.59,0.3476144955244634,39.0,8.0,31.0,0.042123462035771976,26.0,3.7142857142857144,10.224719101123595,0,slow_moving
