having_IP_Address,URL_Length,Shortining_Service,having_At_Symbol,double_slash_redirecting,Prefix_Suffix,having_Sub_Domain,SSLfinal_State,Domain_registeration_length,Favicon,port,HTTPS_token,Request_URL,URL_of_Anchor,Links_in_tags,SFH,Submitting_to_email,Abnormal_URL,Redirect,on_mouseover,RightClick,popUpWidnow,Iframe,age_of_domain,DNSRecord,web_traffic,Page_Rank,Google_Index,Links_pointing_to_page,Statistical_report,prob_positive_class,pred_label,decision_type,rules_triggered
1.0,1.0,-1.0,-1.0,1.0,-1.0,-1.0,-1.0,0.0,-1.0,-1.0,1.0,1.0,-1.0,1.0,-1.0,1.0,1.0,0.0,-1.0,-1.0,-1.0,-1.0,-1.0,1.0,-1.0,-1.0,-1.0,1.0,1.0,9.80014190160869e-07,0,model_only,
-1.0,1.0,-1.0,-1.0,-1.0,-1.0,0.0,1.0,0.0,-1.0,-1.0,1.0,1.0,0.0,-1.0,-1.0,-1.0,-1.0,0.0,-1.0,-1.0,-1.0,-1.0,-1.0,1.0,0.0,-1.0,-1.0,1.0,-1.0,0.0004094446346716348,0,model_only,
-1.0,0.0,-1.0,-1.0,-1.0,-1.0,-1.0,-1.0,0.0,-1.0,-1.0,1.0,1.0,0.0,-1.0,-1.0,1.0,1.0,0.0,-1.0,-1.0,-1.0,-1.0,0.0,1.0,1.0,-1.0,-1.0,0.0,1.0,3.94148205320672e-06,0,model_only,
-1.0,0.0,-1.0,-1.0,-1.0,-1.0,-1.0,-1.0,1.0,-1.0,-1.0,1.0,-1.0,0.0,0.0,-1.0,-1.0,-1.0,0.0,-1.0,-1.0,-1.0,-1.0,-1.0,1.0,1.0,-1.0,-1.0,-1.0,-1.0,4.581851258138954e-13,0,model_only,
-1.0,0.0,1.0,-1.0,-1.0,-1.0,1.0,1.0,0.0,-1.0,-1.0,-1.0,1.0,0.0,0.0,-1.0,-1.0,-1.0,0.0,1.0,-1.0,1.0,-1.0,-1.0,1.0,0.0,-1.0,-1.0,1.0,-1.0,0.2888402570233582,0,model_only,
1.0,0.0,1.0,-1.0,1.0,0.0,1.0,1.0,0.0,-1.0,-1.0,1.0,1.0,0.0,0.0,-1.0,1.0,1.0,0.0,-1.0,-1.0,-1.0,-1.0,0.0,-1.0,1.0,0.0,-1.0,-1.0,1.0,0.9884234254589431,1,model_only,
-1.0,-1.0,-1.0,-1.0,-1.0,-1.0,-1.0,1.0,-1.0,1.0,-1.0,1.0,1.0,0.0,-1.0,-1.0,1.0,1.0,0.0,1.0,-1.0,1.0,1.0,1.0,1.0,1.0,1.0,-1.0,0.0,1.0,0.6659499344811813,1,model_only,
-1.0,-1.0,-1.0,-1.0,-1.0,1.0,1.0,1.0,-1.0,-1.0,-1.0,-1.0,1.0,1.0,1.0,1.0,1.0,1.0,0.0,-1.0,-1.0,-1.0,-1.0,1.0,-1.0,-1.0,-1.0,-1.0,-1.0,1.0,0.9999999331678104,1,model_only,
-1.0,0.0,-1.0,-1.0,-1.0,0.0,-1.0,1.0,-1.0,-1.0,-1.0,-1.0,1.0,0.0,1.0,-1.0,1.0,1.0,0.0,-1.0,-1.0,-1.0,-1.0,1.0,-1.0,1.0,0.0,-1.0,0.0,1.0,0.9680390672853063,1,model_only,
-1.0,0.0,-1.0,-1.0,-1.0,0.0,0.0,0.0,1.0,-1.0,-1.0,-1.0,-1.0,-1.0,-1.0,-1.0,1.0,1.0,0.0,-1.0,-1.0,-1.0,-1.0,0.0,1.0,1.0,-1.0,-1.0,1.0,1.0,1.480587568473347e-05,0,model_only,
-1.0,0.0,-1.0,-1.0,-1.0,-1.0,-1.0,-1.0,-1.0,-1.0,-1.0,1.0,1.0,-1.0,0.0,-1.0,-1.0,-1.0,0.0,-1.0,-1.0,-1.0,-1.0,-1.0,1.0,-1.0,-1.0,-1.0,1.0,-1.0,9.936927778561912e-11,0,model_only,
-1.0,0.0,-1.0,-1.0,-1.0,0.0,-1.0,1.0,0.0,1.0,-1.0,1.0,-1.0,-1.0,0.0,-1.0,-1.0,-1.0,0.0,1.0,-1.0,1.0,1.0,-1.0,1.0,0.0,-1.0,-1.0,0.0,-1.0,0.10499493546148486,0,model_only,
-1.0,0.0,-1.0,-1.0,-1.0,0.0,-1.0,-1.0,1.0,1.0,-1.0,-1.0,-1.0,-1.0,0.0,-1.0,-1.0,-1.0,0.0,1.0,-1.0,1.0,-1.0,-1.0,1.0,0.0,0.0,-1.0,0.0,-1.0,3.682132253577201e-10,0,model_only,
-1.0,1.0,-1.0,-1.0,-1.0,1.0,-1.0,1.0,-1.0,-1.0,-1.0,-1.0,1.0,1.0,-1.0,1.0,1.0,1.0,0.0,-1.0,-1.0,-1.0,-1.0,1.0,1.0,1.0,-1.0,1.0,1.0,1.0,0.9999994871456073,1,model_only,
-1.0,-1.0,-1.0,-1.0,-1.0,0.0,0.0,-1.0,0.0,-1.0,-1.0,1.0,-1.0,1.0,0.0,-1.0,-1.0,-1.0,0.0,-1.0,-1.0,-1.0,-1.0,-1.0,1.0,1.0,0.0,-1.0,0.0,-1.0,3.8475589531306285e-07,0,model_only,
-1.0,-1.0,-1.0,-1.0,-1.0,1.0,1.0,1.0,-1.0,-1.0,-1.0,1.0,1.0,1.0,0.0,-1.0,-1.0,-1.0,0.0,-1.0,-1.0,-1.0,-1.0,0.0,1.0,1.0,-1.0,-1.0,0.0,-1.0,0.9986843860131192,1,model_only,
1.0,-1.0,1.0,-1.0,1.0,0.0,1.0,1.0,0.0,-1.0,-1.0,1.0,1.0,0.0,-1.0,-1.0,-1.0,-1.0,1.0,-1.0,-1.0,-1.0,-1.0,1.0,1.0,1.0,0.0,1.0,-1.0,-1.0,0.6675858608775237,1,model_only,
-1.0,-1.0,-1.0,-1.0,-1.0,-1.0,-1.0,-1.0,1.0,1.0,1.0,-1.0,-1.0,-1.0,-1.0,-1.0,1.0,1.0,0.0,1.0,-1.0,1.0,-1.0,-1.0,1.0,1.0,-1.0,-1.0,-1.0,1.0,2.541664546896788e-09,0,model_only,
-1.0,-1.0,-1.0,-1.0,-1.0,-1.0,0.0,0.0,1.0,1.0,-1.0,1.0,-1.0,-1.0,0.0,-1.0,1.0,1.0,0.0,1.0,-1.0,1.0,-1.0,1.0,1.0,-1.0,-1.0,-1.0,0.0,1.0,1.0234864129810935e-07,0,model_only,
-1.0,-1.0,-1.0,1.0,-1.0,-1.0,0.0,-1.0,0.0,-1.0,-1.0,-1.0,1.0,-1.0,1.0,-1.0,1.0,1.0,0.0,-1.0,-1.0,-1.0,-1.0,-1.0,-1.0,1.0,-1.0,-1.0,1.0,1.0,1.084091334009113e-06,0,model_only,
-1.0,1.0,-1.0,-1.0,-1.0,0.0,0.0,1.0,-1.0,1.0,-1.0,-1.0,1.0,0.0,-1.0,1.0,-1.0,-1.0,0.0,1.0,-1.0,1.0,-1.0,-1.0,-1.0,1.0,0.0,-1.0,0.0,-1.0,0.9995617175273505,1,model_only,
1.0,1.0,1.0,-1.0,1.0,1.0,-1.0,1.0,-1.0,-1.0,-1.0,1.0,1.0,0.0,0.0,1.0,1.0,1.0,0.0,-1.0,-1.0,-1.0,-1.0,1.0,-1.0,1.0,-1.0,-1.0,1.0,1.0,0.9999993652852321,1,model_only,
-1.0,-1.0,-1.0,-1.0,-1.0,-1.0,-1.0,-1.0,0.0,-1.0,-1.0,1.0,-1.0,0.0,-1.0,-1.0,-1.0,-1.0,0.0,-1.0,-1.0,-1.0,-1.0,-1.0,1.0,1.0,-1.0,-1.0,0.0,-1.0,8.415504631140574e-13,0,model_only,
-1.0,-1.0,-1.0,-1.0,-1.0,-1.0,-1.0,1.0,0.0,-1.0,-1.0,-1.0,1.0,-1.0,-1.0,-1.0,-1.0,-1.0,0.0,-1.0,-1.0,-1.0,-1.0,-1.0,1.0,0.0,-1.0,-1.0,0.0,-1.0,1.9583028413428314e-08,0,model_only,
-1.0,-1.0,-1.0,-1.0,-1.0,0.0,1.0,1.0,-1.0,-1.0,-1.0,-1.0,1.0,0.0,1.0,-1.0,1.0,1.0,0.0,-1.0,-1.0,-1.0,-1.0,1.0,-1.0,1.0,-1.0,1.0,-1.0,1.0,0.8236509393524041,1,model_only,
-1.0,-1.0,-1.0,-1.0,-1.0,-1.0,1.0,1.0,0.0,-1.0,-1.0,1.0,1.0,0.0,-1.0,-1.0,-1.0,-1.0,0.0,-1.0,-1.0,-1.0,-1.0,0.0,-1.0,0.0,-1.0,-1.0,0.0,-1.0,0.0001750873748902893,0,model_only,
-1.0,1.0,-1.0,-1.0,-1.0,-1.0,1.0,1.0,0.0,1.0,-1.0,-1.0,1.0,0.0,0.0,1.0,-1.0,-1.0,0.0,1.0,-1.0,1.0,1.0,1.0,1.0,0.0,-1.0,1.0,0.0,-1.0,0.4037295326623596,0,model_only,
1.0,-1.0,1.0,-1.0,1.0,1.0,-1.0,1.0,-1.0,-1.0,-1.0,1.0,1.0,1.0,1.0,-1.0,1.0,1.0,0.0,-1.0,-1.0,-1.0,-1.0,1.0,1.0,1.0,-1.0,1.0,0.0,1.0,0.9999972197338457,1,model_only,
-1.0,-1.0,-1.0,-1.0,-1.0,-1.0,1.0,-1.0,1.0,-1.0,-1.0,-1.0,-1.0,0.0,0.0,-1.0,-1.0,-1.0,0.0,-1.0,-1.0,-1.0,-1.0,-1.0,-1.0,1.0,-1.0,-1.0,0.0,-1.0,2.208927294841445e-10,0,model_only,
-1.0,-1.0,-1.0,-1.0,-1.0,-1.0,0.0,-1.0,1.0,1.0,1.0,1.0,-1.0,-1.0,0.0,-1.0,1.0,1.0,0.0,1.0,-1.0,1.0,-1.0,-1.0,1.0,0.0,-1.0,-1.0,0.0,1.0,5.863035087556157e-08,0,model_only,
-1.0,-1.0,-1.0,-1.0,-1.0,0.0,0.0,0.0,0.0,1.0,1.0,-1.0,-1.0,-1.0,0.0,-1.0,1.0,1.0,0.0,1.0,-1.0,1.0,-1.0,1.0,1.0,0.0,0.0,-1.0,0.0,1.0,4.401952906796864e-05,0,model_only,
1.0,-1.0,1.0,-1.0,1.0,1.0,1.0,1.0,1.0,-1.0,-1.0,1.0,1.0,0.0,0.0,-1.0,-1.0,-1.0,0.0,-1.0,-1.0,-1.0,-1.0,1.0,-1.0,1.0,-1.0,-1.0,1.0,-1.0,0.9183741054960205,1,model_only,
-1.0,-1.0,-1.0,-1.0,-1.0,0.0,1.0,1.0,-1.0,1.0,1.0,-1.0,1.0,0.0,1.0,-1.0,1.0,1.0,0.0,1.0,-1.0,1.0,-1.0,1.0,-1.0,1.0,1.0,-1.0,0.0,1.0,0.9999986836102313,1,model_only,
-1.0,-1.0,-1.0,-1.0,-1.0,-1.0,-1.0,-1.0,0.0,1.0,1.0,1.0,1.0,0.0,0.0,-1.0,1.0,1.0,0.0,1.0,-1.0,1.0,-1.0,-1.0,1.0,0.0,-1.0,-1.0,0.0,1.0,0.002915697465797649,0,model_only,
1.0,-1.0,1.0,-1.0,1.0,0.0,0.0,0.0,0.0,1.0,1.0,1.0,-1.0,-1.0,1.0,-1.0,1.0,1.0,0.0,1.0,-1.0,1.0,-1.0,1.0,1.0,0.0,0.0,-1.0,-1.0,1.0,3.070180483186358e-06,0,model_only,
-1.0,-1.0,-1.0,-1.0,-1.0,-1.0,1.0,-1.0,1.0,-1.0,-1.0,-1.0,1.0,0.0,-1.0,-1.0,-1.0,-1.0,0.0,-1.0,-1.0,-1.0,-1.0,-1.0,1.0,0.0,-1.0,-1.0,1.0,-1.0,4.412375242906195e-10,0,model_only,
-1.0,-1.0,-1.0,-1.0,-1.0,-1.0,1.0,-1.0,0.0,-1.0,-1.0,1.0,-1.0,0.0,-1.0,-1.0,-1.0,-1.0,0.0,-1.0,-1.0,-1.0,-1.0,1.0,1.0,0.0,-1.0,-1.0,0.0,-1.0,6.172240397189526e-12,0,model_only,
-1.0,1.0,-1.0,-1.0,-1.0,1.0,0.0,1.0,0.0,-1.0,-1.0,-1.0,1.0,0.0,0.0,1.0,1.0,1.0,0.0,-1.0,-1.0,-1.0,-1.0,-1.0,-1.0,0.0,-1.0,-1.0,0.0,1.0,0.9999833372532089,1,model_only,
-1.0,-1.0,-1.0,-1.0,-1.0,-1.0,-1.0,1.0,0.0,1.0,-1.0,-1.0,-1.0,0.0,-1.0,-1.0,-1.0,-1.0,0.0,1.0,-1.0,1.0,1.0,-1.0,1.0,1.0,-1.0,-1.0,-1.0,-1.0,0.21584971791007254,0,model_only,
-1.0,1.0,-1.0,-1.0,1.0,1.0,1.0,1.0,-1.0,1.0,-1.0,-1.0,1.0,1.0,1.0,1.0,-1.0,-1.0,1.0,1.0,-1.0,1.0,-1.0,1.0,1.0,1.0,-1.0,-1.0,0.0,-1.0,0.999993708428669,1,model_only,
-1.0,-1.0,-1.0,-1.0,-1.0,0.0,0.0,1.0,1.0,-1.0,-1.0,-1.0,-1.0,1.0,0.0,-1.0,1.0,1.0,0.0,-1.0,-1.0,-1.0,-1.0,-1.0,-1.0,1.0,-1.0,-1.0,0.0,1.0,0.9923462989589492,1,model_only,
-1.0,1.0,-1.0,-1.0,1.0,0.0,-1.0,-1.0,-1.0,1.0,1.0,-1.0,1.0,-1.0,-1.0,1.0,1.0,1.0,1.0,1.0,-1.0,1.0,-1.0,-1.0,1.0,1.0,0.0,-1.0,-1.0,1.0,5.6949703805505335e-06,0,model_only,
-1.0,-1.0,-1.0,-1.0,1.0,-1.0,0.0,-1.0,1.0,-1.0,-1.0,-1.0,-1.0,0.0,0.0,-1.0,-1.0,-1.0,0.0,-1.0,-1.0,-1.0,-1.0,1.0,1.0,1.0,-1.0,-1.0,0.0,-1.0,3.266188382178785e-11,0,model_only,
-1.0,-1.0,-1.0,-1.0,-1.0,1.0,-1.0,1.0,0.0,-1.0,-1.0,1.0,-1.0,1.0,-1.0,-1.0,1.0,1.0,0.0,-1.0,-1.0,-1.0,-1.0,1.0,-1.0,0.0,-1.0,-1.0,0.0,1.0,0.98381499469475,1,model_only,
-1.0,-1.0,-1.0,-1.0,1.0,0.0,-1.0,-1.0,1.0,-1.0,-1.0,-1.0,-1.0,-1.0,-1.0,-1.0,-1.0,-1.0,0.0,-1.0,-1.0,-1.0,-1.0,-1.0,1.0,-1.0,0.0,-1.0,-1.0,-1.0,7.600749619581403e-13,0,model_only,
-1.0,-1.0,-1.0,-1.0,-1.0,-1.0,1.0,1.0,0.0,-1.0,-1.0,-1.0,1.0,1.0,0.0,-1.0,1.0,1.0,0.0,-1.0,-1.0,-1.0,-1.0,1.0,-1.0,1.0,1.0,-1.0,0.0,1.0,0.9986684865993967,1,model_only,
1.0,-1.0,1.0,-1.0,1.0,0.0,1.0,1.0,0.0,-1.0,-1.0,1.0,1.0,0.0,-1.0,-1.0,1.0,1.0,0.0,-1.0,-1.0,-1.0,-1.0,0.0,-1.0,1.0,1.0,-1.0,-1.0,1.0,0.9942006878837892,1,model_only,
-1.0,-1.0,-1.0,-1.0,-1.0,0.0,-1.0,-1.0,0.0,-1.0,-1.0,-1.0,1.0,0.0,-1.0,-1.0,1.0,1.0,0.0,-1.0,-1.0,-1.0,-1.0,-1.0,-1.0,-1.0,0.0,-1.0,0.0,1.0,0.0005156554446835263,0,model_only,
-1.0,-1.0,-1.0,-1.0,1.0,1.0,-1.0,1.0,-1.0,-1.0,-1.0,-1.0,1.0,1.0,0.0,-1.0,-1.0,-1.0,0.0,-1.0,-1.0,-1.0,-1.0,1.0,-1.0,1.0,-1.0,-1.0,0.0,-1.0,0.9953128792695128,1,model_only,
-1.0,-1.0,-1.0,-1.0,1.0,-1.0,0.0,0.0,0.0,-1.0,-1.0,1.0,-1.0,-1.0,1.0,-1.0,-1.0,-1.0,0.0,-1.0,-1.0,-1.0,-1.0,1.0,-1.0,-1.0,-1.0,-1.0,0.0,-1.0,1.5722814893001113e-12,0,model_only,
-1.0,-1.0,-1.0,-1.0,1.0,-1.0,1.0,-1.0,1.0,-1.0,-1.0,1.0,-1.0,0.0,-1.0,-1.0,-1.0,-1.0,1.0,-1.0,-1.0,-1.0,-1.0,-1.0,1.0,1.0,-1.0,-1.0,1.0,-1.0,4.878817736952739e-11,0,model_only,
-1.0,-1.0,-1.0,-1.0,1.0,1.0,0.0,1.0,1.0,1.0,1.0,1.0,-1.0,0.0,1.0,-1.0,1.0,1.0,1.0,1.0,-1.0,1.0,-1.0,-1.0,-1.0,1.0,1.0,-1.0,0.0,1.0,0.9999976566810007,1,model_only,
-1.0,-1.0,-1.0,-1.0,1.0,1.0,1.0,1.0,0.0,1.0,1.0,-1.0,1.0,1.0,-1.0,-1.0,1.0,1.0,1.0,1.0,-1.0,1.0,-1.0,1.0,1.0,1.0,1.0,-1.0,1.0,1.0,0.999986544651554,1,model_only,
-1.0,-1.0,-1.0,-1.0,-1.0,-1.0,-1.0,-1.0,0.0,-1.0,-1.0,-1.0,1.0,-1.0,0.0,-1.0,-1.0,-1.0,0.0,-1.0,-1.0,-1.0,-1.0,-1.0,1.0,-1.0,-1.0,-1.0,-1.0,-1.0,3.4520804396429686e-13,0,model_only,
1.0,-1.0,1.0,-1.0,1.0,0.0,-1.0,1.0,-1.0,-1.0,-1.0,1.0,1.0,1.0,0.0,-1.0,1.0,1.0,1.0,-1.0,-1.0,-1.0,-1.0,-1.0,1.0,1.0,-1.0,-1.0,-1.0,1.0,0.8817641389476568,1,model_only,
-1.0,-1.0,-1.0,-1.0,1.0,0.0,0.0,-1.0,1.0,-1.0,-1.0,-1.0,-1.0,-1.0,0.0,-1.0,-1.0,-1.0,0.0,-1.0,-1.0,-1.0,-1.0,-1.0,1.0,-1.0,-1.0,-1.0,0.0,-1.0,6.1853962697968015e-12,0,model_only,
-1.0,1.0,-1.0,-1.0,-1.0,0.0,0.0,1.0,-1.0,-1.0,-1.0,-1.0,1.0,0.0,1.0,1.0,-1.0,-1.0,0.0,-1.0,-1.0,-1.0,-1.0,-1.0,1.0,1.0,1.0,-1.0,-1.0,-1.0,0.9999881247954621,1,model_only,
-1.0,-1.0,-1.0,-1.0,-1.0,1.0,-1.0,1.0,-1.0,-1.0,-1.0,-1.0,1.0,0.0,0.0,-1.0,-1.0,-1.0,0.0,-1.0,-1.0,-1.0,-1.0,-1.0,1.0,1.0,-1.0,-1.0,-1.0,-1.0,0.9452091307719521,1,model_only,
-1.0,1.0,-1.0,1.0,-1.0,0.0,1.0,1.0,-1.0,-1.0,-1.0,1.0,1.0,0.0,1.0,1.0,-1.0,-1.0,0.0,-1.0,-1.0,-1.0,-1.0,1.0,1.0,1.0,0.0,-1.0,-1.0,-1.0,0.9999965269417307,1,model_only,
-1.0,1.0,-1.0,-1.0,-1.0,0.0,1.0,1.0,-1.0,1.0,-1.0,1.0,1.0,0.0,0.0,1.0,-1.0,-1.0,0.0,1.0,-1.0,1.0,-1.0,1.0,-1.0,1.0,-1.0,-1.0,-1.0,-1.0,0.9999722635679489,1,model_only,
1.0,-1.0,1.0,-1.0,-1.0,-1.0,0.0,0.0,0.0,-1.0,-1.0,1.0,-1.0,-1.0,1.0,-1.0,1.0,1.0,0.0,-1.0,-1.0,-1.0,-1.0,0.0,1.0,-1.0,-1.0,-1.0,0.0,1.0,8.410079659215054e-10,0,model_only,
-1.0,-1.0,-1.0,-1.0,1.0,-1.0,1.0,-1.0,-1.0,1.0,1.0,1.0,1.0,0.0,-1.0,-1.0,1.0,1.0,0.0,1.0,-1.0,1.0,-1.0,1.0,1.0,0.0,-1.0,-1.0,-1.0,1.0,8.190758870881637e-05,0,model_only,
-1.0,1.0,-1.0,-1.0,1.0,0.0,-1.0,1.0,0.0,1.0,-1.0,1.0,1.0,0.0,1.0,1.0,-1.0,-1.0,0.0,1.0,-1.0,1.0,-1.0,1.0,-1.0,1.0,-1.0,-1.0,0.0,-1.0,0.999269515898851,1,model_only,
-1.0,-1.0,-1.0,-1.0,-1.0,1.0,1.0,1.0,0.0,-1.0,-1.0,-1.0,1.0,1.0,1.0,-1.0,-1.0,-1.0,0.0,-1.0,-1.0,-1.0,-1.0,1.0,-1.0,1.0,-1.0,-1.0,0.0,-1.0,0.9907548372228553,1,model_only,
1.0,1.0,1.0,-1.0,1.0,0.0,0.0,0.0,-1.0,-1.0,-1.0,1.0,1.0,-1.0,0.0,1.0,-1.0,-1.0,0.0,-1.0,-1.0,-1.0,-1.0,1.0,1.0,1.0,-1.0,-1.0,-1.0,-1.0,0.18741948461293723,0,model_only,
-1.0,-1.0,-1.0,-1.0,-1.0,-1.0,1.0,-1.0,-1.0,-1.0,-1.0,1.0,1.0,0.0,1.0,-1.0,-1.0,-1.0,0.0,-1.0,-1.0,-1.0,-1.0,1.0,-1.0,0.0,-1.0,-1.0,-1.0,-1.0,1.0421348132149941e-09,0,model_only,
1.0,-1.0,1.0,-1.0,1.0,1.0,1.0,1.0,1.0,-1.0,-1.0,1.0,-1.0,1.0,0.0,-1.0,1.0,1.0,0.0,-1.0,-1.0,-1.0,-1.0,1.0,-1.0,1.0,1.0,-1.0,1.0,1.0,0.9999988071042187,1,model_only,
-1.0,-1.0,-1.0,-1.0,-1.0,0.0,1.0,1.0,0.0,-1.0,-1.0,1.0,-1.0,1.0,0.0,-1.0,1.0,1.0,0.0,-1.0,-1.0,-1.0,-1.0,1.0,-1.0,-1.0,-1.0,-1.0,0.0,1.0,0.9741952869039489,1,model_only,
-1.0,-1.0,-1.0,-1.0,-1.0,0.0,-1.0,-1.0,0.0,-1.0,-1.0,-1.0,1.0,-1.0,0.0,-1.0,-1.0,-1.0,0.0,-1.0,-1.0,-1.0,-1.0,-1.0,-1.0,-1.0,-1.0,-1.0,0.0,-1.0,1.2465889737511575e-11,0,model_only,
-1.0,-1.0,-1.0,-1.0,-1.0,0.0,1.0,1.0,-1.0,-1.0,-1.0,-1.0,1.0,0.0,1.0,-1.0,-1.0,-1.0,0.0,-1.0,-1.0,-1.0,-1.0,1.0,-1.0,-1.0,1.0,-1.0,-1.0,-1.0,0.9611030341074108,1,model_only,
-1.0,-1.0,-1.0,-1.0,-1.0,-1.0,-1.0,-1.0,1.0,-1.0,-1.0,-1.0,-1.0,-1.0,0.0,-1.0,-1.0,-1.0,0.0,-1.0,-1.0,-1.0,-1.0,-1.0,-1.0,-1.0,-1.0,-1.0,1.0,-1.0,4.38978450119483e-14,0,model_only,
-1.0,-1.0,-1.0,-1.0,-1.0,-1.0,1.0,1.0,-1.0,-1.0,-1.0,-1.0,1.0,0.0,1.0,-1.0,-1.0,-1.0,0.0,-1.0,-1.0,-1.0,-1.0,0.0,1.0,0.0,-1.0,-1.0,-1.0,-1.0,0.18377301172828164,0,model_only,
-1.0,1.0,-1.0,-1.0,-1.0,0.0,-1.0,-1.0,-1.0,-1.0,-1.0,1.0,1.0,-1.0,-1.0,1.0,-1.0,-1.0,0.0,-1.0,-1.0,-1.0,-1.0,-1.0,1.0,-1.0,0.0,-1.0,-1.0,-1.0,1.0631812898368415e-13,0,model_only,
1.0,-1.0,1.0,-1.0,1.0,-1.0,-1.0,-1.0,0.0,1.0,-1.0,1.0,-1.0,-1.0,1.0,-1.0,1.0,1.0,1.0,1.0,-1.0,1.0,-1.0,-1.0,1.0,0.0,-1.0,-1.0,0.0,1.0,1.4298234597762682e-08,0,model_only,
-1.0,-1.0,-1.0,-1.0,-1.0,0.0,1.0,1.0,0.0,-1.0,-1.0,1.0,1.0,0.0,1.0,-1.0,-1.0,-1.0,0.0,-1.0,-1.0,-1.0,-1.0,0.0,-1.0,1.0,-1.0,-1.0,0.0,-1.0,0.9427235514577683,1,model_only,
-1.0,-1.0,-1.0,-1.0,-1.0,-1.0,-1.0,-1.0,0.0,-1.0,-1.0,1.0,1.0,0.0,-1.0,-1.0,-1.0,-1.0,0.0,-1.0,-1.0,-1.0,-1.0,-1.0,1.0,0.0,-1.0,-1.0,0.0,-1.0,1.4045553503384726e-11,0,model_only,
-1.0,-1.0,-1.0,-1.0,-1.0,0.0,-1.0,-1.0,1.0,-1.0,-1.0,1.0,-1.0,-1.0,-1.0,-1.0,-1.0,-1.0,0.0,-1.0,-1.0,-1.0,-1.0,1.0,1.0,-1.0,-1.0,-1.0,1.0,-1.0,6.233249410875799e-13,0,model_only,
-1.0,-1.0,-1.0,-1.0,-1.0,0.0,0.0,1.0,1.0,-1.0,-1.0,-1.0,-1.0,0.0,-1.0,-1.0,-1.0,-1.0,0.0,-1.0,-1.0,-1.0,-1.0,-1.0,1.0,1.0,1.0,-1.0,1.0,-1.0,0.3210691473513508,0,model_only,
-1.0,-1.0,-1.0,-1.0,-1.0,0.0,-1.0,-1.0,1.0,-1.0,-1.0,-1.0,-1.0,-1.0,0.0,-1.0,-1.0,-1.0,0.0,-1.0,-1.0,-1.0,-1.0,-1.0,1.0,-1.0,0.0,-1.0,1.0,-1.0,2.158652244890214e-12,0,model_only,
-1.0,-1.0,-1.0,-1.0,-1.0,0.0,-1.0,1.0,-1.0,-1.0,-1.0,-1.0,1.0,0.0,1.0,-1.0,1.0,-1.0,0.0,-1.0,-1.0,-1.0,-1.0,1.0,-1.0,1.0,0.0,-1.0,-1.0,-1.0,0.6974533710707825,1,model_only,
-1.0,-1.0,-1.0,-1.0,-1.0,0.0,-1.0,-1.0,0.0,-1.0,-1.0,-1.0,-1.0,0.0,0.0,-1.0,-1.0,-1.0,0.0,-1.0,-1.0,-1.0,-1.0,-1.0,-1.0,0.0,0.0,1.0,0.0,-1.0,1.0574530214695355e-07,0,model_only,
-1.0,-1.0,-1.0,-1.0,-1.0,0.0,-1.0,-1.0,-1.0,-1.0,-1.0,-1.0,1.0,0.0,-1.0,-1.0,1.0,-1.0,0.0,-1.0,-1.0,-1.0,-1.0,0.0,1.0,1.0,-1.0,-1.0,-1.0,-1.0,1.0155490064490184e-05,0,model_only,
-1.0,-1.0,-1.0,-1.0,-1.0,-1.0,1.0,-1.0,0.0,-1.0,-1.0,-1.0,-1.0,-1.0,0.0,-1.0,1.0,-1.0,0.0,-1.0,-1.0,-1.0,-1.0,-1.0,-1.0,-1.0,-1.0,-1.0,0.0,-1.0,2.5386960814836227e-13,0,model_only,
-1.0,-1.0,-1.0,-1.0,-1.0,-1.0,0.0,1.0,-1.0,-1.0,-1.0,-1.0,1.0,0.0,1.0,-1.0,1.0,-1.0,0.0,-1.0,-1.0,-1.0,-1.0,-1.0,-1.0,1.0,-1.0,-1.0,-1.0,-1.0,0.0006131319068963908,0,model_only,
-1.0,-1.0,-1.0,-1.0,-1.0,-1.0,-1.0,-1.0,1.0,-1.0,-1.0,-1.0,-1.0,1.0,-1.0,-1.0,-1.0,-1.0,0.0,-1.0,-1.0,-1.0,-1.0,-1.0,-1.0,-1.0,-1.0,-1.0,1.0,-1.0,3.6316386425811553e-09,0,model_only,
-1.0,-1.0,-1.0,-1.0,-1.0,0.0,1.0,1.0,0.0,-1.0,-1.0,1.0,-1.0,1.0,1.0,-1.0,-1.0,-1.0,0.0,-1.0,-1.0,-1.0,-1.0,1.0,1.0,1.0,-1.0,-1.0,0.0,-1.0,0.6662438120162356,1,model_only,
-1.0,-1.0,-1.0,-1.0,-1.0,-1.0,-1.0,-1.0,1.0,-1.0,-1.0,-1.0,-1.0,0.0,0.0,-1.0,-1.0,-1.0,0.0,-1.0,-1.0,-1.0,-1.0,0.0,1.0,1.0,-1.0,-1.0,1.0,-1.0,1.7086858046956862e-10,0,model_only,
-1.0,-1.0,-1.0,-1.0,-1.0,0.0,1.0,1.0,0.0,-1.0,-1.0,-1.0,1.0,0.0,-1.0,-1.0,-1.0,-1.0,0.0,-1.0,-1.0,-1.0,-1.0,-1.0,-1.0,0.0,-1.0,-1.0,0.0,-1.0,0.6268818537870338,1,model_only,
-1.0,-1.0,-1.0,-1.0,-1.0,1.0,-1.0,1.0,-1.0,-1.0,-1.0,-1.0,1.0,1.0,1.0,-1.0,-1.0,-1.0,0.0,-1.0,-1.0,-1.0,-1.0,1.0,-1.0,1.0,-1.0,-1.0,-1.0,-1.0,0.9990907035043457,1,model_only,
-1.0,1.0,-1.0,-1.0,-1.0,-1.0,-1.0,1.0,-1.0,1.0,-1.0,-1.0,1.0,0.0,1.0,1.0,-1.0,1.0,0.0,1.0,-1.0,1.0,-1.0,-1.0,1.0,0.0,-1.0,-1.0,-1.0,1.0,0.9565614081662169,1,model_only,
-1.0,-1.0,-1.0,-1.0,-1.0,-1.0,0.0,1.0,-1.0,1.0,-1.0,-1.0,1.0,0.0,0.0,-1.0,1.0,1.0,0.0,1.0,-1.0,1.0,-1.0,-1.0,-1.0,0.0,-1.0,-1.0,-1.0,1.0,0.03127246000646306,0,model_only,
1.0,1.0,1.0,-1.0,1.0,-1.0,1.0,-1.0,0.0,-1.0,-1.0,1.0,1.0,-1.0,1.0,1.0,-1.0,1.0,1.0,1.0,-1.0,1.0,-1.0,1.0,-1.0,1.0,-1.0,-1.0,0.0,1.0,1.6720638447712917e-07,0,model_only,
-1.0,-1.0,-1.0,-1.0,-1.0,-1.0,0.0,0.0,1.0,-1.0,-1.0,-1.0,-1.0,-1.0,-1.0,-1.0,-1.0,-1.0,0.0,-1.0,-1.0,-1.0,-1.0,0.0,-1.0,1.0,-1.0,-1.0,1.0,-1.0,2.2743698536091825e-12,0,model_only,
-1.0,-1.0,-1.0,-1.0,-1.0,1.0,1.0,1.0,0.0,-1.0,-1.0,-1.0,-1.0,0.0,-1.0,-1.0,1.0,-1.0,0.0,-1.0,-1.0,-1.0,-1.0,0.0,-1.0,0.0,-1.0,-1.0,0.0,-1.0,0.7310541599432719,1,model_only,
-1.0,-1.0,-1.0,-1.0,-1.0,-1.0,1.0,1.0,0.0,1.0,1.0,-1.0,1.0,1.0,-1.0,-1.0,1.0,-1.0,0.0,1.0,-1.0,1.0,-1.0,1.0,-1.0,1.0,1.0,-1.0,0.0,-1.0,0.9921562357283561,1,model_only,
-1.0,-1.0,-1.0,-1.0,-1.0,0.0,-1.0,-1.0,1.0,-1.0,-1.0,1.0,-1.0,0.0,-1.0,-1.0,-1.0,-1.0,0.0,-1.0,-1.0,-1.0,-1.0,-1.0,-1.0,0.0,-1.0,-1.0,1.0,-1.0,3.407945460142241e-09,0,model_only,
-1.0,-1.0,-1.0,-1.0,-1.0,1.0,0.0,1.0,0.0,-1.0,-1.0,-1.0,1.0,1.0,0.0,-1.0,-1.0,-1.0,0.0,-1.0,-1.0,-1.0,-1.0,-1.0,-1.0,1.0,1.0,-1.0,0.0,-1.0,0.998770387518376,1,model_only,
-1.0,1.0,-1.0,-1.0,-1.0,1.0,0.0,-1.0,-1.0,-1.0,-1.0,-1.0,1.0,0.0,0.0,1.0,-1.0,-1.0,0.0,-1.0,-1.0,-1.0,-1.0,0.0,-1.0,1.0,-1.0,-1.0,-1.0,-1.0,0.04857725722789489,0,model_only,
-1.0,-1.0,-1.0,-1.0,-1.0,0.0,-1.0,1.0,0.0,-1.0,-1.0,-1.0,-1.0,0.0,-1.0,-1.0,1.0,-1.0,0.0,-1.0,-1.0,-1.0,-1.0,1.0,-1.0,-1.0,0.0,-1.0,0.0,-1.0,0.6685248444858937,1,model_only,
-1.0,-1.0,-1.0,-1.0,-1.0,-1.0,-1.0,-1.0,1.0,1.0,-1.0,-1.0,-1.0,-1.0,1.0,-1.0,-1.0,-1.0,0.0,1.0,-1.0,1.0,-1.0,-1.0,1.0,-1.0,-1.0,-1.0,1.0,-1.0,8.592069414355153e-09,0,model_only,
-1.0,1.0,-1.0,-1.0,-1.0,0.0,0.0,1.0,-1.0,1.0,1.0,-1.0,1.0,0.0,-1.0,1.0,1.0,-1.0,0.0,1.0,-1.0,1.0,1.0,-1.0,1.0,1.0,-1.0,-1.0,-1.0,-1.0,0.9999983164765217,1,model_only,
-1.0,-1.0,-1.0,-1.0,-1.0,-1.0,0.0,1.0,0.0,-1.0,-1.0,-1.0,1.0,0.0,1.0,-1.0,-1.0,-1.0,0.0,-1.0,-1.0,-1.0,-1.0,-1.0,-1.0,1.0,-1.0,-1.0,0.0,-1.0,0.392574882121294,0,model_only,
-1.0,1.0,-1.0,-1.0,-1.0,0.0,1.0,1.0,-1.0,1.0,-1.0,-1.0,1.0,0.0,0.0,1.0,-1.0,-1.0,0.0,1.0,-1.0,1.0,-1.0,1.0,1.0,1.0,0.0,-1.0,-1.0,-1.0,0.9992694199095289,1,model_only,
-1.0,-1.0,-1.0,-1.0,-1.0,1.0,0.0,-1.0,1.0,-1.0,-1.0,-1.0,-1.0,0.0,-1.0,-1.0,-1.0,-1.0,0.0,-1.0,-1.0,-1.0,-1.0,0.0,-1.0,-1.0,-1.0,-1.0,1.0,-1.0,0.000278472294757905,0,model_only,
-1.0,-1.0,-1.0,-1.0,1.0,0.0,-1.0,1.0,0.0,-1.0,-1.0,-1.0,-1.0,0.0,-1.0,-1.0,-1.0,-1.0,1.0,-1.0,-1.0,-1.0,-1.0,-1.0,1.0,1.0,-1.0,-1.0,0.0,-1.0,0.34922135678111865,0,model_only,
-1.0,-1.0,-1.0,-1.0,1.0,-1.0,-1.0,0.0,1.0,-1.0,-1.0,-1.0,-1.0,0.0,-1.0,-1.0,-1.0,-1.0,1.0,-1.0,-1.0,-1.0,-1.0,-1.0,1.0,0.0,-1.0,-1.0,1.0,-1.0,1.825123079003685e-07,0,model_only,
-1.0,-1.0,-1.0,-1.0,-1.0,0.0,-1.0,1.0,1.0,-1.0,-1.0,1.0,-1.0,1.0,1.0,-1.0,-1.0,-1.0,0.0,-1.0,-1.0,-1.0,-1.0,1.0,-1.0,1.0,0.0,-1.0,1.0,-1.0,0.7111587529999642,1,model_only,
-1.0,-1.0,-1.0,-1.0,1.0,-1.0,1.0,-1.0,0.0,-1.0,-1.0,-1.0,1.0,0.0,0.0,-1.0,1.0,-1.0,1.0,-1.0,-1.0,-1.0,-1.0,-1.0,1.0,0.0,-1.0,-1.0,0.0,-1.0,1.1817217198977483e-08,0,model_only,
1.0,-1.0,1.0,-1.0,-1.0,0.0,-1.0,1.0,1.0,-1.0,-1.0,1.0,-1.0,0.0,-1.0,-1.0,1.0,-1.0,0.0,-1.0,-1.0,-1.0,-1.0,1.0,1.0,1.0,0.0,-1.0,1.0,-1.0,0.4788033512544376,0,model_only,
-1.0,-1.0,-1.0,-1.0,-1.0,0.0,0.0,-1.0,1.0,-1.0,-1.0,-1.0,-1.0,-1.0,-1.0,-1.0,-1.0,-1.0,0.0,-1.0,-1.0,-1.0,-1.0,-1.0,1.0,-1.0,0.0,-1.0,1.0,-1.0,1.6447666834853048e-13,0,model_only,
-1.0,-1.0,-1.0,-1.0,1.0,-1.0,1.0,1.0,-1.0,-1.0,-1.0,-1.0,1.0,1.0,0.0,-1.0,-1.0,-1.0,1.0,-1.0,-1.0,-1.0,-1.0,1.0,-1.0,1.0,1.0,-1.0,-1.0,-1.0,0.6646882785646534,1,model_only,
-1.0,-1.0,-1.0,-1.0,-1.0,-1.0,-1.0,-1.0,0.0,-1.0,-1.0,-1.0,1.0,0.0,-1.0,-1.0,-1.0,-1.0,0.0,-1.0,-1.0,-1.0,-1.0,-1.0,1.0,1.0,-1.0,-1.0,0.0,-1.0,2.8135518256635707e-09,0,model_only,
1.0,-1.0,1.0,-1.0,-1.0,1.0,1.0,1.0,-1.0,-1.0,-1.0,1.0,1.0,0.0,-1.0,-1.0,-1.0,-1.0,0.0,-1.0,-1.0,-1.0,-1.0,1.0,1.0,1.0,-1.0,-1.0,-1.0,-1.0,0.725238295871347,1,model_only,
-1.0,-1.0,-1.0,-1.0,-1.0,-1.0,0.0,0.0,1.0,-1.0,-1.0,-1.0,-1.0,-1.0,-1.0,-1.0,1.0,-1.0,0.0,-1.0,-1.0,-1.0,-1.0,1.0,1.0,-1.0,-1.0,-1.0,1.0,-1.0,4.707059205773228e-11,0,model_only,
-1.0,-1.0,-1.0,-1.0,1.0,-1.0,-1.0,1.0,0.0,-1.0,-1.0,1.0,-1.0,0.0,-1.0,-1.0,-1.0,-1.0,1.0,-1.0,-1.0,-1.0,-1.0,-1.0,1.0,1.0,-1.0,-1.0,0.0,-1.0,0.00040366553269847354,0,model_only,
-1.0,-1.0,-1.0,-1.0,-1.0,-1.0,-1.0,1.0,-1.0,-1.0,-1.0,-1.0,1.0,0.0,0.0,-1.0,-1.0,-1.0,0.0,-1.0,-1.0,-1.0,-1.0,-1.0,1.0,0.0,-1.0,-1.0,-1.0,-1.0,0.5862784233568882,1,model_only,
-1.0,1.0,-1.0,1.0,-1.0,-1.0,0.0,0.0,-1.0,-1.0,-1.0,-1.0,1.0,-1.0,0.0,1.0,-1.0,-1.0,0.0,-1.0,-1.0,-1.0,-1.0,0.0,1.0,-1.0,-1.0,-1.0,-1.0,-1.0,8.252991095600598e-08,0,model_only,
-1.0,-1.0,-1.0,-1.0,-1.0,-1.0,1.0,-1.0,-1.0,1.0,-1.0,-1.0,1.0,0.0,0.0,-1.0,-1.0,-1.0,0.0,1.0,-1.0,1.0,-1.0,1.0,1.0,0.0,-1.0,-1.0,-1.0,-1.0,3.4608310663380683e-07,0,model_only,
-1.0,-1.0,-1.0,-1.0,-1.0,0.0,1.0,-1.0,1.0,-1.0,-1.0,-1.0,-1.0,0.0,-1.0,-1.0,-1.0,-1.0,0.0,-1.0,-1.0,-1.0,-1.0,1.0,1.0,0.0,-1.0,-1.0,1.0,-1.0,1.507505695330355e-09,0,model_only,
-1.0,1.0,-1.0,-1.0,-1.0,-1.0,-1.0,-1.0,1.0,-1.0,-1.0,-1.0,-1.0,-1.0,0.0,1.0,-1.0,-1.0,0.0,-1.0,-1.0,-1.0,-1.0,-1.0,1.0,0.0,-1.0,-1.0,1.0,-1.0,1.9162447632706544e-14,0,model_only,
-1.0,-1.0,-1.0,-1.0,-1.0,-1.0,-1.0,1.0,1.0,-1.0,-1.0,-1.0,1.0,0.0,-1.0,-1.0,1.0,-1.0,0.0,-1.0,-1.0,-1.0,-1.0,-1.0,1.0,0.0,-1.0,-1.0,1.0,-1.0,0.05161707063468149,0,model_only,
-1.0,-1.0,-1.0,-1.0,-1.0,0.0,-1.0,-1.0,-1.0,-1.0,-1.0,-1.0,1.0,-1.0,0.0,-1.0,1.0,-1.0,0.0,-1.0,-1.0,-1.0,-1.0,-1.0,1.0,1.0,0.0,-1.0,-1.0,-1.0,1.8634372591165997e-10,0,model_only,
-1.0,-1.0,-1.0,-1.0,-1.0,0.0,0.0,1.0,1.0,-1.0,-1.0,-1.0,-1.0,0.0,1.0,-1.0,1.0,-1.0,0.0,-1.0,-1.0,-1.0,-1.0,-1.0,1.0,-1.0,-1.0,-1.0,1.0,-1.0,0.7722488808192446,1,model_only,
-1.0,-1.0,-1.0,-1.0,-1.0,-1.0,-1.0,1.0,-1.0,-1.0,-1.0,-1.0,1.0,0.0,0.0,-1.0,1.0,-1.0,0.0,-1.0,-1.0,-1.0,-1.0,1.0,1.0,1.0,-1.0,-1.0,-1.0,-1.0,0.04230731306333174,0,model_only,
-1.0,1.0,-1.0,-1.0,-1.0,-1.0,1.0,1.0,0.0,-1.0,-1.0,-1.0,1.0,0.0,-1.0,1.0,1.0,-1.0,0.0,-1.0,-1.0,-1.0,-1.0,1.0,1.0,0.0,-1.0,-1.0,0.0,-1.0,0.03773425599141392,0,model_only,
1.0,1.0,1.0,-1.0,1.0,-1.0,-1.0,1.0,-1.0,-1.0,-1.0,1.0,1.0,1.0,-1.0,1.0,-1.0,-1.0,1.0,-1.0,-1.0,-1.0,-1.0,1.0,1.0,1.0,1.0,-1.0,-1.0,-1.0,0.6854889873528113,1,model_only,
-1.0,-1.0,-1.0,-1.0,-1.0,-1.0,1.0,1.0,0.0,-1.0,-1.0,-1.0,1.0,0.0,-1.0,-1.0,-1.0,-1.0,0.0,-1.0,-1.0,-1.0,-1.0,1.0,1.0,1.0,-1.0,-1.0,0.0,-1.0,1.9535821312741286e-05,0,model_only,
-1.0,-1.0,-1.0,-1.0,-1.0,0.0,-1.0,1.0,-1.0,1.0,-1.0,1.0,1.0,1.0,-1.0,-1.0,-1.0,-1.0,0.0,1.0,-1.0,1.0,-1.0,1.0,1.0,1.0,-1.0,-1.0,-1.0,-1.0,0.6308766289242845,1,model_only,
-1.0,-1.0,-1.0,-1.0,-1.0,-1.0,-1.0,1.0,-1.0,-1.0,-1.0,-1.0,1.0,-1.0,0.0,-1.0,-1.0,-1.0,0.0,-1.0,-1.0,-1.0,-1.0,1.0,-1.0,1.0,-1.0,-1.0,-1.0,-1.0,2.527097472657834e-06,0,model_only,
-1.0,-1.0,-1.0,1.0,-1.0,0.0,-1.0,-1.0,1.0,-1.0,-1.0,-1.0,-1.0,-1.0,0.0,-1.0,-1.0,-1.0,0.0,-1.0,-1.0,-1.0,-1.0,1.0,1.0,-1.0,0.0,-1.0,1.0,-1.0,3.9819479890938436e-10,0,model_only,
-1.0,-1.0,-1.0,-1.0,-1.0,-1.0,1.0,1.0,-1.0,-1.0,-1.0,-1.0,1.0,0.0,0.0,-1.0,-1.0,-1.0,0.0,-1.0,-1.0,-1.0,-1.0,0.0,-1.0,0.0,-1.0,-1.0,-1.0,-1.0,0.01953462437006369,0,model_only,
1.0,-1.0,1.0,-1.0,1.0,-1.0,-1.0,-1.0,-1.0,1.0,-1.0,1.0,1.0,-1.0,1.0,-1.0,-1.0,-1.0,1.0,1.0,-1.0,1.0,-1.0,-1.0,1.0,1.0,-1.0,-1.0,-1.0,-1.0,7.453467395655908e-10,0,model_only,
-1.0,-1.0,-1.0,-1.0,-1.0,-1.0,0.0,0.0,-1.0,-1.0,-1.0,-1.0,1.0,-1.0,0.0,-1.0,-1.0,-1.0,0.0,-1.0,-1.0,-1.0,-1.0,0.0,1.0,-1.0,-1.0,-1.0,-1.0,-1.0,4.318971047785802e-10,0,model_only,
-1.0,-1.0,-1.0,-1.0,-1.0,0.0,0.0,1.0,1.0,1.0,-1.0,-1.0,-1.0,0.0,-1.0,-1.0,1.0,-1.0,0.0,1.0,-1.0,1.0,-1.0,-1.0,1.0,1.0,0.0,-1.0,1.0,-1.0,0.6100050217705938,1,model_only,
-1.0,-1.0,-1.0,-1.0,-1.0,-1.0,0.0,1.0,-1.0,-1.0,-1.0,-1.0,1.0,0.0,-1.0,-1.0,-1.0,-1.0,0.0,-1.0,-1.0,-1.0,-1.0,-1.0,1.0,1.0,-1.0,-1.0,-1.0,-1.0,0.026530814556610143,0,model_only,
-1.0,-1.0,-1.0,-1.0,-1.0,0.0,1.0,1.0,0.0,1.0,-1.0,-1.0,1.0,0.0,-1.0,-1.0,-1.0,-1.0,0.0,1.0,-1.0,1.0,-1.0,1.0,1.0,1.0,1.0,-1.0,0.0,-1.0,0.6100713764361948,1,model_only,
-1.0,-1.0,-1.0,-1.0,-1.0,-1.0,1.0,1.0,-1.0,-1.0,-1.0,1.0,1.0,0.0,1.0,-1.0,-1.0,-1.0,0.0,-1.0,-1.0,-1.0,-1.0,1.0,-1.0,0.0,-1.0,-1.0,-1.0,-1.0,7.696415761941499e-05,0,model_only,
1.0,-1.0,1.0,-1.0,1.0,0.0,0.0,0.0,0.0,-1.0,-1.0,1.0,-1.0,-1.0,1.0,-1.0,-1.0,-1.0,1.0,1.0,-1.0,1.0,-1.0,1.0,1.0,-1.0,-1.0,-1.0,0.0,-1.0,5.4541448007511365e-09,0,model_only,
-1.0,1.0,-1.0,-1.0,-1.0,1.0,-1.0,1.0,-1.0,-1.0,-1.0,1.0,1.0,0.0,0.0,1.0,-1.0,-1.0,0.0,-1.0,-1.0,-1.0,-1.0,-1.0,-1.0,1.0,1.0,-1.0,-1.0,-1.0,0.99999995872995,1,model_only,
-1.0,-1.0,-1.0,-1.0,-1.0,-1.0,0.0,0.0,1.0,1.0,-1.0,1.0,-1.0,-1.0,0.0,-1.0,-1.0,-1.0,0.0,1.0,-1.0,1.0,-1.0,0.0,-1.0,-1.0,-1.0,-1.0,1.0,-1.0,4.813716621625078e-10,0,model_only,
-1.0,1.0,-1.0,-1.0,-1.0,1.0,-1.0,1.0,-1.0,-1.0,-1.0,-1.0,1.0,1.0,-1.0,1.0,-1.0,-1.0,0.0,-1.0,-1.0,-1.0,-1.0,-1.0,1.0,1.0,1.0,-1.0,-1.0,-1.0,0.999981670088526,1,model_only,
1.0,-1.0,1.0,-1.0,1.0,0.0,-1.0,1.0,1.0,-1.0,-1.0,1.0,-1.0,0.0,1.0,-1.0,-1.0,-1.0,1.0,-1.0,-1.0,-1.0,-1.0,1.0,1.0,1.0,-1.0,-1.0,1.0,-1.0,0.34877150221134096,0,model_only,
-1.0,-1.0,-1.0,-1.0,-1.0,0.0,1.0,1.0,0.0,-1.0,-1.0,-1.0,1.0,1.0,0.0,-1.0,-1.0,-1.0,0.0,-1.0,-1.0,-1.0,-1.0,1.0,-1.0,1.0,-1.0,-1.0,0.0,-1.0,0.6837178070938439,1,model_only,
-1.0,-1.0,-1.0,-1.0,-1.0,-1.0,-1.0,1.0,1.0,-1.0,-1.0,-1.0,-1.0,-1.0,-1.0,-1.0,-1.0,-1.0,0.0,-1.0,-1.0,-1.0,-1.0,-1.0,-1.0,0.0,-1.0,1.0,1.0,-1.0,1.1398322035667298e-10,0,model_only,
-1.0,-1.0,-1.0,-1.0,-1.0,1.0,0.0,1.0,0.0,-1.0,-1.0,-1.0,1.0,0.0,0.0,-1.0,-1.0,-1.0,0.0,-1.0,-1.0,-1.0,-1.0,0.0,-1.0,1.0,1.0,-1.0,0.0,-1.0,0.989648950614686,1,model_only,
1.0,-1.0,1.0,-1.0,1.0,-1.0,0.0,0.0,0.0,1.0,-1.0,1.0,1.0,-1.0,1.0,-1.0,-1.0,1.0,0.0,1.0,-1.0,1.0,-1.0,0.0,1.0,1.0,-1.0,-1.0,0.0,1.0,1.0050531776040766e-05,0,model_only,
-1.0,-1.0,-1.0,-1.0,-1.0,0.0,1.0,1.0,0.0,-1.0,-1.0,-1.0,1.0,1.0,-1.0,-1.0,-1.0,-1.0,0.0,-1.0,-1.0,-1.0,-1.0,1.0,-1.0,0.0,1.0,-1.0,0.0,-1.0,0.6700380903780374,1,model_only,
-1.0,-1.0,-1.0,-1.0,-1.0,-1.0,-1.0,1.0,1.0,-1.0,-1.0,-1.0,-1.0,0.0,-1.0,-1.0,-1.0,-1.0,0.0,-1.0,-1.0,-1.0,-1.0,1.0,1.0,1.0,-1.0,-1.0,1.0,-1.0,0.0002754529509061797,0,model_only,
1.0,-1.0,1.0,-1.0,1.0,1.0,-1.0,1.0,0.0,-1.0,-1.0,1.0,-1.0,0.0,0.0,-1.0,-1.0,1.0,0.0,-1.0,-1.0,-1.0,-1.0,1.0,1.0,1.0,-1.0,-1.0,0.0,1.0,0.73772527213575,1,model_only,
-1.0,-1.0,-1.0,-1.0,-1.0,-1.0,0.0,1.0,1.0,-1.0,-1.0,1.0,-1.0,0.0,-1.0,-1.0,-1.0,1.0,0.0,-1.0,-1.0,-1.0,-1.0,-1.0,-1.0,0.0,-1.0,-1.0,1.0,1.0,0.03229327618953546,0,model_only,
-1.0,-1.0,-1.0,-1.0,-1.0,1.0,-1.0,1.0,-1.0,1.0,-1.0,1.0,1.0,1.0,1.0,-1.0,-1.0,1.0,0.0,1.0,-1.0,1.0,-1.0,1.0,1.0,1.0,-1.0,-1.0,-1.0,1.0,0.9560626379085155,1,model_only,
-1.0,-1.0,-1.0,-1.0,-1.0,-1.0,-1.0,-1.0,1.0,-1.0,-1.0,-1.0,-1.0,0.0,1.0,-1.0,-1.0,-1.0,0.0,-1.0,-1.0,-1.0,-1.0,0.0,-1.0,1.0,-1.0,-1.0,1.0,-1.0,4.070264771189467e-09,0,model_only,
-1.0,-1.0,-1.0,-1.0,-1.0,-1.0,0.0,-1.0,1.0,-1.0,-1.0,-1.0,1.0,0.0,-1.0,-1.0,-1.0,-1.0,0.0,-1.0,-1.0,-1.0,-1.0,-1.0,-1.0,1.0,-1.0,-1.0,1.0,-1.0,5.557167091465036e-10,0,model_only,
-1.0,-1.0,-1.0,-1.0,-1.0,0.0,-1.0,1.0,0.0,-1.0,-1.0,-1.0,1.0,0.0,0.0,-1.0,-1.0,-1.0,0.0,-1.0,-1.0,-1.0,-1.0,1.0,-1.0,1.0,1.0,-1.0,0.0,-1.0,0.9542194515026629,1,model_only,
-1.0,-1.0,-1.0,-1.0,-1.0,-1.0,0.0,1.0,0.0,-1.0,-1.0,-1.0,-1.0,1.0,-1.0,-1.0,-1.0,-1.0,0.0,-1.0,-1.0,-1.0,-1.0,-1.0,-1.0,0.0,1.0,-1.0,0.0,-1.0,0.6583394997067651,1,model_only,
-1.0,-1.0,-1.0,-1.0,-1.0,0.0,-1.0,1.0,0.0,-1.0,-1.0,-1.0,1.0,0.0,0.0,-1.0,-1.0,-1.0,0.0,-1.0,-1.0,-1.0,-1.0,1.0,-1.0,1.0,1.0,-1.0,0.0,-1.0,0.9542194515026629,1,model_only,
-1.0,-1.0,-1.0,-1.0,-1.0,1.0,-1.0,1.0,1.0,-1.0,-1.0,-1.0,-1.0,0.0,-1.0,-1.0,-1.0,-1.0,0.0,-1.0,-1.0,-1.0,-1.0,1.0,1.0,-1.0,-1.0,-1.0,1.0,-1.0,0.6927723701017076,1,model_only,
1.0,-1.0,1.0,-1.0,1.0,0.0,1.0,1.0,-1.0,-1.0,-1.0,1.0,1.0,0.0,0.0,-1.0,-1.0,1.0,0.0,-1.0,-1.0,-1.0,-1.0,1.0,1.0,1.0,-1.0,-1.0,-1.0,1.0,0.9341755412032312,1,model_only,
-1.0,-1.0,-1.0,-1.0,-1.0,-1.0,-1.0,1.0,0.0,-1.0,-1.0,-1.0,1.0,0.0,-1.0,-1.0,-1.0,-1.0,0.0,-1.0,-1.0,-1.0,-1.0,-1.0,-1.0,0.0,-1.0,-1.0,0.0,-1.0,0.004092736224076088,0,model_only,
-1.0,-1.0,-1.0,-1.0,-1.0,0.0,1.0,1.0,1.0,-1.0,-1.0,-1.0,-1.0,0.0,1.0,-1.0,-1.0,-1.0,0.0,-1.0,-1.0,-1.0,-1.0,1.0,-1.0,1.0,0.0,-1.0,1.0,-1.0,0.5805086176342238,1,model_only,
-1.0,-1.0,-1.0,-1.0,-1.0,-1.0,-1.0,1.0,0.0,-1.0,-1.0,-1.0,-1.0,0.0,0.0,-1.0,-1.0,-1.0,0.0,-1.0,-1.0,-1.0,-1.0,-1.0,-1.0,0.0,-1.0,-1.0,0.0,-1.0,0.36905208716488364,0,model_only,
-1.0,-1.0,-1.0,-1.0,-1.0,-1.0,0.0,1.0,-1.0,-1.0,-1.0,-1.0,1.0,1.0,0.0,-1.0,-1.0,-1.0,0.0,-1.0,-1.0,-1.0,-1.0,0.0,-1.0,1.0,-1.0,-1.0,-1.0,-1.0,0.6693413350465277,1,model_only,
-1.0,-1.0,-1.0,-1.0,-1.0,-1.0,1.0,1.0,1.0,-1.0,-1.0,-1.0,1.0,0.0,0.0,-1.0,-1.0,-1.0,0.0,-1.0,-1.0,-1.0,-1.0,0.0,1.0,0.0,-1.0,1.0,1.0,-1.0,0.004971748214520551,0,model_only,
1.0,-1.0,1.0,-1.0,1.0,-1.0,0.0,-1.0,1.0,1.0,-1.0,1.0,-1.0,-1.0,1.0,-1.0,-1.0,1.0,0.0,1.0,-1.0,1.0,1.0,-1.0,1.0,1.0,-1.0,1.0,1.0,1.0,2.81550326487657e-06,0,model_only,
-1.0,-1.0,-1.0,-1.0,-1.0,0.0,0.0,1.0,0.0,-1.0,-1.0,-1.0,1.0,0.0,0.0,-1.0,-1.0,-1.0,0.0,-1.0,-1.0,-1.0,-1.0,0.0,1.0,1.0,0.0,-1.0,1.0,-1.0,0.6986972021694046,1,model_only,
-1.0,-1.0,-1.0,-1.0,-1.0,0.0,-1.0,1.0,-1.0,-1.0,-1.0,-1.0,1.0,0.0,0.0,-1.0,-1.0,-1.0,0.0,-1.0,-1.0,-1.0,-1.0,-1.0,-1.0,1.0,0.0,-1.0,0.0,-1.0,0.9902681410924185,1,model_only,
-1.0,-1.0,-1.0,-1.0,-1.0,0.0,0.0,0.0,-1.0,-1.0,-1.0,-1.0,1.0,0.0,-1.0,-1.0,-1.0,-1.0,0.0,-1.0,-1.0,-1.0,-1.0,1.0,1.0,-1.0,0.0,-1.0,1.0,-1.0,0.4696032406079429,0,model_only,
-1.0,-1.0,-1.0,-1.0,-1.0,1.0,1.0,1.0,-1.0,1.0,1.0,-1.0,1.0,0.0,0.0,-1.0,1.0,-1.0,0.0,1.0,-1.0,1.0,-1.0,1.0,1.0,1.0,-1.0,-1.0,1.0,-1.0,0.9999959664185857,1,model_only,
-1.0,-1.0,-1.0,-1.0,-1.0,0.0,0.0,0.0,-1.0,-1.0,-1.0,-1.0,1.0,-1.0,1.0,-1.0,-1.0,-1.0,0.0,-1.0,-1.0,-1.0,-1.0,1.0,-1.0,1.0,-1.0,-1.0,0.0,-1.0,1.701168414721162e-07,0,model_only,
-1.0,-1.0,-1.0,-1.0,-1.0,0.0,-1.0,-1.0,0.0,-1.0,-1.0,-1.0,-1.0,-1.0,0.0,-1.0,-1.0,-1.0,0.0,-1.0,-1.0,-1.0,-1.0,-1.0,1.0,0.0,-1.0,-1.0,0.0,-1.0,9.817796634713282e-13,0,model_only,
1.0,-1.0,1.0,-1.0,1.0,0.0,0.0,-1.0,0.0,-1.0,-1.0,1.0,1.0,0.0,0.0,-1.0,-1.0,1.0,0.0,-1.0,-1.0,-1.0,-1.0,0.0,1.0,1.0,0.0,-1.0,1.0,1.0,0.40560314244611967,0,model_only,
-1.0,1.0,-1.0,-1.0,-1.0,0.0,0.0,1.0,-1.0,-1.0,-1.0,-1.0,1.0,0.0,-1.0,1.0,-1.0,-1.0,0.0,-1.0,-1.0,-1.0,-1.0,-1.0,1.0,1.0,-1.0,-1.0,1.0,-1.0,0.9989582649526555,1,model_only,
-1.0,-1.0,-1.0,-1.0,-1.0,0.0,-1.0,-1.0,-1.0,-1.0,-1.0,-1.0,1.0,-1.0,1.0,-1.0,-1.0,-1.0,0.0,-1.0,-1.0,-1.0,-1.0,-1.0,1.0,-1.0,-1.0,-1.0,1.0,-1.0,5.302200426446363e-06,0,model_only,
-1.0,-1.0,-1.0,-1.0,-1.0,-1.0,0.0,0.0,-1.0,-1.0,-1.0,-1.0,1.0,-1.0,0.0,-1.0,1.0,-1.0,0.0,-1.0,-1.0,-1.0,-1.0,1.0,1.0,-1.0,-1.0,-1.0,0.0,-1.0,1.2455140524860159e-08,0,model_only,
-1.0,-1.0,-1.0,-1.0,-1.0,1.0,1.0,1.0,-1.0,-1.0,-1.0,-1.0,1.0,0.0,0.0,-1.0,1.0,-1.0,0.0,-1.0,-1.0,-1.0,-1.0,0.0,1.0,1.0,-1.0,-1.0,0.0,-1.0,0.9987316586581348,1,model_only,
-1.0,-1.0,-1.0,-1.0,-1.0,0.0,0.0,0.0,0.0,-1.0,-1.0,-1.0,-1.0,-1.0,-1.0,-1.0,1.0,-1.0,0.0,-1.0,-1.0,-1.0,-1.0,1.0,1.0,-1.0,0.0,-1.0,0.0,-1.0,3.735646848292295e-09,0,model_only,
-1.0,1.0,-1.0,-1.0,-1.0,0.0,0.0,-1.0,-1.0,1.0,-1.0,-1.0,1.0,0.0,0.0,1.0,1.0,-1.0,0.0,1.0,-1.0,1.0,-1.0,-1.0,1.0,1.0,-1.0,-1.0,0.0,-1.0,0.3441118356020639,0,model_only,
-1.0,-1.0,-1.0,-1.0,-1.0,1.0,0.0,1.0,1.0,-1.0,-1.0,-1.0,-1.0,0.0,0.0,-1.0,-1.0,-1.0,0.0,-1.0,-1.0,-1.0,-1.0,-1.0,-1.0,1.0,-1.0,-1.0,0.0,-1.0,0.7363507892416205,1,model_only,
-1.0,-1.0,-1.0,-1.0,-1.0,-1.0,-1.0,1.0,0.0,-1.0,-1.0,-1.0,1.0,0.0,0.0,-1.0,-1.0,-1.0,0.0,-1.0,-1.0,-1.0,-1.0,-1.0,-1.0,1.0,-1.0,-1.0,0.0,-1.0,0.639350378573588,1,model_only,
-1.0,-1.0,-1.0,-1.0,-1.0,-1.0,-1.0,0.0,1.0,-1.0,-1.0,-1.0,1.0,0.0,-1.0,-1.0,-1.0,-1.0,0.0,-1.0,-1.0,-1.0,-1.0,-1.0,-1.0,1.0,-1.0,-1.0,0.0,-1.0,3.940366833652462e-08,0,model_only,
1.0,1.0,1.0,-1.0,1.0,-1.0,0.0,-1.0,0.0,1.0,-1.0,1.0,1.0,-1.0,1.0,1.0,-1.0,1.0,0.0,1.0,-1.0,1.0,-1.0,-1.0,1.0,1.0,-1.0,-1.0,1.0,1.0,0.008588051291173007,0,model_only,
-1.0,-1.0,-1.0,-1.0,-1.0,0.0,1.0,1.0,1.0,-1.0,-1.0,-1.0,-1.0,0.0,0.0,-1.0,-1.0,-1.0,0.0,-1.0,-1.0,-1.0,-1.0,1.0,1.0,1.0,0.0,-1.0,0.0,-1.0,0.0010953752426086669,0,model_only,
-1.0,-1.0,-1.0,-1.0,-1.0,0.0,1.0,1.0,-1.0,-1.0,-1.0,-1.0,1.0,0.0,1.0,-1.0,-1.0,-1.0,0.0,-1.0,-1.0,-1.0,-1.0,0.0,1.0,1.0,-1.0,-1.0,0.0,-1.0,0.7403573409739849,1,model_only,
-1.0,1.0,-1.0,-1.0,-1.0,0.0,1.0,1.0,-1.0,-1.0,-1.0,1.0,1.0,0.0,0.0,1.0,-1.0,1.0,0.0,-1.0,-1.0,-1.0,-1.0,0.0,-1.0,1.0,-1.0,-1.0,0.0,1.0,0.9999985903005951,1,model_only,
-1.0,-1.0,-1.0,-1.0,-1.0,-1.0,-1.0,-1.0,1.0,-1.0,-1.0,1.0,-1.0,-1.0,0.0,-1.0,-1.0,1.0,0.0,-1.0,-1.0,-1.0,-1.0,-1.0,1.0,-1.0,-1.0,-1.0,1.0,1.0,1.833631366927102e-12,0,model_only,
-1.0,-1.0,-1.0,-1.0,-1.0,0.0,0.0,1.0,1.0,-1.0,-1.0,1.0,-1.0,0.0,0.0,-1.0,-1.0,1.0,0.0,-1.0,-1.0,-1.0,-1.0,-1.0,-1.0,1.0,-1.0,-1.0,0.0,1.0,0.6729128075669241,1,model_only,
1.0,-1.0,1.0,-1.0,1.0,-1.0,0.0,1.0,1.0,-1.0,-1.0,1.0,-1.0,1.0,-1.0,-1.0,-1.0,1.0,0.0,-1.0,-1.0,-1.0,-1.0,-1.0,1.0,1.0,1.0,-1.0,1.0,1.0,0.0020882311729859657,0,model_only,
-1.0,-1.0,-1.0,-1.0,-1.0,-1.0,-1.0,-1.0,1.0,-1.0,-1.0,-1.0,-1.0,0.0,0.0,-1.0,-1.0,-1.0,0.0,-1.0,-1.0,-1.0,-1.0,-1.0,-1.0,1.0,-1.0,-1.0,0.0,-1.0,4.38842277088108e-11,0,model_only,
1.0,-1.0,1.0,-1.0,1.0,1.0,1.0,1.0,1.0,-1.0,-1.0,1.0,-1.0,0.0,0.0,-1.0,-1.0,-1.0,1.0,-1.0,-1.0,-1.0,-1.0,1.0,1.0,1.0,-1.0,-1.0,1.0,-1.0,0.4059109134664873,0,model_only,
-1.0,-1.0,-1.0,1.0,-1.0,0.0,0.0,0.0,0.0,-1.0,-1.0,1.0,-1.0,-1.0,0.0,-1.0,-1.0,-1.0,0.0,-1.0,-1.0,-1.0,-1.0,0.0,1.0,-1.0,-1.0,-1.0,1.0,-1.0,1.9081831554671804e-06,0,model_only,
-1.0,-1.0,-1.0,-1.0,-1.0,0.0,1.0,1.0,0.0,-1.0,-1.0,-1.0,1.0,0.0,1.0,-1.0,-1.0,-1.0,0.0,-1.0,-1.0,-1.0,-1.0,0.0,-1.0,1.0,1.0,-1.0,0.0,-1.0,0.9534677892680774,1,model_only,
-1.0,-1.0,-1.0,-1.0,-1.0,0.0,0.0,-1.0,1.0,1.0,-1.0,-1.0,-1.0,-1.0,0.0,-1.0,-1.0,1.0,0.0,-1.0,-1.0,1.0,-1.0,-1.0,1.0,0.0,-1.0,-1.0,1.0,1.0,6.636075330901171e-10,0,model_only,
-1.0,-1.0,-1.0,-1.0,-1.0,-1.0,1.0,1.0,0.0,-1.0,-1.0,-1.0,1.0,0.0,0.0,-1.0,-1.0,-1.0,0.0,-1.0,-1.0,-1.0,-1.0,1.0,1.0,0.0,-1.0,-1.0,0.0,-1.0,0.003255362826381119,0,model_only,
-1.0,-1.0,-1.0,-1.0,-1.0,0.0,1.0,1.0,1.0,-1.0,-1.0,-1.0,1.0,1.0,-1.0,-1.0,-1.0,-1.0,0.0,-1.0,-1.0,-1.0,-1.0,0.0,1.0,-1.0,-1.0,-1.0,1.0,-1.0,0.6847986623371076,1,model_only,
-1.0,-1.0,-1.0,-1.0,-1.0,-1.0,-1.0,-1.0,-1.0,-1.0,-1.0,-1.0,1.0,-1.0,-1.0,-1.0,-1.0,-1.0,0.0,-1.0,-1.0,-1.0,-1.0,-1.0,-1.0,-1.0,-1.0,-1.0,0.0,-1.0,9.29348123859499e-14,0,model_only,
-1.0,-1.0,-1.0,-1.0,-1.0,-1.0,0.0,-1.0,1.0,-1.0,-1.0,-1.0,1.0,0.0,-1.0,-1.0,-1.0,-1.0,0.0,-1.0,-1.0,-1.0,-1.0,-1.0,-1.0,0.0,-1.0,-1.0,0.0,-1.0,5.5586520495910056e-12,0,model_only,
-1.0,1.0,-1.0,-1.0,-1.0,-1.0,1.0,1.0,-1.0,-1.0,-1.0,-1.0,1.0,0.0,1.0,1.0,-1.0,-1.0,0.0,-1.0,-1.0,1.0,-1.0,1.0,1.0,0.0,-1.0,-1.0,1.0,-1.0,0.4405467944955334,0,model_only,
1.0,1.0,1.0,-1.0,1.0,-1.0,-1.0,1.0,-1.0,-1.0,-1.0,1.0,1.0,0.0,-1.0,1.0,-1.0,-1.0,1.0,-1.0,-1.0,-1.0,-1.0,-1.0,1.0,0.0,-1.0,-1.0,1.0,-1.0,0.005806385528972776,0,model_only,
-1.0,-1.0,-1.0,-1.0,-1.0,-1.0,-1.0,-1.0,0.0,-1.0,-1.0,-1.0,-1.0,0.0,-1.0,-1.0,-1.0,-1.0,0.0,-1.0,-1.0,-1.0,-1.0,-1.0,-1.0,0.0,-1.0,1.0,0.0,-1.0,2.6187986403099717e-11,0,model_only,
-1.0,-1.0,-1.0,-1.0,-1.0,0.0,-1.0,-1.0,1.0,-1.0,-1.0,-1.0,-1.0,0.0,0.0,-1.0,-1.0,-1.0,0.0,-1.0,-1.0,-1.0,-1.0,-1.0,-1.0,1.0,-1.0,-1.0,0.0,-1.0,2.1262659391129527e-08,0,model_only,
-1.0,-1.0,-1.0,-1.0,-1.0,0.0,-1.0,-1.0,0.0,-1.0,-1.0,1.0,-1.0,-1.0,0.0,-1.0,-1.0,-1.0,0.0,-1.0,-1.0,-1.0,-1.0,-1.0,-1.0,-1.0,0.0,-1.0,0.0,-1.0,2.882385822839307e-14,0,model_only,
1.0,-1.0,1.0,-1.0,1.0,0.0,0.0,-1.0,-1.0,-1.0,-1.0,1.0,1.0,-1.0,1.0,-1.0,-1.0,1.0,1.0,-1.0,-1.0,1.0,-1.0,-1.0,1.0,-1.0,0.0,-1.0,1.0,1.0,4.704811105855099e-07,0,model_only,
-1.0,-1.0,-1.0,-1.0,-1.0,-1.0,-1.0,-1.0,1.0,-1.0,-1.0,-1.0,-1.0,0.0,0.0,-1.0,-1.0,-1.0,0.0,-1.0,-1.0,-1.0,-1.0,0.0,1.0,1.0,-1.0,-1.0,1.0,-1.0,1.7086858046956862e-10,0,model_only,
-1.0,-1.0,-1.0,-1.0,-1.0,1.0,-1.0,1.0,1.0,-1.0,-1.0,-1.0,-1.0,1.0,0.0,-1.0,-1.0,-1.0,0.0,-1.0,-1.0,-1.0,-1.0,-1.0,-1.0,1.0,1.0,-1.0,0.0,-1.0,0.9508539478255728,1,model_only,
-1.0,-1.0,-1.0,-1.0,-1.0,-1.0,-1.0,-1.0,1.0,-1.0,-1.0,-1.0,-1.0,0.0,0.0,-1.0,-1.0,-1.0,0.0,-1.0,-1.0,-1.0,-1.0,-1.0,-1.0,1.0,-1.0,1.0,0.0,-1.0,5.536105418954709e-10,0,model_only,
-1.0,-1.0,-1.0,-1.0,-1.0,-1.0,1.0,1.0,-1.0,-1.0,-1.0,-1.0,1.0,0.0,0.0,-1.0,-1.0,-1.0,0.0,-1.0,-1.0,-1.0,-1.0,1.0,1.0,1.0,-1.0,-1.0,0.0,-1.0,0.00963675971068906,0,model_only,
-1.0,-1.0,-1.0,-1.0,-1.0,-1.0,0.0,0.0,1.0,-1.0,-1.0,-1.0,-1.0,-1.0,-1.0,-1.0,-1.0,-1.0,0.0,-1.0,-1.0,-1.0,-1.0,1.0,1.0,-1.0,-1.0,-1.0,1.0,-1.0,1.2066549010773142e-12,0,model_only,
-1.0,-1.0,-1.0,-1.0,-1.0,-1.0,0.0,-1.0,1.0,-1.0,-1.0,-1.0,-1.0,-1.0,1.0,-1.0,-1.0,-1.0,0.0,-1.0,-1.0,-1.0,-1.0,-1.0,1.0,-1.0,-1.0,-1.0,1.0,-1.0,1.4735106765146162e-12,0,model_only,
-1.0,-1.0,-1.0,-1.0,-1.0,0.0,0.0,1.0,0.0,-1.0,-1.0,-1.0,1.0,0.0,1.0,-1.0,-1.0,-1.0,0.0,-1.0,-1.0,-1.0,-1.0,-1.0,1.0,1.0,0.0,-1.0,1.0,-1.0,0.9213453242760354,1,model_only,
-1.0,-1.0,-1.0,-1.0,-1.0,0.0,0.0,1.0,-1.0,-1.0,-1.0,-1.0,1.0,0.0,1.0,-1.0,-1.0,-1.0,0.0,-1.0,-1.0,-1.0,-1.0,-1.0,1.0,1.0,1.0,-1.0,0.0,-1.0,0.7293702201044026,1,model_only,
-1.0,1.0,-1.0,-1.0,-1.0,0.0,0.0,1.0,0.0,1.0,-1.0,-1.0,1.0,0.0,0.0,1.0,-1.0,1.0,0.0,-1.0,1.0,1.0,1.0,-1.0,1.0,1.0,-1.0,-1.0,1.0,1.0,0.9999409380386197,1,model_only,
-1.0,-1.0,-1.0,-1.0,-1.0,0.0,1.0,1.0,0.0,-1.0,-1.0,-1.0,1.0,1.0,0.0,-1.0,-1.0,-1.0,0.0,-1.0,-1.0,-1.0,-1.0,1.0,1.0,1.0,0.0,-1.0,0.0,-1.0,0.6669719728377475,1,model_only,
-1.0,-1.0,-1.0,-1.0,-1.0,-1.0,0.0,-1.0,1.0,-1.0,-1.0,-1.0,-1.0,0.0,-1.0,-1.0,-1.0,-1.0,0.0,-1.0,-1.0,-1.0,-1.0,0.0,1.0,1.0,-1.0,-1.0,1.0,-1.0,5.885083768591158e-12,0,model_only,
-1.0,-1.0,-1.0,-1.0,-1.0,0.0,-1.0,1.0,1.0,-1.0,-1.0,1.0,-1.0,0.0,1.0,-1.0,1.0,-1.0,0.0,-1.0,-1.0,-1.0,-1.0,1.0,1.0,1.0,0.0,-1.0,0.0,-1.0,0.3590762954229456,0,model_only,
-1.0,-1.0,-1.0,-1.0,-1.0,-1.0,-1.0,-1.0,0.0,-1.0,-1.0,1.0,1.0,-1.0,-1.0,-1.0,1.0,-1.0,0.0,-1.0,-1.0,-1.0,-1.0,-1.0,1.0,1.0,-1.0,-1.0,0.0,-1.0,4.426382827701924e-11,0,model_only,
-1.0,-1.0,-1.0,-1.0,-1.0,1.0,0.0,1.0,-1.0,1.0,-1.0,1.0,1.0,1.0,-1.0,-1.0,1.0,-1.0,0.0,-1.0,1.0,1.0,1.0,-1.0,1.0,1.0,-1.0,-1.0,1.0,-1.0,0.9999810510916453,1,model_only,
-1.0,-1.0,-1.0,-1.0,-1.0,0.0,-1.0,-1.0,0.0,-1.0,-1.0,-1.0,1.0,0.0,0.0,-1.0,1.0,-1.0,0.0,-1.0,-1.0,-1.0,-1.0,-1.0,1.0,1.0,-1.0,-1.0,0.0,-1.0,6.382559082810989e-05,0,model_only,
-1.0,-1.0,-1.0,-1.0,-1.0,1.0,0.0,1.0,-1.0,-1.0,-1.0,-1.0,1.0,1.0,0.0,-1.0,-1.0,-1.0,0.0,-1.0,-1.0,-1.0,-1.0,-1.0,1.0,1.0,-1.0,-1.0,0.0,-1.0,0.9988383020195698,1,model_only,
-1.0,-1.0,-1.0,1.0,-1.0,1.0,1.0,1.0,-1.0,-1.0,-1.0,-1.0,1.0,1.0,1.0,-1.0,-1.0,-1.0,0.0,-1.0,-1.0,-1.0,-1.0,1.0,-1.0,1.0,-1.0,-1.0,0.0,-1.0,0.9999995443833454,1,model_only,
1.0,1.0,1.0,-1.0,1.0,1.0,0.0,1.0,-1.0,-1.0,-1.0,1.0,1.0,0.0,-1.0,1.0,-1.0,1.0,1.0,-1.0,-1.0,-1.0,-1.0,-1.0,1.0,1.0,-1.0,-1.0,1.0,1.0,0.9999995947447579,1,model_only,
-1.0,-1.0,-1.0,-1.0,-1.0,-1.0,0.0,-1.0,0.0,-1.0,-1.0,-1.0,1.0,-1.0,-1.0,-1.0,-1.0,-1.0,0.0,-1.0,-1.0,-1.0,-1.0,-1.0,-1.0,1.0,-1.0,-1.0,0.0,-1.0,5.117349261904664e-13,0,model_only,
1.0,1.0,1.0,-1.0,1.0,1.0,1.0,1.0,-1.0,-1.0,-1.0,1.0,1.0,0.0,1.0,1.0,-1.0,1.0,1.0,-1.0,-1.0,-1.0,-1.0,1.0,1.0,1.0,-1.0,-1.0,1.0,1.0,0.9999999817109254,1,model_only,
-1.0,-1.0,-1.0,-1.0,-1.0,-1.0,0.0,1.0,1.0,1.0,-1.0,-1.0,-1.0,1.0,0.0,-1.0,-1.0,-1.0,0.0,-1.0,-1.0,1.0,1.0,-1.0,1.0,1.0,1.0,1.0,1.0,-1.0,0.611625777443658,1,model_only,
-1.0,-1.0,-1.0,-1.0,-1.0,0.0,-1.0,-1.0,0.0,1.0,1.0,-1.0,1.0,0.0,-1.0,-1.0,1.0,-1.0,0.0,-1.0,-1.0,1.0,-1.0,0.0,-1.0,1.0,0.0,-1.0,0.0,-1.0,0.00016367300741194283,0,model_only,
-1.0,-1.0,-1.0,-1.0,-1.0,0.0,0.0,1.0,-1.0,-1.0,-1.0,-1.0,1.0,0.0,0.0,-1.0,-1.0,-1.0,0.0,-1.0,-1.0,-1.0,-1.0,-1.0,-1.0,1.0,1.0,-1.0,0.0,-1.0,0.9767929383605481,1,model_only,
-1.0,-1.0,-1.0,-1.0,-1.0,0.0,1.0,1.0,-1.0,-1.0,-1.0,-1.0,1.0,1.0,-1.0,-1.0,-1.0,-1.0,0.0,-1.0,-1.0,-1.0,-1.0,1.0,1.0,0.0,1.0,-1.0,1.0,-1.0,0.6992709813482109,1,model_only,
-1.0,-1.0,-1.0,-1.0,-1.0,0.0,1.0,1.0,0.0,1.0,1.0,-1.0,-1.0,0.0,1.0,-1.0,1.0,-1.0,0.0,-1.0,-1.0,1.0,-1.0,1.0,1.0,1.0,1.0,-1.0,1.0,-1.0,0.7122501768235695,1,model_only,
-1.0,-1.0,-1.0,-1.0,-1.0,0.0,0.0,-1.0,-1.0,-1.0,-1.0,-1.0,1.0,0.0,1.0,-1.0,-1.0,-1.0,0.0,-1.0,-1.0,-1.0,-1.0,-1.0,-1.0,1.0,-1.0,-1.0,0.0,-1.0,0.0003411873510191541,0,model_only,
-1.0,-1.0,-1.0,-1.0,-1.0,-1.0,-1.0,-1.0,1.0,-1.0,-1.0,-1.0,-1.0,1.0,-1.0,-1.0,-1.0,-1.0,0.0,-1.0,-1.0,-1.0,-1.0,-1.0,1.0,-1.0,-1.0,-1.0,1.0,-1.0,1.5593480906368354e-09,0,model_only,
-1.0,-1.0,-1.0,-1.0,-1.0,-1.0,1.0,1.0,0.0,-1.0,-1.0,-1.0,1.0,1.0,1.0,-1.0,-1.0,-1.0,0.0,-1.0,-1.0,-1.0,-1.0,1.0,1.0,1.0,1.0,1.0,1.0,-1.0,0.9800997736438165,1,model_only,
-1.0,-1.0,-1.0,-1.0,-1.0,0.0,1.0,1.0,1.0,1.0,-1.0,-1.0,-1.0,0.0,0.0,-1.0,-1.0,-1.0,0.0,-1.0,-1.0,1.0,-1.0,1.0,1.0,0.0,1.0,-1.0,1.0,-1.0,0.0008102846473857589,0,model_only,
-1.0,-1.0,-1.0,-1.0,-1.0,0.0,0.0,-1.0,0.0,-1.0,-1.0,-1.0,-1.0,-1.0,0.0,-1.0,-1.0,-1.0,0.0,-1.0,-1.0,1.0,-1.0,-1.0,-1.0,0.0,-1.0,-1.0,1.0,-1.0,1.5678402434549362e-10,0,model_only,
-1.0,-1.0,-1.0,-1.0,-1.0,-1.0,1.0,1.0,1.0,-1.0,-1.0,-1.0,1.0,0.0,0.0,-1.0,-1.0,-1.0,0.0,-1.0,-1.0,-1.0,-1.0,0.0,-1.0,0.0,-1.0,-1.0,1.0,-1.0,0.011230983078539336,0,model_only,
1.0,1.0,1.0,-1.0,1.0,1.0,1.0,1.0,0.0,-1.0,-1.0,1.0,-1.0,0.0,1.0,1.0,-1.0,1.0,1.0,-1.0,-1.0,-1.0,-1.0,1.0,-1.0,1.0,-1.0,-1.0,1.0,1.0,0.9999876060544594,1,model_only,
-1.0,-1.0,-1.0,-1.0,-1.0,0.0,-1.0,-1.0,1.0,-1.0,-1.0,-1.0,-1.0,0.0,-1.0,-1.0,-1.0,-1.0,0.0,-1.0,-1.0,-1.0,-1.0,-1.0,-1.0,-1.0,0.0,-1.0,1.0,-1.0,6.69231785270949e-09,0,model_only,
-1.0,-1.0,-1.0,-1.0,-1.0,-1.0,-1.0,1.0,0.0,-1.0,-1.0,-1.0,1.0,0.0,1.0,-1.0,-1.0,-1.0,0.0,-1.0,-1.0,-1.0,-1.0,-1.0,-1.0,0.0,-1.0,-1.0,0.0,-1.0,0.6537705267641116,1,model_only,
-1.0,-1.0,-1.0,1.0,-1.0,-1.0,0.0,0.0,1.0,-1.0,-1.0,-1.0,-1.0,-1.0,0.0,-1.0,-1.0,-1.0,0.0,-1.0,-1.0,-1.0,-1.0,0.0,-1.0,-1.0,-1.0,-1.0,1.0,-1.0,2.654507355199094e-11,0,model_only,
-1.0,-1.0,-1.0,1.0,-1.0,0.0,-1.0,1.0,0.0,-1.0,-1.0,-1.0,1.0,1.0,1.0,-1.0,-1.0,-1.0,0.0,-1.0,-1.0,-1.0,-1.0,1.0,-1.0,1.0,-1.0,-1.0,0.0,-1.0,0.9998030857971214,1,model_only,
-1.0,-1.0,-1.0,-1.0,-1.0,-1.0,1.0,1.0,0.0,-1.0,-1.0,-1.0,1.0,0.0,1.0,-1.0,-1.0,-1.0,0.0,-1.0,-1.0,-1.0,-1.0,0.0,-1.0,1.0,-1.0,-1.0,0.0,-1.0,0.009365037983771965,0,model_only,
-1.0,-1.0,-1.0,-1.0,-1.0,0.0,0.0,-1.0,-1.0,1.0,-1.0,-1.0,1.0,-1.0,1.0,-1.0,-1.0,-1.0,0.0,-1.0,-1.0,1.0,-1.0,-1.0,1.0,-1.0,-1.0,-1.0,0.0,-1.0,1.2487737510569806e-08,0,model_only,
-1.0,-1.0,-1.0,1.0,-1.0,-1.0,-1.0,1.0,-1.0,-1.0,-1.0,-1.0,1.0,1.0,1.0,-1.0,-1.0,-1.0,0.0,-1.0,-1.0,-1.0,-1.0,1.0,-1.0,1.0,-1.0,1.0,0.0,-1.0,0.9999993336177314,1,model_only,
1.0,1.0,1.0,-1.0,1.0,1.0,0.0,-1.0,0.0,-1.0,-1.0,1.0,1.0,1.0,1.0,1.0,-1.0,1.0,1.0,-1.0,-1.0,-1.0,-1.0,0.0,-1.0,1.0,-1.0,1.0,1.0,1.0,0.9999899041464443,1,model_only,
-1.0,-1.0,-1.0,-1.0,-1.0,0.0,1.0,1.0,-1.0,1.0,1.0,-1.0,1.0,1.0,0.0,-1.0,1.0,-1.0,0.0,-1.0,-1.0,1.0,1.0,1.0,-1.0,1.0,-1.0,-1.0,1.0,-1.0,0.9999777593895006,1,model_only,
-1.0,-1.0,-1.0,-1.0,-1.0,-1.0,-1.0,-1.0,0.0,-1.0,-1.0,-1.0,-1.0,0.0,-1.0,-1.0,-1.0,-1.0,0.0,-1.0,-1.0,-1.0,-1.0,-1.0,1.0,0.0,-1.0,-1.0,0.0,-1.0,2.3819356308625793e-12,0,model_only,
-1.0,-1.0,-1.0,-1.0,-1.0,1.0,-1.0,1.0,1.0,1.0,1.0,-1.0,-1.0,1.0,0.0,-1.0,1.0,-1.0,0.0,-1.0,-1.0,1.0,1.0,-1.0,-1.0,0.0,-1.0,-1.0,0.0,-1.0,0.9999659562032903,1,model_only,
-1.0,-1.0,-1.0,-1.0,-1.0,0.0,-1.0,1.0,-1.0,-1.0,-1.0,-1.0,1.0,0.0,0.0,-1.0,1.0,-1.0,0.0,-1.0,-1.0,1.0,1.0,1.0,-1.0,1.0,1.0,1.0,0.0,-1.0,0.999972609154996,1,model_only,
-1.0,1.0,-1.0,-1.0,-1.0,0.0,-1.0,1.0,-1.0,-1.0,-1.0,-1.0,1.0,0.0,1.0,1.0,-1.0,-1.0,0.0,-1.0,-1.0,-1.0,-1.0,1.0,-1.0,1.0,-1.0,-1.0,1.0,-1.0,0.9999986745806666,1,model_only,
-1.0,-1.0,-1.0,-1.0,-1.0,-1.0,0.0,-1.0,1.0,-1.0,-1.0,-1.0,-1.0,-1.0,-1.0,-1.0,-1.0,-1.0,0.0,-1.0,-1.0,-1.0,-1.0,-1.0,1.0,-1.0,-1.0,-1.0,0.0,-1.0,4.837356615620992e-16,0,model_only,
-1.0,-1.0,-1.0,-1.0,-1.0,-1.0,-1.0,1.0,1.0,1.0,-1.0,-1.0,1.0,0.0,-1.0,-1.0,-1.0,-1.0,0.0,-1.0,1.0,1.0,1.0,0.0,1.0,0.0,-1.0,-1.0,1.0,-1.0,0.00024211252394043263,0,model_only,
-1.0,-1.0,-1.0,-1.0,-1.0,0.0,0.0,0.0,1.0,-1.0,-1.0,-1.0,-1.0,0.0,-1.0,-1.0,-1.0,-1.0,0.0,-1.0,-1.0,-1.0,-1.0,1.0,1.0,-1.0,0.0,-1.0,1.0,-1.0,0.00045786135372808567,0,model_only,
-1.0,1.0,-1.0,1.0,-1.0,1.0,-1.0,1.0,-1.0,-1.0,-1.0,-1.0,1.0,0.0,1.0,1.0,-1.0,-1.0,0.0,-1.0,-1.0,-1.0,-1.0,-1.0,-1.0,1.0,-1.0,-1.0,0.0,-1.0,0.9999999990242259,1,model_only,
-1.0,-1.0,-1.0,-1.0,-1.0,-1.0,0.0,-1.0,-1.0,-1.0,-1.0,-1.0,1.0,-1.0,-1.0,-1.0,-1.0,-1.0,0.0,-1.0,-1.0,-1.0,-1.0,-1.0,1.0,-1.0,-1.0,-1.0,0.0,-1.0,9.907092468786843e-13,0,model_only,
-1.0,-1.0,-1.0,-1.0,-1.0,-1.0,1.0,1.0,-1.0,1.0,-1.0,-1.0,1.0,0.0,1.0,-1.0,-1.0,-1.0,0.0,-1.0,-1.0,1.0,1.0,1.0,1.0,0.0,-1.0,-1.0,1.0,-1.0,0.4368388147642679,0,model_only,
-1.0,-1.0,-1.0,-1.0,-1.0,-1.0,-1.0,-1.0,0.0,-1.0,-1.0,-1.0,1.0,-1.0,-1.0,-1.0,-1.0,-1.0,0.0,-1.0,-1.0,-1.0,-1.0,-1.0,1.0,-1.0,-1.0,-1.0,0.0,-1.0,1.470843461538321e-13,0,model_only,
-1.0,-1.0,-1.0,-1.0,-1.0,0.0,0.0,1.0,1.0,-1.0,-1.0,-1.0,-1.0,0.0,0.0,-1.0,-1.0,-1.0,0.0,-1.0,-1.0,-1.0,-1.0,-1.0,-1.0,1.0,0.0,-1.0,0.0,-1.0,0.6643770695036264,1,model_only,
-1.0,1.0,-1.0,-1.0,-1.0,0.0,0.0,1.0,-1.0,1.0,-1.0,-1.0,1.0,0.0,0.0,1.0,-1.0,-1.0,0.0,1.0,-1.0,1.0,1.0,-1.0,1.0,1.0,-1.0,-1.0,1.0,-1.0,0.9997932614152633,1,model_only,
-1.0,-1.0,-1.0,-1.0,-1.0,-1.0,1.0,1.0,-1.0,-1.0,-1.0,1.0,1.0,1.0,1.0,-1.0,-1.0,-1.0,0.0,-1.0,-1.0,-1.0,-1.0,1.0,1.0,-1.0,-1.0,-1.0,1.0,-1.0,0.9975629886605656,1,model_only,
-1.0,-1.0,-1.0,-1.0,-1.0,-1.0,-1.0,1.0,1.0,-1.0,-1.0,-1.0,-1.0,1.0,1.0,-1.0,-1.0,-1.0,0.0,-1.0,-1.0,-1.0,-1.0,1.0,-1.0,1.0,1.0,-1.0,0.0,-1.0,0.6667418105406774,1,model_only,
-1.0,-1.0,-1.0,1.0,-1.0,0.0,-1.0,1.0,0.0,-1.0,-1.0,-1.0,-1.0,0.0,1.0,-1.0,-1.0,-1.0,0.0,-1.0,-1.0,-1.0,-1.0,1.0,-1.0,1.0,1.0,-1.0,0.0,-1.0,0.9349756217146549,1,model_only,
-1.0,-1.0,-1.0,-1.0,-1.0,0.0,-1.0,1.0,-1.0,-1.0,-1.0,-1.0,1.0,0.0,0.0,-1.0,-1.0,-1.0,0.0,-1.0,-1.0,-1.0,-1.0,1.0,1.0,1.0,-1.0,-1.0,1.0,-1.0,0.8913060713186803,1,model_only,
-1.0,-1.0,-1.0,-1.0,-1.0,0.0,1.0,1.0,-1.0,1.0,-1.0,-1.0,1.0,0.0,-1.0,-1.0,-1.0,-1.0,0.0,1.0,-1.0,1.0,-1.0,1.0,1.0,1.0,0.0,-1.0,1.0,-1.0,0.6582369535795377,1,model_only,
-1.0,-1.0,-1.0,-1.0,-1.0,-1.0,0.0,0.0,-1.0,1.0,-1.0,-1.0,1.0,-1.0,0.0,-1.0,-1.0,-1.0,0.0,1.0,-1.0,1.0,-1.0,1.0,-1.0,0.0,-1.0,-1.0,0.0,-1.0,8.917796738288096e-08,0,model_only,
-1.0,-1.0,-1.0,-1.0,-1.0,-1.0,-1.0,-1.0,1.0,-1.0,-1.0,-1.0,1.0,0.0,0.0,-1.0,-1.0,-1.0,0.0,-1.0,-1.0,-1.0,-1.0,0.0,1.0,1.0,-1.0,-1.0,1.0,-1.0,2.179737759663622e-07,0,model_only,
-1.0,-1.0,-1.0,-1.0,-1.0,0.0,-1.0,1.0,1.0,-1.0,-1.0,-1.0,-1.0,0.0,0.0,-1.0,-1.0,-1.0,0.0,-1.0,-1.0,-1.0,-1.0,-1.0,-1.0,1.0,0.0,1.0,0.0,-1.0,0.7815074143442278,1,model_only,
-1.0,1.0,-1.0,-1.0,-1.0,0.0,-1.0,1.0,-1.0,-1.0,-1.0,-1.0,1.0,0.0,0.0,1.0,-1.0,-1.0,0.0,-1.0,-1.0,-1.0,-1.0,-1.0,-1.0,1.0,0.0,1.0,0.0,-1.0,0.9999997086063234,1,model_only,
-1.0,-1.0,-1.0,-1.0,-1.0,0.0,-1.0,-1.0,1.0,-1.0,-1.0,-1.0,-1.0,-1.0,0.0,-1.0,-1.0,-1.0,0.0,-1.0,-1.0,-1.0,-1.0,-1.0,-1.0,0.0,0.0,-1.0,0.0,-1.0,2.044022322220403e-13,0,model_only,
-1.0,-1.0,-1.0,-1.0,-1.0,0.0,1.0,-1.0,0.0,-1.0,-1.0,-1.0,1.0,-1.0,0.0,-1.0,-1.0,-1.0,0.0,-1.0,-1.0,-1.0,-1.0,1.0,-1.0,-1.0,-1.0,-1.0,0.0,-1.0,2.8410703332716597e-11,0,model_only,
-1.0,-1.0,-1.0,-1.0,-1.0,0.0,1.0,1.0,0.0,-1.0,-1.0,-1.0,-1.0,0.0,0.0,-1.0,-1.0,-1.0,0.0,-1.0,-1.0,-1.0,-1.0,1.0,-1.0,1.0,-1.0,-1.0,0.0,-1.0,0.4037149644300711,0,model_only,
-1.0,-1.0,-1.0,-1.0,-1.0,1.0,1.0,1.0,-1.0,-1.0,-1.0,-1.0,1.0,0.0,0.0,-1.0,-1.0,-1.0,0.0,-1.0,-1.0,-1.0,-1.0,1.0,-1.0,0.0,-1.0,-1.0,0.0,-1.0,0.9980828648051329,1,model_only,
-1.0,-1.0,-1.0,-1.0,-1.0,-1.0,0.0,1.0,1.0,-1.0,-1.0,-1.0,1.0,0.0,-1.0,-1.0,-1.0,-1.0,0.0,-1.0,-1.0,-1.0,-1.0,-1.0,1.0,1.0,-1.0,-1.0,0.0,-1.0,0.0002243238890493154,0,model_only,
1.0,-1.0,1.0,-1.0,1.0,0.0,-1.0,1.0,1.0,-1.0,-1.0,1.0,-1.0,0.0,0.0,-1.0,-1.0,1.0,1.0,-1.0,-1.0,-1.0,-1.0,-1.0,1.0,1.0,-1.0,-1.0,1.0,1.0,0.6690589566935062,1,model_only,
1.0,1.0,1.0,-1.0,1.0,1.0,0.0,1.0,-1.0,1.0,-1.0,1.0,1.0,1.0,1.0,1.0,1.0,1.0,1.0,-1.0,-1.0,1.0,-1.0,-1.0,1.0,0.0,-1.0,-1.0,1.0,1.0,0.999881848578652,1,model_only,
-1.0,-1.0,-1.0,-1.0,-1.0,-1.0,1.0,1.0,1.0,1.0,-1.0,-1.0,-1.0,1.0,-1.0,-1.0,-1.0,-1.0,0.0,-1.0,-1.0,1.0,-1.0,1.0,1.0,1.0,-1.0,-1.0,1.0,-1.0,3.371272280601704e-08,0,model_only,
-1.0,-1.0,-1.0,-1.0,-1.0,-1.0,1.0,1.0,0.0,-1.0,-1.0,-1.0,1.0,1.0,0.0,-1.0,-1.0,-1.0,0.0,-1.0,-1.0,-1.0,-1.0,1.0,-1.0,1.0,-1.0,-1.0,0.0,-1.0,0.660372085980617,1,model_only,
1.0,-1.0,1.0,-1.0,1.0,0.0,0.0,1.0,-1.0,-1.0,-1.0,1.0,1.0,0.0,-1.0,-1.0,-1.0,1.0,1.0,-1.0,-1.0,-1.0,-1.0,-1.0,1.0,1.0,-1.0,-1.0,1.0,1.0,0.9803169908483397,1,model_only,
-1.0,-1.0,-1.0,-1.0,-1.0,1.0,-1.0,1.0,1.0,-1.0,-1.0,-1.0,-1.0,1.0,0.0,-1.0,1.0,-1.0,0.0,-1.0,-1.0,-1.0,-1.0,1.0,1.0,-1.0,-1.0,-1.0,1.0,-1.0,0.9991626669298298,1,model_only,
-1.0,1.0,-1.0,-1.0,-1.0,0.0,0.0,0.0,1.0,-1.0,-1.0,-1.0,-1.0,-1.0,0.0,1.0,-1.0,-1.0,0.0,-1.0,-1.0,-1.0,-1.0,1.0,1.0,-1.0,-1.0,-1.0,0.0,-1.0,1.4866405770359108e-10,0,model_only,
1.0,1.0,1.0,-1.0,1.0,0.0,0.0,-1.0,-1.0,-1.0,-1.0,1.0,1.0,-1.0,1.0,1.0,-1.0,1.0,1.0,-1.0,-1.0,-1.0,-1.0,-1.0,1.0,-1.0,0.0,-1.0,0.0,1.0,3.305885838121971e-08,0,model_only,
-1.0,-1.0,-1.0,-1.0,-1.0,0.0,-1.0,1.0,0.0,-1.0,-1.0,-1.0,-1.0,0.0,-1.0,-1.0,-1.0,-1.0,0.0,-1.0,-1.0,-1.0,-1.0,-1.0,1.0,0.0,-1.0,-1.0,0.0,-1.0,0.6086411657376587,1,model_only,
-1.0,1.0,-1.0,1.0,-1.0,0.0,-1.0,1.0,0.0,-1.0,-1.0,-1.0,1.0,0.0,1.0,1.0,-1.0,-1.0,0.0,-1.0,-1.0,-1.0,-1.0,-1.0,-1.0,1.0,-1.0,-1.0,0.0,-1.0,0.9999997984922278,1,model_only,
-1.0,1.0,-1.0,-1.0,-1.0,0.0,-1.0,1.0,-1.0,1.0,-1.0,-1.0,1.0,0.0,1.0,1.0,-1.0,-1.0,0.0,-1.0,-1.0,1.0,-1.0,1.0,1.0,1.0,-1.0,-1.0,1.0,-1.0,0.993192768449604,1,model_only,
1.0,-1.0,1.0,-1.0,1.0,0.0,0.0,1.0,1.0,-1.0,-1.0,1.0,-1.0,1.0,-1.0,-1.0,-1.0,1.0,1.0,-1.0,-1.0,-1.0,-1.0,-1.0,1.0,1.0,-1.0,-1.0,1.0,1.0,0.0027808694265086197,0,model_only,
-1.0,-1.0,-1.0,-1.0,-1.0,1.0,-1.0,1.0,0.0,1.0,-1.0,-1.0,1.0,1.0,0.0,-1.0,-1.0,-1.0,0.0,-1.0,-1.0,1.0,-1.0,-1.0,-1.0,1.0,-1.0,1.0,0.0,-1.0,0.9991101446793084,1,model_only,
-1.0,-1.0,-1.0,1.0,-1.0,0.0,1.0,1.0,0.0,-1.0,-1.0,-1.0,1.0,0.0,1.0,-1.0,-1.0,-1.0,0.0,-1.0,-1.0,-1.0,-1.0,1.0,-1.0,1.0,1.0,-1.0,0.0,-1.0,0.9984382898762285,1,model_only,
-1.0,1.0,-1.0,-1.0,-1.0,-1.0,-1.0,-1.0,0.0,-1.0,-1.0,-1.0,1.0,-1.0,-1.0,1.0,-1.0,-1.0,0.0,-1.0,-1.0,-1.0,-1.0,1.0,1.0,-1.0,-1.0,-1.0,1.0,-1.0,6.756680251988011e-12,0,model_only,
-1.0,-1.0,-1.0,-1.0,-1.0,0.0,1.0,-1.0,1.0,-1.0,-1.0,-1.0,-1.0,-1.0,-1.0,-1.0,-1.0,-1.0,0.0,-1.0,-1.0,-1.0,-1.0,-1.0,1.0,-1.0,-1.0,1.0,1.0,-1.0,8.859967298196177e-12,0,model_only,
-1.0,-1.0,-1.0,-1.0,-1.0,0.0,1.0,0.0,0.0,-1.0,-1.0,-1.0,1.0,0.0,-1.0,-1.0,-1.0,-1.0,0.0,-1.0,-1.0,-1.0,-1.0,1.0,-1.0,1.0,-1.0,-1.0,0.0,-1.0,2.8840894777794757e-05,0,model_only,
-1.0,-1.0,-1.0,-1.0,-1.0,0.0,0.0,0.0,1.0,-1.0,-1.0,-1.0,-1.0,-1.0,0.0,-1.0,-1.0,-1.0,0.0,-1.0,-1.0,-1.0,-1.0,1.0,1.0,-1.0,-1.0,1.0,0.0,-1.0,2.237743239940054e-09,0,model_only,
-1.0,-1.0,-1.0,-1.0,-1.0,0.0,-1.0,-1.0,1.0,-1.0,-1.0,-1.0,-1.0,0.0,0.0,-1.0,-1.0,-1.0,0.0,-1.0,-1.0,-1.0,-1.0,-1.0,-1.0,-1.0,1.0,-1.0,0.0,-1.0,3.426604738265017e-08,0,model_only,
1.0,1.0,1.0,-1.0,1.0,-1.0,1.0,1.0,-1.0,-1.0,-1.0,1.0,1.0,0.0,-1.0,1.0,-1.0,1.0,1.0,-1.0,-1.0,-1.0,-1.0,1.0,1.0,1.0,-1.0,-1.0,1.0,1.0,0.9986594130212266,1,model_only,
-1.0,-1.0,-1.0,-1.0,-1.0,-1.0,-1.0,1.0,0.0,1.0,-1.0,-1.0,1.0,0.0,0.0,-1.0,-1.0,-1.0,0.0,-1.0,-1.0,1.0,-1.0,1.0,-1.0,0.0,-1.0,-1.0,0.0,-1.0,0.004822834892404314,0,model_only,
-1.0,-1.0,-1.0,-1.0,-1.0,0.0,1.0,1.0,0.0,1.0,-1.0,-1.0,1.0,1.0,1.0,-1.0,-1.0,-1.0,0.0,-1.0,-1.0,1.0,-1.0,1.0,1.0,1.0,-1.0,-1.0,1.0,-1.0,0.47070929899685554,0,model_only,
-1.0,-1.0,-1.0,-1.0,-1.0,-1.0,1.0,1.0,0.0,1.0,-1.0,-1.0,1.0,0.0,0.0,-1.0,-1.0,-1.0,0.0,-1.0,-1.0,1.0,-1.0,1.0,-1.0,0.0,-1.0,1.0,0.0,-1.0,0.011380288108754785,0,model_only,
1.0,-1.0,1.0,-1.0,1.0,-1.0,-1.0,1.0,0.0,1.0,-1.0,1.0,1.0,-1.0,1.0,-1.0,-1.0,1.0,1.0,-1.0,-1.0,1.0,-1.0,-1.0,1.0,0.0,-1.0,-1.0,1.0,1.0,0.0007593738447965586,0,model_only,
-1.0,-1.0,-1.0,-1.0,-1.0,-1.0,-1.0,-1.0,1.0,-1.0,-1.0,-1.0,1.0,-1.0,0.0,-1.0,-1.0,-1.0,0.0,-1.0,-1.0,-1.0,-1.0,-1.0,1.0,-1.0,-1.0,-1.0,0.0,-1.0,3.48214528622821e-13,0,model_only,
-1.0,-1.0,-1.0,-1.0,-1.0,1.0,1.0,1.0,1.0,-1.0,-1.0,-1.0,-1.0,1.0,0.0,-1.0,-1.0,-1.0,0.0,-1.0,-1.0,-1.0,-1.0,0.0,1.0,1.0,-1.0,1.0,1.0,-1.0,0.9906708503273608,1,model_only,
-1.0,-1.0,-1.0,-1.0,-1.0,-1.0,1.0,-1.0,0.0,-1.0,-1.0,-1.0,1.0,0.0,0.0,-1.0,-1.0,-1.0,0.0,-1.0,-1.0,-1.0,-1.0,1.0,-1.0,0.0,-1.0,-1.0,0.0,-1.0,1.0062250654997825e-09,0,model_only,
-1.0,-1.0,-1.0,1.0,-1.0,0.0,-1.0,-1.0,0.0,-1.0,-1.0,-1.0,-1.0,-1.0,0.0,-1.0,-1.0,-1.0,0.0,-1.0,-1.0,-1.0,-1.0,-1.0,1.0,-1.0,-1.0,-1.0,1.0,-1.0,3.841918838274405e-09,0,model_only,
-1.0,-1.0,-1.0,-1.0,-1.0,0.0,1.0,1.0,1.0,-1.0,-1.0,-1.0,1.0,1.0,-1.0,-1.0,-1.0,-1.0,0.0,-1.0,-1.0,-1.0,-1.0,1.0,-1.0,1.0,-1.0,-1.0,0.0,-1.0,0.6660780575323536,1,model_only,
-1.0,-1.0,-1.0,-1.0,-1.0,0.0,-1.0,-1.0,0.0,-1.0,-1.0,-1.0,-1.0,-1.0,0.0,-1.0,-1.0,-1.0,0.0,-1.0,-1.0,-1.0,-1.0,-1.0,1.0,1.0,-1.0,-1.0,0.0,-1.0,2.4396780226466106e-12,0,model_only,
-1.0,1.0,-1.0,-1.0,-1.0,0.0,0.0,-1.0,0.0,-1.0,-1.0,-1.0,1.0,0.0,0.0,1.0,-1.0,-1.0,0.0,-1.0,-1.0,-1.0,-1.0,-1.0,1.0,1.0,0.0,-1.0,0.0,-1.0,5.689815170173832e-05,0,model_only,
-1.0,-1.0,-1.0,-1.0,-1.0,1.0,1.0,1.0,-1.0,-1.0,-1.0,-1.0,1.0,1.0,-1.0,-1.0,-1.0,-1.0,0.0,-1.0,-1.0,-1.0,-1.0,1.0,-1.0,0.0,1.0,-1.0,0.0,-1.0,0.9765601476920692,1,model_only,
1.0,-1.0,1.0,-1.0,1.0,-1.0,0.0,0.0,1.0,1.0,1.0,1.0,-1.0,-1.0,1.0,-1.0,1.0,1.0,1.0,-1.0,-1.0,1.0,-1.0,1.0,1.0,-1.0,-1.0,-1.0,1.0,1.0,2.129286424426469e-05,0,model_only,
1.0,-1.0,1.0,-1.0,1.0,1.0,1.0,1.0,-1.0,-1.0,-1.0,1.0,1.0,0.0,0.0,-1.0,-1.0,1.0,1.0,-1.0,-1.0,-1.0,-1.0,1.0,1.0,1.0,-1.0,-1.0,1.0,1.0,0.9998886736633384,1,model_only,
-1.0,-1.0,-1.0,-1.0,-1.0,-1.0,-1.0,1.0,0.0,-1.0,-1.0,-1.0,1.0,0.0,0.0,-1.0,-1.0,-1.0,0.0,-1.0,-1.0,-1.0,-1.0,1.0,1.0,0.0,-1.0,-1.0,1.0,-1.0,0.6713510590277686,1,model_only,
-1.0,-1.0,-1.0,-1.0,-1.0,0.0,0.0,1.0,0.0,-1.0,-1.0,-1.0,1.0,1.0,1.0,-1.0,-1.0,-1.0,0.0,-1.0,-1.0,-1.0,-1.0,-1.0,-1.0,1.0,-1.0,-1.0,0.0,-1.0,0.9945191824613975,1,model_only,
-1.0,-1.0,-1.0,-1.0,-1.0,-1.0,-1.0,1.0,-1.0,-1.0,-1.0,-1.0,1.0,1.0,-1.0,-1.0,-1.0,-1.0,0.0,-1.0,-1.0,-1.0,-1.0,1.0,1.0,1.0,-1.0,-1.0,1.0,-1.0,0.5570860424208903,1,model_only,
-1.0,-1.0,-1.0,-1.0,-1.0,-1.0,-1.0,-1.0,0.0,1.0,-1.0,-1.0,-1.0,-1.0,-1.0,-1.0,-1.0,-1.0,0.0,-1.0,-1.0,1.0,-1.0,-1.0,1.0,1.0,-1.0,-1.0,1.0,-1.0,2.797028915767521e-12,0,model_only,
-1.0,-1.0,-1.0,-1.0,-1.0,-1.0,0.0,1.0,1.0,-1.0,-1.0,-1.0,-1.0,0.0,1.0,-1.0,-1.0,-1.0,0.0,-1.0,-1.0,-1.0,-1.0,-1.0,-1.0,0.0,-1.0,-1.0,0.0,-1.0,0.00175111121269498,0,model_only,
-1.0,-1.0,-1.0,-1.0,-1.0,0.0,0.0,-1.0,0.0,-1.0,-1.0,-1.0,1.0,0.0,0.0,-1.0,-1.0,-1.0,0.0,-1.0,-1.0,-1.0,-1.0,-1.0,-1.0,1.0,0.0,-1.0,0.0,-1.0,1.0099320144794881e-05,0,model_only,
1.0,-1.0,1.0,-1.0,1.0,0.0,-1.0,1.0,1.0,-1.0,-1.0,1.0,-1.0,1.0,1.0,-1.0,-1.0,1.0,1.0,-1.0,-1.0,-1.0,-1.0,1.0,1.0,1.0,-1.0,-1.0,1.0,1.0,0.6649353643794287,1,model_only,
1.0,1.0,1.0,-1.0,1.0,-1.0,0.0,0.0,-1.0,-1.0,-1.0,1.0,1.0,-1.0,1.0,1.0,-1.0,1.0,1.0,-1.0,-1.0,-1.0,-1.0,1.0,1.0,1.0,-1.0,-1.0,1.0,1.0,0.00017473762422570563,0,model_only,
-1.0,-1.0,-1.0,-1.0,-1.0,0.0,0.0,1.0,0.0,-1.0,-1.0,-1.0,-1.0,0.0,0.0,-1.0,-1.0,-1.0,0.0,-1.0,-1.0,-1.0,-1.0,0.0,1.0,1.0,1.0,1.0,1.0,-1.0,0.6678597748988557,1,model_only,
-1.0,-1.0,-1.0,-1.0,-1.0,-1.0,1.0,1.0,-1.0,-1.0,-1.0,-1.0,1.0,1.0,1.0,-1.0,-1.0,-1.0,0.0,-1.0,-1.0,-1.0,-1.0,1.0,-1.0,1.0,-1.0,-1.0,0.0,-1.0,0.8196592314314525,1,model_only,
-1.0,-1.0,-1.0,-1.0,-1.0,-1.0,-1.0,-1.0,0.0,-1.0,-1.0,-1.0,-1.0,1.0,-1.0,-1.0,-1.0,-1.0,0.0,-1.0,-1.0,-1.0,-1.0,-1.0,1.0,0.0,-1.0,-1.0,0.0,-1.0,1.0540116188170598e-10,0,model_only,
-1.0,-1.0,-1.0,-1.0,-1.0,-1.0,0.0,0.0,-1.0,1.0,-1.0,-1.0,1.0,-1.0,1.0,-1.0,-1.0,-1.0,0.0,-1.0,-1.0,1.0,-1.0,1.0,1.0,1.0,-1.0,-1.0,1.0,-1.0,1.974573010925416e-08,0,model_only,
-1.0,-1.0,-1.0,-1.0,-1.0,-1.0,1.0,1.0,0.0,-1.0,-1.0,-1.0,-1.0,1.0,-1.0,-1.0,-1.0,-1.0,0.0,-1.0,-1.0,-1.0,-1.0,1.0,-1.0,0.0,1.0,1.0,0.0,-1.0,0.667136169549133,1,model_only,
1.0,1.0,1.0,-1.0,1.0,0.0,0.0,1.0,0.0,-1.0,-1.0,1.0,1.0,0.0,0.0,1.0,-1.0,1.0,1.0,-1.0,-1.0,-1.0,-1.0,0.0,1.0,1.0,-1.0,-1.0,1.0,1.0,0.9999945096159163,1,model_only,
-1.0,-1.0,-1.0,-1.0,-1.0,0.0,-1.0,-1.0,1.0,-1.0,-1.0,-1.0,-1.0,-1.0,0.0,-1.0,-1.0,-1.0,0.0,-1.0,-1.0,-1.0,-1.0,-1.0,1.0,0.0,-1.0,-1.0,0.0,-1.0,1.318888184373815e-13,0,model_only,
-1.0,-1.0,-1.0,-1.0,-1.0,0.0,1.0,1.0,-1.0,1.0,-1.0,-1.0,1.0,0.0,-1.0,-1.0,-1.0,-1.0,0.0,-1.0,-1.0,1.0,-1.0,1.0,1.0,1.0,-1.0,-1.0,0.0,-1.0,0.012669841709609312,0,model_only,
-1.0,-1.0,-1.0,-1.0,-1.0,0.0,1.0,1.0,0.0,1.0,-1.0,-1.0,1.0,1.0,0.0,-1.0,-1.0,-1.0,0.0,-1.0,-1.0,1.0,-1.0,0.0,1.0,1.0,-1.0,-1.0,1.0,-1.0,0.2413926864721471,0,model_only,
-1.0,-1.0,-1.0,-1.0,-1.0,1.0,0.0,1.0,0.0,-1.0,-1.0,-1.0,-1.0,1.0,0.0,-1.0,-1.0,-1.0,0.0,-1.0,-1.0,-1.0,-1.0,0.0,-1.0,1.0,-1.0,-1.0,1.0,-1.0,0.9892009480020875,1,model_only,
-1.0,1.0,-1.0,-1.0,-1.0,0.0,1.0,1.0,-1.0,1.0,-1.0,-1.0,1.0,0.0,-1.0,1.0,-1.0,-1.0,0.0,-1.0,-1.0,1.0,-1.0,1.0,-1.0,1.0,0.0,-1.0,1.0,-1.0,0.9901535437645469,1,model_only,
-1.0,-1.0,-1.0,-1.0,-1.0,0.0,0.0,1.0,0.0,-1.0,-1.0,-1.0,-1.0,0.0,1.0,-1.0,-1.0,-1.0,0.0,-1.0,-1.0,-1.0,-1.0,-1.0,-1.0,1.0,1.0,1.0,0.0,-1.0,0.8624337415948977,1,model_only,
-1.0,-1.0,-1.0,-1.0,-1.0,0.0,1.0,1.0,0.0,-1.0,-1.0,-1.0,1.0,0.0,0.0,-1.0,-1.0,-1.0,0.0,-1.0,-1.0,-1.0,-1.0,1.0,-1.0,1.0,1.0,-1.0,0.0,-1.0,0.7410245562413585,1,model_only,
-1.0,-1.0,-1.0,-1.0,-1.0,-1.0,0.0,1.0,-1.0,-1.0,-1.0,-1.0,1.0,0.0,0.0,-1.0,-1.0,-1.0,0.0,-1.0,-1.0,-1.0,-1.0,-1.0,1.0,1.0,-1.0,-1.0,0.0,-1.0,0.29580415740719657,0,model_only,
-1.0,-1.0,-1.0,-1.0,-1.0,-1.0,-1.0,1.0,-1.0,1.0,-1.0,-1.0,1.0,0.0,0.0,-1.0,-1.0,-1.0,0.0,-1.0,-1.0,1.0,-1.0,-1.0,1.0,0.0,-1.0,-1.0,0.0,-1.0,0.003116232285650729,0,model_only,
-1.0,-1.0,-1.0,-1.0,-1.0,0.0,1.0,1.0,-1.0,-1.0,-1.0,-1.0,1.0,1.0,1.0,-1.0,-1.0,-1.0,0.0,-1.0,-1.0,-1.0,-1.0,1.0,1.0,1.0,0.0,-1.0,0.0,-1.0,0.7245890729382509,1,model_only,
-1.0,-1.0,-1.0,-1.0,-1.0,1.0,-1.0,1.0,1.0,1.0,1.0,-1.0,-1.0,1.0,-1.0,-1.0,1.0,-1.0,0.0,-1.0,-1.0,1.0,-1.0,1.0,1.0,1.0,-1.0,-1.0,1.0,-1.0,0.9383456660628907,1,model_only,
-1.0,1.0,-1.0,-1.0,-1.0,0.0,1.0,1.0,-1.0,-1.0,-1.0,-1.0,1.0,0.0,0.0,1.0,-1.0,-1.0,0.0,-1.0,-1.0,-1.0,-1.0,1.0,-1.0,1.0,0.0,-1.0,0.0,-1.0,0.9999953159798953,1,model_only,
-1.0,-1.0,-1.0,-1.0,-1.0,1.0,0.0,1.0,0.0,-1.0,-1.0,-1.0,1.0,1.0,1.0,-1.0,-1.0,-1.0,0.0,-1.0,-1.0,-1.0,-1.0,-1.0,-1.0,1.0,-1.0,-1.0,0.0,-1.0,0.999916785786272,1,model_only,
-1.0,-1.0,-1.0,-1.0,-1.0,0.0,0.0,1.0,0.0,-1.0,-1.0,-1.0,1.0,1.0,0.0,-1.0,-1.0,-1.0,0.0,-1.0,-1.0,-1.0,-1.0,-1.0,-1.0,1.0,0.0,-1.0,0.0,-1.0,0.9235973103677887,1,model_only,
-1.0,-1.0,-1.0,-1.0,-1.0,0.0,-1.0,1.0,-1.0,1.0,-1.0,-1.0,1.0,0.0,0.0,-1.0,-1.0,-1.0,0.0,-1.0,-1.0,1.0,-1.0,1.0,1.0,1.0,1.0,-1.0,1.0,-1.0,0.6664901390429748,1,model_only,
-1.0,-1.0,-1.0,-1.0,-1.0,0.0,0.0,-1.0,0.0,-1.0,-1.0,-1.0,1.0,0.0,0.0,-1.0,-1.0,-1.0,0.0,-1.0,-1.0,-1.0,-1.0,0.0,-1.0,1.0,-1.0,-1.0,0.0,-1.0,1.7871083335230442e-06,0,model_only,
-1.0,-1.0,-1.0,-1.0,-1.0,0.0,1.0,1.0,0.0,-1.0,-1.0,-1.0,1.0,0.0,-1.0,-1.0,-1.0,-1.0,0.0,-1.0,-1.0,-1.0,-1.0,1.0,-1.0,0.0,-1.0,-1.0,0.0,-1.0,0.6263951074676135,1,model_only,
-1.0,-1.0,-1.0,-1.0,-1.0,-1.0,1.0,1.0,0.0,-1.0,-1.0,-1.0,1.0,0.0,0.0,-1.0,-1.0,-1.0,0.0,-1.0,-1.0,-1.0,-1.0,1.0,-1.0,1.0,-1.0,-1.0,0.0,-1.0,0.0008433132660694741,0,model_only,
-1.0,-1.0,-1.0,-1.0,-1.0,0.0,-1.0,1.0,-1.0,-1.0,-1.0,-1.0,1.0,1.0,0.0,-1.0,-1.0,-1.0,0.0,-1.0,-1.0,-1.0,-1.0,1.0,1.0,-1.0,-1.0,-1.0,1.0,-1.0,0.998381943017414,1,model_only,
-1.0,-1.0,-1.0,-1.0,-1.0,1.0,-1.0,1.0,0.0,-1.0,-1.0,-1.0,1.0,0.0,0.0,-1.0,-1.0,-1.0,0.0,-1.0,-1.0,-1.0,-1.0,1.0,-1.0,1.0,1.0,-1.0,0.0,-1.0,0.9992250563091248,1,model_only,
-1.0,-1.0,-1.0,-1.0,-1.0,1.0,-1.0,1.0,1.0,-1.0,-1.0,-1.0,-1.0,1.0,0.0,-1.0,-1.0,-1.0,0.0,-1.0,-1.0,-1.0,-1.0,1.0,-1.0,1.0,-1.0,-1.0,0.0,-1.0,0.6752441723108449,1,model_only,
-1.0,-1.0,-1.0,-1.0,-1.0,0.0,-1.0,-1.0,1.0,-1.0,-1.0,-1.0,-1.0,0.0,-1.0,-1.0,-1.0,-1.0,0.0,-1.0,-1.0,-1.0,-1.0,-1.0,-1.0,0.0,-1.0,-1.0,0.0,-1.0,2.1738612485549252e-10,0,model_only,
-1.0,-1.0,-1.0,-1.0,-1.0,0.0,-1.0,-1.0,1.0,-1.0,-1.0,-1.0,1.0,-1.0,-1.0,-1.0,-1.0,-1.0,0.0,-1.0,-1.0,-1.0,-1.0,-1.0,-1.0,-1.0,-1.0,-1.0,0.0,-1.0,1.285120305140523e-13,0,model_only,
-1.0,-1.0,-1.0,-1.0,-1.0,-1.0,-1.0,-1.0,1.0,-1.0,-1.0,-1.0,1.0,0.0,-1.0,-1.0,-1.0,-1.0,0.0,-1.0,-1.0,-1.0,-1.0,-1.0,-1.0,0.0,-1.0,1.0,0.0,-1.0,2.2785404388253133e-11,0,model_only,
-1.0,-1.0,-1.0,-1.0,-1.0,-1.0,-1.0,0.0,0.0,-1.0,-1.0,-1.0,-1.0,0.0,-1.0,-1.0,-1.0,-1.0,0.0,-1.0,-1.0,-1.0,-1.0,-1.0,-1.0,0.0,-1.0,-1.0,0.0,-1.0,2.6357438939196445e-08,0,model_only,
-1.0,-1.0,-1.0,-1.0,-1.0,-1.0,1.0,-1.0,1.0,-1.0,-1.0,-1.0,-1.0,0.0,-1.0,-1.0,-1.0,-1.0,0.0,-1.0,-1.0,-1.0,-1.0,1.0,-1.0,1.0,-1.0,-1.0,0.0,-1.0,2.3364185628722743e-12,0,model_only,
1.0,-1.0,1.0,-1.0,1.0,-1.0,0.0,0.0,1.0,-1.0,-1.0,1.0,-1.0,-1.0,1.0,-1.0,-1.0,1.0,1.0,-1.0,-1.0,-1.0,-1.0,0.0,1.0,-1.0,-1.0,-1.0,0.0,-1.0,8.723366134083218e-13,0,model_only,
1.0,-1.0,1.0,-1.0,1.0,-1.0,-1.0,-1.0,0.0,1.0,-1.0,1.0,1.0,-1.0,1.0,-1.0,-1.0,1.0,1.0,1.0,-1.0,1.0,-1.0,-1.0,1.0,0.0,-1.0,-1.0,1.0,1.0,2.13656212517571e-06,0,model_only,
-1.0,-1.0,-1.0,-1.0,-1.0,0.0,-1.0,-1.0,1.0,-1.0,-1.0,-1.0,-1.0,-1.0,-1.0,-1.0,-1.0,-1.0,0.0,-1.0,-1.0,-1.0,-1.0,-1.0,1.0,-1.0,0.0,-1.0,0.0,-1.0,1.9144770127119252e-14,0,model_only,
-1.0,-1.0,-1.0,-1.0,-1.0,0.0,1.0,1.0,0.0,-1.0,-1.0,-1.0,-1.0,0.0,1.0,-1.0,-1.0,-1.0,0.0,-1.0,-1.0,-1.0,-1.0,1.0,1.0,-1.0,-1.0,-1.0,1.0,-1.0,0.7019183560592482,1,model_only,
-1.0,-1.0,-1.0,-1.0,-1.0,0.0,1.0,1.0,-1.0,-1.0,-1.0,-1.0,1.0,0.0,-1.0,-1.0,-1.0,-1.0,0.0,-1.0,-1.0,-1.0,-1.0,0.0,-1.0,1.0,1.0,-1.0,0.0,-1.0,0.8235610803026328,1,model_only,
-1.0,-1.0,-1.0,1.0,-1.0,0.0,1.0,1.0,1.0,-1.0,-1.0,-1.0,-1.0,0.0,0.0,-1.0,-1.0,-1.0,0.0,-1.0,-1.0,-1.0,-1.0,1.0,1.0,-1.0,1.0,-1.0,0.0,-1.0,0.6687509381437385,1,model_only,
-1.0,-1.0,-1.0,-1.0,-1.0,-1.0,-1.0,-1.0,0.0,-1.0,-1.0,-1.0,1.0,0.0,0.0,-1.0,-1.0,-1.0,0.0,-1.0,-1.0,-1.0,-1.0,0.0,1.0,0.0,-1.0,-1.0,1.0,-1.0,5.07961930237727e-07,0,model_only,
-1.0,1.0,-1.0,-1.0,-1.0,0.0,-1.0,-1.0,0.0,-1.0,-1.0,-1.0,1.0,-1.0,0.0,1.0,-1.0,-1.0,0.0,-1.0,-1.0,-1.0,-1.0,-1.0,1.0,-1.0,0.0,-1.0,1.0,-1.0,4.6049248200213284e-10,0,model_only,
-1.0,-1.0,-1.0,-1.0,-1.0,0.0,0.0,1.0,0.0,-1.0,-1.0,-1.0,1.0,0.0,-1.0,-1.0,-1.0,-1.0,0.0,-1.0,-1.0,-1.0,-1.0,0.0,1.0,1.0,0.0,-1.0,1.0,-1.0,0.6369169626374626,1,model_only,
-1.0,-1.0,-1.0,-1.0,-1.0,0.0,1.0,1.0,1.0,1.0,-1.0,-1.0,-1.0,0.0,1.0,-1.0,-1.0,-1.0,0.0,-1.0,-1.0,1.0,-1.0,1.0,1.0,1.0,0.0,-1.0,1.0,-1.0,3.275591707597903e-05,0,model_only,
-1.0,-1.0,-1.0,-1.0,-1.0,0.0,0.0,1.0,1.0,-1.0,-1.0,-1.0,-1.0,0.0,-1.0,-1.0,-1.0,-1.0,0.0,-1.0,-1.0,-1.0,-1.0,0.0,1.0,1.0,0.0,-1.0,1.0,-1.0,0.035382305096582696,0,model_only,
-1.0,-1.0,-1.0,-1.0,-1.0,0.0,1.0,1.0,1.0,-1.0,-1.0,-1.0,-1.0,0.0,0.0,-1.0,-1.0,-1.0,0.0,-1.0,-1.0,-1.0,-1.0,0.0,1.0,1.0,1.0,1.0,0.0,-1.0,0.6134542459645845,1,model_only,
-1.0,-1.0,-1.0,-1.0,-1.0,0.0,1.0,1.0,0.0,-1.0,-1.0,-1.0,1.0,0.0,0.0,-1.0,-1.0,-1.0,0.0,-1.0,-1.0,-1.0,-1.0,1.0,-1.0,1.0,0.0,-1.0,0.0,-1.0,0.6862185198059865,1,model_only,
-1.0,-1.0,-1.0,-1.0,-1.0,-1.0,0.0,1.0,1.0,-1.0,-1.0,-1.0,-1.0,1.0,-1.0,-1.0,-1.0,-1.0,0.0,-1.0,-1.0,-1.0,-1.0,-1.0,1.0,0.0,1.0,1.0,1.0,-1.0,0.04134199810118893,0,model_only,
-1.0,-1.0,-1.0,-1.0,-1.0,-1.0,-1.0,1.0,-1.0,1.0,-1.0,-1.0,1.0,0.0,1.0,-1.0,-1.0,-1.0,0.0,-1.0,-1.0,1.0,-1.0,1.0,1.0,0.0,-1.0,-1.0,0.0,-1.0,0.005852955798597543,0,model_only,
-1.0,-1.0,-1.0,1.0,-1.0,-1.0,-1.0,-1.0,-1.0,-1.0,-1.0,-1.0,1.0,-1.0,0.0,-1.0,-1.0,-1.0,0.0,-1.0,-1.0,-1.0,-1.0,-1.0,1.0,-1.0,-1.0,-1.0,0.0,-1.0,1.2832954142158557e-10,0,model_only,
1.0,-1.0,1.0,-1.0,1.0,1.0,-1.0,1.0,1.0,-1.0,-1.0,1.0,-1.0,1.0,1.0,-1.0,-1.0,1.0,1.0,-1.0,-1.0,-1.0,-1.0,1.0,1.0,1.0,-1.0,-1.0,1.0,-1.0,0.7021967309651775,1,model_only,
-1.0,-1.0,-1.0,1.0,-1.0,0.0,0.0,0.0,1.0,-1.0,-1.0,-1.0,-1.0,-1.0,0.0,-1.0,-1.0,-1.0,0.0,-1.0,-1.0,-1.0,-1.0,0.0,1.0,-1.0,-1.0,-1.0,0.0,-1.0,6.552089498074949e-08,0,model_only,
-1.0,1.0,-1.0,-1.0,-1.0,1.0,-1.0,1.0,-1.0,-1.0,-1.0,-1.0,1.0,1.0,0.0,1.0,-1.0,-1.0,0.0,-1.0,-1.0,-1.0,-1.0,1.0,1.0,1.0,-1.0,-1.0,1.0,-1.0,0.9999986625779531,1,model_only,
1.0,-1.0,1.0,-1.0,1.0,0.0,-1.0,1.0,-1.0,-1.0,-1.0,1.0,1.0,1.0,-1.0,-1.0,-1.0,1.0,1.0,-1.0,-1.0,-1.0,-1.0,1.0,-1.0,1.0,1.0,-1.0,1.0,-1.0,0.9964932979455239,1,model_only,
-1.0,-1.0,-1.0,-1.0,-1.0,0.0,0.0,1.0,0.0,1.0,1.0,-1.0,1.0,1.0,-1.0,-1.0,1.0,-1.0,0.0,1.0,-1.0,1.0,-1.0,-1.0,-1.0,1.0,-1.0,-1.0,1.0,1.0,0.9999988587076905,1,model_only,
-1.0,-1.0,-1.0,-1.0,-1.0,0.0,1.0,1.0,-1.0,-1.0,-1.0,-1.0,1.0,0.0,0.0,-1.0,-1.0,-1.0,0.0,-1.0,-1.0,-1.0,-1.0,0.0,-1.0,1.0,0.0,-1.0,0.0,-1.0,0.9642365811247194,1,model_only,
-1.0,-1.0,-1.0,-1.0,-1.0,-1.0,0.0,0.0,1.0,-1.0,-1.0,-1.0,1.0,-1.0,-1.0,-1.0,-1.0,-1.0,0.0,-1.0,-1.0,-1.0,-1.0,1.0,1.0,-1.0,-1.0,-1.0,0.0,-1.0,5.325003436035433e-12,0,model_only,
-1.0,-1.0,-1.0,-1.0,-1.0,-1.0,0.0,-1.0,1.0,-1.0,-1.0,-1.0,-1.0,0.0,-1.0,-1.0,-1.0,-1.0,0.0,-1.0,-1.0,-1.0,-1.0,0.0,1.0,1.0,-1.0,-1.0,1.0,-1.0,5.885083768591158e-12,0,model_only,
-1.0,-1.0,-1.0,-1.0,-1.0,0.0,-1.0,1.0,1.0,-1.0,-1.0,-1.0,1.0,0.0,0.0,-1.0,-1.0,-1.0,0.0,-1.0,-1.0,-1.0,-1.0,1.0,-1.0,-1.0,1.0,-1.0,0.0,-1.0,0.7648517486157371,1,model_only,
-1.0,-1.0,-1.0,-1.0,-1.0,0.0,0.0,0.0,0.0,-1.0,-1.0,-1.0,1.0,-1.0,-1.0,-1.0,-1.0,-1.0,0.0,-1.0,-1.0,-1.0,-1.0,1.0,1.0,0.0,0.0,-1.0,0.0,-1.0,7.713358336556641e-09,0,model_only,
-1.0,-1.0,-1.0,-1.0,-1.0,-1.0,-1.0,1.0,-1.0,-1.0,-1.0,-1.0,1.0,0.0,0.0,-1.0,-1.0,-1.0,0.0,-1.0,-1.0,-1.0,-1.0,1.0,-1.0,1.0,0.0,-1.0,0.0,-1.0,0.8138441359589308,1,model_only,
-1.0,-1.0,-1.0,-1.0,-1.0,-1.0,1.0,-1.0,1.0,-1.0,-1.0,-1.0,-1.0,0.0,-1.0,-1.0,-1.0,-1.0,0.0,-1.0,-1.0,-1.0,-1.0,1.0,1.0,1.0,-1.0,-1.0,1.0,-1.0,7.459744783802872e-12,0,model_only,
1.0,-1.0,1.0,-1.0,1.0,1.0,-1.0,1.0,-1.0,-1.0,-1.0,1.0,1.0,0.0,0.0,-1.0,-1.0,1.0,1.0,-1.0,-1.0,-1.0,-1.0,-1.0,1.0,1.0,-1.0,-1.0,1.0,-1.0,0.9999744107084694,1,model_only,
-1.0,-1.0,-1.0,-1.0,-1.0,-1.0,-1.0,1.0,0.0,-1.0,-1.0,-1.0,1.0,0.0,0.0,-1.0,-1.0,-1.0,0.0,-1.0,-1.0,-1.0,-1.0,1.0,1.0,0.0,-1.0,-1.0,1.0,-1.0,0.6713510590277686,1,model_only,
-1.0,1.0,-1.0,-1.0,-1.0,0.0,-1.0,-1.0,0.0,-1.0,-1.0,-1.0,1.0,-1.0,-1.0,1.0,-1.0,-1.0,0.0,-1.0,-1.0,-1.0,-1.0,-1.0,1.0,-1.0,-1.0,-1.0,1.0,-1.0,1.444780369125191e-10,0,model_only,
-1.0,-1.0,-1.0,-1.0,-1.0,0.0,0.0,1.0,1.0,-1.0,-1.0,-1.0,-1.0,0.0,1.0,-1.0,-1.0,-1.0,0.0,-1.0,-1.0,-1.0,-1.0,0.0,1.0,1.0,-1.0,-1.0,1.0,-1.0,0.5365550489092737,1,model_only,
-1.0,-1.0,-1.0,-1.0,-1.0,0.0,0.0,0.0,0.0,1.0,1.0,-1.0,-1.0,-1.0,-1.0,-1.0,1.0,-1.0,0.0,-1.0,-1.0,1.0,-1.0,1.0,1.0,1.0,-1.0,-1.0,1.0,-1.0,2.102830553852722e-06,0,model_only,
1.0,1.0,1.0,-1.0,1.0,-1.0,-1.0,-1.0,-1.0,-1.0,-1.0,1.0,1.0,-1.0,-1.0,1.0,-1.0,1.0,1.0,-1.0,-1.0,-1.0,-1.0,-1.0,1.0,1.0,-1.0,-1.0,1.0,-1.0,6.771312634400693e-11,0,model_only,
-1.0,-1.0,-1.0,-1.0,-1.0,-1.0,1.0,1.0,1.0,-1.0,-1.0,-1.0,-1.0,0.0,-1.0,-1.0,-1.0,-1.0,0.0,-1.0,-1.0,-1.0,-1.0,-1.0,1.0,0.0,-1.0,-1.0,0.0,-1.0,2.0213496134740173e-06,0,model_only,
-1.0,-1.0,-1.0,-1.0,-1.0,-1.0,0.0,0.0,1.0,-1.0,-1.0,-1.0,-1.0,-1.0,0.0,-1.0,-1.0,-1.0,0.0,-1.0,-1.0,-1.0,-1.0,0.0,-1.0,-1.0,-1.0,-1.0,0.0,-1.0,5.409208603292726e-13,0,model_only,
-1.0,-1.0,-1.0,1.0,-1.0,0.0,1.0,1.0,0.0,-1.0,-1.0,-1.0,1.0,1.0,1.0,-1.0,-1.0,-1.0,0.0,-1.0,-1.0,-1.0,-1.0,1.0,-1.0,1.0,-1.0,-1.0,0.0,-1.0,0.9996482082702093,1,model_only,
-1.0,-1.0,-1.0,-1.0,-1.0,1.0,1.0,1.0,1.0,-1.0,-1.0,-1.0,-1.0,0.0,0.0,-1.0,-1.0,-1.0,0.0,-1.0,-1.0,-1.0,-1.0,0.0,-1.0,-1.0,1.0,-1.0,0.0,-1.0,0.6880087270371898,1,model_only,
-1.0,-1.0,-1.0,-1.0,-1.0,1.0,0.0,1.0,0.0,-1.0,-1.0,-1.0,1.0,1.0,1.0,-1.0,-1.0,-1.0,0.0,-1.0,-1.0,-1.0,-1.0,-1.0,-1.0,1.0,1.0,-1.0,0.0,-1.0,0.9999339470510735,1,model_only,
-1.0,-1.0,-1.0,-1.0,-1.0,-1.0,-1.0,-1.0,-1.0,1.0,1.0,-1.0,1.0,-1.0,0.0,-1.0,1.0,-1.0,0.0,-1.0,-1.0,1.0,-1.0,-1.0,-1.0,-1.0,-1.0,-1.0,0.0,-1.0,6.40516887283527e-09,0,model_only,
-1.0,-1.0,-1.0,-1.0,-1.0,0.0,0.0,0.0,-1.0,-1.0,-1.0,-1.0,1.0,-1.0,0.0,-1.0,-1.0,-1.0,0.0,-1.0,-1.0,-1.0,-1.0,1.0,-1.0,-1.0,-1.0,-1.0,0.0,-1.0,9.8944382322061e-07,0,model_only,
-1.0,1.0,-1.0,-1.0,-1.0,-1.0,0.0,0.0,-1.0,-1.0,-1.0,-1.0,1.0,-1.0,0.0,1.0,-1.0,-1.0,0.0,-1.0,-1.0,-1.0,-1.0,1.0,1.0,1.0,-1.0,-1.0,1.0,-1.0,1.0318491815829443e-07,0,model_only,
-1.0,-1.0,-1.0,-1.0,-1.0,-1.0,-1.0,0.0,0.0,-1.0,-1.0,-1.0,-1.0,0.0,-1.0,-1.0,-1.0,-1.0,0.0,-1.0,-1.0,-1.0,-1.0,-1.0,-1.0,1.0,-1.0,-1.0,0.0,-1.0,1.4398599206411034e-08,0,model_only,
-1.0,-1.0,-1.0,-1.0,-1.0,0.0,1.0,1.0,0.0,1.0,1.0,-1.0,-1.0,1.0,0.0,-1.0,1.0,-1.0,0.0,-1.0,-1.0,1.0,1.0,1.0,1.0,1.0,-1.0,-1.0,0.0,-1.0,0.8223920113908997,1,model_only,
-1.0,1.0,-1.0,-1.0,-1.0,0.0,-1.0,1.0,-1.0,-1.0,-1.0,-1.0,1.0,0.0,0.0,1.0,-1.0,-1.0,0.0,-1.0,-1.0,-1.0,-1.0,1.0,1.0,1.0,1.0,-1.0,0.0,-1.0,0.9998622688553532,1,model_only,
-1.0,-1.0,-1.0,-1.0,-1.0,1.0,-1.0,1.0,1.0,1.0,1.0,-1.0,-1.0,1.0,0.0,-1.0,1.0,-1.0,0.0,-1.0,-1.0,1.0,1.0,-1.0,-1.0,-1.0,-1.0,-1.0,0.0,-1.0,0.9999000628165532,1,model_only,
-1.0,-1.0,-1.0,-1.0,-1.0,0.0,-1.0,1.0,1.0,-1.0,-1.0,-1.0,1.0,0.0,0.0,-1.0,-1.0,-1.0,0.0,-1.0,-1.0,-1.0,-1.0,-1.0,1.0,-1.0,-1.0,-1.0,1.0,-1.0,0.7364173099655479,1,model_only,
-1.0,-1.0,-1.0,-1.0,-1.0,0.0,-1.0,-1.0,1.0,-1.0,-1.0,-1.0,-1.0,-1.0,-1.0,-1.0,-1.0,-1.0,0.0,-1.0,-1.0,-1.0,-1.0,-1.0,1.0,-1.0,-1.0,-1.0,0.0,-1.0,6.027413697880314e-14,0,model_only,
-1.0,-1.0,-1.0,1.0,-1.0,0.0,0.0,-1.0,0.0,-1.0,-1.0,-1.0,1.0,-1.0,0.0,-1.0,-1.0,-1.0,0.0,-1.0,-1.0,-1.0,-1.0,-1.0,1.0,-1.0,-1.0,-1.0,1.0,-1.0,4.428316668537398e-08,0,model_only,
-1.0,1.0,-1.0,-1.0,-1.0,0.0,-1.0,1.0,-1.0,1.0,1.0,-1.0,1.0,0.0,1.0,1.0,1.0,-1.0,0.0,-1.0,-1.0,1.0,1.0,1.0,1.0,1.0,0.0,-1.0,1.0,-1.0,0.9999884786327463,1,model_only,
-1.0,1.0,-1.0,-1.0,-1.0,0.0,0.0,1.0,-1.0,-1.0,-1.0,-1.0,1.0,0.0,0.0,1.0,-1.0,-1.0,0.0,-1.0,-1.0,-1.0,-1.0,-1.0,1.0,1.0,1.0,-1.0,0.0,-1.0,0.9999634669042976,1,model_only,
-1.0,1.0,-1.0,-1.0,-1.0,-1.0,0.0,-1.0,0.0,-1.0,-1.0,-1.0,1.0,-1.0,0.0,1.0,-1.0,-1.0,0.0,-1.0,-1.0,-1.0,-1.0,-1.0,1.0,0.0,-1.0,-1.0,1.0,-1.0,1.2227826593820184e-11,0,model_only,
-1.0,-1.0,-1.0,-1.0,-1.0,0.0,-1.0,-1.0,0.0,-1.0,-1.0,-1.0,1.0,-1.0,-1.0,-1.0,-1.0,-1.0,0.0,-1.0,-1.0,-1.0,-1.0,-1.0,-1.0,0.0,0.0,-1.0,0.0,-1.0,2.958779808641912e-12,0,model_only,
-1.0,-1.0,-1.0,-1.0,-1.0,-1.0,1.0,1.0,1.0,-1.0,-1.0,-1.0,1.0,0.0,-1.0,-1.0,-1.0,-1.0,0.0,-1.0,-1.0,-1.0,-1.0,1.0,1.0,0.0,-1.0,-1.0,1.0,-1.0,1.655459279624734e-05,0,model_only,
-1.0,-1.0,-1.0,-1.0,-1.0,0.0,1.0,1.0,0.0,-1.0,-1.0,-1.0,1.0,0.0,1.0,-1.0,-1.0,-1.0,0.0,-1.0,-1.0,-1.0,-1.0,1.0,1.0,1.0,1.0,-1.0,1.0,-1.0,0.75434365090427,1,model_only,
-1.0,-1.0,-1.0,-1.0,-1.0,0.0,-1.0,-1.0,0.0,-1.0,-1.0,-1.0,1.0,-1.0,-1.0,-1.0,-1.0,-1.0,0.0,-1.0,-1.0,-1.0,-1.0,-1.0,1.0,-1.0,-1.0,-1.0,1.0,-1.0,5.134701649583288e-11,0,model_only,
1.0,1.0,1.0,-1.0,1.0,0.0,-1.0,-1.0,-1.0,-1.0,-1.0,1.0,1.0,-1.0,0.0,1.0,-1.0,1.0,1.0,-1.0,-1.0,-1.0,-1.0,-1.0,1.0,1.0,0.0,-1.0,1.0,-1.0,1.578536863122265e-05,0,model_only,
-1.0,1.0,-1.0,-1.0,-1.0,0.0,-1.0,-1.0,0.0,-1.0,-1.0,-1.0,1.0,-1.0,-1.0,1.0,-1.0,-1.0,0.0,-1.0,-1.0,-1.0,-1.0,-1.0,1.0,0.0,-1.0,-1.0,0.0,-1.0,6.769652162266036e-12,0,model_only,
-1.0,-1.0,-1.0,-1.0,-1.0,0.0,0.0,0.0,1.0,-1.0,-1.0,-1.0,-1.0,-1.0,1.0,-1.0,-1.0,-1.0,0.0,-1.0,-1.0,-1.0,-1.0,1.0,1.0,-1.0,0.0,-1.0,1.0,-1.0,5.965386254302971e-08,0,model_only,
1.0,-1.0,1.0,-1.0,1.0,-1.0,-1.0,-1.0,1.0,1.0,1.0,1.0,-1.0,-1.0,1.0,-1.0,1.0,1.0,1.0,-1.0,-1.0,1.0,1.0,-1.0,1.0,0.0,-1.0,-1.0,1.0,-1.0,1.4960964220218975e-07,0,model_only,
1.0,1.0,1.0,-1.0,1.0,-1.0,1.0,1.0,-1.0,-1.0,-1.0,1.0,1.0,0.0,0.0,1.0,-1.0,1.0,1.0,-1.0,-1.0,-1.0,-1.0,1.0,1.0,0.0,-1.0,-1.0,1.0,-1.0,0.8585479249368076,1,model_only,
-1.0,-1.0,-1.0,-1.0,-1.0,0.0,1.0,1.0,-1.0,-1.0,-1.0,-1.0,1.0,1.0,1.0,-1.0,-1.0,-1.0,0.0,-1.0,-1.0,-1.0,-1.0,1.0,-1.0,1.0,-1.0,-1.0,0.0,-1.0,0.9834883935883117,1,model_only,
-1.0,1.0,-1.0,-1.0,-1.0,0.0,-1.0,-1.0,-1.0,-1.0,-1.0,-1.0,1.0,-1.0,-1.0,1.0,-1.0,-1.0,0.0,-1.0,-1.0,-1.0,-1.0,-1.0,1.0,-1.0,-1.0,-1.0,0.0,-1.0,7.762127032231709e-11,0,model_only,
-1.0,-1.0,-1.0,-1.0,-1.0,0.0,0.0,0.0,1.0,-1.0,-1.0,-1.0,-1.0,-1.0,-1.0,-1.0,-1.0,-1.0,0.0,-1.0,-1.0,-1.0,-1.0,1.0,1.0,0.0,-1.0,-1.0,1.0,-1.0,3.05109363762094e-11,0,model_only,
-1.0,-1.0,-1.0,-1.0,-1.0,-1.0,-1.0,1.0,0.0,-1.0,-1.0,-1.0,1.0,0.0,0.0,-1.0,-1.0,-1.0,0.0,-1.0,-1.0,-1.0,-1.0,-1.0,1.0,0.0,-1.0,-1.0,0.0,-1.0,0.6042504141121855,1,model_only,
-1.0,-1.0,-1.0,-1.0,-1.0,0.0,0.0,-1.0,1.0,-1.0,-1.0,-1.0,-1.0,0.0,1.0,-1.0,-1.0,-1.0,0.0,-1.0,-1.0,-1.0,-1.0,-1.0,-1.0,1.0,0.0,-1.0,0.0,-1.0,2.6020612712540606e-08,0,model_only,
-1.0,1.0,-1.0,-1.0,-1.0,0.0,0.0,-1.0,-1.0,-1.0,-1.0,-1.0,1.0,-1.0,0.0,1.0,-1.0,-1.0,0.0,-1.0,-1.0,-1.0,-1.0,-1.0,1.0,-1.0,0.0,-1.0,0.0,-1.0,2.6420451223141964e-10,0,model_only,
-1.0,-1.0,-1.0,-1.0,-1.0,0.0,0.0,1.0,0.0,-1.0,-1.0,-1.0,-1.0,0.0,0.0,-1.0,-1.0,-1.0,0.0,-1.0,-1.0,-1.0,-1.0,-1.0,-1.0,1.0,1.0,-1.0,0.0,-1.0,0.6741222183907785,1,model_only,
-1.0,-1.0,-1.0,-1.0,-1.0,-1.0,0.0,1.0,0.0,-1.0,-1.0,-1.0,1.0,0.0,0.0,-1.0,-1.0,-1.0,0.0,-1.0,-1.0,-1.0,-1.0,-1.0,1.0,0.0,-1.0,-1.0,1.0,-1.0,0.3861772776870737,0,model_only,
-1.0,1.0,-1.0,-1.0,-1.0,0.0,1.0,1.0,-1.0,-1.0,-1.0,-1.0,1.0,1.0,-1.0,1.0,-1.0,-1.0,0.0,-1.0,-1.0,-1.0,-1.0,1.0,1.0,1.0,0.0,-1.0,1.0,-1.0,0.9948415201599915,1,model_only,
-1.0,-1.0,-1.0,-1.0,-1.0,0.0,-1.0,1.0,-1.0,1.0,1.0,-1.0,1.0,0.0,0.0,-1.0,1.0,-1.0,0.0,-1.0,-1.0,1.0,-1.0,1.0,1.0,1.0,-1.0,-1.0,0.0,-1.0,0.9749387540323724,1,model_only,
-1.0,-1.0,-1.0,-1.0,-1.0,1.0,-1.0,1.0,0.0,-1.0,-1.0,-1.0,1.0,1.0,1.0,-1.0,-1.0,-1.0,0.0,-1.0,-1.0,-1.0,-1.0,1.0,1.0,1.0,-1.0,-1.0,1.0,-1.0,0.9871450989664687,1,model_only,
1.0,-1.0,1.0,-1.0,1.0,0.0,0.0,1.0,-1.0,-1.0,-1.0,1.0,1.0,0.0,1.0,-1.0,-1.0,1.0,1.0,-1.0,-1.0,-1.0,-1.0,0.0,1.0,1.0,1.0,-1.0,1.0,-1.0,0.9940642296791591,1,model_only,
-1.0,1.0,-1.0,1.0,-1.0,0.0,-1.0,-1.0,-1.0,-1.0,-1.0,-1.0,1.0,0.0,1.0,1.0,-1.0,-1.0,0.0,-1.0,-1.0,-1.0,-1.0,1.0,1.0,1.0,-1.0,-1.0,0.0,-1.0,0.0243770088962099,0,model_only,
-1.0,-1.0,-1.0,-1.0,-1.0,0.0,0.0,-1.0,1.0,-1.0,-1.0,-1.0,-1.0,-1.0,-1.0,-1.0,-1.0,-1.0,0.0,-1.0,-1.0,-1.0,-1.0,-1.0,1.0,-1.0,0.0,-1.0,0.0,-1.0,1.3754041633987033e-14,0,model_only,
-1.0,-1.0,-1.0,-1.0,-1.0,0.0,0.0,-1.0,0.0,-1.0,-1.0,-1.0,-1.0,0.0,0.0,-1.0,-1.0,-1.0,0.0,-1.0,-1.0,-1.0,-1.0,0.0,-1.0,1.0,0.0,-1.0,1.0,-1.0,2.8763694342311527e-06,0,model_only,
-1.0,-1.0,-1.0,-1.0,-1.0,0.0,0.0,0.0,1.0,-1.0,-1.0,-1.0,1.0,-1.0,-1.0,-1.0,-1.0,-1.0,0.0,-1.0,-1.0,-1.0,-1.0,0.0,1.0,-1.0,-1.0,-1.0,1.0,-1.0,4.906570000453134e-09,0,model_only,
1.0,-1.0,1.0,-1.0,1.0,0.0,0.0,1.0,1.0,-1.0,-1.0,1.0,-1.0,0.0,1.0,-1.0,-1.0,1.0,1.0,-1.0,-1.0,-1.0,-1.0,0.0,-1.0,1.0,-1.0,-1.0,1.0,-1.0,0.07406167619371472,0,model_only,
-1.0,-1.0,-1.0,-1.0,-1.0,0.0,-1.0,1.0,0.0,-1.0,-1.0,-1.0,-1.0,0.0,0.0,-1.0,-1.0,-1.0,0.0,-1.0,-1.0,-1.0,-1.0,1.0,-1.0,1.0,1.0,-1.0,0.0,-1.0,0.6730525840492841,1,model_only,
-1.0,-1.0,-1.0,-1.0,-1.0,-1.0,-1.0,-1.0,1.0,-1.0,-1.0,-1.0,-1.0,-1.0,-1.0,-1.0,-1.0,-1.0,0.0,-1.0,-1.0,-1.0,-1.0,-1.0,1.0,0.0,-1.0,-1.0,0.0,-1.0,4.0485316746762893e-16,0,model_only,
-1.0,-1.0,-1.0,-1.0,-1.0,-1.0,0.0,1.0,1.0,-1.0,-1.0,-1.0,-1.0,0.0,0.0,-1.0,-1.0,-1.0,0.0,-1.0,-1.0,-1.0,-1.0,0.0,-1.0,1.0,-1.0,-1.0,1.0,-1.0,0.0070600977288884535,0,model_only,
1.0,1.0,1.0,-1.0,1.0,1.0,-1.0,1.0,-1.0,-1.0,-1.0,1.0,1.0,1.0,0.0,1.0,-1.0,1.0,1.0,-1.0,-1.0,-1.0,-1.0,1.0,-1.0,1.0,-1.0,-1.0,1.0,-1.0,0.9999993074990791,1,model_only,
-1.0,1.0,-1.0,-1.0,-1.0,1.0,0.0,1.0,-1.0,-1.0,-1.0,-1.0,1.0,1.0,-1.0,1.0,-1.0,-1.0,0.0,-1.0,-1.0,-1.0,-1.0,-1.0,-1.0,1.0,1.0,-1.0,1.0,-1.0,0.9999999858651147,1,model_only,
-1.0,-1.0,-1.0,-1.0,-1.0,-1.0,-1.0,1.0,-1.0,-1.0,-1.0,-1.0,1.0,0.0,-1.0,-1.0,-1.0,-1.0,0.0,-1.0,-1.0,-1.0,-1.0,0.0,-1.0,0.0,-1.0,-1.0,1.0,-1.0,0.5618655219646994,1,model_only,
-1.0,-1.0,-1.0,-1.0,-1.0,0.0,0.0,0.0,0.0,1.0,1.0,-1.0,1.0,-1.0,-1.0,-1.0,1.0,-1.0,0.0,1.0,-1.0,1.0,-1.0,1.0,1.0,1.0,-1.0,-1.0,1.0,1.0,0.13544508341493566,0,model_only,
-1.0,-1.0,-1.0,-1.0,-1.0,0.0,-1.0,1.0,1.0,-1.0,-1.0,-1.0,1.0,0.0,0.0,-1.0,-1.0,-1.0,0.0,-1.0,-1.0,-1.0,-1.0,1.0,-1.0,1.0,0.0,-1.0,0.0,-1.0,0.7327183639882531,1,model_only,
1.0,-1.0,1.0,-1.0,1.0,1.0,1.0,1.0,-1.0,-1.0,-1.0,1.0,1.0,1.0,0.0,-1.0,-1.0,1.0,1.0,-1.0,-1.0,-1.0,-1.0,1.0,-1.0,1.0,1.0,-1.0,1.0,-1.0,0.9999933782833264,1,model_only,
-1.0,-1.0,-1.0,-1.0,-1.0,0.0,0.0,1.0,0.0,1.0,1.0,-1.0,1.0,1.0,1.0,-1.0,1.0,-1.0,0.0,1.0,-1.0,1.0,-1.0,-1.0,-1.0,1.0,-1.0,-1.0,1.0,1.0,0.9999999871392004,1,model_only,
-1.0,1.0,-1.0,-1.0,-1.0,1.0,-1.0,1.0,-1.0,-1.0,-1.0,-1.0,1.0,1.0,0.0,1.0,-1.0,-1.0,0.0,-1.0,-1.0,-1.0,-1.0,-1.0,1.0,1.0,-1.0,-1.0,1.0,-1.0,0.9999999437310079,1,model_only,
-1.0,-1.0,-1.0,1.0,-1.0,0.0,-1.0,1.0,1.0,-1.0,-1.0,-1.0,1.0,0.0,1.0,-1.0,-1.0,-1.0,0.0,-1.0,-1.0,-1.0,-1.0,-1.0,-1.0,1.0,1.0,-1.0,0.0,-1.0,0.9999862261359554,1,model_only,
-1.0,-1.0,-1.0,-1.0,-1.0,-1.0,1.0,1.0,-1.0,1.0,1.0,-1.0,1.0,0.0,-1.0,-1.0,1.0,-1.0,0.0,1.0,-1.0,1.0,-1.0,-1.0,1.0,0.0,-1.0,-1.0,0.0,1.0,0.9288638572508171,1,model_only,
-1.0,-1.0,-1.0,-1.0,-1.0,0.0,0.0,1.0,0.0,1.0,1.0,-1.0,-1.0,1.0,1.0,-1.0,1.0,-1.0,0.0,-1.0,-1.0,1.0,-1.0,-1.0,1.0,1.0,-1.0,-1.0,1.0,-1.0,0.9998232613098743,1,model_only,
-1.0,1.0,-1.0,-1.0,-1.0,0.0,0.0,1.0,-1.0,-1.0,-1.0,-1.0,1.0,0.0,0.0,1.0,-1.0,-1.0,0.0,-1.0,-1.0,-1.0,-1.0,-1.0,1.0,1.0,-1.0,-1.0,0.0,-1.0,0.9999493755961032,1,model_only,
-1.0,-1.0,-1.0,-1.0,-1.0,-1.0,-1.0,-1.0,0.0,-1.0,-1.0,-1.0,-1.0,0.0,0.0,-1.0,-1.0,-1.0,0.0,-1.0,-1.0,-1.0,-1.0,-1.0,1.0,0.0,-1.0,-1.0,0.0,-1.0,4.2897929314141117e-11,0,model_only,
-1.0,-1.0,-1.0,-1.0,-1.0,0.0,1.0,1.0,1.0,-1.0,-1.0,-1.0,-1.0,0.0,0.0,-1.0,-1.0,-1.0,0.0,-1.0,-1.0,-1.0,-1.0,1.0,-1.0,1.0,-1.0,-1.0,0.0,-1.0,0.007386705850074289,0,model_only,
-1.0,1.0,-1.0,-1.0,-1.0,-1.0,0.0,-1.0,-1.0,-1.0,-1.0,-1.0,1.0,-1.0,1.0,1.0,-1.0,-1.0,0.0,-1.0,-1.0,-1.0,-1.0,-1.0,1.0,-1.0,-1.0,-1.0,1.0,-1.0,4.244974563296909e-09,0,model_only,
-1.0,-1.0,-1.0,-1.0,-1.0,-1.0,0.0,0.0,0.0,-1.0,-1.0,-1.0,-1.0,-1.0,-1.0,-1.0,-1.0,-1.0,0.0,-1.0,-1.0,-1.0,-1.0,1.0,1.0,-1.0,-1.0,-1.0,1.0,-1.0,1.522863376956579e-11,0,model_only,
-1.0,-1.0,-1.0,-1.0,-1.0,-1.0,-1.0,1.0,1.0,-1.0,-1.0,-1.0,1.0,0.0,-1.0,-1.0,-1.0,-1.0,0.0,-1.0,-1.0,-1.0,-1.0,1.0,1.0,1.0,0.0,-1.0,1.0,-1.0,0.030760624011953484,0,model_only,
-1.0,1.0,-1.0,-1.0,-1.0,0.0,-1.0,1.0,-1.0,-1.0,-1.0,-1.0,1.0,1.0,1.0,1.0,-1.0,-1.0,0.0,-1.0,-1.0,-1.0,-1.0,1.0,1.0,1.0,-1.0,-1.0,1.0,-1.0,0.9999847704470749,1,model_only,
-1.0,-1.0,-1.0,-1.0,-1.0,-1.0,-1.0,1.0,1.0,-1.0,-1.0,-1.0,1.0,1.0,0.0,-1.0,-1.0,-1.0,0.0,-1.0,-1.0,-1.0,-1.0,1.0,-1.0,1.0,1.0,-1.0,0.0,-1.0,0.6679763294354247,1,model_only,
-1.0,-1.0,-1.0,1.0,-1.0,-1.0,-1.0,-1.0,0.0,-1.0,-1.0,-1.0,-1.0,-1.0,0.0,-1.0,-1.0,-1.0,0.0,-1.0,-1.0,-1.0,-1.0,-1.0,1.0,-1.0,-1.0,-1.0,0.0,-1.0,2.839183476878599e-13,0,model_only,
-1.0,1.0,-1.0,-1.0,-1.0,-1.0,0.0,0.0,-1.0,-1.0,-1.0,-1.0,1.0,-1.0,-1.0,1.0,-1.0,-1.0,0.0,-1.0,-1.0,-1.0,-1.0,1.0,-1.0,0.0,-1.0,-1.0,0.0,-1.0,4.250657369819885e-11,0,model_only,
-1.0,-1.0,-1.0,-1.0,-1.0,-1.0,1.0,-1.0,1.0,-1.0,-1.0,-1.0,-1.0,0.0,0.0,-1.0,-1.0,-1.0,0.0,-1.0,-1.0,-1.0,-1.0,-1.0,1.0,1.0,-1.0,-1.0,1.0,-1.0,1.0319262132209404e-09,0,model_only,
-1.0,-1.0,-1.0,-1.0,-1.0,-1.0,1.0,-1.0,1.0,-1.0,-1.0,-1.0,-1.0,0.0,0.0,-1.0,-1.0,-1.0,0.0,-1.0,-1.0,-1.0,-1.0,1.0,1.0,1.0,-1.0,-1.0,1.0,-1.0,2.676157454481921e-11,0,model_only,
-1.0,1.0,-1.0,-1.0,-1.0,0.0,1.0,1.0,-1.0,-1.0,-1.0,-1.0,1.0,0.0,0.0,1.0,-1.0,-1.0,0.0,-1.0,-1.0,-1.0,-1.0,0.0,1.0,1.0,0.0,-1.0,0.0,-1.0,0.9999803033721754,1,model_only,
-1.0,-1.0,-1.0,-1.0,-1.0,-1.0,0.0,0.0,0.0,-1.0,-1.0,-1.0,1.0,-1.0,0.0,-1.0,-1.0,-1.0,0.0,-1.0,-1.0,-1.0,-1.0,1.0,-1.0,0.0,-1.0,-1.0,0.0,-1.0,5.5281688785620914e-11,0,model_only,
-1.0,-1.0,-1.0,-1.0,-1.0,1.0,-1.0,1.0,-1.0,-1.0,-1.0,-1.0,1.0,0.0,-1.0,-1.0,-1.0,-1.0,0.0,-1.0,-1.0,-1.0,-1.0,1.0,1.0,1.0,-1.0,-1.0,1.0,-1.0,0.9910912035735207,1,model_only,
-1.0,-1.0,-1.0,-1.0,-1.0,1.0,-1.0,1.0,-1.0,-1.0,-1.0,-1.0,1.0,1.0,0.0,-1.0,-1.0,-1.0,0.0,-1.0,-1.0,-1.0,-1.0,1.0,-1.0,1.0,-1.0,-1.0,0.0,-1.0,0.9986056499336694,1,model_only,
-1.0,-1.0,-1.0,-1.0,-1.0,1.0,1.0,1.0,1.0,-1.0,-1.0,-1.0,-1.0,1.0,1.0,-1.0,-1.0,-1.0,0.0,-1.0,-1.0,-1.0,-1.0,1.0,-1.0,1.0,-1.0,-1.0,0.0,-1.0,0.6809784860083384,1,model_only,
-1.0,-1.0,-1.0,-1.0,-1.0,-1.0,-1.0,1.0,1.0,1.0,1.0,-1.0,-1.0,1.0,1.0,-1.0,1.0,-1.0,0.0,-1.0,-1.0,1.0,-1.0,1.0,1.0,1.0,1.0,-1.0,1.0,1.0,0.6704543518426308,1,model_only,
-1.0,-1.0,-1.0,1.0,-1.0,0.0,1.0,1.0,-1.0,-1.0,-1.0,-1.0,1.0,1.0,1.0,-1.0,-1.0,-1.0,0.0,-1.0,-1.0,-1.0,-1.0,1.0,-1.0,1.0,-1.0,-1.0,0.0,-1.0,0.9999845722395412,1,model_only,
-1.0,1.0,-1.0,1.0,-1.0,0.0,0.0,0.0,1.0,-1.0,-1.0,-1.0,-1.0,-1.0,0.0,1.0,-1.0,-1.0,0.0,-1.0,-1.0,-1.0,-1.0,1.0,-1.0,-1.0,0.0,-1.0,0.0,-1.0,2.2569292265820722e-10,0,model_only,
-1.0,-1.0,-1.0,-1.0,-1.0,-1.0,-1.0,1.0,1.0,-1.0,-1.0,-1.0,-1.0,0.0,-1.0,-1.0,-1.0,-1.0,0.0,-1.0,-1.0,-1.0,-1.0,-1.0,-1.0,1.0,-1.0,-1.0,0.0,-1.0,0.0011288196951142306,0,model_only,
-1.0,-1.0,-1.0,-1.0,-1.0,-1.0,0.0,0.0,-1.0,-1.0,-1.0,-1.0,1.0,-1.0,0.0,-1.0,-1.0,-1.0,0.0,-1.0,-1.0,-1.0,-1.0,1.0,1.0,-1.0,-1.0,1.0,1.0,-1.0,1.7556568283707259e-06,0,model_only,
-1.0,-1.0,-1.0,-1.0,-1.0,0.0,-1.0,1.0,0.0,1.0,1.0,-1.0,1.0,0.0,1.0,-1.0,1.0,-1.0,0.0,-1.0,1.0,1.0,1.0,1.0,1.0,1.0,1.0,-1.0,1.0,1.0,0.9999853274897981,1,model_only,
-1.0,-1.0,-1.0,-1.0,-1.0,-1.0,0.0,-1.0,1.0,-1.0,-1.0,-1.0,-1.0,-1.0,-1.0,-1.0,-1.0,-1.0,0.0,-1.0,-1.0,-1.0,-1.0,-1.0,1.0,-1.0,-1.0,1.0,0.0,-1.0,1.1363038408786595e-14,0,model_only,
-1.0,1.0,-1.0,-1.0,-1.0,-1.0,-1.0,1.0,1.0,-1.0,-1.0,-1.0,1.0,0.0,0.0,1.0,-1.0,-1.0,0.0,-1.0,-1.0,-1.0,-1.0,1.0,1.0,0.0,-1.0,-1.0,1.0,-1.0,0.023616460304241572,0,model_only,
-1.0,1.0,-1.0,-1.0,-1.0,-1.0,1.0,1.0,-1.0,-1.0,-1.0,-1.0,1.0,0.0,1.0,1.0,-1.0,-1.0,0.0,-1.0,-1.0,-1.0,-1.0,1.0,-1.0,1.0,-1.0,-1.0,0.0,-1.0,0.5695889522421326,1,model_only,
-1.0,-1.0,-1.0,-1.0,-1.0,0.0,1.0,1.0,-1.0,-1.0,-1.0,-1.0,1.0,0.0,1.0,-1.0,-1.0,-1.0,0.0,-1.0,-1.0,-1.0,-1.0,1.0,1.0,0.0,-1.0,-1.0,1.0,-1.0,0.9927089405294452,1,model_only,
1.0,-1.0,1.0,-1.0,1.0,1.0,-1.0,1.0,-1.0,-1.0,-1.0,1.0,1.0,0.0,0.0,-1.0,-1.0,1.0,1.0,-1.0,-1.0,-1.0,-1.0,1.0,1.0,1.0,-1.0,-1.0,1.0,-1.0,0.9997109463951608,1,model_only,
-1.0,-1.0,-1.0,-1.0,-1.0,0.0,0.0,1.0,0.0,1.0,1.0,-1.0,1.0,0.0,0.0,-1.0,1.0,-1.0,0.0,-1.0,-1.0,1.0,1.0,-1.0,1.0,1.0,1.0,-1.0,1.0,1.0,0.9996699911018632,1,model_only,
-1.0,-1.0,-1.0,-1.0,-1.0,0.0,1.0,1.0,0.0,-1.0,-1.0,-1.0,1.0,0.0,-1.0,-1.0,-1.0,-1.0,0.0,-1.0,-1.0,-1.0,-1.0,1.0,-1.0,1.0,-1.0,-1.0,0.0,-1.0,0.40689543387492616,0,model_only,
1.0,1.0,1.0,-1.0,1.0,0.0,-1.0,1.0,-1.0,-1.0,-1.0,1.0,1.0,1.0,-1.0,1.0,-1.0,1.0,1.0,-1.0,-1.0,-1.0,-1.0,-1.0,1.0,1.0,-1.0,-1.0,1.0,-1.0,0.9998964695732871,1,model_only,
-1.0,-1.0,-1.0,-1.0,-1.0,-1.0,0.0,-1.0,1.0,-1.0,-1.0,-1.0,1.0,0.0,-1.0,-1.0,-1.0,-1.0,0.0,-1.0,-1.0,-1.0,-1.0,-1.0,-1.0,1.0,-1.0,-1.0,0.0,-1.0,5.5888385184909995e-11,0,model_only,
-1.0,-1.0,-1.0,-1.0,-1.0,0.0,-1.0,1.0,1.0,-1.0,-1.0,-1.0,1.0,0.0,-1.0,-1.0,-1.0,-1.0,0.0,-1.0,-1.0,-1.0,-1.0,-1.0,1.0,1.0,0.0,-1.0,1.0,-1.0,0.6238851453803937,1,model_only,
-1.0,1.0,-1.0,-1.0,-1.0,1.0,-1.0,1.0,-1.0,1.0,1.0,-1.0,1.0,1.0,-1.0,1.0,1.0,-1.0,0.0,-1.0,-1.0,1.0,1.0,-1.0,-1.0,1.0,-1.0,-1.0,0.0,1.0,0.9999997385105258,1,model_only,
-1.0,-1.0,-1.0,1.0,-1.0,1.0,1.0,1.0,-1.0,-1.0,-1.0,-1.0,1.0,0.0,1.0,-1.0,-1.0,-1.0,0.0,-1.0,-1.0,-1.0,-1.0,1.0,-1.0,1.0,-1.0,-1.0,0.0,-1.0,0.9999921650727616,1,model_only,
-1.0,1.0,-1.0,-1.0,-1.0,0.0,0.0,1.0,-1.0,-1.0,-1.0,-1.0,1.0,0.0,-1.0,1.0,-1.0,-1.0,0.0,-1.0,-1.0,-1.0,-1.0,-1.0,-1.0,1.0,-1.0,-1.0,0.0,-1.0,0.9995363264593132,1,model_only,
-1.0,-1.0,-1.0,-1.0,-1.0,-1.0,-1.0,-1.0,1.0,1.0,1.0,-1.0,-1.0,-1.0,0.0,-1.0,1.0,-1.0,0.0,-1.0,-1.0,1.0,-1.0,-1.0,1.0,-1.0,-1.0,1.0,0.0,1.0,8.67952388001265e-11,0,model_only,
-1.0,-1.0,-1.0,-1.0,-1.0,0.0,-1.0,-1.0,1.0,1.0,1.0,-1.0,-1.0,0.0,0.0,-1.0,1.0,-1.0,0.0,-1.0,-1.0,1.0,-1.0,-1.0,-1.0,-1.0,0.0,1.0,0.0,1.0,0.0006566716552050878,0,model_only,
-1.0,1.0,-1.0,-1.0,-1.0,-1.0,1.0,1.0,-1.0,1.0,1.0,-1.0,1.0,1.0,-1.0,1.0,1.0,-1.0,0.0,-1.0,-1.0,1.0,-1.0,1.0,-1.0,1.0,-1.0,-1.0,1.0,1.0,0.999926626997309,1,model_only,
-1.0,-1.0,-1.0,-1.0,-1.0,1.0,-1.0,1.0,-1.0,-1.0,-1.0,-1.0,1.0,0.0,0.0,-1.0,-1.0,-1.0,0.0,-1.0,-1.0,-1.0,-1.0,1.0,-1.0,1.0,1.0,-1.0,1.0,-1.0,0.9999457763840617,1,model_only,
-1.0,-1.0,-1.0,-1.0,-1.0,-1.0,0.0,1.0,0.0,-1.0,-1.0,-1.0,-1.0,0.0,1.0,-1.0,-1.0,-1.0,0.0,-1.0,-1.0,-1.0,-1.0,-1.0,-1.0,0.0,-1.0,-1.0,0.0,-1.0,0.08031456236090584,0,model_only,
-1.0,1.0,-1.0,-1.0,-1.0,-1.0,-1.0,1.0,0.0,-1.0,-1.0,-1.0,1.0,-1.0,-1.0,1.0,-1.0,-1.0,0.0,-1.0,-1.0,-1.0,-1.0,-1.0,-1.0,0.0,-1.0,-1.0,0.0,-1.0,7.188701354009771e-09,0,model_only,
-1.0,-1.0,-1.0,-1.0,-1.0,-1.0,-1.0,-1.0,1.0,-1.0,-1.0,-1.0,-1.0,0.0,-1.0,-1.0,-1.0,-1.0,0.0,-1.0,-1.0,-1.0,-1.0,-1.0,1.0,0.0,-1.0,-1.0,0.0,-1.0,5.113592967242798e-13,0,model_only,
-1.0,-1.0,-1.0,-1.0,-1.0,0.0,1.0,1.0,1.0,-1.0,-1.0,-1.0,1.0,0.0,1.0,-1.0,-1.0,-1.0,0.0,-1.0,-1.0,-1.0,-1.0,1.0,-1.0,1.0,1.0,-1.0,0.0,-1.0,0.3516798999192814,0,model_only,
-1.0,-1.0,-1.0,-1.0,-1.0,0.0,-1.0,1.0,1.0,-1.0,-1.0,-1.0,1.0,1.0,1.0,-1.0,-1.0,-1.0,0.0,-1.0,-1.0,-1.0,-1.0,1.0,-1.0,1.0,1.0,-1.0,0.0,-1.0,0.8634708051630245,1,model_only,
-1.0,-1.0,-1.0,-1.0,-1.0,0.0,-1.0,1.0,-1.0,-1.0,-1.0,-1.0,1.0,0.0,0.0,-1.0,-1.0,-1.0,0.0,-1.0,-1.0,-1.0,-1.0,1.0,-1.0,1.0,-1.0,-1.0,0.0,-1.0,0.9861923866711431,1,model_only,
-1.0,-1.0,-1.0,-1.0,-1.0,1.0,-1.0,1.0,-1.0,1.0,1.0,-1.0,1.0,0.0,1.0,-1.0,1.0,-1.0,0.0,-1.0,-1.0,1.0,1.0,1.0,-1.0,1.0,-1.0,-1.0,1.0,1.0,0.9999995811200034,1,model_only,
-1.0,-1.0,-1.0,-1.0,-1.0,0.0,1.0,1.0,-1.0,1.0,1.0,-1.0,1.0,0.0,-1.0,-1.0,1.0,-1.0,0.0,-1.0,1.0,1.0,1.0,1.0,-1.0,1.0,0.0,-1.0,0.0,1.0,0.9962642627903667,1,model_only,
-1.0,-1.0,-1.0,-1.0,-1.0,-1.0,-1.0,-1.0,0.0,-1.0,-1.0,-1.0,-1.0,-1.0,-1.0,-1.0,-1.0,-1.0,0.0,-1.0,-1.0,-1.0,-1.0,-1.0,1.0,-1.0,-1.0,-1.0,0.0,-1.0,3.942625741903534e-15,0,model_only,
-1.0,1.0,-1.0,-1.0,-1.0,0.0,-1.0,1.0,-1.0,1.0,1.0,-1.0,1.0,0.0,-1.0,1.0,1.0,-1.0,0.0,-1.0,-1.0,1.0,-1.0,-1.0,-1.0,1.0,0.0,-1.0,1.0,1.0,0.9999666096233714,1,model_only,
-1.0,-1.0,-1.0,-1.0,-1.0,-1.0,-1.0,1.0,0.0,-1.0,-1.0,-1.0,1.0,1.0,0.0,-1.0,-1.0,-1.0,0.0,-1.0,-1.0,-1.0,-1.0,-1.0,-1.0,1.0,1.0,1.0,0.0,-1.0,0.9923885063191761,1,model_only,
-1.0,-1.0,-1.0,-1.0,-1.0,-1.0,0.0,-1.0,0.0,-1.0,-1.0,-1.0,-1.0,-1.0,-1.0,-1.0,-1.0,-1.0,0.0,-1.0,-1.0,-1.0,-1.0,-1.0,1.0,0.0,-1.0,1.0,0.0,-1.0,9.033852055711398e-15,0,model_only,
-1.0,-1.0,-1.0,-1.0,-1.0,-1.0,-1.0,1.0,0.0,-1.0,-1.0,-1.0,1.0,0.0,-1.0,-1.0,-1.0,-1.0,0.0,-1.0,-1.0,-1.0,-1.0,1.0,-1.0,0.0,-1.0,1.0,0.0,-1.0,0.024909230060612547,0,model_only,
-1.0,1.0,-1.0,-1.0,-1.0,1.0,1.0,1.0,-1.0,-1.0,-1.0,-1.0,1.0,0.0,-1.0,1.0,-1.0,-1.0,0.0,-1.0,-1.0,-1.0,-1.0,1.0,-1.0,0.0,-1.0,1.0,0.0,-1.0,0.9999988363750832,1,model_only,
1.0,-1.0,1.0,-1.0,1.0,0.0,1.0,1.0,0.0,-1.0,-1.0,1.0,-1.0,0.0,-1.0,-1.0,-1.0,1.0,1.0,-1.0,-1.0,-1.0,-1.0,0.0,-1.0,1.0,0.0,-1.0,1.0,-1.0,0.46937615794900694,0,model_only,
-1.0,-1.0,-1.0,-1.0,-1.0,0.0,1.0,1.0,-1.0,-1.0,-1.0,-1.0,1.0,0.0,1.0,-1.0,-1.0,-1.0,0.0,-1.0,-1.0,-1.0,-1.0,1.0,-1.0,-1.0,0.0,-1.0,1.0,-1.0,0.9999595647645773,1,model_only,
-1.0,-1.0,-1.0,-1.0,-1.0,0.0,0.0,1.0,0.0,-1.0,-1.0,-1.0,-1.0,0.0,-1.0,-1.0,-1.0,-1.0,0.0,-1.0,-1.0,-1.0,-1.0,-1.0,-1.0,1.0,1.0,-1.0,0.0,-1.0,0.6641670723709424,1,model_only,
-1.0,1.0,-1.0,1.0,-1.0,0.0,1.0,1.0,0.0,-1.0,-1.0,-1.0,-1.0,0.0,1.0,1.0,-1.0,-1.0,0.0,-1.0,-1.0,-1.0,-1.0,1.0,-1.0,1.0,1.0,-1.0,0.0,-1.0,0.9999927374464631,1,model_only,
-1.0,-1.0,-1.0,-1.0,-1.0,-1.0,0.0,-1.0,-1.0,-1.0,-1.0,-1.0,1.0,1.0,0.0,-1.0,-1.0,-1.0,0.0,-1.0,-1.0,-1.0,-1.0,0.0,-1.0,1.0,-1.0,-1.0,0.0,-1.0,3.123655692986163e-05,0,model_only,
-1.0,1.0,-1.0,1.0,-1.0,-1.0,0.0,-1.0,-1.0,-1.0,-1.0,-1.0,1.0,-1.0,0.0,1.0,-1.0,-1.0,0.0,-1.0,-1.0,-1.0,-1.0,-1.0,1.0,-1.0,-1.0,1.0,1.0,-1.0,1.364651198340792e-08,0,model_only,
-1.0,-1.0,-1.0,-1.0,-1.0,-1.0,-1.0,1.0,-1.0,-1.0,-1.0,-1.0,1.0,0.0,1.0,-1.0,-1.0,-1.0,0.0,-1.0,-1.0,-1.0,-1.0,-1.0,-1.0,0.0,-1.0,-1.0,0.0,-1.0,0.6984240511044592,1,model_only,
-1.0,-1.0,-1.0,-1.0,-1.0,1.0,1.0,1.0,1.0,-1.0,-1.0,-1.0,-1.0,1.0,0.0,-1.0,-1.0,-1.0,0.0,-1.0,-1.0,-1.0,-1.0,1.0,-1.0,-1.0,-1.0,-1.0,1.0,-1.0,0.9213401374513769,1,model_only,
-1.0,-1.0,-1.0,-1.0,-1.0,1.0,1.0,1.0,0.0,-1.0,-1.0,-1.0,1.0,0.0,0.0,-1.0,-1.0,-1.0,0.0,-1.0,-1.0,-1.0,-1.0,0.0,-1.0,1.0,-1.0,-1.0,0.0,-1.0,0.9837263429928155,1,model_only,
-1.0,-1.0,-1.0,-1.0,-1.0,-1.0,1.0,-1.0,-1.0,-1.0,-1.0,-1.0,1.0,0.0,0.0,-1.0,-1.0,-1.0,0.0,-1.0,-1.0,1.0,-1.0,1.0,-1.0,0.0,-1.0,-1.0,1.0,-1.0,9.435872393027047e-08,0,model_only,
-1.0,-1.0,-1.0,-1.0,-1.0,0.0,-1.0,-1.0,1.0,-1.0,-1.0,-1.0,1.0,0.0,0.0,-1.0,-1.0,-1.0,0.0,-1.0,-1.0,-1.0,-1.0,-1.0,-1.0,-1.0,0.0,1.0,0.0,-1.0,1.2315264482498188e-06,0,model_only,
-1.0,1.0,-1.0,-1.0,-1.0,0.0,-1.0,1.0,0.0,-1.0,-1.0,-1.0,1.0,1.0,0.0,1.0,-1.0,-1.0,0.0,-1.0,-1.0,-1.0,-1.0,1.0,-1.0,1.0,-1.0,-1.0,0.0,-1.0,0.9994991647732001,1,model_only,
1.0,-1.0,1.0,-1.0,1.0,0.0,-1.0,1.0,-1.0,-1.0,-1.0,1.0,1.0,0.0,1.0,-1.0,-1.0,1.0,1.0,-1.0,-1.0,-1.0,-1.0,1.0,-1.0,1.0,-1.0,-1.0,1.0,-1.0,0.9998816518321302,1,model_only,
-1.0,-1.0,-1.0,-1.0,-1.0,0.0,1.0,1.0,0.0,-1.0,-1.0,-1.0,1.0,0.0,0.0,-1.0,-1.0,-1.0,0.0,-1.0,-1.0,-1.0,-1.0,0.0,1.0,1.0,0.0,-1.0,0.0,-1.0,0.6309972468369832,1,model_only,
-1.0,-1.0,-1.0,-1.0,-1.0,0.0,-1.0,1.0,-1.0,-1.0,-1.0,-1.0,1.0,0.0,-1.0,-1.0,-1.0,-1.0,0.0,-1.0,-1.0,-1.0,-1.0,1.0,-1.0,1.0,0.0,-1.0,0.0,-1.0,0.8856231544397337,1,model_only,
-1.0,1.0,-1.0,-1.0,-1.0,0.0,-1.0,1.0,0.0,-1.0,-1.0,-1.0,1.0,0.0,0.0,1.0,-1.0,-1.0,0.0,-1.0,-1.0,-1.0,-1.0,-1.0,-1.0,1.0,1.0,-1.0,0.0,-1.0,0.9999964013140982,1,model_only,
-1.0,-1.0,-1.0,-1.0,-1.0,0.0,1.0,1.0,1.0,-1.0,-1.0,-1.0,-1.0,0.0,0.0,-1.0,-1.0,-1.0,0.0,-1.0,-1.0,-1.0,-1.0,1.0,-1.0,1.0,1.0,-1.0,0.0,-1.0,0.6441557433225598,1,model_only,
-1.0,-1.0,-1.0,-1.0,-1.0,1.0,1.0,1.0,-1.0,-1.0,-1.0,-1.0,1.0,1.0,-1.0,-1.0,-1.0,-1.0,0.0,-1.0,-1.0,1.0,-1.0,1.0,-1.0,1.0,-1.0,-1.0,0.0,-1.0,0.7574878966912624,1,model_only,
-1.0,-1.0,-1.0,-1.0,-1.0,-1.0,-1.0,-1.0,0.0,-1.0,-1.0,-1.0,1.0,0.0,0.0,-1.0,-1.0,-1.0,0.0,-1.0,-1.0,-1.0,-1.0,-1.0,-1.0,1.0,-1.0,-1.0,0.0,-1.0,4.689212118309814e-08,0,model_only,
-1.0,-1.0,-1.0,-1.0,-1.0,-1.0,-1.0,1.0,-1.0,-1.0,-1.0,-1.0,1.0,0.0,-1.0,-1.0,-1.0,-1.0,0.0,-1.0,-1.0,-1.0,-1.0,1.0,1.0,0.0,-1.0,-1.0,1.0,-1.0,0.6449205348592045,1,model_only,
-1.0,-1.0,-1.0,-1.0,-1.0,0.0,0.0,1.0,0.0,-1.0,-1.0,-1.0,1.0,0.0,1.0,-1.0,-1.0,-1.0,0.0,-1.0,-1.0,-1.0,-1.0,-1.0,1.0,1.0,-1.0,-1.0,1.0,-1.0,0.8927152011974023,1,model_only,
1.0,-1.0,1.0,-1.0,1.0,0.0,1.0,1.0,1.0,-1.0,-1.0,1.0,1.0,0.0,1.0,-1.0,-1.0,1.0,1.0,-1.0,-1.0,-1.0,-1.0,1.0,1.0,1.0,-1.0,-1.0,1.0,-1.0,0.06270590322159537,0,model_only,
-1.0,-1.0,-1.0,-1.0,-1.0,-1.0,-1.0,-1.0,0.0,-1.0,-1.0,-1.0,1.0,-1.0,0.0,-1.0,-1.0,-1.0,0.0,-1.0,-1.0,-1.0,-1.0,-1.0,-1.0,-1.0,-1.0,-1.0,0.0,-1.0,2.7389651738459005e-13,0,model_only,
-1.0,-1.0,-1.0,-1.0,-1.0,0.0,-1.0,1.0,0.0,-1.0,-1.0,-1.0,1.0,0.0,-1.0,-1.0,-1.0,-1.0,0.0,-1.0,-1.0,-1.0,-1.0,1.0,1.0,1.0,-1.0,1.0,1.0,-1.0,0.929885559465144,1,model_only,
-1.0,-1.0,-1.0,-1.0,-1.0,-1.0,-1.0,-1.0,1.0,-1.0,-1.0,-1.0,-1.0,-1.0,-1.0,-1.0,-1.0,-1.0,0.0,-1.0,-1.0,-1.0,-1.0,-1.0,-1.0,-1.0,-1.0,-1.0,0.0,-1.0,1.368111756925048e-16,0,model_only,
1.0,-1.0,1.0,-1.0,1.0,0.0,-1.0,1.0,1.0,-1.0,-1.0,1.0,1.0,0.0,1.0,-1.0,-1.0,1.0,1.0,-1.0,-1.0,-1.0,-1.0,1.0,1.0,1.0,1.0,1.0,1.0,-1.0,0.9988020079651224,1,model_only,
-1.0,-1.0,-1.0,-1.0,-1.0,0.0,-1.0,-1.0,0.0,-1.0,-1.0,-1.0,-1.0,0.0,-1.0,-1.0,-1.0,-1.0,0.0,-1.0,-1.0,-1.0,-1.0,-1.0,-1.0,1.0,-1.0,-1.0,0.0,-1.0,5.416673398109753e-09,0,model_only,
-1.0,-1.0,-1.0,-1.0,-1.0,-1.0,0.0,-1.0,0.0,-1.0,-1.0,-1.0,1.0,-1.0,0.0,-1.0,-1.0,-1.0,0.0,-1.0,-1.0,-1.0,-1.0,-1.0,-1.0,1.0,-1.0,-1.0,0.0,-1.0,2.016521602834163e-12,0,model_only,
-1.0,-1.0,-1.0,-1.0,-1.0,-1.0,-1.0,-1.0,-1.0,-1.0,-1.0,-1.0,1.0,0.0,-1.0,-1.0,-1.0,-1.0,0.0,-1.0,-1.0,-1.0,-1.0,-1.0,1.0,0.0,-1.0,-1.0,0.0,-1.0,4.094566994950762e-10,0,model_only,
-1.0,-1.0,-1.0,-1.0,-1.0,-1.0,1.0,1.0,-1.0,-1.0,-1.0,-1.0,1.0,0.0,-1.0,-1.0,-1.0,-1.0,0.0,-1.0,-1.0,-1.0,-1.0,1.0,-1.0,0.0,-1.0,-1.0,0.0,-1.0,0.10478051266855788,0,model_only,
-1.0,-1.0,-1.0,1.0,-1.0,1.0,1.0,1.0,-1.0,-1.0,-1.0,-1.0,1.0,1.0,1.0,-1.0,-1.0,-1.0,0.0,-1.0,-1.0,-1.0,-1.0,1.0,-1.0,1.0,1.0,-1.0,0.0,-1.0,0.9999999672385876,1,model_only,
1.0,-1.0,1.0,-1.0,1.0,1.0,1.0,1.0,-1.0,-1.0,-1.0,1.0,1.0,0.0,-1.0,-1.0,-1.0,1.0,1.0,-1.0,-1.0,-1.0,-1.0,0.0,1.0,1.0,-1.0,-1.0,1.0,-1.0,0.9966443592581463,1,model_only,
-1.0,-1.0,-1.0,-1.0,-1.0,0.0,-1.0,-1.0,0.0,-1.0,-1.0,-1.0,1.0,-1.0,-1.0,-1.0,-1.0,-1.0,0.0,-1.0,-1.0,-1.0,-1.0,1.0,1.0,0.0,0.0,-1.0,1.0,-1.0,2.481907197021265e-10,0,model_only,
-1.0,-1.0,-1.0,-1.0,-1.0,-1.0,-1.0,-1.0,-1.0,1.0,1.0,-1.0,1.0,-1.0,0.0,-1.0,1.0,-1.0,0.0,-1.0,-1.0,-1.0,-1.0,-1.0,1.0,1.0,-1.0,-1.0,0.0,1.0,1.9087228502340917e-08,0,model_only,
-1.0,1.0,-1.0,-1.0,-1.0,-1.0,0.0,0.0,-1.0,1.0,1.0,-1.0,1.0,-1.0,0.0,1.0,1.0,-1.0,0.0,-1.0,-1.0,-1.0,-1.0,1.0,1.0,0.0,-1.0,-1.0,1.0,1.0,6.062082149997481e-08,0,model_only,
-1.0,1.0,-1.0,-1.0,-1.0,-1.0,-1.0,-1.0,0.0,-1.0,-1.0,-1.0,1.0,-1.0,-1.0,1.0,-1.0,-1.0,0.0,-1.0,-1.0,-1.0,-1.0,-1.0,1.0,0.0,-1.0,-1.0,0.0,-1.0,1.3788664284293606e-13,0,model_only,
-1.0,-1.0,-1.0,-1.0,-1.0,-1.0,-1.0,1.0,0.0,1.0,1.0,-1.0,-1.0,0.0,-1.0,-1.0,1.0,-1.0,0.0,-1.0,-1.0,-1.0,-1.0,0.0,1.0,0.0,-1.0,-1.0,1.0,1.0,0.6670831215501164,1,model_only,
-1.0,-1.0,-1.0,-1.0,-1.0,0.0,1.0,1.0,0.0,-1.0,-1.0,-1.0,1.0,0.0,0.0,-1.0,-1.0,-1.0,0.0,-1.0,-1.0,-1.0,-1.0,-1.0,-1.0,0.0,-1.0,-1.0,0.0,-1.0,0.6721051654940823,1,model_only,
-1.0,-1.0,-1.0,-1.0,-1.0,-1.0,0.0,-1.0,1.0,-1.0,-1.0,-1.0,-1.0,-1.0,0.0,-1.0,-1.0,-1.0,0.0,-1.0,-1.0,-1.0,-1.0,-1.0,1.0,0.0,-1.0,-1.0,0.0,-1.0,4.77883865254174e-15,0,model_only,
-1.0,-1.0,-1.0,-1.0,-1.0,0.0,-1.0,-1.0,1.0,-1.0,-1.0,-1.0,-1.0,-1.0,0.0,-1.0,-1.0,-1.0,0.0,-1.0,-1.0,-1.0,-1.0,-1.0,-1.0,-1.0,0.0,-1.0,0.0,-1.0,1.0216479503584446e-13,0,model_only,
-1.0,-1.0,-1.0,-1.0,-1.0,0.0,1.0,1.0,1.0,-1.0,-1.0,-1.0,1.0,1.0,0.0,-1.0,-1.0,-1.0,0.0,-1.0,-1.0,-1.0,-1.0,1.0,-1.0,1.0,0.0,-1.0,0.0,-1.0,0.6691090366883216,1,model_only,
1.0,-1.0,1.0,-1.0,1.0,1.0,0.0,1.0,-1.0,-1.0,-1.0,1.0,1.0,1.0,0.0,-1.0,-1.0,1.0,1.0,-1.0,-1.0,-1.0,-1.0,0.0,1.0,1.0,-1.0,-1.0,1.0,-1.0,0.998890387270959,1,model_only,
-1.0,-1.0,-1.0,-1.0,-1.0,1.0,0.0,-1.0,-1.0,-1.0,-1.0,-1.0,1.0,1.0,1.0,-1.0,-1.0,-1.0,0.0,-1.0,-1.0,-1.0,-1.0,0.0,-1.0,1.0,-1.0,-1.0,0.0,-1.0,0.6714710437761804,1,model_only,
1.0,1.0,1.0,-1.0,1.0,-1.0,0.0,0.0,0.0,-1.0,-1.0,1.0,-1.0,-1.0,1.0,1.0,-1.0,1.0,1.0,-1.0,-1.0,-1.0,-1.0,0.0,-1.0,-1.0,-1.0,-1.0,0.0,-1.0,4.3303741004537e-13,0,model_only,
-1.0,-1.0,-1.0,-1.0,-1.0,0.0,1.0,1.0,0.0,-1.0,-1.0,-1.0,-1.0,0.0,0.0,-1.0,-1.0,-1.0,0.0,-1.0,-1.0,-1.0,-1.0,-1.0,1.0,-1.0,-1.0,-1.0,1.0,-1.0,0.6902099080536462,1,model_only,
-1.0,-1.0,-1.0,-1.0,-1.0,-1.0,0.0,0.0,1.0,-1.0,-1.0,-1.0,-1.0,-1.0,0.0,-1.0,-1.0,-1.0,0.0,-1.0,-1.0,-1.0,-1.0,1.0,-1.0,0.0,-1.0,-1.0,0.0,-1.0,9.989829663679985e-13,0,model_only,
-1.0,-1.0,-1.0,-1.0,-1.0,0.0,-1.0,1.0,0.0,-1.0,-1.0,-1.0,1.0,0.0,0.0,-1.0,-1.0,-1.0,0.0,-1.0,-1.0,-1.0,-1.0,1.0,-1.0,1.0,0.0,-1.0,0.0,-1.0,0.9416516158105689,1,model_only,
-1.0,-1.0,-1.0,-1.0,-1.0,0.0,-1.0,1.0,-1.0,1.0,1.0,-1.0,1.0,0.0,-1.0,-1.0,1.0,-1.0,0.0,-1.0,1.0,1.0,1.0,1.0,1.0,1.0,1.0,-1.0,1.0,1.0,0.9900079704350148,1,model_only,
-1.0,-1.0,-1.0,-1.0,-1.0,0.0,0.0,1.0,1.0,-1.0,-1.0,-1.0,-1.0,1.0,0.0,-1.0,-1.0,-1.0,0.0,-1.0,-1.0,-1.0,-1.0,-1.0,-1.0,1.0,0.0,-1.0,0.0,-1.0,0.6719912058613472,1,model_only,
-1.0,1.0,-1.0,-1.0,-1.0,-1.0,-1.0,-1.0,1.0,-1.0,-1.0,-1.0,-1.0,-1.0,0.0,1.0,-1.0,-1.0,0.0,-1.0,-1.0,-1.0,-1.0,-1.0,1.0,0.0,-1.0,-1.0,1.0,-1.0,1.9162447632706544e-14,0,model_only,
1.0,-1.0,1.0,-1.0,1.0,-1.0,0.0,-1.0,1.0,-1.0,-1.0,1.0,-1.0,-1.0,1.0,-1.0,-1.0,1.0,1.0,-1.0,-1.0,-1.0,-1.0,-1.0,-1.0,-1.0,-1.0,-1.0,0.0,-1.0,2.8312905783815365e-15,0,model_only,
-1.0,-1.0,-1.0,-1.0,-1.0,-1.0,-1.0,1.0,1.0,-1.0,-1.0,-1.0,-1.0,-1.0,-1.0,-1.0,-1.0,-1.0,0.0,-1.0,-1.0,-1.0,-1.0,-1.0,-1.0,1.0,-1.0,-1.0,0.0,-1.0,9.246477376195493e-11,0,model_only,
1.0,-1.0,1.0,-1.0,1.0,0.0,0.0,1.0,1.0,-1.0,-1.0,1.0,-1.0,1.0,0.0,-1.0,-1.0,1.0,1.0,-1.0,-1.0,-1.0,-1.0,-1.0,1.0,1.0,-1.0,-1.0,1.0,-1.0,0.037158633022981995,0,model_only,
-1.0,-1.0,-1.0,-1.0,-1.0,0.0,0.0,-1.0,1.0,-1.0,-1.0,-1.0,1.0,-1.0,-1.0,-1.0,-1.0,-1.0,0.0,-1.0,-1.0,-1.0,-1.0,-1.0,-1.0,0.0,-1.0,1.0,0.0,-1.0,7.454724074336721e-13,0,model_only,
-1.0,-1.0,-1.0,-1.0,-1.0,-1.0,-1.0,1.0,0.0,-1.0,-1.0,-1.0,1.0,1.0,1.0,-1.0,-1.0,-1.0,0.0,-1.0,-1.0,-1.0,-1.0,1.0,-1.0,1.0,1.0,1.0,0.0,-1.0,0.9948695763105936,1,model_only,
-1.0,-1.0,-1.0,-1.0,-1.0,-1.0,-1.0,1.0,1.0,-1.0,-1.0,-1.0,-1.0,0.0,-1.0,-1.0,-1.0,-1.0,0.0,-1.0,-1.0,-1.0,-1.0,-1.0,1.0,1.0,-1.0,-1.0,1.0,-1.0,0.0006794480997132217,0,model_only,
-1.0,1.0,-1.0,-1.0,-1.0,-1.0,-1.0,-1.0,0.0,-1.0,-1.0,-1.0,-1.0,-1.0,0.0,1.0,-1.0,-1.0,0.0,-1.0,-1.0,-1.0,-1.0,-1.0,-1.0,-1.0,-1.0,-1.0,0.0,-1.0,5.736932602421461e-15,0,model_only,
-1.0,-1.0,-1.0,-1.0,-1.0,0.0,1.0,1.0,0.0,-1.0,-1.0,-1.0,-1.0,0.0,1.0,-1.0,-1.0,-1.0,0.0,-1.0,-1.0,-1.0,-1.0,1.0,-1.0,1.0,1.0,-1.0,0.0,-1.0,0.6602573749582351,1,model_only,
-1.0,-1.0,-1.0,-1.0,-1.0,-1.0,0.0,0.0,0.0,-1.0,-1.0,-1.0,1.0,-1.0,-1.0,-1.0,-1.0,-1.0,0.0,-1.0,-1.0,-1.0,-1.0,1.0,1.0,-1.0,-1.0,-1.0,1.0,-1.0,8.567089316163553e-10,0,model_only,
-1.0,-1.0,-1.0,-1.0,-1.0,0.0,1.0,-1.0,0.0,1.0,1.0,-1.0,1.0,1.0,1.0,-1.0,1.0,-1.0,0.0,-1.0,-1.0,1.0,-1.0,1.0,1.0,1.0,-1.0,-1.0,1.0,1.0,0.25258880367461817,0,model_only,
-1.0,-1.0,-1.0,-1.0,-1.0,0.0,0.0,0.0,1.0,-1.0,-1.0,-1.0,-1.0,0.0,0.0,-1.0,-1.0,-1.0,0.0,-1.0,-1.0,-1.0,-1.0,1.0,-1.0,-1.0,0.0,-1.0,0.0,-1.0,0.006624469292398103,0,model_only,
1.0,1.0,1.0,-1.0,1.0,0.0,0.0,0.0,-1.0,-1.0,-1.0,1.0,1.0,-1.0,0.0,1.0,-1.0,1.0,1.0,-1.0,-1.0,-1.0,-1.0,1.0,1.0,1.0,0.0,-1.0,1.0,-1.0,0.1912518127888745,0,model_only,
-1.0,1.0,-1.0,-1.0,-1.0,-1.0,0.0,0.0,-1.0,1.0,1.0,-1.0,1.0,-1.0,0.0,1.0,1.0,-1.0,0.0,-1.0,-1.0,1.0,-1.0,1.0,-1.0,0.0,-1.0,-1.0,0.0,1.0,6.851006169841168e-07,0,model_only,
-1.0,-1.0,-1.0,-1.0,-1.0,-1.0,-1.0,-1.0,1.0,-1.0,-1.0,-1.0,-1.0,0.0,-1.0,-1.0,-1.0,-1.0,0.0,-1.0,-1.0,-1.0,-1.0,0.0,1.0,1.0,-1.0,-1.0,1.0,-1.0,1.4585462525620727e-11,0,model_only,
-1.0,-1.0,-1.0,1.0,-1.0,0.0,-1.0,-1.0,1.0,-1.0,-1.0,-1.0,-1.0,-1.0,0.0,-1.0,-1.0,-1.0,0.0,-1.0,-1.0,-1.0,-1.0,-1.0,-1.0,-1.0,-1.0,-1.0,0.0,-1.0,1.0604076753761036e-12,0,model_only,
-1.0,-1.0,-1.0,-1.0,-1.0,0.0,1.0,1.0,1.0,-1.0,-1.0,-1.0,-1.0,0.0,0.0,-1.0,-1.0,-1.0,0.0,-1.0,-1.0,-1.0,-1.0,0.0,-1.0,1.0,1.0,-1.0,0.0,-1.0,0.6626668042642873,1,model_only,
-1.0,-1.0,-1.0,-1.0,-1.0,0.0,-1.0,-1.0,1.0,-1.0,-1.0,-1.0,-1.0,0.0,-1.0,-1.0,-1.0,-1.0,0.0,-1.0,-1.0,-1.0,-1.0,-1.0,-1.0,1.0,-1.0,-1.0,0.0,-1.0,1.4935377174815665e-09,0,model_only,
-1.0,1.0,-1.0,-1.0,-1.0,0.0,0.0,1.0,-1.0,1.0,1.0,-1.0,1.0,0.0,0.0,1.0,1.0,-1.0,0.0,-1.0,-1.0,1.0,-1.0,-1.0,-1.0,1.0,0.0,-1.0,0.0,1.0,0.9999991502429356,1,model_only,
-1.0,-1.0,-1.0,-1.0,-1.0,-1.0,-1.0,-1.0,1.0,-1.0,-1.0,-1.0,-1.0,-1.0,0.0,-1.0,-1.0,-1.0,0.0,-1.0,-1.0,-1.0,-1.0,-1.0,1.0,0.0,-1.0,-1.0,1.0,-1.0,1.6118102075501634e-13,0,model_only,
-1.0,-1.0,-1.0,-1.0,-1.0,-1.0,-1.0,-1.0,0.0,-1.0,-1.0,-1.0,1.0,-1.0,0.0,-1.0,-1.0,-1.0,0.0,-1.0,-1.0,-1.0,-1.0,1.0,1.0,-1.0,-1.0,-1.0,0.0,-1.0,4.538421680052481e-12,0,model_only,
-1.0,1.0,-1.0,-1.0,-1.0,-1.0,-1.0,-1.0,-1.0,1.0,1.0,-1.0,1.0,-1.0,0.0,1.0,1.0,-1.0,0.0,-1.0,-1.0,1.0,-1.0,-1.0,1.0,1.0,-1.0,-1.0,1.0,1.0,5.291136534083064e-06,0,model_only,
-1.0,1.0,-1.0,-1.0,-1.0,0.0,0.0,0.0,0.0,1.0,1.0,-1.0,-1.0,-1.0,0.0,1.0,1.0,-1.0,0.0,-1.0,-1.0,1.0,-1.0,1.0,1.0,-1.0,-1.0,-1.0,0.0,1.0,3.1182634328414687e-07,0,model_only,
-1.0,-1.0,-1.0,-1.0,-1.0,-1.0,0.0,-1.0,-1.0,-1.0,-1.0,-1.0,1.0,-1.0,0.0,-1.0,-1.0,-1.0,0.0,-1.0,-1.0,1.0,-1.0,-1.0,1.0,-1.0,-1.0,-1.0,0.0,-1.0,1.5430279625470663e-11,0,model_only,
-1.0,-1.0,-1.0,-1.0,-1.0,1.0,1.0,1.0,1.0,-1.0,-1.0,-1.0,-1.0,1.0,-1.0,-1.0,-1.0,-1.0,0.0,-1.0,-1.0,1.0,-1.0,1.0,-1.0,1.0,-1.0,-1.0,0.0,-1.0,0.666743616680549,1,model_only,
-1.0,-1.0,-1.0,-1.0,-1.0,0.0,-1.0,-1.0,1.0,-1.0,-1.0,-1.0,-1.0,-1.0,0.0,-1.0,-1.0,-1.0,0.0,-1.0,-1.0,-1.0,-1.0,-1.0,1.0,-1.0,-1.0,-1.0,1.0,-1.0,5.492355915019414e-12,0,model_only,
-1.0,-1.0,-1.0,-1.0,-1.0,0.0,-1.0,1.0,1.0,-1.0,-1.0,-1.0,-1.0,0.0,0.0,-1.0,-1.0,-1.0,0.0,-1.0,-1.0,-1.0,-1.0,-1.0,1.0,1.0,-1.0,-1.0,1.0,-1.0,0.6662280866567436,1,model_only,
1.0,-1.0,1.0,-1.0,1.0,0.0,1.0,1.0,1.0,-1.0,-1.0,1.0,-1.0,0.0,0.0,-1.0,-1.0,1.0,1.0,-1.0,-1.0,-1.0,-1.0,0.0,1.0,1.0,-1.0,1.0,1.0,-1.0,0.08281486486632612,0,model_only,
-1.0,-1.0,-1.0,-1.0,-1.0,0.0,-1.0,1.0,1.0,-1.0,-1.0,-1.0,-1.0,0.0,0.0,-1.0,-1.0,-1.0,0.0,-1.0,-1.0,-1.0,-1.0,1.0,-1.0,1.0,0.0,1.0,0.0,-1.0,0.7000387115093564,1,model_only,
-1.0,-1.0,-1.0,-1.0,-1.0,-1.0,-1.0,-1.0,0.0,1.0,1.0,-1.0,-1.0,-1.0,0.0,-1.0,1.0,-1.0,0.0,-1.0,-1.0,1.0,-1.0,-1.0,1.0,-1.0,-1.0,-1.0,0.0,1.0,1.8428222192485631e-10,0,model_only,
-1.0,-1.0,-1.0,-1.0,-1.0,1.0,-1.0,1.0,0.0,1.0,1.0,-1.0,-1.0,1.0,0.0,-1.0,1.0,-1.0,0.0,-1.0,-1.0,-1.0,-1.0,1.0,-1.0,1.0,-1.0,-1.0,0.0,1.0,0.9998367324186375,1,model_only,
-1.0,1.0,-1.0,-1.0,-1.0,0.0,-1.0,1.0,-1.0,1.0,1.0,-1.0,1.0,0.0,-1.0,1.0,1.0,-1.0,0.0,-1.0,-1.0,1.0,-1.0,-1.0,1.0,1.0,-1.0,-1.0,1.0,1.0,0.9992254840401212,1,model_only,
-1.0,-1.0,-1.0,-1.0,-1.0,1.0,-1.0,1.0,0.0,1.0,1.0,-1.0,-1.0,1.0,-1.0,-1.0,1.0,-1.0,0.0,-1.0,-1.0,1.0,-1.0,1.0,-1.0,1.0,-1.0,-1.0,0.0,1.0,0.9997641589187505,1,model_only,
-1.0,-1.0,-1.0,-1.0,-1.0,1.0,1.0,1.0,-1.0,-1.0,-1.0,-1.0,1.0,0.0,1.0,-1.0,-1.0,-1.0,0.0,-1.0,-1.0,-1.0,-1.0,1.0,1.0,-1.0,-1.0,-1.0,1.0,-1.0,0.9999792243411373,1,model_only,
-1.0,-1.0,-1.0,-1.0,-1.0,-1.0,-1.0,-1.0,-1.0,1.0,1.0,-1.0,1.0,0.0,-1.0,-1.0,1.0,-1.0,0.0,-1.0,-1.0,1.0,-1.0,-1.0,1.0,0.0,-1.0,-1.0,0.0,1.0,4.735830462982468e-06,0,model_only,
-1.0,-1.0,-1.0,-1.0,-1.0,1.0,0.0,1.0,-1.0,-1.0,-1.0,-1.0,1.0,0.0,0.0,-1.0,-1.0,-1.0,0.0,-1.0,-1.0,1.0,-1.0,-1.0,1.0,1.0,-1.0,-1.0,1.0,-1.0,0.9998252354457376,1,model_only,
-1.0,-1.0,-1.0,-1.0,-1.0,1.0,-1.0,1.0,0.0,1.0,1.0,-1.0,1.0,1.0,-1.0,-1.0,1.0,-1.0,0.0,-1.0,-1.0,1.0,-1.0,1.0,-1.0,1.0,-1.0,-1.0,1.0,1.0,0.9999803838473825,1,model_only,
-1.0,-1.0,-1.0,-1.0,-1.0,-1.0,0.0,0.0,1.0,-1.0,-1.0,-1.0,-1.0,-1.0,0.0,-1.0,-1.0,-1.0,0.0,-1.0,-1.0,-1.0,-1.0,1.0,1.0,-1.0,-1.0,-1.0,0.0,-1.0,9.760746500087962e-13,0,model_only,
-1.0,-1.0,-1.0,-1.0,-1.0,-1.0,-1.0,-1.0,-1.0,1.0,1.0,-1.0,1.0,-1.0,-1.0,-1.0,1.0,-1.0,0.0,-1.0,-1.0,-1.0,-1.0,-1.0,1.0,1.0,-1.0,-1.0,1.0,1.0,2.5774393399597035e-05,0,model_only,
-1.0,-1.0,-1.0,-1.0,-1.0,0.0,0.0,0.0,1.0,-1.0,-1.0,-1.0,1.0,-1.0,0.0,-1.0,-1.0,-1.0,0.0,-1.0,-1.0,-1.0,-1.0,1.0,-1.0,-1.0,-1.0,-1.0,0.0,-1.0,2.267271958194683e-09,0,model_only,
-1.0,-1.0,-1.0,-1.0,-1.0,-1.0,-1.0,1.0,-1.0,-1.0,-1.0,-1.0,1.0,0.0,-1.0,-1.0,-1.0,-1.0,0.0,-1.0,-1.0,-1.0,-1.0,-1.0,-1.0,0.0,-1.0,-1.0,0.0,-1.0,0.04070169008279234,0,model_only,
-1.0,-1.0,-1.0,-1.0,-1.0,0.0,1.0,1.0,0.0,-1.0,-1.0,-1.0,-1.0,1.0,0.0,-1.0,-1.0,-1.0,0.0,-1.0,-1.0,-1.0,-1.0,1.0,-1.0,-1.0,-1.0,1.0,1.0,-1.0,0.9896229204947348,1,model_only,
-1.0,-1.0,-1.0,-1.0,-1.0,0.0,1.0,1.0,0.0,-1.0,-1.0,-1.0,1.0,0.0,0.0,-1.0,-1.0,-1.0,0.0,-1.0,-1.0,-1.0,-1.0,-1.0,1.0,0.0,-1.0,1.0,1.0,-1.0,0.8951433226954503,1,model_only,
1.0,-1.0,1.0,-1.0,1.0,-1.0,0.0,-1.0,0.0,1.0,1.0,1.0,-1.0,-1.0,1.0,-1.0,1.0,1.0,1.0,-1.0,-1.0,1.0,1.0,-1.0,1.0,1.0,-1.0,-1.0,1.0,1.0,3.5057592934734575e-05,0,model_only,
-1.0,-1.0,-1.0,-1.0,-1.0,-1.0,-1.0,-1.0,0.0,-1.0,-1.0,-1.0,1.0,-1.0,0.0,-1.0,-1.0,-1.0,0.0,-1.0,-1.0,-1.0,-1.0,-1.0,-1.0,0.0,-1.0,-1.0,0.0,-1.0,3.95748856659152e-13,0,model_only,
-1.0,-1.0,-1.0,-1.0,-1.0,0.0,0.0,1.0,0.0,-1.0,-1.0,-1.0,1.0,0.0,1.0,-1.0,-1.0,-1.0,0.0,-1.0,-1.0,-1.0,-1.0,-1.0,-1.0,1.0,1.0,-1.0,0.0,-1.0,0.9902362003385368,1,model_only,
-1.0,-1.0,-1.0,-1.0,-1.0,-1.0,-1.0,-1.0,0.0,1.0,1.0,-1.0,1.0,-1.0,0.0,-1.0,1.0,-1.0,0.0,1.0,-1.0,1.0,-1.0,-1.0,1.0,0.0,-1.0,-1.0,0.0,1.0,9.337201119170875e-07,0,model_only,
-1.0,-1.0,-1.0,-1.0,-1.0,0.0,1.0,-1.0,1.0,-1.0,-1.0,-1.0,-1.0,-1.0,-1.0,-1.0,-1.0,-1.0,0.0,-1.0,-1.0,-1.0,-1.0,-1.0,1.0,-1.0,0.0,-1.0,0.0,-1.0,2.3330541450575444e-14,0,model_only,
1.0,1.0,1.0,-1.0,1.0,0.0,0.0,1.0,0.0,1.0,1.0,1.0,-1.0,0.0,1.0,1.0,1.0,1.0,1.0,1.0,-1.0,1.0,-1.0,-1.0,1.0,-1.0,1.0,-1.0,1.0,1.0,0.9984072078200342,1,model_only,
-1.0,-1.0,-1.0,-1.0,-1.0,-1.0,1.0,1.0,1.0,-1.0,-1.0,-1.0,-1.0,0.0,1.0,-1.0,-1.0,-1.0,0.0,-1.0,-1.0,-1.0,-1.0,0.0,-1.0,1.0,-1.0,-1.0,0.0,-1.0,2.914057095829187e-06,0,model_only,
-1.0,-1.0,-1.0,-1.0,-1.0,-1.0,1.0,1.0,1.0,-1.0,-1.0,-1.0,-1.0,-1.0,0.0,-1.0,-1.0,-1.0,0.0,-1.0,-1.0,-1.0,-1.0,1.0,1.0,-1.0,-1.0,1.0,0.0,-1.0,3.974641995165664e-09,0,model_only,
-1.0,1.0,-1.0,-1.0,-1.0,1.0,-1.0,1.0,-1.0,-1.0,-1.0,-1.0,1.0,0.0,0.0,1.0,-1.0,-1.0,0.0,-1.0,-1.0,-1.0,-1.0,-1.0,1.0,1.0,-1.0,-1.0,1.0,-1.0,0.9999990148855732,1,model_only,
-1.0,-1.0,-1.0,-1.0,-1.0,-1.0,-1.0,-1.0,1.0,-1.0,-1.0,-1.0,-1.0,0.0,0.0,-1.0,-1.0,-1.0,0.0,-1.0,-1.0,-1.0,-1.0,0.0,1.0,1.0,-1.0,1.0,1.0,-1.0,1.1830852793298943e-09,0,model_only,
-1.0,-1.0,-1.0,-1.0,-1.0,1.0,1.0,1.0,0.0,-1.0,-1.0,-1.0,1.0,0.0,1.0,-1.0,-1.0,-1.0,0.0,-1.0,-1.0,-1.0,-1.0,1.0,1.0,1.0,-1.0,-1.0,0.0,-1.0,0.715513317558471,1,model_only,
-1.0,-1.0,-1.0,-1.0,-1.0,-1.0,-1.0,1.0,1.0,-1.0,-1.0,-1.0,-1.0,0.0,-1.0,-1.0,-1.0,-1.0,0.0,-1.0,-1.0,-1.0,-1.0,-1.0,1.0,0.0,-1.0,-1.0,0.0,-1.0,0.00033655001704271286,0,model_only,
-1.0,-1.0,-1.0,-1.0,-1.0,-1.0,-1.0,-1.0,1.0,-1.0,-1.0,-1.0,-1.0,-1.0,0.0,-1.0,-1.0,-1.0,0.0,-1.0,-1.0,-1.0,-1.0,-1.0,1.0,0.0,-1.0,-1.0,0.0,-1.0,5.601578931357357e-15,0,model_only,
-1.0,-1.0,-1.0,-1.0,-1.0,-1.0,0.0,0.0,1.0,1.0,1.0,-1.0,-1.0,-1.0,-1.0,-1.0,1.0,-1.0,0.0,1.0,-1.0,1.0,-1.0,1.0,1.0,1.0,-1.0,-1.0,1.0,1.0,1.54786740833489e-06,0,model_only,
-1.0,-1.0,-1.0,-1.0,-1.0,-1.0,0.0,1.0,0.0,-1.0,-1.0,-1.0,-1.0,0.0,-1.0,-1.0,-1.0,-1.0,0.0,-1.0,-1.0,-1.0,-1.0,1.0,1.0,1.0,-1.0,-1.0,1.0,-1.0,1.4646843135289987e-05,0,model_only,
-1.0,-1.0,-1.0,-1.0,-1.0,0.0,1.0,1.0,0.0,-1.0,-1.0,-1.0,-1.0,0.0,0.0,-1.0,-1.0,-1.0,0.0,-1.0,-1.0,-1.0,-1.0,1.0,-1.0,1.0,1.0,-1.0,0.0,-1.0,0.6679313709566358,1,model_only,
-1.0,-1.0,-1.0,1.0,-1.0,-1.0,-1.0,-1.0,1.0,-1.0,-1.0,-1.0,-1.0,-1.0,0.0,-1.0,-1.0,-1.0,0.0,-1.0,-1.0,-1.0,-1.0,-1.0,1.0,-1.0,-1.0,1.0,0.0,-1.0,7.450554478194069e-13,0,model_only,
-1.0,-1.0,-1.0,-1.0,-1.0,0.0,-1.0,-1.0,1.0,-1.0,-1.0,-1.0,-1.0,-1.0,-1.0,-1.0,-1.0,-1.0,0.0,-1.0,-1.0,-1.0,-1.0,-1.0,1.0,0.0,0.0,1.0,0.0,-1.0,2.52840554551707e-14,0,model_only,
-1.0,-1.0,-1.0,-1.0,-1.0,0.0,1.0,1.0,1.0,-1.0,-1.0,-1.0,-1.0,0.0,-1.0,-1.0,-1.0,-1.0,0.0,-1.0,-1.0,-1.0,-1.0,1.0,-1.0,-1.0,0.0,-1.0,0.0,-1.0,0.6656285915704342,1,model_only,
-1.0,-1.0,-1.0,-1.0,-1.0,0.0,0.0,0.0,1.0,-1.0,-1.0,-1.0,-1.0,-1.0,0.0,-1.0,-1.0,-1.0,0.0,-1.0,-1.0,-1.0,-1.0,1.0,-1.0,1.0,-1.0,1.0,0.0,-1.0,3.2544855027712727e-10,0,model_only,
-1.0,-1.0,-1.0,-1.0,-1.0,0.0,1.0,1.0,-1.0,-1.0,-1.0,-1.0,1.0,0.0,0.0,-1.0,-1.0,-1.0,0.0,-1.0,-1.0,-1.0,-1.0,1.0,-1.0,1.0,1.0,1.0,0.0,-1.0,0.995946307457988,1,model_only,
-1.0,-1.0,-1.0,-1.0,-1.0,-1.0,-1.0,-1.0,-1.0,-1.0,-1.0,-1.0,1.0,-1.0,-1.0,-1.0,-1.0,-1.0,0.0,-1.0,-1.0,-1.0,-1.0,-1.0,-1.0,1.0,-1.0,-1.0,0.0,-1.0,1.7283311459365789e-12,0,model_only,
-1.0,-1.0,-1.0,-1.0,-1.0,0.0,0.0,1.0,1.0,-1.0,-1.0,-1.0,-1.0,1.0,-1.0,-1.0,-1.0,-1.0,0.0,-1.0,-1.0,-1.0,-1.0,-1.0,1.0,1.0,-1.0,-1.0,1.0,-1.0,0.5656959195767425,1,model_only,
-1.0,-1.0,-1.0,-1.0,-1.0,0.0,1.0,1.0,1.0,-1.0,-1.0,-1.0,-1.0,0.0,-1.0,-1.0,-1.0,-1.0,0.0,-1.0,-1.0,-1.0,-1.0,1.0,-1.0,-1.0,1.0,-1.0,0.0,-1.0,0.6666843098098661,1,model_only,
-1.0,-1.0,-1.0,-1.0,-1.0,-1.0,-1.0,-1.0,0.0,-1.0,-1.0,-1.0,1.0,-1.0,-1.0,-1.0,-1.0,-1.0,0.0,-1.0,-1.0,-1.0,-1.0,-1.0,1.0,-1.0,-1.0,-1.0,1.0,-1.0,1.2827163596960459e-12,0,model_only,
-1.0,-1.0,-1.0,-1.0,-1.0,1.0,-1.0,1.0,1.0,-1.0,-1.0,-1.0,-1.0,0.0,1.0,-1.0,-1.0,-1.0,0.0,-1.0,-1.0,-1.0,-1.0,1.0,1.0,1.0,-1.0,-1.0,1.0,-1.0,0.6993175505612282,1,model_only,
-1.0,-1.0,-1.0,-1.0,-1.0,-1.0,-1.0,1.0,-1.0,-1.0,-1.0,-1.0,1.0,0.0,0.0,-1.0,-1.0,-1.0,0.0,-1.0,-1.0,-1.0,-1.0,1.0,-1.0,0.0,-1.0,-1.0,0.0,-1.0,0.6842326125401273,1,model_only,
-1.0,1.0,-1.0,-1.0,-1.0,-1.0,-1.0,-1.0,1.0,-1.0,-1.0,-1.0,1.0,0.0,0.0,1.0,-1.0,-1.0,0.0,-1.0,-1.0,-1.0,-1.0,1.0,1.0,1.0,-1.0,1.0,1.0,-1.0,9.882419496729613e-06,0,model_only,
1.0,-1.0,1.0,-1.0,1.0,0.0,0.0,0.0,0.0,1.0,1.0,1.0,-1.0,-1.0,1.0,-1.0,1.0,1.0,1.0,1.0,-1.0,1.0,-1.0,0.0,1.0,-1.0,-1.0,-1.0,1.0,1.0,0.0018870315340660422,0,model_only,
-1.0,-1.0,-1.0,-1.0,-1.0,-1.0,1.0,1.0,-1.0,-1.0,-1.0,-1.0,1.0,0.0,0.0,-1.0,-1.0,-1.0,0.0,-1.0,-1.0,-1.0,-1.0,1.0,-1.0,0.0,-1.0,-1.0,0.0,-1.0,0.3669111713728932,0,model_only,
-1.0,-1.0,-1.0,-1.0,-1.0,0.0,-1.0,1.0,0.0,-1.0,-1.0,-1.0,1.0,0.0,0.0,-1.0,-1.0,-1.0,0.0,-1.0,-1.0,-1.0,-1.0,-1.0,1.0,1.0,1.0,-1.0,1.0,-1.0,0.8409611015618998,1,model_only,
-1.0,-1.0,-1.0,-1.0,-1.0,-1.0,-1.0,1.0,0.0,-1.0,-1.0,-1.0,1.0,0.0,0.0,-1.0,-1.0,-1.0,0.0,-1.0,-1.0,-1.0,-1.0,-1.0,-1.0,0.0,-1.0,-1.0,0.0,-1.0,0.48006948433652036,0,model_only,
-1.0,1.0,-1.0,-1.0,-1.0,0.0,0.0,1.0,-1.0,-1.0,-1.0,-1.0,1.0,1.0,0.0,1.0,-1.0,-1.0,0.0,-1.0,-1.0,-1.0,-1.0,-1.0,-1.0,1.0,0.0,-1.0,0.0,-1.0,0.9999999511635304,1,model_only,
-1.0,-1.0,-1.0,-1.0,-1.0,0.0,-1.0,-1.0,-1.0,-1.0,-1.0,-1.0,1.0,0.0,-1.0,-1.0,-1.0,-1.0,0.0,-1.0,-1.0,-1.0,-1.0,-1.0,1.0,-1.0,1.0,-1.0,1.0,-1.0,5.438696482284629e-07,0,model_only,
-1.0,-1.0,-1.0,-1.0,-1.0,-1.0,-1.0,-1.0,0.0,-1.0,-1.0,-1.0,1.0,0.0,0.0,-1.0,-1.0,-1.0,0.0,-1.0,-1.0,-1.0,-1.0,-1.0,-1.0,0.0,-1.0,-1.0,0.0,-1.0,3.398327834043781e-09,0,model_only,
-1.0,-1.0,-1.0,-1.0,-1.0,0.0,0.0,1.0,0.0,1.0,1.0,-1.0,1.0,0.0,-1.0,-1.0,1.0,-1.0,0.0,1.0,-1.0,1.0,1.0,-1.0,1.0,1.0,1.0,-1.0,1.0,1.0,0.999807828177136,1,model_only,
-1.0,-1.0,-1.0,-1.0,-1.0,-1.0,-1.0,1.0,-1.0,1.0,1.0,-1.0,1.0,-1.0,1.0,-1.0,1.0,-1.0,0.0,1.0,-1.0,1.0,1.0,1.0,1.0,1.0,-1.0,-1.0,1.0,1.0,0.7674508029772943,1,model_only,
-1.0,-1.0,-1.0,-1.0,-1.0,-1.0,1.0,1.0,1.0,1.0,1.0,-1.0,-1.0,0.0,1.0,-1.0,1.0,-1.0,0.0,1.0,-1.0,1.0,1.0,1.0,1.0,1.0,-1.0,-1.0,1.0,1.0,0.8918911423896296,1,model_only,
1.0,-1.0,1.0,-1.0,1.0,0.0,1.0,1.0,1.0,-1.0,-1.0,1.0,-1.0,0.0,1.0,-1.0,-1.0,1.0,1.0,-1.0,-1.0,-1.0,-1.0,1.0,1.0,-1.0,-1.0,-1.0,0.0,-1.0,0.24397044682480198,0,model_only,
-1.0,-1.0,-1.0,-1.0,-1.0,0.0,1.0,1.0,0.0,-1.0,-1.0,-1.0,1.0,0.0,0.0,-1.0,-1.0,-1.0,0.0,-1.0,-1.0,-1.0,-1.0,1.0,1.0,0.0,-1.0,-1.0,0.0,-1.0,0.590497899550691,1,model_only,
1.0,-1.0,1.0,-1.0,1.0,-1.0,0.0,-1.0,0.0,1.0,1.0,1.0,-1.0,-1.0,1.0,-1.0,1.0,1.0,1.0,1.0,-1.0,1.0,-1.0,-1.0,1.0,0.0,-1.0,-1.0,1.0,1.0,7.440396465034214e-07,0,model_only,
-1.0,-1.0,-1.0,-1.0,-1.0,0.0,-1.0,1.0,0.0,1.0,1.0,-1.0,1.0,0.0,-1.0,-1.0,1.0,-1.0,0.0,1.0,-1.0,1.0,-1.0,-1.0,1.0,1.0,1.0,-1.0,1.0,1.0,0.9998218954208179,1,model_only,
1.0,-1.0,1.0,-1.0,1.0,0.0,0.0,1.0,-1.0,-1.0,-1.0,1.0,1.0,0.0,0.0,-1.0,-1.0,1.0,1.0,-1.0,-1.0,-1.0,-1.0,0.0,1.0,1.0,-1.0,-1.0,1.0,-1.0,0.9917899385073107,1,model_only,
-1.0,-1.0,-1.0,-1.0,-1.0,0.0,1.0,1.0,-1.0,1.0,1.0,-1.0,1.0,1.0,-1.0,-1.0,1.0,-1.0,0.0,1.0,-1.0,1.0,-1.0,1.0,-1.0,1.0,-1.0,1.0,0.0,1.0,0.9999989349784989,1,model_only,
-1.0,-1.0,-1.0,-1.0,-1.0,0.0,-1.0,-1.0,0.0,-1.0,-1.0,-1.0,-1.0,0.0,-1.0,-1.0,-1.0,-1.0,0.0,-1.0,-1.0,-1.0,-1.0,1.0,-1.0,-1.0,1.0,-1.0,0.0,-1.0,8.86824407934923e-07,0,model_only,
-1.0,-1.0,-1.0,-1.0,-1.0,0.0,-1.0,1.0,1.0,-1.0,-1.0,-1.0,1.0,0.0,0.0,-1.0,-1.0,-1.0,0.0,-1.0,-1.0,-1.0,-1.0,1.0,1.0,-1.0,0.0,-1.0,1.0,-1.0,0.8870492076241053,1,model_only,
-1.0,-1.0,-1.0,-1.0,-1.0,-1.0,-1.0,1.0,0.0,-1.0,-1.0,-1.0,-1.0,0.0,-1.0,-1.0,-1.0,-1.0,0.0,-1.0,-1.0,-1.0,-1.0,-1.0,-1.0,1.0,-1.0,-1.0,0.0,-1.0,0.002197204801861709,0,model_only,
-1.0,-1.0,-1.0,-1.0,-1.0,0.0,-1.0,1.0,-1.0,1.0,1.0,-1.0,1.0,1.0,-1.0,-1.0,1.0,-1.0,0.0,1.0,-1.0,1.0,1.0,-1.0,1.0,1.0,1.0,-1.0,0.0,1.0,0.9998231466086169,1,model_only,
-1.0,-1.0,-1.0,-1.0,-1.0,-1.0,0.0,1.0,1.0,-1.0,-1.0,-1.0,-1.0,-1.0,-1.0,-1.0,-1.0,-1.0,0.0,-1.0,-1.0,-1.0,-1.0,-1.0,1.0,0.0,-1.0,-1.0,0.0,-1.0,8.502312174826018e-12,0,model_only,
-1.0,-1.0,-1.0,-1.0,-1.0,0.0,1.0,1.0,1.0,1.0,1.0,-1.0,-1.0,1.0,-1.0,-1.0,1.0,-1.0,0.0,1.0,-1.0,1.0,1.0,1.0,-1.0,1.0,-1.0,-1.0,0.0,1.0,0.9998996354180285,1,model_only,
-1.0,-1.0,-1.0,1.0,-1.0,1.0,1.0,1.0,0.0,-1.0,-1.0,-1.0,1.0,1.0,1.0,-1.0,-1.0,-1.0,0.0,-1.0,-1.0,-1.0,-1.0,1.0,-1.0,1.0,-1.0,-1.0,0.0,-1.0,0.9999900552081092,1,model_only,
-1.0,-1.0,-1.0,-1.0,-1.0,0.0,0.0,1.0,-1.0,-1.0,-1.0,-1.0,1.0,0.0,-1.0,-1.0,-1.0,-1.0,0.0,-1.0,-1.0,-1.0,-1.0,-1.0,-1.0,1.0,-1.0,-1.0,0.0,-1.0,0.6940449843037677,1,model_only,
-1.0,1.0,-1.0,-1.0,-1.0,-1.0,1.0,1.0,-1.0,-1.0,-1.0,-1.0,1.0,1.0,-1.0,1.0,-1.0,-1.0,0.0,-1.0,-1.0,-1.0,-1.0,0.0,-1.0,1.0,1.0,1.0,0.0,-1.0,0.9999984994245613,1,model_only,
-1.0,-1.0,-1.0,-1.0,-1.0,-1.0,-1.0,-1.0,0.0,1.0,1.0,-1.0,1.0,-1.0,0.0,-1.0,1.0,-1.0,0.0,1.0,-1.0,1.0,1.0,-1.0,1.0,0.0,-1.0,-1.0,1.0,1.0,0.0012885740260695985,0,model_only,
-1.0,1.0,-1.0,-1.0,-1.0,-1.0,0.0,1.0,0.0,-1.0,-1.0,-1.0,1.0,1.0,1.0,1.0,-1.0,-1.0,0.0,-1.0,-1.0,-1.0,-1.0,-1.0,-1.0,1.0,1.0,1.0,0.0,-1.0,0.9999999948503068,1,model_only,
-1.0,1.0,-1.0,-1.0,-1.0,1.0,-1.0,1.0,-1.0,1.0,1.0,-1.0,1.0,0.0,-1.0,1.0,1.0,-1.0,0.0,1.0,1.0,1.0,1.0,1.0,1.0,1.0,-1.0,-1.0,1.0,1.0,0.9999825957577834,1,model_only,
-1.0,1.0,-1.0,-1.0,-1.0,0.0,0.0,1.0,0.0,-1.0,-1.0,-1.0,1.0,0.0,-1.0,1.0,-1.0,-1.0,0.0,-1.0,-1.0,-1.0,-1.0,-1.0,-1.0,1.0,0.0,-1.0,0.0,-1.0,0.9987699185305594,1,model_only,
-1.0,-1.0,-1.0,-1.0,-1.0,-1.0,1.0,-1.0,0.0,-1.0,-1.0,-1.0,1.0,-1.0,-1.0,-1.0,-1.0,-1.0,0.0,-1.0,-1.0,-1.0,-1.0,1.0,-1.0,0.0,-1.0,-1.0,0.0,-1.0,1.109936683695938e-13,0,model_only,
-1.0,-1.0,-1.0,-1.0,-1.0,0.0,1.0,-1.0,0.0,-1.0,-1.0,-1.0,-1.0,-1.0,0.0,-1.0,-1.0,-1.0,0.0,-1.0,-1.0,-1.0,-1.0,1.0,-1.0,-1.0,0.0,-1.0,0.0,-1.0,1.0674168855821959e-11,0,model_only,
-1.0,-1.0,-1.0,-1.0,-1.0,1.0,0.0,1.0,1.0,1.0,1.0,-1.0,-1.0,1.0,-1.0,-1.0,1.0,-1.0,0.0,1.0,1.0,1.0,1.0,-1.0,1.0,1.0,-1.0,-1.0,1.0,1.0,0.9999998455054695,1,model_only,
-1.0,-1.0,-1.0,-1.0,-1.0,0.0,-1.0,-1.0,0.0,-1.0,-1.0,-1.0,-1.0,0.0,0.0,-1.0,-1.0,-1.0,0.0,-1.0,-1.0,-1.0,-1.0,-1.0,1.0,-1.0,1.0,-1.0,1.0,-1.0,1.0481378411674613e-06,0,model_only,
-1.0,-1.0,-1.0,-1.0,-1.0,-1.0,1.0,1.0,1.0,-1.0,-1.0,-1.0,-1.0,-1.0,-1.0,-1.0,-1.0,-1.0,0.0,-1.0,-1.0,-1.0,-1.0,1.0,-1.0,-1.0,-1.0,-1.0,0.0,-1.0,1.823617687580002e-11,0,model_only,
-1.0,-1.0,-1.0,-1.0,-1.0,-1.0,-1.0,-1.0,1.0,-1.0,-1.0,-1.0,1.0,0.0,-1.0,-1.0,-1.0,-1.0,0.0,-1.0,-1.0,-1.0,-1.0,-1.0,1.0,1.0,-1.0,-1.0,0.0,-1.0,6.963626348191713e-10,0,model_only,
-1.0,-1.0,-1.0,-1.0,-1.0,0.0,1.0,1.0,0.0,-1.0,-1.0,-1.0,-1.0,0.0,0.0,-1.0,-1.0,-1.0,0.0,-1.0,-1.0,-1.0,-1.0,0.0,-1.0,1.0,1.0,-1.0,0.0,-1.0,0.6763949999885709,1,model_only,
-1.0,-1.0,-1.0,-1.0,-1.0,0.0,0.0,0.0,1.0,-1.0,-1.0,-1.0,-1.0,0.0,0.0,-1.0,-1.0,-1.0,0.0,-1.0,-1.0,-1.0,-1.0,1.0,1.0,-1.0,1.0,-1.0,0.0,-1.0,0.014465837255403674,0,model_only,
-1.0,-1.0,-1.0,-1.0,-1.0,0.0,-1.0,1.0,1.0,-1.0,-1.0,-1.0,-1.0,0.0,-1.0,-1.0,-1.0,-1.0,0.0,-1.0,-1.0,-1.0,-1.0,-1.0,1.0,1.0,-1.0,-1.0,0.0,-1.0,0.1481459943966995,0,model_only,
-1.0,-1.0,-1.0,-1.0,-1.0,-1.0,0.0,-1.0,0.0,-1.0,-1.0,-1.0,-1.0,-1.0,0.0,-1.0,-1.0,-1.0,0.0,-1.0,-1.0,-1.0,-1.0,-1.0,1.0,1.0,-1.0,1.0,0.0,-1.0,3.679629376910554e-13,0,model_only,
-1.0,1.0,-1.0,-1.0,-1.0,-1.0,0.0,1.0,-1.0,-1.0,-1.0,-1.0,1.0,0.0,1.0,1.0,-1.0,-1.0,0.0,-1.0,-1.0,-1.0,-1.0,-1.0,-1.0,1.0,-1.0,-1.0,0.0,-1.0,0.9941518620851756,1,model_only,
-1.0,-1.0,-1.0,-1.0,-1.0,-1.0,0.0,0.0,1.0,-1.0,-1.0,-1.0,-1.0,1.0,-1.0,-1.0,-1.0,-1.0,0.0,-1.0,-1.0,-1.0,-1.0,1.0,1.0,-1.0,-1.0,1.0,1.0,-1.0,0.00016595317990099182,0,model_only,
-1.0,1.0,-1.0,-1.0,-1.0,0.0,-1.0,1.0,-1.0,-1.0,-1.0,-1.0,1.0,0.0,1.0,1.0,-1.0,-1.0,0.0,-1.0,-1.0,-1.0,-1.0,1.0,-1.0,1.0,-1.0,-1.0,0.0,-1.0,0.9999882986483173,1,model_only,
-1.0,-1.0,-1.0,-1.0,-1.0,0.0,1.0,1.0,0.0,-1.0,-1.0,-1.0,1.0,0.0,-1.0,-1.0,-1.0,-1.0,0.0,-1.0,-1.0,-1.0,-1.0,1.0,-1.0,1.0,0.0,-1.0,0.0,-1.0,0.6510522676370497,1,model_only,
-1.0,-1.0,-1.0,-1.0,-1.0,1.0,1.0,1.0,1.0,1.0,1.0,-1.0,-1.0,1.0,0.0,-1.0,1.0,-1.0,0.0,1.0,-1.0,1.0,1.0,1.0,-1.0,1.0,-1.0,-1.0,0.0,1.0,0.9999999539793424,1,model_only,
-1.0,1.0,-1.0,-1.0,-1.0,-1.0,0.0,0.0,-1.0,-1.0,-1.0,-1.0,1.0,-1.0,0.0,1.0,-1.0,-1.0,0.0,-1.0,-1.0,-1.0,-1.0,1.0,1.0,0.0,-1.0,-1.0,0.0,-1.0,4.2288190177510225e-09,0,model_only,
-1.0,-1.0,-1.0,-1.0,-1.0,-1.0,1.0,1.0,0.0,-1.0,-1.0,-1.0,1.0,0.0,-1.0,-1.0,-1.0,-1.0,0.0,-1.0,-1.0,-1.0,-1.0,1.0,1.0,0.0,-1.0,-1.0,0.0,-1.0,0.00013040926419985568,0,model_only,
-1.0,-1.0,-1.0,-1.0,-1.0,0.0,1.0,1.0,0.0,-1.0,-1.0,-1.0,-1.0,1.0,0.0,-1.0,-1.0,-1.0,0.0,-1.0,-1.0,-1.0,-1.0,1.0,-1.0,1.0,-1.0,-1.0,0.0,-1.0,0.667507423232208,1,model_only,
-1.0,-1.0,-1.0,-1.0,-1.0,0.0,-1.0,-1.0,0.0,-1.0,-1.0,-1.0,-1.0,-1.0,-1.0,-1.0,-1.0,-1.0,0.0,-1.0,-1.0,-1.0,-1.0,-1.0,1.0,-1.0,0.0,-1.0,0.0,-1.0,1.6594030129937803e-13,0,model_only,
-1.0,-1.0,-1.0,-1.0,-1.0,-1.0,0.0,-1.0,1.0,-1.0,-1.0,-1.0,-1.0,-1.0,-1.0,-1.0,-1.0,-1.0,0.0,-1.0,-1.0,-1.0,-1.0,-1.0,1.0,-1.0,-1.0,1.0,1.0,-1.0,5.3012426242775817e-14,0,model_only,
-1.0,-1.0,-1.0,-1.0,-1.0,-1.0,0.0,-1.0,0.0,1.0,1.0,-1.0,1.0,-1.0,0.0,-1.0,1.0,-1.0,0.0,1.0,-1.0,1.0,1.0,-1.0,1.0,-1.0,-1.0,-1.0,0.0,1.0,3.0126945431288154e-05,0,model_only,
-1.0,-1.0,-1.0,-1.0,-1.0,-1.0,0.0,-1.0,1.0,-1.0,-1.0,-1.0,-1.0,0.0,-1.0,-1.0,-1.0,-1.0,0.0,-1.0,-1.0,-1.0,-1.0,-1.0,1.0,1.0,-1.0,-1.0,1.0,-1.0,1.425945037977687e-11,0,model_only,
-1.0,-1.0,-1.0,-1.0,-1.0,-1.0,-1.0,-1.0,0.0,-1.0,-1.0,-1.0,-1.0,1.0,0.0,-1.0,-1.0,-1.0,0.0,-1.0,-1.0,-1.0,-1.0,-1.0,1.0,-1.0,-1.0,1.0,1.0,-1.0,1.7891389202828188e-05,0,model_only,
-1.0,-1.0,-1.0,-1.0,-1.0,-1.0,-1.0,1.0,-1.0,-1.0,-1.0,-1.0,1.0,0.0,-1.0,-1.0,-1.0,-1.0,0.0,-1.0,-1.0,-1.0,-1.0,-1.0,-1.0,0.0,-1.0,-1.0,0.0,-1.0,0.04070169008279234,0,model_only,
-1.0,-1.0,-1.0,1.0,-1.0,0.0,1.0,1.0,-1.0,-1.0,-1.0,-1.0,1.0,0.0,1.0,-1.0,-1.0,-1.0,0.0,-1.0,-1.0,-1.0,-1.0,1.0,-1.0,1.0,1.0,-1.0,0.0,-1.0,0.9999414475153635,1,model_only,
-1.0,-1.0,-1.0,-1.0,-1.0,-1.0,-1.0,-1.0,1.0,-1.0,-1.0,-1.0,-1.0,0.0,-1.0,-1.0,-1.0,-1.0,0.0,-1.0,-1.0,-1.0,-1.0,-1.0,-1.0,1.0,-1.0,1.0,0.0,-1.0,2.96651378042568e-11,0,model_only,
-1.0,-1.0,-1.0,-1.0,-1.0,-1.0,-1.0,-1.0,1.0,-1.0,-1.0,-1.0,-1.0,-1.0,0.0,-1.0,-1.0,-1.0,0.0,-1.0,-1.0,-1.0,-1.0,-1.0,1.0,-1.0,-1.0,1.0,1.0,-1.0,5.386136829608294e-13,0,model_only,
-1.0,-1.0,-1.0,-1.0,-1.0,0.0,1.0,1.0,0.0,-1.0,-1.0,-1.0,1.0,0.0,0.0,-1.0,-1.0,-1.0,0.0,-1.0,-1.0,-1.0,-1.0,1.0,-1.0,0.0,-1.0,-1.0,0.0,-1.0,0.6727081963893226,1,model_only,
-1.0,1.0,-1.0,-1.0,-1.0,0.0,1.0,1.0,-1.0,-1.0,-1.0,-1.0,1.0,0.0,0.0,1.0,-1.0,-1.0,0.0,-1.0,-1.0,-1.0,-1.0,1.0,-1.0,-1.0,1.0,-1.0,0.0,-1.0,0.999895183072419,1,model_only,
-1.0,-1.0,-1.0,-1.0,-1.0,-1.0,-1.0,-1.0,1.0,-1.0,-1.0,-1.0,-1.0,-1.0,-1.0,-1.0,-1.0,-1.0,0.0,-1.0,-1.0,-1.0,-1.0,-1.0,1.0,0.0,-1.0,-1.0,1.0,-1.0,1.0042468918527878e-14,0,model_only,
-1.0,-1.0,-1.0,-1.0,-1.0,0.0,1.0,1.0,1.0,-1.0,-1.0,-1.0,-1.0,-1.0,-1.0,-1.0,-1.0,-1.0,0.0,-1.0,-1.0,-1.0,-1.0,1.0,1.0,-1.0,-1.0,-1.0,1.0,-1.0,3.3960012877453105e-06,0,model_only,
-1.0,1.0,-1.0,-1.0,-1.0,-1.0,-1.0,-1.0,-1.0,-1.0,-1.0,-1.0,1.0,-1.0,0.0,1.0,-1.0,-1.0,0.0,-1.0,-1.0,-1.0,-1.0,-1.0,-1.0,-1.0,-1.0,-1.0,0.0,-1.0,1.3417014477016129e-12,0,model_only,
-1.0,-1.0,-1.0,-1.0,-1.0,0.0,0.0,-1.0,0.0,-1.0,-1.0,-1.0,-1.0,1.0,1.0,-1.0,-1.0,-1.0,0.0,-1.0,-1.0,-1.0,-1.0,-1.0,1.0,-1.0,-1.0,-1.0,1.0,-1.0,0.6165912723541803,1,model_only,
-1.0,-1.0,-1.0,-1.0,-1.0,-1.0,0.0,0.0,0.0,-1.0,-1.0,-1.0,1.0,-1.0,0.0,-1.0,-1.0,-1.0,0.0,-1.0,-1.0,-1.0,-1.0,0.0,-1.0,-1.0,-1.0,-1.0,0.0,-1.0,9.87933108387283e-11,0,model_only,
1.0,-1.0,1.0,-1.0,1.0,0.0,1.0,-1.0,-1.0,-1.0,-1.0,1.0,1.0,0.0,0.0,-1.0,-1.0,1.0,1.0,-1.0,-1.0,-1.0,-1.0,1.0,-1.0,1.0,1.0,-1.0,1.0,-1.0,0.46805597634561136,0,model_only,
-1.0,-1.0,-1.0,-1.0,-1.0,1.0,-1.0,1.0,1.0,1.0,1.0,-1.0,-1.0,0.0,1.0,-1.0,1.0,-1.0,0.0,1.0,-1.0,1.0,1.0,1.0,-1.0,1.0,-1.0,-1.0,1.0,1.0,0.9999998830639553,1,model_only,
-1.0,-1.0,-1.0,-1.0,-1.0,-1.0,-1.0,1.0,0.0,-1.0,-1.0,-1.0,-1.0,0.0,-1.0,-1.0,-1.0,-1.0,0.0,-1.0,-1.0,-1.0,-1.0,-1.0,-1.0,0.0,-1.0,1.0,0.0,-1.0,0.0009036887879613014,0,model_only,
-1.0,-1.0,-1.0,-1.0,-1.0,0.0,0.0,-1.0,0.0,-1.0,-1.0,-1.0,1.0,-1.0,0.0,-1.0,-1.0,-1.0,0.0,-1.0,-1.0,-1.0,-1.0,-1.0,-1.0,0.0,-1.0,1.0,1.0,-1.0,3.896558095755736e-10,0,model_only,
-1.0,-1.0,-1.0,-1.0,-1.0,0.0,-1.0,-1.0,1.0,-1.0,-1.0,-1.0,-1.0,-1.0,-1.0,-1.0,-1.0,-1.0,0.0,-1.0,-1.0,-1.0,-1.0,-1.0,-1.0,0.0,-1.0,1.0,0.0,-1.0,1.5247122425686155e-13,0,model_only,
-1.0,-1.0,-1.0,-1.0,-1.0,0.0,1.0,1.0,-1.0,-1.0,-1.0,-1.0,1.0,1.0,0.0,-1.0,-1.0,-1.0,0.0,-1.0,-1.0,-1.0,-1.0,1.0,-1.0,0.0,-1.0,-1.0,0.0,-1.0,0.8191695069033932,1,model_only,
-1.0,-1.0,-1.0,1.0,-1.0,0.0,1.0,1.0,1.0,-1.0,-1.0,-1.0,1.0,0.0,1.0,-1.0,-1.0,-1.0,0.0,-1.0,-1.0,-1.0,-1.0,1.0,-1.0,1.0,1.0,-1.0,0.0,-1.0,0.9731032834082045,1,model_only,
-1.0,-1.0,-1.0,1.0,-1.0,1.0,-1.0,1.0,1.0,-1.0,-1.0,-1.0,-1.0,1.0,1.0,-1.0,-1.0,-1.0,0.0,-1.0,-1.0,-1.0,-1.0,1.0,-1.0,1.0,1.0,-1.0,0.0,-1.0,0.9997415747014635,1,model_only,
1.0,-1.0,1.0,-1.0,1.0,-1.0,0.0,-1.0,1.0,1.0,1.0,1.0,-1.0,-1.0,1.0,-1.0,1.0,1.0,1.0,1.0,-1.0,1.0,1.0,-1.0,1.0,-1.0,-1.0,1.0,1.0,1.0,2.192765733215254e-05,0,model_only,
-1.0,-1.0,-1.0,-1.0,-1.0,0.0,1.0,1.0,-1.0,-1.0,-1.0,-1.0,1.0,1.0,0.0,-1.0,-1.0,-1.0,0.0,-1.0,-1.0,-1.0,-1.0,1.0,-1.0,1.0,1.0,-1.0,0.0,-1.0,0.937771849532886,1,model_only,
-1.0,-1.0,-1.0,-1.0,-1.0,-1.0,0.0,-1.0,1.0,-1.0,-1.0,-1.0,-1.0,-1.0,-1.0,-1.0,-1.0,-1.0,0.0,-1.0,-1.0,-1.0,-1.0,-1.0,1.0,0.0,-1.0,1.0,0.0,-1.0,3.2652508860371208e-15,0,model_only,
-1.0,-1.0,-1.0,-1.0,-1.0,0.0,-1.0,-1.0,1.0,-1.0,-1.0,-1.0,-1.0,-1.0,-1.0,-1.0,-1.0,-1.0,0.0,-1.0,-1.0,-1.0,-1.0,-1.0,1.0,-1.0,-1.0,1.0,1.0,-1.0,9.79847804868045e-13,0,model_only,
1.0,-1.0,1.0,-1.0,1.0,0.0,-1.0,1.0,-1.0,-1.0,-1.0,1.0,1.0,1.0,0.0,-1.0,-1.0,1.0,1.0,-1.0,-1.0,-1.0,-1.0,1.0,-1.0,1.0,-1.0,-1.0,1.0,-1.0,0.9953522453698677,1,model_only,
-1.0,-1.0,-1.0,-1.0,-1.0,-1.0,1.0,-1.0,1.0,-1.0,-1.0,-1.0,-1.0,0.0,-1.0,-1.0,-1.0,-1.0,0.0,-1.0,-1.0,-1.0,-1.0,-1.0,1.0,1.0,-1.0,-1.0,0.0,-1.0,4.091176245414823e-12,0,model_only,
-1.0,-1.0,-1.0,-1.0,-1.0,-1.0,-1.0,-1.0,-1.0,1.0,1.0,-1.0,1.0,0.0,1.0,-1.0,1.0,-1.0,0.0,1.0,-1.0,1.0,1.0,1.0,-1.0,0.0,-1.0,-1.0,1.0,1.0,0.9789860063434924,1,model_only,
-1.0,1.0,-1.0,-1.0,-1.0,0.0,-1.0,-1.0,0.0,-1.0,-1.0,-1.0,1.0,-1.0,-1.0,1.0,-1.0,-1.0,0.0,-1.0,-1.0,-1.0,-1.0,-1.0,1.0,-1.0,-1.0,-1.0,0.0,-1.0,1.3993593031366994e-11,0,model_only,
-1.0,-1.0,-1.0,-1.0,-1.0,0.0,0.0,0.0,1.0,1.0,1.0,-1.0,1.0,-1.0,0.0,-1.0,1.0,-1.0,0.0,1.0,-1.0,1.0,1.0,1.0,-1.0,0.0,-1.0,1.0,0.0,1.0,0.021731324434760807,0,model_only,
-1.0,-1.0,-1.0,-1.0,-1.0,0.0,1.0,1.0,0.0,-1.0,-1.0,-1.0,-1.0,1.0,-1.0,-1.0,-1.0,-1.0,0.0,-1.0,-1.0,-1.0,-1.0,1.0,-1.0,1.0,-1.0,1.0,0.0,-1.0,0.68762076639764,1,model_only,
-1.0,-1.0,-1.0,-1.0,-1.0,0.0,-1.0,-1.0,1.0,1.0,1.0,-1.0,-1.0,0.0,0.0,-1.0,1.0,-1.0,0.0,1.0,1.0,1.0,1.0,-1.0,-1.0,-1.0,0.0,-1.0,0.0,1.0,0.8879373762180968,1,model_only,
-1.0,-1.0,-1.0,-1.0,-1.0,1.0,-1.0,1.0,0.0,1.0,1.0,-1.0,1.0,1.0,1.0,-1.0,1.0,-1.0,0.0,1.0,1.0,1.0,1.0,1.0,-1.0,1.0,-1.0,-1.0,1.0,1.0,0.9999999992365071,1,model_only,
-1.0,-1.0,-1.0,-1.0,-1.0,1.0,1.0,1.0,0.0,-1.0,-1.0,-1.0,1.0,1.0,1.0,-1.0,-1.0,-1.0,0.0,-1.0,-1.0,-1.0,-1.0,0.0,-1.0,1.0,-1.0,-1.0,0.0,-1.0,0.9989026483338792,1,model_only,
-1.0,-1.0,-1.0,-1.0,-1.0,0.0,1.0,1.0,0.0,-1.0,-1.0,-1.0,1.0,1.0,0.0,-1.0,-1.0,-1.0,0.0,-1.0,-1.0,-1.0,-1.0,1.0,-1.0,0.0,-1.0,-1.0,0.0,-1.0,0.6853627903534183,1,model_only,
-1.0,-1.0,-1.0,-1.0,-1.0,0.0,0.0,1.0,0.0,-1.0,-1.0,-1.0,1.0,0.0,1.0,-1.0,-1.0,-1.0,0.0,-1.0,-1.0,-1.0,-1.0,-1.0,-1.0,1.0,1.0,-1.0,1.0,-1.0,0.9996626853263336,1,model_only,
-1.0,-1.0,-1.0,-1.0,-1.0,1.0,-1.0,1.0,-1.0,-1.0,-1.0,-1.0,1.0,0.0,0.0,-1.0,-1.0,-1.0,0.0,-1.0,-1.0,-1.0,-1.0,1.0,-1.0,1.0,-1.0,-1.0,1.0,-1.0,0.9999518854392212,1,model_only,
1.0,-1.0,1.0,-1.0,1.0,0.0,0.0,1.0,0.0,-1.0,-1.0,1.0,1.0,1.0,1.0,-1.0,-1.0,1.0,1.0,-1.0,-1.0,-1.0,-1.0,0.0,-1.0,1.0,-1.0,-1.0,1.0,-1.0,0.9957361417608483,1,model_only,
-1.0,-1.0,-1.0,-1.0,-1.0,-1.0,0.0,0.0,0.0,-1.0,-1.0,-1.0,1.0,-1.0,0.0,-1.0,-1.0,-1.0,0.0,-1.0,-1.0,-1.0,-1.0,1.0,-1.0,-1.0,-1.0,-1.0,0.0,-1.0,1.2140196774454979e-10,0,model_only,
-1.0,-1.0,-1.0,-1.0,-1.0,1.0,-1.0,1.0,0.0,1.0,1.0,-1.0,-1.0,1.0,1.0,-1.0,1.0,-1.0,0.0,1.0,1.0,1.0,1.0,1.0,-1.0,1.0,-1.0,-1.0,1.0,1.0,0.9999999986463086,1,model_only,
-1.0,-1.0,-1.0,-1.0,-1.0,0.0,1.0,1.0,1.0,-1.0,-1.0,-1.0,-1.0,0.0,-1.0,-1.0,-1.0,-1.0,0.0,-1.0,-1.0,-1.0,-1.0,1.0,-1.0,0.0,-1.0,-1.0,0.0,-1.0,0.23591604354155815,0,model_only,
-1.0,-1.0,-1.0,-1.0,-1.0,1.0,0.0,1.0,0.0,-1.0,-1.0,-1.0,1.0,1.0,0.0,-1.0,-1.0,-1.0,0.0,-1.0,-1.0,-1.0,-1.0,0.0,-1.0,1.0,-1.0,-1.0,1.0,-1.0,0.9990498353562405,1,model_only,
-1.0,1.0,-1.0,-1.0,-1.0,0.0,-1.0,1.0,-1.0,-1.0,-1.0,-1.0,1.0,0.0,1.0,1.0,-1.0,-1.0,0.0,-1.0,-1.0,-1.0,-1.0,1.0,-1.0,1.0,1.0,-1.0,0.0,-1.0,0.999997474293114,1,model_only,
-1.0,-1.0,-1.0,-1.0,-1.0,-1.0,0.0,-1.0,0.0,-1.0,-1.0,-1.0,-1.0,-1.0,1.0,-1.0,-1.0,-1.0,0.0,-1.0,-1.0,-1.0,-1.0,-1.0,1.0,-1.0,-1.0,-1.0,1.0,-1.0,8.734058299787252e-12,0,model_only,
-1.0,-1.0,-1.0,-1.0,-1.0,0.0,-1.0,1.0,0.0,-1.0,-1.0,-1.0,1.0,0.0,-1.0,-1.0,-1.0,-1.0,0.0,-1.0,-1.0,-1.0,-1.0,1.0,-1.0,1.0,-1.0,-1.0,0.0,-1.0,0.7004723267796619,1,model_only,
-1.0,1.0,-1.0,1.0,-1.0,0.0,-1.0,-1.0,-1.0,-1.0,-1.0,-1.0,1.0,0.0,1.0,1.0,-1.0,-1.0,0.0,-1.0,-1.0,-1.0,-1.0,0.0,-1.0,1.0,0.0,-1.0,0.0,-1.0,0.3680000810263732,0,model_only,
-1.0,-1.0,-1.0,-1.0,-1.0,-1.0,-1.0,-1.0,0.0,-1.0,-1.0,-1.0,1.0,-1.0,-1.0,-1.0,-1.0,-1.0,0.0,-1.0,-1.0,-1.0,-1.0,-1.0,1.0,0.0,-1.0,-1.0,0.0,-1.0,1.4092897095527954e-13,0,model_only,
-1.0,-1.0,-1.0,-1.0,-1.0,0.0,-1.0,1.0,0.0,-1.0,-1.0,-1.0,-1.0,1.0,1.0,-1.0,-1.0,-1.0,0.0,-1.0,-1.0,-1.0,-1.0,1.0,-1.0,1.0,-1.0,-1.0,0.0,-1.0,0.6711391777250736,1,model_only,
-1.0,-1.0,-1.0,-1.0,-1.0,-1.0,-1.0,-1.0,0.0,-1.0,-1.0,-1.0,1.0,-1.0,0.0,-1.0,-1.0,-1.0,0.0,-1.0,-1.0,-1.0,-1.0,-1.0,1.0,1.0,-1.0,-1.0,1.0,-1.0,5.571610970150172e-11,0,model_only,
-1.0,-1.0,-1.0,-1.0,-1.0,-1.0,-1.0,-1.0,1.0,-1.0,-1.0,-1.0,-1.0,-1.0,0.0,-1.0,-1.0,-1.0,0.0,-1.0,-1.0,-1.0,-1.0,1.0,1.0,-1.0,-1.0,1.0,1.0,-1.0,9.58127741622276e-12,0,model_only,
-1.0,-1.0,-1.0,-1.0,-1.0,0.0,-1.0,1.0,-1.0,-1.0,-1.0,-1.0,1.0,0.0,0.0,-1.0,-1.0,-1.0,0.0,-1.0,-1.0,-1.0,-1.0,-1.0,-1.0,1.0,1.0,1.0,0.0,-1.0,0.999730201894761,1,model_only,
-1.0,1.0,-1.0,-1.0,-1.0,-1.0,-1.0,-1.0,-1.0,-1.0,-1.0,-1.0,1.0,-1.0,-1.0,1.0,-1.0,-1.0,0.0,-1.0,-1.0,-1.0,-1.0,-1.0,1.0,-1.0,-1.0,1.0,1.0,-1.0,1.0788402539622378e-10,0,model_only,
-1.0,1.0,-1.0,-1.0,-1.0,1.0,-1.0,1.0,-1.0,-1.0,-1.0,-1.0,1.0,0.0,0.0,1.0,-1.0,-1.0,0.0,-1.0,-1.0,-1.0,-1.0,1.0,-1.0,1.0,1.0,1.0,0.0,-1.0,0.9999999981130855,1,model_only,
-1.0,-1.0,-1.0,-1.0,-1.0,-1.0,0.0,-1.0,1.0,-1.0,-1.0,-1.0,1.0,-1.0,-1.0,-1.0,-1.0,-1.0,0.0,-1.0,-1.0,-1.0,-1.0,-1.0,1.0,0.0,-1.0,1.0,0.0,-1.0,4.680913930496665e-14,0,model_only,
-1.0,-1.0,-1.0,-1.0,-1.0,-1.0,0.0,0.0,0.0,1.0,1.0,-1.0,-1.0,-1.0,-1.0,-1.0,1.0,-1.0,0.0,1.0,1.0,1.0,1.0,1.0,1.0,1.0,-1.0,-1.0,1.0,1.0,0.00042559558540654135,0,model_only,
1.0,-1.0,1.0,-1.0,1.0,0.0,-1.0,-1.0,1.0,1.0,1.0,1.0,-1.0,-1.0,1.0,-1.0,1.0,1.0,1.0,1.0,-1.0,1.0,1.0,1.0,1.0,1.0,-1.0,-1.0,1.0,1.0,0.003434375958747155,0,model_only,
-1.0,-1.0,-1.0,-1.0,-1.0,0.0,1.0,1.0,0.0,-1.0,-1.0,-1.0,1.0,0.0,1.0,-1.0,-1.0,-1.0,0.0,-1.0,-1.0,-1.0,-1.0,1.0,-1.0,1.0,-1.0,-1.0,0.0,-1.0,0.27530178200686817,0,model_only,
-1.0,-1.0,-1.0,-1.0,-1.0,1.0,-1.0,1.0,-1.0,-1.0,-1.0,-1.0,1.0,0.0,1.0,-1.0,-1.0,-1.0,0.0,-1.0,-1.0,-1.0,-1.0,1.0,1.0,1.0,-1.0,-1.0,1.0,-1.0,0.9986138302304536,1,model_only,
-1.0,-1.0,-1.0,-1.0,-1.0,1.0,1.0,1.0,0.0,-1.0,-1.0,-1.0,1.0,1.0,1.0,-1.0,-1.0,-1.0,0.0,-1.0,-1.0,-1.0,-1.0,1.0,1.0,-1.0,1.0,-1.0,1.0,-1.0,0.9994282767150963,1,model_only,
-1.0,-1.0,-1.0,-1.0,-1.0,0.0,-1.0,1.0,0.0,-1.0,-1.0,-1.0,1.0,1.0,1.0,-1.0,-1.0,-1.0,0.0,-1.0,-1.0,-1.0,-1.0,1.0,1.0,1.0,-1.0,-1.0,1.0,-1.0,0.7756995613356349,1,model_only,
-1.0,-1.0,-1.0,1.0,-1.0,0.0,1.0,1.0,1.0,-1.0,-1.0,-1.0,-1.0,1.0,1.0,-1.0,-1.0,-1.0,0.0,-1.0,-1.0,-1.0,-1.0,1.0,-1.0,1.0,0.0,-1.0,0.0,-1.0,0.9672556817623441,1,model_only,
-1.0,-1.0,-1.0,-1.0,-1.0,-1.0,-1.0,-1.0,0.0,-1.0,-1.0,-1.0,1.0,1.0,0.0,-1.0,-1.0,-1.0,0.0,-1.0,-1.0,-1.0,-1.0,-1.0,1.0,1.0,-1.0,1.0,0.0,-1.0,1.7238905856231812e-05,0,model_only,
-1.0,-1.0,-1.0,-1.0,-1.0,0.0,1.0,1.0,1.0,-1.0,-1.0,-1.0,1.0,0.0,0.0,-1.0,-1.0,-1.0,0.0,-1.0,-1.0,-1.0,-1.0,1.0,-1.0,1.0,1.0,-1.0,0.0,-1.0,0.5185587806306498,1,model_only,
-1.0,-1.0,-1.0,-1.0,-1.0,0.0,0.0,0.0,1.0,-1.0,-1.0,-1.0,-1.0,-1.0,-1.0,-1.0,-1.0,-1.0,0.0,-1.0,-1.0,-1.0,-1.0,1.0,-1.0,-1.0,-1.0,-1.0,0.0,-1.0,5.350188306867091e-12,0,model_only,
1.0,-1.0,1.0,-1.0,1.0,0.0,1.0,1.0,0.0,-1.0,-1.0,1.0,-1.0,0.0,-1.0,-1.0,-1.0,1.0,1.0,-1.0,-1.0,-1.0,-1.0,1.0,1.0,1.0,1.0,1.0,1.0,-1.0,0.7132299850167074,1,model_only,
-1.0,-1.0,-1.0,-1.0,-1.0,0.0,1.0,1.0,1.0,-1.0,-1.0,-1.0,-1.0,1.0,0.0,-1.0,-1.0,-1.0,0.0,-1.0,-1.0,-1.0,-1.0,1.0,-1.0,-1.0,0.0,-1.0,0.0,-1.0,0.667264423644633,1,model_only,
-1.0,-1.0,-1.0,-1.0,-1.0,0.0,0.0,1.0,0.0,-1.0,-1.0,-1.0,-1.0,0.0,1.0,-1.0,-1.0,-1.0,0.0,-1.0,-1.0,-1.0,-1.0,-1.0,1.0,1.0,1.0,-1.0,1.0,-1.0,0.6695055157934368,1,model_only,
-1.0,1.0,-1.0,-1.0,-1.0,0.0,-1.0,1.0,-1.0,-1.0,-1.0,-1.0,1.0,0.0,0.0,1.0,-1.0,-1.0,0.0,-1.0,-1.0,-1.0,-1.0,1.0,1.0,1.0,-1.0,-1.0,0.0,-1.0,0.9996021807191013,1,model_only,
-1.0,-1.0,-1.0,-1.0,-1.0,0.0,1.0,1.0,-1.0,-1.0,-1.0,-1.0,1.0,0.0,0.0,-1.0,-1.0,-1.0,0.0,-1.0,-1.0,-1.0,-1.0,1.0,1.0,0.0,-1.0,-1.0,0.0,-1.0,0.7160738756993584,1,model_only,
-1.0,-1.0,-1.0,-1.0,-1.0,0.0,-1.0,1.0,1.0,-1.0,-1.0,-1.0,-1.0,-1.0,-1.0,-1.0,-1.0,-1.0,0.0,-1.0,-1.0,-1.0,-1.0,-1.0,1.0,-1.0,-1.0,-1.0,0.0,-1.0,1.1585042821912708e-05,0,model_only,
-1.0,-1.0,-1.0,-1.0,-1.0,-1.0,1.0,1.0,0.0,-1.0,-1.0,-1.0,1.0,1.0,1.0,-1.0,-1.0,-1.0,0.0,-1.0,-1.0,-1.0,-1.0,1.0,1.0,1.0,1.0,-1.0,0.0,-1.0,0.664469790585606,1,model_only,
-1.0,-1.0,-1.0,-1.0,-1.0,0.0,-1.0,-1.0,0.0,-1.0,-1.0,-1.0,-1.0,-1.0,0.0,-1.0,-1.0,-1.0,0.0,-1.0,-1.0,-1.0,-1.0,-1.0,1.0,-1.0,-1.0,-1.0,0.0,-1.0,1.5026707925723842e-12,0,model_only,
-1.0,-1.0,-1.0,-1.0,-1.0,0.0,-1.0,1.0,-1.0,1.0,1.0,-1.0,1.0,0.0,0.0,-1.0,1.0,-1.0,0.0,1.0,-1.0,1.0,1.0,1.0,1.0,1.0,-1.0,-1.0,1.0,1.0,0.9999779612083901,1,model_only,
-1.0,-1.0,-1.0,-1.0,-1.0,-1.0,0.0,0.0,1.0,1.0,1.0,-1.0,-1.0,-1.0,0.0,-1.0,1.0,-1.0,0.0,1.0,-1.0,1.0,1.0,1.0,1.0,0.0,-1.0,-1.0,0.0,1.0,1.6670377922325499e-06,0,model_only,
-1.0,-1.0,-1.0,-1.0,-1.0,0.0,-1.0,-1.0,1.0,-1.0,-1.0,-1.0,1.0,0.0,0.0,-1.0,-1.0,-1.0,0.0,-1.0,-1.0,-1.0,-1.0,0.0,1.0,1.0,-1.0,-1.0,1.0,-1.0,0.00026115643240039524,0,model_only,
1.0,-1.0,1.0,-1.0,1.0,0.0,-1.0,1.0,-1.0,-1.0,-1.0,1.0,1.0,1.0,1.0,-1.0,-1.0,1.0,1.0,-1.0,-1.0,-1.0,-1.0,1.0,1.0,1.0,1.0,-1.0,1.0,-1.0,0.9924412912854197,1,model_only,
-1.0,-1.0,-1.0,-1.0,-1.0,0.0,0.0,-1.0,-1.0,-1.0,-1.0,-1.0,1.0,0.0,0.0,-1.0,-1.0,-1.0,0.0,-1.0,-1.0,-1.0,-1.0,-1.0,-1.0,1.0,-1.0,-1.0,0.0,-1.0,0.0004735447061925552,0,model_only,
-1.0,-1.0,-1.0,-1.0,-1.0,0.0,0.0,-1.0,1.0,-1.0,-1.0,-1.0,-1.0,-1.0,0.0,-1.0,-1.0,-1.0,0.0,-1.0,-1.0,-1.0,-1.0,-1.0,-1.0,-1.0,-1.0,-1.0,0.0,-1.0,1.5506151622325597e-13,0,model_only,
-1.0,-1.0,-1.0,-1.0,-1.0,-1.0,0.0,0.0,-1.0,-1.0,-1.0,-1.0,1.0,-1.0,-1.0,-1.0,-1.0,-1.0,0.0,-1.0,-1.0,-1.0,-1.0,1.0,1.0,-1.0,-1.0,-1.0,1.0,-1.0,1.3477172055848096e-08,0,model_only,
-1.0,-1.0,-1.0,-1.0,-1.0,1.0,0.0,1.0,-1.0,-1.0,-1.0,-1.0,1.0,1.0,1.0,-1.0,-1.0,-1.0,0.0,-1.0,-1.0,-1.0,-1.0,-1.0,-1.0,1.0,-1.0,-1.0,0.0,-1.0,0.9999954964064467,1,model_only,
-1.0,-1.0,-1.0,-1.0,-1.0,0.0,0.0,1.0,0.0,-1.0,-1.0,-1.0,1.0,1.0,0.0,-1.0,-1.0,-1.0,0.0,-1.0,-1.0,-1.0,-1.0,-1.0,-1.0,1.0,-1.0,-1.0,0.0,-1.0,0.9029616281543559,1,model_only,
-1.0,-1.0,-1.0,-1.0,-1.0,-1.0,1.0,-1.0,1.0,1.0,1.0,-1.0,-1.0,0.0,-1.0,-1.0,1.0,-1.0,0.0,1.0,-1.0,1.0,1.0,1.0,1.0,1.0,-1.0,-1.0,1.0,1.0,0.01101515232661976,0,model_only,
-1.0,-1.0,-1.0,-1.0,-1.0,-1.0,1.0,1.0,-1.0,1.0,1.0,-1.0,1.0,1.0,1.0,-1.0,1.0,-1.0,0.0,1.0,-1.0,1.0,1.0,1.0,1.0,1.0,-1.0,-1.0,1.0,1.0,0.99996964144441,1,model_only,
-1.0,1.0,-1.0,-1.0,-1.0,0.0,-1.0,1.0,0.0,-1.0,-1.0,-1.0,-1.0,1.0,0.0,1.0,-1.0,-1.0,0.0,-1.0,-1.0,-1.0,-1.0,-1.0,1.0,-1.0,-1.0,-1.0,1.0,-1.0,0.998991174031412,1,model_only,
-1.0,-1.0,-1.0,-1.0,-1.0,-1.0,-1.0,1.0,1.0,-1.0,-1.0,-1.0,-1.0,0.0,-1.0,-1.0,-1.0,-1.0,0.0,-1.0,-1.0,-1.0,-1.0,-1.0,-1.0,0.0,-1.0,1.0,0.0,-1.0,7.126818895984533e-05,0,model_only,
-1.0,-1.0,-1.0,-1.0,-1.0,1.0,0.0,-1.0,-1.0,-1.0,-1.0,-1.0,1.0,0.0,0.0,-1.0,-1.0,-1.0,0.0,-1.0,-1.0,-1.0,-1.0,0.0,-1.0,1.0,-1.0,-1.0,0.0,-1.0,0.5464643171900831,1,model_only,
-1.0,-1.0,-1.0,-1.0,-1.0,-1.0,-1.0,-1.0,1.0,-1.0,-1.0,-1.0,-1.0,0.0,-1.0,-1.0,-1.0,-1.0,0.0,-1.0,-1.0,-1.0,-1.0,-1.0,1.0,0.0,-1.0,-1.0,1.0,-1.0,4.992756716929926e-12,0,model_only,
-1.0,-1.0,-1.0,-1.0,-1.0,1.0,-1.0,1.0,0.0,-1.0,-1.0,-1.0,1.0,1.0,1.0,-1.0,-1.0,-1.0,0.0,-1.0,-1.0,-1.0,-1.0,1.0,-1.0,1.0,-1.0,-1.0,0.0,-1.0,0.9977600728411334,1,model_only,
-1.0,-1.0,-1.0,-1.0,-1.0,0.0,-1.0,-1.0,1.0,1.0,1.0,-1.0,-1.0,-1.0,0.0,-1.0,1.0,-1.0,0.0,1.0,-1.0,1.0,1.0,-1.0,1.0,-1.0,0.0,-1.0,0.0,1.0,0.0796649138599011,0,model_only,
1.0,-1.0,1.0,-1.0,1.0,0.0,-1.0,1.0,-1.0,-1.0,-1.0,1.0,1.0,0.0,0.0,-1.0,-1.0,1.0,1.0,-1.0,-1.0,-1.0,-1.0,-1.0,1.0,1.0,1.0,-1.0,1.0,-1.0,0.9983510094417173,1,model_only,
-1.0,-1.0,-1.0,-1.0,-1.0,-1.0,1.0,-1.0,1.0,-1.0,-1.0,-1.0,-1.0,0.0,1.0,-1.0,-1.0,-1.0,0.0,-1.0,-1.0,-1.0,-1.0,1.0,1.0,1.0,-1.0,-1.0,1.0,-1.0,4.1342556837153346e-11,0,model_only,
-1.0,-1.0,-1.0,-1.0,-1.0,-1.0,1.0,-1.0,1.0,-1.0,-1.0,-1.0,-1.0,-1.0,-1.0,-1.0,-1.0,-1.0,0.0,-1.0,-1.0,-1.0,-1.0,1.0,1.0,0.0,-1.0,-1.0,0.0,-1.0,4.560352027976999e-15,0,model_only,
-1.0,-1.0,-1.0,-1.0,-1.0,0.0,-1.0,-1.0,-1.0,-1.0,-1.0,-1.0,1.0,0.0,-1.0,-1.0,-1.0,-1.0,0.0,-1.0,-1.0,-1.0,-1.0,1.0,1.0,-1.0,0.0,-1.0,1.0,-1.0,0.0010698791059311516,0,model_only,
1.0,-1.0,1.0,-1.0,1.0,0.0,0.0,-1.0,0.0,1.0,1.0,1.0,1.0,-1.0,1.0,-1.0,1.0,1.0,1.0,1.0,-1.0,1.0,1.0,-1.0,1.0,-1.0,-1.0,-1.0,1.0,1.0,0.07335316098529832,0,model_only,
-1.0,-1.0,-1.0,-1.0,-1.0,-1.0,-1.0,-1.0,1.0,-1.0,-1.0,-1.0,-1.0,-1.0,-1.0,-1.0,-1.0,-1.0,0.0,-1.0,-1.0,-1.0,-1.0,-1.0,1.0,-1.0,-1.0,1.0,1.0,-1.0,2.6639917507128005e-14,0,model_only,
-1.0,-1.0,-1.0,-1.0,-1.0,0.0,0.0,1.0,-1.0,-1.0,-1.0,-1.0,1.0,0.0,1.0,-1.0,-1.0,-1.0,0.0,-1.0,-1.0,-1.0,-1.0,-1.0,1.0,1.0,-1.0,-1.0,1.0,-1.0,0.9863540934665876,1,model_only,
-1.0,-1.0,-1.0,-1.0,-1.0,-1.0,0.0,-1.0,1.0,1.0,1.0,-1.0,-1.0,-1.0,0.0,-1.0,1.0,-1.0,0.0,1.0,-1.0,1.0,1.0,1.0,1.0,0.0,-1.0,1.0,1.0,1.0,5.1098812240815266e-06,0,model_only,
-1.0,-1.0,-1.0,-1.0,-1.0,1.0,1.0,-1.0,-1.0,-1.0,-1.0,-1.0,1.0,1.0,0.0,-1.0,-1.0,-1.0,0.0,-1.0,-1.0,-1.0,-1.0,1.0,1.0,-1.0,-1.0,-1.0,1.0,-1.0,0.7935997355407345,1,model_only,
-1.0,-1.0,-1.0,-1.0,-1.0,1.0,0.0,1.0,-1.0,-1.0,-1.0,-1.0,1.0,1.0,-1.0,-1.0,-1.0,-1.0,0.0,-1.0,-1.0,-1.0,-1.0,-1.0,-1.0,0.0,-1.0,-1.0,0.0,-1.0,0.9572268237473867,1,model_only,
-1.0,-1.0,-1.0,-1.0,-1.0,-1.0,-1.0,-1.0,1.0,-1.0,-1.0,-1.0,1.0,0.0,0.0,-1.0,-1.0,-1.0,0.0,-1.0,-1.0,-1.0,-1.0,-1.0,1.0,1.0,-1.0,-1.0,1.0,-1.0,2.1829718652541424e-07,0,model_only,
-1.0,-1.0,-1.0,-1.0,-1.0,0.0,0.0,0.0,1.0,-1.0,-1.0,-1.0,-1.0,-1.0,0.0,-1.0,-1.0,-1.0,0.0,-1.0,-1.0,-1.0,-1.0,1.0,1.0,-1.0,0.0,-1.0,0.0,-1.0,2.339196181846056e-10,0,model_only,
1.0,-1.0,1.0,-1.0,1.0,0.0,0.0,1.0,-1.0,-1.0,-1.0,1.0,1.0,0.0,-1.0,-1.0,-1.0,1.0,1.0,-1.0,-1.0,-1.0,-1.0,-1.0,1.0,1.0,1.0,-1.0,1.0,-1.0,0.8070568628921836,1,model_only,
-1.0,1.0,-1.0,-1.0,-1.0,-1.0,0.0,0.0,1.0,-1.0,-1.0,-1.0,-1.0,-1.0,0.0,1.0,-1.0,-1.0,0.0,-1.0,-1.0,-1.0,-1.0,1.0,1.0,0.0,-1.0,-1.0,0.0,-1.0,6.770186520070867e-13,0,model_only,
-1.0,1.0,-1.0,-1.0,-1.0,0.0,0.0,0.0,0.0,-1.0,-1.0,-1.0,1.0,-1.0,0.0,1.0,-1.0,-1.0,0.0,-1.0,-1.0,-1.0,-1.0,1.0,1.0,-1.0,-1.0,-1.0,1.0,-1.0,3.340618440079074e-06,0,model_only,
-1.0,1.0,-1.0,-1.0,-1.0,1.0,1.0,1.0,1.0,1.0,1.0,-1.0,-1.0,0.0,-1.0,1.0,1.0,-1.0,0.0,1.0,1.0,1.0,1.0,1.0,1.0,1.0,1.0,-1.0,1.0,1.0,0.9999997685538973,1,model_only,
-1.0,-1.0,-1.0,-1.0,-1.0,-1.0,-1.0,-1.0,1.0,-1.0,-1.0,-1.0,-1.0,0.0,-1.0,-1.0,-1.0,-1.0,0.0,-1.0,-1.0,-1.0,-1.0,0.0,-1.0,0.0,-1.0,1.0,0.0,-1.0,5.414928365057735e-12,0,model_only,
-1.0,-1.0,-1.0,-1.0,-1.0,0.0,1.0,-1.0,1.0,-1.0,-1.0,-1.0,-1.0,-1.0,-1.0,-1.0,-1.0,-1.0,0.0,-1.0,-1.0,-1.0,-1.0,1.0,-1.0,-1.0,0.0,1.0,0.0,-1.0,6.198045274708643e-12,0,model_only,
1.0,-1.0,1.0,-1.0,1.0,0.0,-1.0,1.0,-1.0,-1.0,-1.0,1.0,1.0,0.0,0.0,-1.0,-1.0,1.0,1.0,-1.0,-1.0,-1.0,-1.0,1.0,1.0,1.0,1.0,-1.0,1.0,-1.0,0.9878839122186842,1,model_only,
-1.0,-1.0,-1.0,-1.0,-1.0,0.0,1.0,1.0,0.0,-1.0,-1.0,-1.0,1.0,0.0,-1.0,-1.0,-1.0,-1.0,0.0,-1.0,-1.0,-1.0,-1.0,-1.0,-1.0,0.0,-1.0,1.0,0.0,-1.0,0.6302997664809744,1,model_only,
-1.0,-1.0,-1.0,-1.0,-1.0,0.0,0.0,-1.0,1.0,-1.0,-1.0,-1.0,1.0,0.0,0.0,-1.0,-1.0,-1.0,0.0,-1.0,-1.0,-1.0,-1.0,0.0,-1.0,1.0,1.0,-1.0,1.0,-1.0,0.00015705040446196638,0,model_only,
-1.0,-1.0,-1.0,-1.0,-1.0,-1.0,0.0,-1.0,1.0,-1.0,-1.0,-1.0,-1.0,-1.0,0.0,-1.0,-1.0,-1.0,0.0,-1.0,-1.0,-1.0,-1.0,-1.0,-1.0,0.0,-1.0,-1.0,1.0,-1.0,2.2727884480607087e-13,0,model_only,
-1.0,-1.0,-1.0,-1.0,-1.0,-1.0,0.0,0.0,0.0,-1.0,-1.0,-1.0,1.0,-1.0,0.0,-1.0,-1.0,-1.0,0.0,-1.0,-1.0,-1.0,-1.0,1.0,-1.0,1.0,-1.0,-1.0,0.0,-1.0,1.821740757848319e-10,0,model_only,
-1.0,-1.0,-1.0,-1.0,-1.0,-1.0,-1.0,1.0,-1.0,-1.0,-1.0,-1.0,1.0,1.0,0.0,-1.0,-1.0,-1.0,0.0,-1.0,-1.0,-1.0,-1.0,1.0,-1.0,1.0,-1.0,-1.0,1.0,-1.0,0.8453660364841609,1,model_only,
-1.0,1.0,-1.0,1.0,-1.0,-1.0,-1.0,-1.0,0.0,-1.0,-1.0,-1.0,-1.0,-1.0,0.0,1.0,-1.0,-1.0,0.0,-1.0,-1.0,-1.0,-1.0,-1.0,-1.0,-1.0,-1.0,-1.0,0.0,-1.0,1.2406202681730783e-14,0,model_only,
-1.0,-1.0,-1.0,-1.0,-1.0,0.0,-1.0,1.0,1.0,-1.0,-1.0,-1.0,1.0,1.0,0.0,-1.0,-1.0,-1.0,0.0,-1.0,-1.0,-1.0,-1.0,1.0,-1.0,1.0,-1.0,-1.0,0.0,-1.0,0.6715570305371944,1,model_only,
-1.0,1.0,-1.0,-1.0,-1.0,-1.0,1.0,1.0,-1.0,1.0,1.0,-1.0,1.0,0.0,1.0,1.0,1.0,-1.0,0.0,1.0,1.0,1.0,1.0,1.0,-1.0,0.0,-1.0,-1.0,1.0,1.0,0.9621330265151001,1,model_only,
-1.0,-1.0,-1.0,-1.0,-1.0,-1.0,-1.0,-1.0,1.0,-1.0,-1.0,-1.0,-1.0,0.0,-1.0,-1.0,-1.0,-1.0,0.0,-1.0,-1.0,-1.0,-1.0,0.0,-1.0,0.0,-1.0,-1.0,1.0,-1.0,2.6681755686799093e-11,0,model_only,
1.0,-1.0,1.0,-1.0,1.0,0.0,-1.0,-1.0,0.0,1.0,1.0,1.0,-1.0,-1.0,1.0,-1.0,1.0,1.0,1.0,1.0,1.0,1.0,1.0,1.0,1.0,1.0,0.0,-1.0,1.0,1.0,0.0001365969073849917,0,model_only,
-1.0,-1.0,-1.0,-1.0,-1.0,-1.0,-1.0,-1.0,0.0,-1.0,-1.0,-1.0,1.0,-1.0,0.0,-1.0,-1.0,-1.0,0.0,-1.0,-1.0,-1.0,-1.0,-1.0,1.0,0.0,-1.0,-1.0,1.0,-1.0,1.2834281573227143e-11,0,model_only,
-1.0,-1.0,-1.0,-1.0,-1.0,0.0,-1.0,1.0,0.0,-1.0,-1.0,-1.0,1.0,0.0,1.0,-1.0,-1.0,-1.0,0.0,-1.0,-1.0,-1.0,-1.0,1.0,1.0,-1.0,1.0,-1.0,1.0,-1.0,0.9968794218419577,1,model_only,
-1.0,-1.0,-1.0,-1.0,-1.0,-1.0,1.0,-1.0,1.0,-1.0,-1.0,-1.0,-1.0,-1.0,-1.0,-1.0,-1.0,-1.0,0.0,-1.0,-1.0,-1.0,-1.0,1.0,1.0,-1.0,-1.0,-1.0,0.0,-1.0,6.37374536531448e-15,0,model_only,
-1.0,-1.0,-1.0,-1.0,-1.0,0.0,1.0,-1.0,1.0,-1.0,-1.0,-1.0,-1.0,-1.0,1.0,-1.0,-1.0,-1.0,0.0,-1.0,-1.0,-1.0,-1.0,1.0,1.0,-1.0,-1.0,-1.0,1.0,-1.0,8.045320690406556e-11,0,model_only,
-1.0,-1.0,-1.0,-1.0,-1.0,-1.0,-1.0,1.0,1.0,1.0,1.0,-1.0,-1.0,0.0,-1.0,-1.0,1.0,-1.0,0.0,1.0,-1.0,1.0,1.0,-1.0,1.0,0.0,-1.0,-1.0,0.0,1.0,0.6685149006620991,1,model_only,
-1.0,-1.0,-1.0,-1.0,-1.0,0.0,-1.0,-1.0,0.0,-1.0,-1.0,-1.0,1.0,0.0,-1.0,-1.0,-1.0,-1.0,0.0,-1.0,-1.0,-1.0,-1.0,-1.0,-1.0,0.0,1.0,-1.0,0.0,-1.0,1.9804546830163473e-07,0,model_only,
-1.0,-1.0,-1.0,-1.0,-1.0,-1.0,-1.0,1.0,0.0,1.0,1.0,-1.0,-1.0,0.0,1.0,-1.0,1.0,-1.0,0.0,1.0,-1.0,1.0,1.0,-1.0,1.0,0.0,-1.0,-1.0,0.0,1.0,0.9846137085572599,1,model_only,
-1.0,-1.0,-1.0,-1.0,-1.0,0.0,1.0,1.0,1.0,-1.0,-1.0,-1.0,-1.0,1.0,0.0,-1.0,-1.0,-1.0,0.0,-1.0,-1.0,-1.0,-1.0,1.0,-1.0,1.0,1.0,-1.0,0.0,-1.0,0.6702494114842309,1,model_only,
1.0,-1.0,1.0,-1.0,1.0,0.0,0.0,1.0,0.0,-1.0,-1.0,1.0,1.0,0.0,0.0,-1.0,-1.0,1.0,1.0,-1.0,-1.0,-1.0,-1.0,0.0,1.0,1.0,-1.0,-1.0,1.0,-1.0,0.7623462700858924,1,model_only,
-1.0,1.0,-1.0,-1.0,-1.0,0.0,0.0,-1.0,-1.0,-1.0,-1.0,-1.0,1.0,0.0,0.0,1.0,-1.0,-1.0,0.0,-1.0,-1.0,-1.0,-1.0,-1.0,-1.0,1.0,-1.0,-1.0,0.0,-1.0,0.0013341680408694408,0,model_only,
-1.0,-1.0,-1.0,-1.0,-1.0,-1.0,0.0,-1.0,1.0,1.0,1.0,-1.0,-1.0,-1.0,0.0,-1.0,1.0,-1.0,0.0,1.0,-1.0,1.0,1.0,-1.0,1.0,-1.0,-1.0,-1.0,0.0,1.0,2.3784942559959698e-07,0,model_only,
-1.0,-1.0,-1.0,-1.0,-1.0,1.0,0.0,1.0,0.0,1.0,1.0,-1.0,-1.0,1.0,1.0,-1.0,1.0,-1.0,0.0,1.0,-1.0,1.0,1.0,-1.0,1.0,1.0,-1.0,-1.0,1.0,1.0,0.9999999934536087,1,model_only,
-1.0,-1.0,-1.0,-1.0,-1.0,-1.0,-1.0,1.0,0.0,-1.0,-1.0,-1.0,-1.0,0.0,0.0,-1.0,-1.0,-1.0,0.0,-1.0,-1.0,-1.0,-1.0,-1.0,1.0,0.0,-1.0,-1.0,0.0,-1.0,0.2058634166758966,0,model_only,
-1.0,-1.0,-1.0,-1.0,-1.0,0.0,-1.0,1.0,-1.0,-1.0,-1.0,-1.0,1.0,0.0,0.0,-1.0,-1.0,-1.0,0.0,-1.0,-1.0,-1.0,-1.0,1.0,-1.0,1.0,1.0,-1.0,0.0,-1.0,0.992766028163275,1,model_only,
-1.0,-1.0,-1.0,-1.0,-1.0,0.0,0.0,0.0,1.0,-1.0,-1.0,-1.0,-1.0,0.0,0.0,-1.0,-1.0,-1.0,0.0,-1.0,-1.0,-1.0,-1.0,1.0,1.0,-1.0,1.0,1.0,1.0,-1.0,0.41869801443641114,0,model_only,
-1.0,-1.0,-1.0,-1.0,-1.0,-1.0,0.0,0.0,0.0,-1.0,-1.0,-1.0,-1.0,-1.0,0.0,-1.0,-1.0,-1.0,0.0,-1.0,-1.0,-1.0,-1.0,1.0,1.0,-1.0,-1.0,1.0,0.0,-1.0,2.6325776392631584e-10,0,model_only,
-1.0,-1.0,-1.0,1.0,-1.0,0.0,-1.0,1.0,1.0,-1.0,-1.0,-1.0,-1.0,1.0,1.0,-1.0,-1.0,-1.0,0.0,-1.0,-1.0,-1.0,-1.0,-1.0,-1.0,1.0,-1.0,1.0,0.0,-1.0,0.9999951657313094,1,model_only,
1.0,-1.0,1.0,-1.0,1.0,0.0,-1.0,1.0,-1.0,-1.0,-1.0,1.0,1.0,0.0,0.0,-1.0,-1.0,1.0,1.0,-1.0,-1.0,-1.0,-1.0,1.0,1.0,1.0,-1.0,-1.0,1.0,-1.0,0.978736430422949,1,model_only,
1.0,-1.0,1.0,-1.0,1.0,0.0,-1.0,1.0,0.0,-1.0,-1.0,1.0,1.0,0.0,-1.0,-1.0,-1.0,1.0,1.0,-1.0,-1.0,-1.0,-1.0,1.0,1.0,1.0,0.0,-1.0,1.0,-1.0,0.6680320228479643,1,model_only,
-1.0,-1.0,-1.0,-1.0,-1.0,0.0,0.0,0.0,0.0,-1.0,-1.0,-1.0,-1.0,0.0,0.0,-1.0,-1.0,-1.0,0.0,-1.0,-1.0,-1.0,-1.0,1.0,1.0,0.0,0.0,-1.0,1.0,-1.0,0.003200882054035693,0,model_only,
-1.0,-1.0,-1.0,-1.0,-1.0,0.0,1.0,1.0,-1.0,1.0,1.0,-1.0,1.0,0.0,-1.0,-1.0,1.0,-1.0,0.0,1.0,-1.0,1.0,1.0,1.0,-1.0,1.0,1.0,-1.0,1.0,1.0,0.9999799812815272,1,model_only,
-1.0,-1.0,-1.0,-1.0,-1.0,0.0,0.0,1.0,0.0,-1.0,-1.0,-1.0,1.0,0.0,1.0,-1.0,-1.0,-1.0,0.0,-1.0,-1.0,-1.0,-1.0,-1.0,-1.0,1.0,-1.0,-1.0,0.0,-1.0,0.9481097998866314,1,model_only,
-1.0,1.0,-1.0,-1.0,-1.0,0.0,0.0,-1.0,0.0,1.0,1.0,-1.0,1.0,1.0,-1.0,1.0,1.0,-1.0,0.0,1.0,-1.0,1.0,1.0,-1.0,-1.0,1.0,-1.0,-1.0,1.0,1.0,0.9953605507771309,1,model_only,
-1.0,-1.0,-1.0,-1.0,-1.0,0.0,-1.0,-1.0,1.0,-1.0,-1.0,-1.0,-1.0,0.0,0.0,-1.0,-1.0,-1.0,0.0,-1.0,-1.0,-1.0,-1.0,-1.0,1.0,-1.0,1.0,-1.0,1.0,-1.0,1.7212667364459527e-07,0,model_only,
-1.0,-1.0,-1.0,-1.0,-1.0,0.0,0.0,1.0,0.0,-1.0,-1.0,-1.0,1.0,1.0,0.0,-1.0,-1.0,-1.0,0.0,-1.0,-1.0,-1.0,-1.0,-1.0,-1.0,1.0,1.0,-1.0,0.0,-1.0,0.9487684891345228,1,model_only,
-1.0,1.0,-1.0,-1.0,-1.0,0.0,-1.0,-1.0,-1.0,-1.0,-1.0,-1.0,1.0,-1.0,0.0,1.0,-1.0,-1.0,0.0,-1.0,-1.0,-1.0,-1.0,-1.0,1.0,-1.0,0.0,-1.0,0.0,-1.0,3.4498984152057094e-10,0,model_only,
-1.0,-1.0,-1.0,-1.0,-1.0,1.0,-1.0,1.0,1.0,-1.0,-1.0,-1.0,-1.0,0.0,1.0,-1.0,-1.0,-1.0,0.0,-1.0,-1.0,-1.0,-1.0,-1.0,-1.0,-1.0,-1.0,-1.0,1.0,-1.0,0.996163953028898,1,model_only,
-1.0,-1.0,-1.0,-1.0,-1.0,0.0,1.0,1.0,-1.0,-1.0,-1.0,-1.0,1.0,0.0,0.0,-1.0,-1.0,-1.0,0.0,-1.0,-1.0,-1.0,-1.0,1.0,-1.0,1.0,1.0,-1.0,0.0,-1.0,0.9358259608499546,1,model_only,
-1.0,-1.0,-1.0,-1.0,-1.0,0.0,0.0,1.0,1.0,-1.0,-1.0,-1.0,-1.0,1.0,1.0,-1.0,-1.0,-1.0,0.0,-1.0,-1.0,-1.0,-1.0,-1.0,-1.0,1.0,-1.0,-1.0,0.0,-1.0,0.7085441386318171,1,model_only,
-1.0,-1.0,-1.0,-1.0,-1.0,-1.0,-1.0,-1.0,1.0,-1.0,-1.0,-1.0,-1.0,-1.0,-1.0,-1.0,-1.0,-1.0,0.0,-1.0,-1.0,-1.0,-1.0,-1.0,1.0,0.0,-1.0,-1.0,0.0,-1.0,4.0485316746762893e-16,0,model_only,
-1.0,-1.0,-1.0,-1.0,-1.0,1.0,-1.0,1.0,-1.0,-1.0,-1.0,-1.0,1.0,0.0,0.0,-1.0,-1.0,-1.0,0.0,-1.0,-1.0,-1.0,-1.0,1.0,-1.0,1.0,-1.0,-1.0,0.0,-1.0,0.9997107218520093,1,model_only,
-1.0,-1.0,-1.0,-1.0,-1.0,0.0,0.0,1.0,0.0,-1.0,-1.0,-1.0,1.0,0.0,0.0,-1.0,-1.0,-1.0,0.0,-1.0,-1.0,-1.0,-1.0,-1.0,-1.0,1.0,-1.0,-1.0,0.0,-1.0,0.7423132679478511,1,model_only,
-1.0,-1.0,-1.0,1.0,-1.0,-1.0,0.0,-1.0,0.0,-1.0,-1.0,-1.0,1.0,-1.0,0.0,-1.0,-1.0,-1.0,0.0,-1.0,-1.0,-1.0,-1.0,-1.0,-1.0,-1.0,-1.0,1.0,1.0,-1.0,4.2274061508540396e-11,0,model_only,
-1.0,-1.0,-1.0,-1.0,-1.0,-1.0,-1.0,-1.0,-1.0,-1.0,-1.0,-1.0,1.0,0.0,0.0,-1.0,-1.0,-1.0,0.0,-1.0,-1.0,-1.0,-1.0,1.0,-1.0,0.0,-1.0,1.0,0.0,-1.0,4.4881978094513235e-07,0,model_only,
-1.0,1.0,-1.0,-1.0,-1.0,0.0,0.0,-1.0,-1.0,-1.0,-1.0,-1.0,1.0,0.0,1.0,1.0,-1.0,-1.0,0.0,-1.0,-1.0,-1.0,-1.0,0.0,-1.0,1.0,-1.0,-1.0,0.0,-1.0,0.0008784163651171525,0,model_only,
1.0,-1.0,1.0,-1.0,1.0,1.0,-1.0,1.0,0.0,-1.0,-1.0,1.0,1.0,1.0,-1.0,-1.0,-1.0,1.0,1.0,-1.0,-1.0,-1.0,-1.0,1.0,-1.0,1.0,-1.0,-1.0,1.0,-1.0,0.9782237014874099,1,model_only,
-1.0,-1.0,-1.0,-1.0,-1.0,0.0,0.0,1.0,1.0,-1.0,-1.0,-1.0,-1.0,0.0,-1.0,-1.0,-1.0,-1.0,0.0,-1.0,-1.0,-1.0,-1.0,-1.0,-1.0,1.0,-1.0,-1.0,0.0,-1.0,0.49941605886944584,0,model_only,
-1.0,-1.0,-1.0,-1.0,-1.0,1.0,0.0,1.0,1.0,-1.0,-1.0,-1.0,-1.0,0.0,-1.0,-1.0,-1.0,-1.0,0.0,-1.0,-1.0,-1.0,-1.0,0.0,-1.0,1.0,1.0,-1.0,1.0,-1.0,0.7630940444682627,1,model_only,
-1.0,1.0,-1.0,-1.0,-1.0,1.0,1.0,1.0,-1.0,1.0,1.0,-1.0,1.0,1.0,1.0,1.0,1.0,-1.0,0.0,1.0,-1.0,1.0,1.0,1.0,1.0,1.0,1.0,-1.0,1.0,1.0,0.9999999986655513,1,model_only,
-1.0,-1.0,-1.0,-1.0,-1.0,-1.0,-1.0,-1.0,0.0,-1.0,-1.0,-1.0,-1.0,0.0,0.0,-1.0,-1.0,-1.0,0.0,-1.0,-1.0,-1.0,-1.0,-1.0,-1.0,1.0,-1.0,1.0,0.0,-1.0,1.8714002673422084e-09,0,model_only,
-1.0,1.0,-1.0,-1.0,-1.0,0.0,0.0,0.0,-1.0,-1.0,-1.0,-1.0,1.0,-1.0,-1.0,1.0,-1.0,-1.0,0.0,-1.0,-1.0,-1.0,-1.0,1.0,1.0,-1.0,-1.0,1.0,1.0,-1.0,0.00041989067209652337,0,model_only,
1.0,1.0,1.0,-1.0,1.0,1.0,1.0,1.0,-1.0,-1.0,-1.0,1.0,1.0,0.0,0.0,1.0,-1.0,1.0,1.0,-1.0,-1.0,-1.0,-1.0,1.0,1.0,1.0,-1.0,-1.0,1.0,-1.0,0.9999997827121327,1,model_only,
-1.0,-1.0,-1.0,-1.0,-1.0,0.0,-1.0,1.0,0.0,-1.0,-1.0,-1.0,-1.0,0.0,-1.0,-1.0,-1.0,-1.0,0.0,-1.0,-1.0,-1.0,-1.0,1.0,-1.0,1.0,1.0,-1.0,0.0,-1.0,0.6670079895692481,1,model_only,
-1.0,-1.0,-1.0,-1.0,-1.0,0.0,-1.0,-1.0,1.0,-1.0,-1.0,-1.0,-1.0,0.0,0.0,-1.0,-1.0,-1.0,0.0,-1.0,-1.0,-1.0,-1.0,-1.0,1.0,-1.0,0.0,-1.0,0.0,-1.0,1.5420197678467788e-09,0,model_only,
-1.0,-1.0,-1.0,-1.0,-1.0,0.0,-1.0,-1.0,0.0,-1.0,-1.0,-1.0,-1.0,-1.0,-1.0,-1.0,-1.0,-1.0,0.0,-1.0,-1.0,-1.0,-1.0,1.0,1.0,-1.0,0.0,-1.0,0.0,-1.0,1.4831303640166063e-12,0,model_only,
-1.0,-1.0,-1.0,-1.0,-1.0,0.0,0.0,-1.0,1.0,-1.0,-1.0,-1.0,-1.0,-1.0,-1.0,-1.0,-1.0,-1.0,0.0,-1.0,-1.0,-1.0,-1.0,-1.0,1.0,-1.0,-1.0,-1.0,0.0,-1.0,2.6011885137891693e-14,0,model_only,
-1.0,-1.0,-1.0,-1.0,-1.0,0.0,-1.0,1.0,0.0,-1.0,-1.0,-1.0,-1.0,1.0,1.0,-1.0,-1.0,-1.0,0.0,-1.0,-1.0,-1.0,-1.0,1.0,-1.0,1.0,1.0,-1.0,0.0,-1.0,0.7076530459777716,1,model_only,
-1.0,-1.0,-1.0,-1.0,-1.0,-1.0,1.0,-1.0,-1.0,-1.0,-1.0,-1.0,1.0,0.0,1.0,-1.0,-1.0,-1.0,0.0,-1.0,-1.0,-1.0,-1.0,1.0,1.0,0.0,-1.0,-1.0,0.0,-1.0,9.783196031257415e-08,0,model_only,
-1.0,-1.0,-1.0,-1.0,-1.0,0.0,1.0,1.0,0.0,-1.0,-1.0,-1.0,1.0,1.0,1.0,-1.0,-1.0,-1.0,0.0,-1.0,-1.0,-1.0,-1.0,0.0,-1.0,1.0,-1.0,-1.0,0.0,-1.0,0.931686053259321,1,model_only,
1.0,-1.0,1.0,-1.0,1.0,1.0,0.0,1.0,0.0,-1.0,-1.0,1.0,1.0,1.0,-1.0,-1.0,-1.0,1.0,1.0,-1.0,-1.0,-1.0,-1.0,-1.0,-1.0,1.0,-1.0,-1.0,1.0,-1.0,0.992316530522939,1,model_only,
-1.0,-1.0,-1.0,-1.0,-1.0,0.0,-1.0,1.0,0.0,-1.0,-1.0,-1.0,-1.0,0.0,0.0,-1.0,-1.0,-1.0,0.0,-1.0,-1.0,-1.0,-1.0,-1.0,-1.0,1.0,0.0,-1.0,0.0,-1.0,0.691179625108972,1,model_only,
-1.0,-1.0,-1.0,-1.0,-1.0,1.0,0.0,1.0,1.0,1.0,1.0,-1.0,-1.0,1.0,1.0,-1.0,1.0,-1.0,0.0,1.0,-1.0,1.0,1.0,0.0,-1.0,1.0,-1.0,-1.0,1.0,1.0,0.9999999984017401,1,model_only,
-1.0,-1.0,-1.0,-1.0,-1.0,-1.0,-1.0,1.0,-1.0,-1.0,-1.0,-1.0,1.0,0.0,0.0,-1.0,-1.0,-1.0,0.0,-1.0,-1.0,-1.0,-1.0,1.0,1.0,0.0,-1.0,-1.0,0.0,-1.0,0.6686442340898232,1,model_only,
-1.0,-1.0,-1.0,-1.0,-1.0,-1.0,-1.0,-1.0,0.0,1.0,1.0,-1.0,1.0,1.0,0.0,-1.0,1.0,-1.0,0.0,1.0,1.0,1.0,1.0,-1.0,1.0,0.0,-1.0,-1.0,0.0,1.0,0.5889766611046081,1,model_only,
-1.0,-1.0,-1.0,1.0,-1.0,-1.0,-1.0,-1.0,1.0,-1.0,-1.0,-1.0,1.0,-1.0,0.0,-1.0,-1.0,-1.0,0.0,-1.0,-1.0,-1.0,-1.0,-1.0,-1.0,-1.0,-1.0,-1.0,1.0,-1.0,6.08085175106311e-13,0,model_only,
-1.0,-1.0,-1.0,-1.0,-1.0,0.0,-1.0,-1.0,0.0,1.0,1.0,-1.0,1.0,-1.0,0.0,-1.0,1.0,-1.0,0.0,1.0,-1.0,1.0,1.0,-1.0,-1.0,0.0,0.0,-1.0,1.0,1.0,0.496510637172976,0,model_only,
-1.0,-1.0,-1.0,-1.0,-1.0,-1.0,-1.0,1.0,0.0,-1.0,-1.0,-1.0,1.0,0.0,-1.0,-1.0,-1.0,-1.0,0.0,-1.0,-1.0,-1.0,-1.0,1.0,-1.0,1.0,-1.0,1.0,0.0,-1.0,0.12654973313667234,0,model_only,
-1.0,-1.0,-1.0,-1.0,-1.0,0.0,1.0,1.0,-1.0,-1.0,-1.0,-1.0,1.0,0.0,0.0,-1.0,-1.0,-1.0,0.0,-1.0,-1.0,-1.0,-1.0,-1.0,1.0,0.0,-1.0,1.0,1.0,-1.0,0.9885925807122393,1,model_only,
-1.0,-1.0,-1.0,-1.0,-1.0,-1.0,-1.0,1.0,0.0,-1.0,-1.0,-1.0,1.0,0.0,-1.0,-1.0,-1.0,-1.0,0.0,-1.0,-1.0,-1.0,-1.0,-1.0,1.0,0.0,-1.0,1.0,0.0,-1.0,0.012843262712914775,0,model_only,
-1.0,-1.0,-1.0,-1.0,-1.0,-1.0,-1.0,-1.0,1.0,1.0,1.0,-1.0,-1.0,-1.0,1.0,-1.0,1.0,-1.0,0.0,1.0,-1.0,1.0,1.0,1.0,1.0,-1.0,-1.0,1.0,0.0,1.0,6.894741755778922e-06,0,model_only,
-1.0,-1.0,-1.0,-1.0,-1.0,-1.0,1.0,1.0,-1.0,-1.0,-1.0,-1.0,1.0,0.0,0.0,-1.0,-1.0,-1.0,0.0,-1.0,-1.0,-1.0,-1.0,-1.0,1.0,0.0,-1.0,-1.0,0.0,-1.0,0.24853795867156592,0,model_only,
-1.0,-1.0,-1.0,-1.0,-1.0,0.0,0.0,1.0,1.0,-1.0,-1.0,-1.0,-1.0,0.0,-1.0,-1.0,-1.0,-1.0,0.0,-1.0,-1.0,-1.0,-1.0,0.0,-1.0,-1.0,-1.0,-1.0,0.0,-1.0,0.6327730928370386,1,model_only,
1.0,-1.0,1.0,-1.0,1.0,1.0,1.0,1.0,-1.0,-1.0,-1.0,1.0,1.0,1.0,1.0,-1.0,-1.0,1.0,1.0,-1.0,-1.0,-1.0,-1.0,1.0,-1.0,1.0,-1.0,-1.0,1.0,-1.0,0.9999445996012312,1,model_only,
-1.0,-1.0,-1.0,-1.0,-1.0,-1.0,-1.0,-1.0,-1.0,-1.0,-1.0,-1.0,1.0,-1.0,-1.0,-1.0,-1.0,-1.0,0.0,-1.0,-1.0,-1.0,-1.0,-1.0,-1.0,-1.0,-1.0,-1.0,1.0,-1.0,9.364791183966539e-13,0,model_only,
-1.0,-1.0,-1.0,-1.0,-1.0,0.0,1.0,1.0,0.0,-1.0,-1.0,-1.0,1.0,0.0,0.0,-1.0,-1.0,-1.0,0.0,-1.0,-1.0,-1.0,-1.0,1.0,-1.0,1.0,-1.0,-1.0,0.0,-1.0,0.6152085219631299,1,model_only,
-1.0,-1.0,-1.0,-1.0,-1.0,0.0,0.0,-1.0,0.0,-1.0,-1.0,-1.0,1.0,-1.0,1.0,-1.0,-1.0,-1.0,0.0,-1.0,-1.0,-1.0,-1.0,-1.0,-1.0,-1.0,0.0,-1.0,1.0,-1.0,2.3649628407448384e-09,0,model_only,
-1.0,-1.0,-1.0,-1.0,-1.0,0.0,1.0,-1.0,-1.0,-1.0,-1.0,-1.0,1.0,0.0,1.0,-1.0,-1.0,-1.0,0.0,-1.0,-1.0,-1.0,-1.0,1.0,-1.0,-1.0,-1.0,-1.0,1.0,-1.0,0.3225825164457774,0,model_only,
1.0,-1.0,1.0,-1.0,1.0,1.0,0.0,1.0,-1.0,-1.0,-1.0,1.0,1.0,1.0,1.0,-1.0,-1.0,1.0,1.0,-1.0,-1.0,-1.0,-1.0,0.0,1.0,1.0,-1.0,-1.0,1.0,-1.0,0.9998514871981299,1,model_only,
-1.0,-1.0,-1.0,-1.0,-1.0,0.0,-1.0,-1.0,1.0,-1.0,-1.0,-1.0,-1.0,-1.0,0.0,-1.0,-1.0,-1.0,0.0,-1.0,-1.0,-1.0,-1.0,1.0,-1.0,-1.0,0.0,-1.0,0.0,-1.0,2.823805773379355e-12,0,model_only,
-1.0,-1.0,-1.0,1.0,-1.0,0.0,-1.0,1.0,1.0,-1.0,-1.0,-1.0,-1.0,0.0,0.0,-1.0,-1.0,-1.0,0.0,-1.0,-1.0,-1.0,-1.0,-1.0,-1.0,-1.0,0.0,-1.0,0.0,-1.0,0.6739340191172865,1,model_only,
-1.0,-1.0,-1.0,-1.0,-1.0,0.0,0.0,0.0,1.0,-1.0,-1.0,-1.0,-1.0,-1.0,-1.0,-1.0,-1.0,-1.0,0.0,-1.0,-1.0,-1.0,-1.0,0.0,1.0,-1.0,-1.0,-1.0,1.0,-1.0,1.0030760272136528e-10,0,model_only,
-1.0,-1.0,-1.0,-1.0,-1.0,-1.0,0.0,1.0,1.0,-1.0,-1.0,-1.0,1.0,-1.0,-1.0,-1.0,-1.0,-1.0,0.0,-1.0,-1.0,-1.0,-1.0,-1.0,1.0,0.0,-1.0,-1.0,0.0,-1.0,2.1670312958734844e-10,0,model_only,
-1.0,-1.0,-1.0,-1.0,-1.0,-1.0,-1.0,-1.0,1.0,-1.0,-1.0,-1.0,-1.0,-1.0,0.0,-1.0,-1.0,-1.0,0.0,-1.0,-1.0,-1.0,-1.0,1.0,1.0,-1.0,-1.0,-1.0,0.0,-1.0,2.9469998209052084e-14,0,model_only,
-1.0,-1.0,-1.0,1.0,-1.0,1.0,-1.0,1.0,1.0,-1.0,-1.0,-1.0,-1.0,1.0,1.0,-1.0,-1.0,-1.0,0.0,-1.0,-1.0,-1.0,-1.0,-1.0,-1.0,1.0,-1.0,-1.0,0.0,-1.0,0.9999705062204433,1,model_only,
-1.0,1.0,-1.0,1.0,-1.0,-1.0,0.0,0.0,0.0,-1.0,-1.0,-1.0,1.0,-1.0,0.0,1.0,-1.0,-1.0,0.0,-1.0,-1.0,-1.0,-1.0,0.0,1.0,-1.0,-1.0,-1.0,0.0,-1.0,1.3497210650662782e-08,0,model_only,
1.0,-1.0,1.0,-1.0,1.0,0.0,-1.0,1.0,0.0,-1.0,-1.0,1.0,1.0,0.0,-1.0,-1.0,-1.0,1.0,1.0,-1.0,-1.0,-1.0,-1.0,1.0,1.0,1.0,1.0,-1.0,1.0,-1.0,0.710885684793845,1,model_only,
-1.0,-1.0,-1.0,-1.0,-1.0,-1.0,0.0,-1.0,1.0,-1.0,-1.0,-1.0,1.0,-1.0,0.0,-1.0,-1.0,-1.0,0.0,-1.0,-1.0,-1.0,-1.0,-1.0,-1.0,-1.0,-1.0,-1.0,0.0,-1.0,6.117610052996026e-14,0,model_only,
-1.0,-1.0,-1.0,1.0,-1.0,-1.0,0.0,0.0,0.0,-1.0,-1.0,-1.0,-1.0,-1.0,0.0,-1.0,-1.0,-1.0,0.0,-1.0,-1.0,-1.0,-1.0,0.0,-1.0,-1.0,-1.0,-1.0,0.0,-1.0,2.062715154321186e-11,0,model_only,
-1.0,-1.0,-1.0,1.0,-1.0,0.0,-1.0,-1.0,0.0,-1.0,-1.0,-1.0,1.0,-1.0,0.0,-1.0,-1.0,-1.0,0.0,-1.0,-1.0,-1.0,-1.0,-1.0,-1.0,-1.0,-1.0,-1.0,0.0,-1.0,1.617963299727212e-10,0,model_only,
-1.0,1.0,-1.0,1.0,-1.0,0.0,-1.0,1.0,-1.0,-1.0,-1.0,-1.0,1.0,1.0,1.0,1.0,-1.0,-1.0,0.0,-1.0,-1.0,-1.0,-1.0,1.0,-1.0,1.0,-1.0,-1.0,0.0,-1.0,0.9999999863683094,1,model_only,
-1.0,-1.0,-1.0,-1.0,-1.0,-1.0,-1.0,1.0,1.0,-1.0,-1.0,-1.0,-1.0,1.0,-1.0,-1.0,-1.0,-1.0,0.0,-1.0,-1.0,-1.0,-1.0,1.0,1.0,-1.0,-1.0,-1.0,1.0,-1.0,0.4231312099819164,0,model_only,
-1.0,-1.0,-1.0,-1.0,-1.0,0.0,0.0,1.0,0.0,1.0,1.0,-1.0,1.0,0.0,0.0,-1.0,1.0,-1.0,0.0,1.0,-1.0,1.0,1.0,-1.0,1.0,1.0,1.0,1.0,1.0,1.0,0.9999896232606793,1,model_only,
-1.0,1.0,-1.0,1.0,-1.0,-1.0,0.0,-1.0,-1.0,-1.0,-1.0,-1.0,1.0,-1.0,0.0,1.0,-1.0,-1.0,0.0,-1.0,-1.0,-1.0,-1.0,-1.0,1.0,-1.0,-1.0,1.0,0.0,-1.0,5.291037387496634e-09,0,model_only,
-1.0,-1.0,-1.0,-1.0,-1.0,1.0,-1.0,1.0,1.0,-1.0,-1.0,-1.0,-1.0,0.0,1.0,-1.0,-1.0,-1.0,0.0,-1.0,-1.0,-1.0,-1.0,1.0,-1.0,1.0,-1.0,-1.0,0.0,-1.0,0.6918615210679077,1,model_only,
-1.0,-1.0,-1.0,1.0,-1.0,-1.0,-1.0,-1.0,1.0,-1.0,-1.0,-1.0,-1.0,-1.0,0.0,-1.0,-1.0,-1.0,0.0,-1.0,-1.0,-1.0,-1.0,-1.0,1.0,-1.0,-1.0,1.0,1.0,-1.0,2.8625430190561937e-12,0,model_only,
-1.0,-1.0,-1.0,-1.0,-1.0,-1.0,-1.0,-1.0,0.0,-1.0,-1.0,-1.0,-1.0,-1.0,0.0,-1.0,-1.0,-1.0,0.0,-1.0,-1.0,-1.0,-1.0,-1.0,1.0,-1.0,-1.0,1.0,0.0,-1.0,9.726993023985511e-14,0,model_only,
-1.0,-1.0,-1.0,-1.0,-1.0,-1.0,1.0,1.0,-1.0,-1.0,-1.0,-1.0,1.0,1.0,0.0,-1.0,-1.0,-1.0,0.0,-1.0,-1.0,-1.0,-1.0,1.0,-1.0,1.0,-1.0,-1.0,0.0,-1.0,0.6768616271576908,1,model_only,
-1.0,-1.0,-1.0,-1.0,-1.0,0.0,0.0,-1.0,1.0,-1.0,-1.0,-1.0,-1.0,-1.0,-1.0,-1.0,-1.0,-1.0,0.0,-1.0,-1.0,-1.0,-1.0,-1.0,-1.0,0.0,0.0,-1.0,0.0,-1.0,2.5780255038161405e-14,0,model_only,
-1.0,-1.0,-1.0,-1.0,-1.0,-1.0,0.0,1.0,-1.0,-1.0,-1.0,-1.0,1.0,0.0,0.0,-1.0,-1.0,-1.0,0.0,-1.0,-1.0,-1.0,-1.0,1.0,-1.0,0.0,-1.0,-1.0,0.0,-1.0,0.2590497286641628,0,model_only,
-1.0,-1.0,-1.0,-1.0,-1.0,0.0,-1.0,1.0,-1.0,1.0,1.0,-1.0,1.0,0.0,1.0,-1.0,1.0,-1.0,0.0,1.0,-1.0,1.0,1.0,1.0,1.0,1.0,0.0,-1.0,1.0,1.0,0.9999801624191926,1,model_only,
1.0,-1.0,1.0,-1.0,1.0,1.0,0.0,1.0,-1.0,-1.0,-1.0,1.0,1.0,0.0,0.0,-1.0,-1.0,1.0,1.0,-1.0,-1.0,-1.0,-1.0,0.0,1.0,1.0,-1.0,-1.0,1.0,-1.0,0.9997558950981024,1,model_only,
1.0,-1.0,1.0,-1.0,1.0,-1.0,-1.0,-1.0,0.0,1.0,1.0,1.0,1.0,-1.0,1.0,-1.0,1.0,1.0,1.0,1.0,1.0,1.0,1.0,-1.0,1.0,1.0,-1.0,-1.0,1.0,1.0,0.003165073366186341,0,model_only,
-1.0,-1.0,-1.0,-1.0,-1.0,0.0,0.0,1.0,1.0,-1.0,-1.0,-1.0,-1.0,0.0,1.0,-1.0,-1.0,-1.0,0.0,-1.0,-1.0,-1.0,-1.0,-1.0,-1.0,1.0,0.0,-1.0,0.0,-1.0,0.6376124189873382,1,model_only,
-1.0,-1.0,-1.0,-1.0,-1.0,1.0,0.0,1.0,0.0,-1.0,-1.0,-1.0,1.0,0.0,-1.0,-1.0,-1.0,-1.0,0.0,-1.0,-1.0,-1.0,-1.0,-1.0,-1.0,0.0,-1.0,-1.0,0.0,-1.0,0.6904256923776851,1,model_only,
-1.0,-1.0,-1.0,-1.0,-1.0,0.0,1.0,1.0,-1.0,-1.0,-1.0,-1.0,1.0,1.0,1.0,-1.0,-1.0,-1.0,0.0,-1.0,-1.0,-1.0,-1.0,0.0,-1.0,1.0,1.0,-1.0,0.0,-1.0,0.9998626787372631,1,model_only,
-1.0,-1.0,-1.0,-1.0,-1.0,0.0,-1.0,1.0,0.0,-1.0,-1.0,-1.0,1.0,0.0,0.0,-1.0,-1.0,-1.0,0.0,-1.0,-1.0,-1.0,-1.0,1.0,-1.0,1.0,-1.0,-1.0,0.0,-1.0,0.9209942042822301,1,model_only,
-1.0,-1.0,-1.0,-1.0,-1.0,-1.0,-1.0,-1.0,1.0,-1.0,-1.0,-1.0,-1.0,0.0,-1.0,-1.0,-1.0,-1.0,0.0,-1.0,-1.0,-1.0,-1.0,-1.0,-1.0,1.0,-1.0,-1.0,0.0,-1.0,6.5605729154562274e-12,0,model_only,
-1.0,-1.0,-1.0,-1.0,-1.0,1.0,-1.0,1.0,0.0,-1.0,-1.0,-1.0,1.0,1.0,0.0,-1.0,-1.0,-1.0,0.0,-1.0,-1.0,-1.0,-1.0,-1.0,-1.0,1.0,-1.0,-1.0,0.0,-1.0,0.9995597949350419,1,model_only,
-1.0,1.0,-1.0,1.0,-1.0,0.0,1.0,1.0,0.0,-1.0,-1.0,-1.0,1.0,0.0,1.0,1.0,-1.0,-1.0,0.0,-1.0,-1.0,-1.0,-1.0,1.0,-1.0,1.0,0.0,-1.0,0.0,-1.0,0.9999952147820875,1,model_only,
-1.0,-1.0,-1.0,-1.0,-1.0,-1.0,-1.0,1.0,0.0,-1.0,-1.0,-1.0,1.0,0.0,-1.0,-1.0,-1.0,-1.0,0.0,-1.0,-1.0,-1.0,-1.0,-1.0,-1.0,1.0,-1.0,-1.0,0.0,-1.0,0.050647766806511514,0,model_only,
-1.0,-1.0,-1.0,-1.0,-1.0,-1.0,0.0,-1.0,1.0,-1.0,-1.0,-1.0,-1.0,-1.0,0.0,-1.0,-1.0,-1.0,0.0,-1.0,-1.0,-1.0,-1.0,-1.0,1.0,-1.0,-1.0,-1.0,0.0,-1.0,4.294908011492134e-15,0,model_only,
-1.0,1.0,-1.0,-1.0,-1.0,0.0,0.0,1.0,0.0,-1.0,-1.0,-1.0,1.0,0.0,0.0,1.0,-1.0,-1.0,0.0,-1.0,-1.0,-1.0,-1.0,-1.0,-1.0,1.0,0.0,-1.0,0.0,-1.0,0.999990847760652,1,model_only,
-1.0,1.0,-1.0,-1.0,-1.0,1.0,0.0,1.0,-1.0,-1.0,-1.0,-1.0,1.0,1.0,0.0,1.0,-1.0,-1.0,0.0,-1.0,-1.0,-1.0,-1.0,0.0,1.0,1.0,-1.0,-1.0,1.0,-1.0,0.9999994009285729,1,model_only,
-1.0,-1.0,-1.0,-1.0,-1.0,-1.0,1.0,1.0,-1.0,1.0,1.0,-1.0,1.0,1.0,1.0,-1.0,1.0,-1.0,0.0,1.0,1.0,1.0,1.0,1.0,1.0,1.0,1.0,1.0,1.0,1.0,0.9999991063431866,1,model_only,
-1.0,-1.0,-1.0,-1.0,-1.0,-1.0,-1.0,-1.0,0.0,1.0,1.0,-1.0,-1.0,-1.0,0.0,-1.0,1.0,-1.0,0.0,1.0,1.0,1.0,1.0,-1.0,1.0,0.0,-1.0,-1.0,0.0,1.0,4.4213351153612705e-06,0,model_only,
-1.0,-1.0,-1.0,-1.0,-1.0,0.0,0.0,-1.0,1.0,-1.0,-1.0,-1.0,-1.0,-1.0,-1.0,-1.0,-1.0,-1.0,0.0,-1.0,-1.0,-1.0,-1.0,-1.0,1.0,0.0,-1.0,-1.0,0.0,-1.0,1.896168707593898e-14,0,model_only,
-1.0,-1.0,-1.0,-1.0,-1.0,0.0,-1.0,-1.0,0.0,-1.0,-1.0,-1.0,-1.0,-1.0,-1.0,-1.0,-1.0,-1.0,0.0,-1.0,-1.0,-1.0,-1.0,-1.0,1.0,-1.0,-1.0,-1.0,0.0,-1.0,4.583228157563511e-13,0,model_only,
-1.0,-1.0,-1.0,-1.0,-1.0,-1.0,-1.0,-1.0,-1.0,1.0,1.0,-1.0,1.0,1.0,-1.0,-1.0,1.0,-1.0,0.0,1.0,1.0,1.0,1.0,-1.0,1.0,1.0,-1.0,1.0,1.0,1.0,0.9848341688828509,1,model_only,
1.0,-1.0,1.0,-1.0,1.0,-1.0,0.0,0.0,1.0,-1.0,-1.0,1.0,-1.0,-1.0,1.0,-1.0,-1.0,1.0,1.0,-1.0,-1.0,-1.0,-1.0,1.0,-1.0,-1.0,-1.0,-1.0,0.0,-1.0,1.7980757134946288e-12,0,model_only,
-1.0,-1.0,-1.0,-1.0,-1.0,-1.0,0.0,-1.0,-1.0,-1.0,-1.0,-1.0,1.0,-1.0,0.0,-1.0,-1.0,-1.0,0.0,-1.0,-1.0,-1.0,-1.0,-1.0,-1.0,1.0,-1.0,-1.0,0.0,-1.0,9.336094274985938e-12,0,model_only,
-1.0,-1.0,-1.0,-1.0,-1.0,0.0,-1.0,-1.0,0.0,-1.0,-1.0,-1.0,1.0,0.0,-1.0,-1.0,-1.0,-1.0,0.0,-1.0,-1.0,-1.0,-1.0,0.0,-1.0,1.0,-1.0,-1.0,0.0,-1.0,1.6389556756069393e-06,0,model_only,
-1.0,-1.0,-1.0,-1.0,-1.0,-1.0,0.0,1.0,1.0,-1.0,-1.0,-1.0,-1.0,0.0,1.0,-1.0,-1.0,-1.0,0.0,-1.0,-1.0,-1.0,-1.0,-1.0,-1.0,1.0,-1.0,-1.0,0.0,-1.0,0.0004953515532355572,0,model_only,
-1.0,-1.0,-1.0,-1.0,-1.0,1.0,-1.0,1.0,0.0,-1.0,-1.0,-1.0,1.0,0.0,-1.0,-1.0,-1.0,-1.0,0.0,-1.0,-1.0,-1.0,-1.0,-1.0,1.0,1.0,-1.0,-1.0,1.0,-1.0,0.9379952175424683,1,model_only,
1.0,-1.0,1.0,-1.0,1.0,0.0,0.0,-1.0,0.0,1.0,1.0,1.0,1.0,-1.0,1.0,-1.0,1.0,1.0,1.0,1.0,1.0,1.0,1.0,-1.0,1.0,1.0,-1.0,-1.0,1.0,1.0,0.02335690582056746,0,model_only,
1.0,-1.0,1.0,-1.0,1.0,0.0,0.0,0.0,0.0,-1.0,-1.0,1.0,-1.0,-1.0,1.0,-1.0,-1.0,1.0,1.0,-1.0,-1.0,-1.0,-1.0,1.0,1.0,-1.0,0.0,-1.0,0.0,-1.0,6.31153247038509e-10,0,model_only,
-1.0,-1.0,-1.0,1.0,-1.0,0.0,0.0,0.0,-1.0,-1.0,-1.0,-1.0,1.0,-1.0,0.0,-1.0,-1.0,-1.0,0.0,-1.0,-1.0,-1.0,-1.0,1.0,1.0,-1.0,0.0,1.0,0.0,-1.0,0.21957727678851546,0,model_only,
-1.0,-1.0,-1.0,-1.0,-1.0,-1.0,-1.0,-1.0,0.0,-1.0,-1.0,-1.0,1.0,-1.0,0.0,-1.0,-1.0,-1.0,0.0,-1.0,-1.0,-1.0,-1.0,-1.0,1.0,-1.0,-1.0,1.0,1.0,-1.0,4.441448500358539e-11,0,model_only,
-1.0,1.0,-1.0,-1.0,-1.0,0.0,-1.0,-1.0,1.0,-1.0,-1.0,-1.0,-1.0,-1.0,0.0,1.0,-1.0,-1.0,0.0,-1.0,-1.0,-1.0,-1.0,-1.0,1.0,-1.0,-1.0,1.0,0.0,-1.0,2.612122537219124e-12,0,model_only,
-1.0,-1.0,-1.0,-1.0,-1.0,0.0,1.0,1.0,-1.0,-1.0,-1.0,-1.0,1.0,0.0,-1.0,-1.0,-1.0,-1.0,0.0,-1.0,-1.0,-1.0,-1.0,1.0,-1.0,0.0,0.0,-1.0,1.0,-1.0,0.9173421930046878,1,model_only,
-1.0,-1.0,-1.0,-1.0,-1.0,0.0,-1.0,-1.0,0.0,-1.0,-1.0,-1.0,-1.0,0.0,-1.0,-1.0,-1.0,-1.0,0.0,-1.0,-1.0,-1.0,-1.0,-1.0,1.0,1.0,-1.0,1.0,0.0,-1.0,1.3087170870270844e-08,0,model_only,
-1.0,-1.0,-1.0,-1.0,-1.0,-1.0,-1.0,-1.0,0.0,-1.0,-1.0,-1.0,-1.0,-1.0,0.0,-1.0,-1.0,-1.0,0.0,-1.0,-1.0,-1.0,-1.0,-1.0,1.0,-1.0,-1.0,1.0,1.0,-1.0,1.8188230300738302e-12,0,model_only,
-1.0,-1.0,-1.0,-1.0,-1.0,0.0,0.0,1.0,0.0,1.0,1.0,-1.0,1.0,0.0,-1.0,-1.0,1.0,-1.0,0.0,1.0,1.0,1.0,1.0,0.0,-1.0,1.0,-1.0,1.0,0.0,1.0,0.9998970781250273,1,model_only,
-1.0,-1.0,-1.0,-1.0,-1.0,-1.0,-1.0,-1.0,0.0,1.0,1.0,-1.0,1.0,-1.0,0.0,-1.0,1.0,-1.0,0.0,1.0,1.0,1.0,1.0,-1.0,-1.0,-1.0,-1.0,-1.0,0.0,1.0,2.0969155559234893e-07,0,model_only,
-1.0,1.0,-1.0,-1.0,-1.0,-1.0,0.0,1.0,-1.0,-1.0,-1.0,-1.0,1.0,1.0,0.0,1.0,-1.0,-1.0,0.0,-1.0,-1.0,-1.0,-1.0,-1.0,-1.0,1.0,1.0,-1.0,0.0,-1.0,0.9999985827675576,1,model_only,
-1.0,-1.0,-1.0,-1.0,-1.0,-1.0,-1.0,1.0,1.0,-1.0,-1.0,-1.0,-1.0,0.0,-1.0,-1.0,-1.0,-1.0,0.0,-1.0,-1.0,-1.0,-1.0,-1.0,-1.0,1.0,-1.0,-1.0,0.0,-1.0,0.0011288196951142306,0,model_only,
-1.0,-1.0,-1.0,-1.0,-1.0,-1.0,-1.0,-1.0,1.0,-1.0,-1.0,-1.0,-1.0,-1.0,0.0,-1.0,-1.0,-1.0,0.0,-1.0,-1.0,-1.0,-1.0,-1.0,-1.0,-1.0,-1.0,-1.0,0.0,-1.0,3.712351836694208e-15,0,model_only,
1.0,-1.0,1.0,-1.0,1.0,-1.0,0.0,-1.0,-1.0,-1.0,-1.0,1.0,1.0,-1.0,1.0,-1.0,-1.0,1.0,1.0,-1.0,-1.0,-1.0,-1.0,-1.0,-1.0,-1.0,-1.0,-1.0,0.0,-1.0,4.170087113471414e-12,0,model_only,
-1.0,-1.0,-1.0,-1.0,-1.0,1.0,-1.0,1.0,-1.0,-1.0,-1.0,-1.0,1.0,0.0,0.0,-1.0,-1.0,-1.0,0.0,-1.0,-1.0,-1.0,-1.0,-1.0,-1.0,1.0,1.0,-1.0,0.0,-1.0,0.9998919616002154,1,model_only,
1.0,-1.0,1.0,-1.0,1.0,0.0,1.0,1.0,-1.0,-1.0,-1.0,1.0,1.0,1.0,-1.0,-1.0,-1.0,1.0,1.0,-1.0,-1.0,-1.0,-1.0,0.0,1.0,1.0,-1.0,-1.0,1.0,-1.0,0.7324096627137419,1,model_only,
-1.0,-1.0,-1.0,-1.0,-1.0,-1.0,-1.0,-1.0,0.0,-1.0,-1.0,-1.0,1.0,0.0,-1.0,-1.0,-1.0,-1.0,0.0,-1.0,-1.0,-1.0,-1.0,-1.0,1.0,1.0,-1.0,-1.0,0.0,-1.0,2.8135518256635707e-09,0,model_only,
-1.0,-1.0,-1.0,-1.0,-1.0,1.0,0.0,1.0,1.0,-1.0,-1.0,-1.0,-1.0,1.0,-1.0,-1.0,-1.0,-1.0,0.0,-1.0,-1.0,-1.0,-1.0,-1.0,1.0,1.0,1.0,-1.0,1.0,-1.0,0.6688305400704545,1,model_only,
-1.0,-1.0,-1.0,-1.0,-1.0,0.0,1.0,1.0,0.0,-1.0,-1.0,-1.0,1.0,1.0,1.0,-1.0,-1.0,-1.0,0.0,-1.0,-1.0,-1.0,-1.0,1.0,-1.0,1.0,0.0,-1.0,0.0,-1.0,0.8940668239545767,1,model_only,
1.0,1.0,1.0,-1.0,1.0,-1.0,0.0,-1.0,-1.0,1.0,1.0,1.0,1.0,-1.0,1.0,1.0,1.0,1.0,1.0,1.0,1.0,1.0,1.0,-1.0,1.0,-1.0,-1.0,-1.0,1.0,1.0,5.375698583711109e-06,0,model_only,
-1.0,-1.0,-1.0,-1.0,-1.0,0.0,0.0,0.0,-1.0,-1.0,-1.0,-1.0,1.0,-1.0,0.0,-1.0,-1.0,-1.0,0.0,-1.0,-1.0,-1.0,-1.0,0.0,1.0,-1.0,-1.0,-1.0,0.0,-1.0,7.36079138633241e-05,0,model_only,
-1.0,-1.0,-1.0,-1.0,-1.0,0.0,-1.0,1.0,0.0,1.0,1.0,-1.0,1.0,1.0,0.0,-1.0,1.0,-1.0,0.0,1.0,1.0,1.0,1.0,-1.0,-1.0,1.0,-1.0,-1.0,0.0,1.0,0.9999996906511296,1,model_only,
-1.0,-1.0,-1.0,-1.0,-1.0,0.0,0.0,1.0,0.0,1.0,1.0,-1.0,1.0,1.0,0.0,-1.0,1.0,-1.0,0.0,1.0,1.0,1.0,1.0,-1.0,-1.0,1.0,-1.0,-1.0,1.0,1.0,0.9999999224022713,1,model_only,
-1.0,-1.0,-1.0,-1.0,-1.0,0.0,0.0,1.0,1.0,-1.0,-1.0,-1.0,-1.0,0.0,0.0,-1.0,-1.0,-1.0,0.0,-1.0,-1.0,-1.0,-1.0,-1.0,-1.0,-1.0,1.0,-1.0,0.0,-1.0,0.6666353030726034,1,model_only,
-1.0,-1.0,-1.0,-1.0,-1.0,-1.0,-1.0,1.0,0.0,-1.0,-1.0,-1.0,-1.0,-1.0,-1.0,-1.0,-1.0,-1.0,0.0,-1.0,-1.0,-1.0,-1.0,-1.0,1.0,0.0,-1.0,-1.0,0.0,-1.0,2.606911584459789e-10,0,model_only,
-1.0,-1.0,-1.0,-1.0,-1.0,0.0,0.0,-1.0,0.0,1.0,1.0,-1.0,1.0,-1.0,0.0,-1.0,1.0,-1.0,0.0,1.0,1.0,1.0,1.0,-1.0,1.0,-1.0,-1.0,-1.0,0.0,1.0,0.44698098920499124,0,model_only,
-1.0,-1.0,-1.0,-1.0,-1.0,-1.0,-1.0,-1.0,-1.0,-1.0,-1.0,-1.0,1.0,0.0,0.0,-1.0,-1.0,-1.0,0.0,-1.0,-1.0,-1.0,-1.0,-1.0,-1.0,1.0,-1.0,-1.0,0.0,-1.0,1.8107048742590049e-07,0,model_only,
-1.0,-1.0,-1.0,-1.0,-1.0,0.0,1.0,-1.0,1.0,-1.0,-1.0,-1.0,-1.0,0.0,-1.0,-1.0,-1.0,-1.0,0.0,-1.0,-1.0,-1.0,-1.0,0.0,1.0,1.0,-1.0,-1.0,1.0,-1.0,2.8365697226210502e-09,0,model_only,
-1.0,-1.0,-1.0,-1.0,-1.0,0.0,-1.0,1.0,-1.0,1.0,1.0,-1.0,1.0,1.0,0.0,-1.0,1.0,-1.0,0.0,1.0,1.0,1.0,1.0,-1.0,-1.0,1.0,1.0,-1.0,0.0,1.0,0.9999999031652326,1,model_only,
-1.0,1.0,-1.0,-1.0,-1.0,0.0,0.0,1.0,-1.0,-1.0,-1.0,-1.0,1.0,1.0,0.0,1.0,-1.0,-1.0,0.0,-1.0,-1.0,-1.0,-1.0,0.0,1.0,1.0,-1.0,-1.0,1.0,-1.0,0.9999588607696079,1,model_only,
-1.0,-1.0,-1.0,-1.0,-1.0,-1.0,-1.0,-1.0,1.0,1.0,1.0,-1.0,-1.0,-1.0,0.0,-1.0,1.0,-1.0,0.0,1.0,1.0,1.0,1.0,-1.0,-1.0,0.0,-1.0,-1.0,0.0,1.0,7.461167529849865e-07,0,model_only,
1.0,-1.0,1.0,-1.0,1.0,-1.0,-1.0,-1.0,0.0,-1.0,-1.0,1.0,-1.0,-1.0,1.0,-1.0,-1.0,1.0,1.0,-1.0,-1.0,-1.0,-1.0,-1.0,-1.0,-1.0,-1.0,1.0,0.0,-1.0,2.0794885973759007e-13,0,model_only,
-1.0,-1.0,-1.0,1.0,-1.0,0.0,-1.0,1.0,0.0,-1.0,-1.0,-1.0,1.0,1.0,1.0,-1.0,-1.0,-1.0,0.0,-1.0,-1.0,-1.0,-1.0,1.0,-1.0,1.0,1.0,1.0,0.0,-1.0,0.9999999570448441,1,model_only,
-1.0,-1.0,-1.0,-1.0,-1.0,0.0,0.0,0.0,0.0,-1.0,-1.0,-1.0,-1.0,-1.0,-1.0,-1.0,-1.0,-1.0,0.0,-1.0,-1.0,-1.0,-1.0,1.0,1.0,-1.0,-1.0,-1.0,1.0,-1.0,3.3578138744772504e-09,0,model_only,
1.0,1.0,1.0,-1.0,1.0,0.0,0.0,0.0,-1.0,-1.0,-1.0,1.0,1.0,-1.0,1.0,1.0,-1.0,1.0,1.0,-1.0,-1.0,-1.0,-1.0,0.0,1.0,1.0,0.0,-1.0,1.0,-1.0,0.3334450466021748,0,model_only,
-1.0,-1.0,-1.0,-1.0,-1.0,-1.0,0.0,-1.0,1.0,-1.0,-1.0,-1.0,-1.0,0.0,1.0,-1.0,-1.0,-1.0,0.0,-1.0,-1.0,-1.0,-1.0,1.0,-1.0,1.0,-1.0,-1.0,1.0,-1.0,1.8130170893116018e-10,0,model_only,
1.0,1.0,1.0,-1.0,1.0,0.0,0.0,1.0,-1.0,-1.0,-1.0,1.0,1.0,0.0,-1.0,1.0,-1.0,1.0,1.0,-1.0,-1.0,-1.0,-1.0,-1.0,-1.0,1.0,1.0,1.0,1.0,-1.0,0.9999997554046468,1,model_only,
-1.0,-1.0,-1.0,-1.0,-1.0,0.0,0.0,1.0,0.0,1.0,1.0,-1.0,1.0,0.0,0.0,-1.0,1.0,-1.0,0.0,1.0,1.0,1.0,1.0,-1.0,1.0,1.0,0.0,-1.0,1.0,1.0,0.9999859966565934,1,model_only,
-1.0,-1.0,-1.0,1.0,-1.0,0.0,-1.0,1.0,0.0,-1.0,-1.0,-1.0,-1.0,1.0,1.0,-1.0,-1.0,-1.0,0.0,-1.0,-1.0,-1.0,-1.0,1.0,-1.0,1.0,1.0,-1.0,0.0,-1.0,0.9971878342686135,1,model_only,
-1.0,1.0,-1.0,-1.0,-1.0,0.0,-1.0,1.0,-1.0,-1.0,-1.0,-1.0,1.0,1.0,0.0,1.0,-1.0,-1.0,0.0,-1.0,-1.0,-1.0,-1.0,1.0,-1.0,1.0,1.0,-1.0,0.0,-1.0,0.9999861067286159,1,model_only,
-1.0,-1.0,-1.0,-1.0,-1.0,-1.0,-1.0,1.0,1.0,1.0,1.0,-1.0,-1.0,1.0,1.0,-1.0,1.0,-1.0,0.0,1.0,1.0,1.0,1.0,1.0,1.0,1.0,-1.0,-1.0,1.0,1.0,0.9999926708859302,1,model_only,
-1.0,-1.0,-1.0,-1.0,-1.0,-1.0,0.0,0.0,1.0,-1.0,-1.0,-1.0,-1.0,-1.0,0.0,-1.0,-1.0,-1.0,0.0,-1.0,-1.0,-1.0,-1.0,1.0,1.0,0.0,-1.0,-1.0,1.0,-1.0,5.982661519906541e-12,0,model_only,
-1.0,1.0,-1.0,-1.0,-1.0,1.0,-1.0,1.0,-1.0,-1.0,-1.0,-1.0,1.0,-1.0,0.0,1.0,-1.0,-1.0,0.0,-1.0,-1.0,-1.0,-1.0,1.0,-1.0,1.0,-1.0,-1.0,1.0,-1.0,0.9985408338647632,1,model_only,
-1.0,1.0,-1.0,-1.0,-1.0,0.0,-1.0,1.0,-1.0,-1.0,-1.0,-1.0,1.0,0.0,0.0,1.0,-1.0,-1.0,0.0,-1.0,-1.0,-1.0,-1.0,1.0,-1.0,1.0,0.0,-1.0,0.0,-1.0,0.9999840384160185,1,model_only,
-1.0,-1.0,-1.0,-1.0,-1.0,1.0,1.0,1.0,-1.0,1.0,1.0,-1.0,1.0,0.0,-1.0,-1.0,1.0,-1.0,0.0,1.0,1.0,1.0,1.0,1.0,-1.0,1.0,-1.0,-1.0,1.0,1.0,0.9999996463793593,1,model_only,
-1.0,-1.0,-1.0,-1.0,-1.0,-1.0,0.0,1.0,1.0,-1.0,-1.0,-1.0,-1.0,0.0,-1.0,-1.0,-1.0,-1.0,0.0,-1.0,-1.0,-1.0,-1.0,-1.0,1.0,0.0,-1.0,1.0,0.0,-1.0,1.123733342536557e-06,0,model_only,
-1.0,-1.0,-1.0,-1.0,-1.0,-1.0,-1.0,-1.0,1.0,-1.0,-1.0,-1.0,-1.0,0.0,-1.0,-1.0,-1.0,-1.0,0.0,-1.0,-1.0,-1.0,-1.0,0.0,1.0,1.0,-1.0,1.0,1.0,-1.0,1.0739875659250196e-10,0,model_only,
1.0,1.0,1.0,-1.0,1.0,-1.0,0.0,-1.0,-1.0,1.0,1.0,1.0,1.0,-1.0,1.0,1.0,1.0,1.0,1.0,1.0,1.0,1.0,1.0,-1.0,1.0,1.0,-1.0,-1.0,1.0,1.0,4.9717400160239456e-05,0,model_only,
-1.0,-1.0,-1.0,-1.0,-1.0,-1.0,-1.0,-1.0,0.0,-1.0,-1.0,-1.0,1.0,0.0,-1.0,-1.0,-1.0,-1.0,0.0,-1.0,-1.0,-1.0,-1.0,-1.0,-1.0,0.0,-1.0,-1.0,0.0,-1.0,3.580638927266867e-11,0,model_only,
-1.0,-1.0,-1.0,-1.0,-1.0,0.0,0.0,1.0,1.0,-1.0,-1.0,-1.0,-1.0,1.0,1.0,-1.0,-1.0,-1.0,0.0,-1.0,-1.0,-1.0,-1.0,-1.0,-1.0,1.0,1.0,-1.0,0.0,-1.0,0.7840712431374545,1,model_only,
-1.0,-1.0,-1.0,-1.0,-1.0,-1.0,-1.0,-1.0,0.0,-1.0,-1.0,-1.0,1.0,0.0,-1.0,-1.0,-1.0,-1.0,0.0,-1.0,-1.0,-1.0,-1.0,0.0,1.0,1.0,-1.0,-1.0,0.0,-1.0,4.273054399870556e-09,0,model_only,
-1.0,-1.0,-1.0,-1.0,-1.0,0.0,-1.0,-1.0,0.0,-1.0,-1.0,-1.0,1.0,-1.0,-1.0,-1.0,-1.0,-1.0,0.0,-1.0,-1.0,-1.0,-1.0,-1.0,1.0,1.0,-1.0,-1.0,0.0,-1.0,5.589193927085091e-10,0,model_only,
-1.0,-1.0,-1.0,-1.0,-1.0,0.0,-1.0,-1.0,1.0,-1.0,-1.0,-1.0,-1.0,-1.0,-1.0,-1.0,-1.0,-1.0,0.0,-1.0,-1.0,-1.0,-1.0,-1.0,1.0,0.0,-1.0,-1.0,1.0,-1.0,3.172487541454397e-13,0,model_only,
1.0,1.0,1.0,-1.0,1.0,-1.0,1.0,1.0,-1.0,-1.0,-1.0,1.0,1.0,0.0,-1.0,1.0,-1.0,1.0,1.0,-1.0,-1.0,-1.0,-1.0,1.0,1.0,0.0,-1.0,-1.0,1.0,-1.0,0.3294076940079807,0,model_only,
-1.0,-1.0,-1.0,1.0,-1.0,-1.0,0.0,-1.0,0.0,-1.0,-1.0,-1.0,1.0,-1.0,0.0,-1.0,-1.0,-1.0,0.0,-1.0,-1.0,-1.0,-1.0,-1.0,-1.0,-1.0,-1.0,-1.0,0.0,-1.0,5.739028978667059e-13,0,model_only,
-1.0,-1.0,-1.0,-1.0,-1.0,0.0,1.0,1.0,0.0,-1.0,-1.0,-1.0,-1.0,1.0,0.0,-1.0,-1.0,-1.0,0.0,-1.0,-1.0,-1.0,-1.0,1.0,-1.0,1.0,1.0,-1.0,0.0,-1.0,0.6848180833762298,1,model_only,
-1.0,1.0,-1.0,-1.0,-1.0,-1.0,0.0,0.0,0.0,-1.0,-1.0,-1.0,1.0,-1.0,0.0,1.0,-1.0,-1.0,0.0,-1.0,-1.0,-1.0,-1.0,1.0,1.0,0.0,-1.0,-1.0,1.0,-1.0,1.960310612570234e-09,0,model_only,
-1.0,-1.0,-1.0,-1.0,-1.0,-1.0,1.0,1.0,0.0,-1.0,-1.0,-1.0,1.0,0.0,1.0,-1.0,-1.0,-1.0,0.0,-1.0,-1.0,-1.0,-1.0,1.0,-1.0,0.0,-1.0,1.0,0.0,-1.0,0.17435911883531416,0,model_only,
-1.0,-1.0,-1.0,-1.0,-1.0,-1.0,-1.0,-1.0,0.0,-1.0,-1.0,-1.0,1.0,-1.0,1.0,-1.0,-1.0,-1.0,0.0,-1.0,-1.0,-1.0,-1.0,-1.0,1.0,-1.0,-1.0,1.0,1.0,-1.0,2.7666656522044905e-10,0,model_only,
1.0,-1.0,1.0,-1.0,1.0,1.0,1.0,-1.0,-1.0,-1.0,-1.0,1.0,1.0,1.0,0.0,-1.0,-1.0,1.0,1.0,-1.0,-1.0,-1.0,-1.0,1.0,1.0,1.0,-1.0,1.0,1.0,-1.0,0.7018464592171275,1,model_only,
-1.0,-1.0,-1.0,-1.0,-1.0,0.0,1.0,1.0,1.0,-1.0,-1.0,-1.0,-1.0,0.0,0.0,-1.0,-1.0,-1.0,0.0,-1.0,-1.0,-1.0,-1.0,1.0,1.0,0.0,1.0,1.0,0.0,-1.0,0.6495501172292776,1,model_only,
-1.0,-1.0,-1.0,1.0,-1.0,0.0,-1.0,1.0,-1.0,-1.0,-1.0,-1.0,1.0,1.0,1.0,-1.0,-1.0,-1.0,0.0,-1.0,-1.0,-1.0,-1.0,-1.0,1.0,1.0,1.0,-1.0,0.0,-1.0,0.9999891164386415,1,model_only,
-1.0,-1.0,-1.0,-1.0,-1.0,1.0,1.0,1.0,1.0,-1.0,-1.0,-1.0,-1.0,1.0,1.0,-1.0,-1.0,-1.0,0.0,-1.0,-1.0,-1.0,-1.0,0.0,1.0,1.0,-1.0,-1.0,0.0,-1.0,0.6754724052421625,1,model_only,
-1.0,-1.0,-1.0,-1.0,-1.0,0.0,0.0,1.0,-1.0,-1.0,-1.0,-1.0,1.0,0.0,0.0,-1.0,-1.0,-1.0,0.0,-1.0,-1.0,-1.0,-1.0,-1.0,-1.0,1.0,1.0,-1.0,0.0,-1.0,0.9767929383605481,1,model_only,
-1.0,-1.0,-1.0,-1.0,-1.0,0.0,1.0,1.0,0.0,1.0,1.0,-1.0,-1.0,0.0,0.0,-1.0,1.0,-1.0,0.0,1.0,1.0,1.0,1.0,1.0,1.0,1.0,0.0,-1.0,1.0,1.0,0.9999730016229483,1,model_only,
-1.0,-1.0,-1.0,-1.0,-1.0,1.0,-1.0,1.0,0.0,-1.0,-1.0,-1.0,1.0,-1.0,-1.0,-1.0,-1.0,-1.0,0.0,-1.0,-1.0,-1.0,-1.0,1.0,1.0,1.0,-1.0,-1.0,1.0,-1.0,0.6738074017791509,1,model_only,
-1.0,-1.0,-1.0,-1.0,-1.0,0.0,0.0,1.0,-1.0,1.0,1.0,-1.0,1.0,0.0,1.0,-1.0,1.0,-1.0,0.0,1.0,1.0,1.0,1.0,-1.0,1.0,1.0,0.0,-1.0,1.0,1.0,0.9999977645382337,1,model_only,
-1.0,-1.0,-1.0,-1.0,-1.0,-1.0,-1.0,-1.0,0.0,-1.0,-1.0,-1.0,1.0,-1.0,-1.0,-1.0,-1.0,-1.0,0.0,-1.0,-1.0,-1.0,-1.0,-1.0,-1.0,-1.0,-1.0,-1.0,0.0,-1.0,1.773401661766571e-14,0,model_only,
-1.0,-1.0,-1.0,-1.0,-1.0,0.0,-1.0,-1.0,0.0,-1.0,-1.0,-1.0,-1.0,0.0,-1.0,-1.0,-1.0,-1.0,0.0,-1.0,-1.0,-1.0,-1.0,-1.0,-1.0,-1.0,1.0,-1.0,0.0,-1.0,2.4522307192889243e-09,0,model_only,
-1.0,-1.0,-1.0,-1.0,-1.0,0.0,0.0,0.0,1.0,-1.0,-1.0,-1.0,-1.0,-1.0,1.0,-1.0,-1.0,-1.0,0.0,-1.0,-1.0,-1.0,-1.0,1.0,1.0,-1.0,-1.0,-1.0,1.0,-1.0,1.3274123944922469e-08,0,model_only,
-1.0,-1.0,-1.0,-1.0,-1.0,0.0,-1.0,1.0,1.0,-1.0,-1.0,-1.0,-1.0,0.0,0.0,-1.0,-1.0,-1.0,0.0,-1.0,-1.0,-1.0,-1.0,1.0,-1.0,1.0,1.0,-1.0,0.0,-1.0,0.6667780145320309,1,model_only,
-1.0,-1.0,-1.0,-1.0,-1.0,-1.0,-1.0,-1.0,0.0,-1.0,-1.0,-1.0,1.0,-1.0,0.0,-1.0,-1.0,-1.0,0.0,-1.0,-1.0,-1.0,-1.0,-1.0,1.0,1.0,-1.0,-1.0,0.0,-1.0,1.1696167119911954e-11,0,model_only,
1.0,-1.0,1.0,-1.0,1.0,0.0,-1.0,1.0,-1.0,-1.0,-1.0,1.0,1.0,1.0,1.0,-1.0,-1.0,1.0,1.0,-1.0,-1.0,-1.0,-1.0,1.0,-1.0,1.0,-1.0,-1.0,1.0,-1.0,0.9988978361262126,1,model_only,
1.0,1.0,1.0,-1.0,1.0,-1.0,1.0,1.0,-1.0,-1.0,-1.0,1.0,1.0,0.0,-1.0,1.0,-1.0,1.0,1.0,-1.0,-1.0,-1.0,-1.0,1.0,-1.0,0.0,-1.0,-1.0,1.0,-1.0,0.09438864231426454,0,model_only,
1.0,-1.0,1.0,-1.0,1.0,0.0,1.0,1.0,-1.0,-1.0,-1.0,1.0,1.0,1.0,0.0,-1.0,-1.0,1.0,1.0,-1.0,-1.0,-1.0,-1.0,1.0,1.0,1.0,-1.0,-1.0,1.0,-1.0,0.9277719055130259,1,model_only,
-1.0,-1.0,-1.0,-1.0,-1.0,0.0,0.0,1.0,0.0,-1.0,-1.0,-1.0,-1.0,0.0,0.0,-1.0,-1.0,-1.0,0.0,-1.0,-1.0,-1.0,-1.0,-1.0,1.0,1.0,0.0,-1.0,0.0,-1.0,0.6265077710810666,1,model_only,
-1.0,-1.0,-1.0,-1.0,-1.0,-1.0,0.0,-1.0,0.0,1.0,1.0,-1.0,1.0,-1.0,0.0,-1.0,1.0,-1.0,0.0,1.0,1.0,1.0,1.0,-1.0,1.0,1.0,-1.0,-1.0,0.0,1.0,0.0003963334498126423,0,model_only,
-1.0,-1.0,-1.0,-1.0,-1.0,-1.0,-1.0,-1.0,0.0,-1.0,-1.0,-1.0,-1.0,-1.0,-1.0,-1.0,-1.0,-1.0,0.0,-1.0,-1.0,-1.0,-1.0,-1.0,1.0,0.0,-1.0,-1.0,0.0,-1.0,4.851583395371392e-15,0,model_only,
1.0,-1.0,1.0,-1.0,1.0,1.0,-1.0,1.0,0.0,-1.0,-1.0,1.0,1.0,0.0,0.0,-1.0,-1.0,1.0,1.0,-1.0,-1.0,-1.0,-1.0,-1.0,1.0,1.0,-1.0,-1.0,1.0,-1.0,0.9990421607801663,1,model_only,
1.0,1.0,1.0,-1.0,1.0,0.0,-1.0,-1.0,1.0,1.0,1.0,1.0,-1.0,-1.0,1.0,1.0,1.0,1.0,1.0,1.0,1.0,1.0,1.0,-1.0,1.0,-1.0,0.0,-1.0,1.0,1.0,8.56976244803604e-07,0,model_only,
-1.0,-1.0,-1.0,-1.0,-1.0,0.0,1.0,1.0,0.0,-1.0,-1.0,-1.0,1.0,0.0,1.0,-1.0,-1.0,-1.0,0.0,-1.0,-1.0,-1.0,-1.0,1.0,1.0,-1.0,1.0,-1.0,1.0,-1.0,0.9688542555197639,1,model_only,
-1.0,-1.0,-1.0,-1.0,-1.0,0.0,-1.0,1.0,-1.0,-1.0,-1.0,-1.0,1.0,0.0,0.0,-1.0,-1.0,-1.0,0.0,-1.0,-1.0,-1.0,-1.0,1.0,-1.0,1.0,0.0,-1.0,0.0,-1.0,0.9896236075496705,1,model_only,
-1.0,-1.0,-1.0,-1.0,-1.0,0.0,1.0,1.0,-1.0,-1.0,-1.0,-1.0,1.0,0.0,-1.0,-1.0,-1.0,-1.0,0.0,-1.0,-1.0,-1.0,-1.0,1.0,-1.0,1.0,1.0,-1.0,0.0,-1.0,0.756137101336726,1,model_only,
-1.0,-1.0,-1.0,-1.0,-1.0,-1.0,0.0,-1.0,0.0,1.0,1.0,-1.0,1.0,-1.0,1.0,-1.0,1.0,-1.0,0.0,1.0,1.0,1.0,1.0,-1.0,1.0,-1.0,-1.0,-1.0,0.0,1.0,0.00015665182189444977,0,model_only,
-1.0,-1.0,-1.0,-1.0,-1.0,-1.0,0.0,-1.0,0.0,-1.0,-1.0,-1.0,1.0,-1.0,1.0,-1.0,-1.0,-1.0,0.0,-1.0,-1.0,-1.0,-1.0,-1.0,1.0,1.0,-1.0,1.0,0.0,-1.0,1.1560889498079071e-11,0,model_only,
-1.0,-1.0,-1.0,-1.0,-1.0,0.0,0.0,0.0,0.0,1.0,1.0,-1.0,1.0,-1.0,-1.0,-1.0,1.0,-1.0,0.0,1.0,1.0,1.0,1.0,0.0,1.0,1.0,-1.0,-1.0,0.0,1.0,0.3144447348264207,0,model_only,
-1.0,-1.0,-1.0,-1.0,-1.0,0.0,1.0,1.0,0.0,-1.0,-1.0,-1.0,-1.0,0.0,-1.0,-1.0,-1.0,-1.0,0.0,-1.0,-1.0,-1.0,-1.0,1.0,-1.0,1.0,1.0,-1.0,0.0,-1.0,0.6669549421412091,1,model_only,
1.0,1.0,-1.0,-1.0,1.0,-1.0,-1.0,-1.0,0.0,-1.0,-1.0,1.0,1.0,-1.0,1.0,-1.0,1.0,1.0,0.0,-1.0,-1.0,-1.0,-1.0,-1.0,1.0,-1.0,-1.0,-1.0,1.0,1.0,9.80014190160869e-07,0,model_only,
-1.0,1.0,-1.0,-1.0,-1.0,-1.0,0.0,1.0,0.0,-1.0,-1.0,1.0,1.0,0.0,-1.0,-1.0,-1.0,-1.0,0.0,-1.0,-1.0,-1.0,-1.0,-1.0,1.0,0.0,-1.0,-1.0,1.0,-1.0,0.0004094446346716348,0,model_only,
-1.0,0.0,-1.0,-1.0,-1.0,-1.0,-1.0,-1.0,0.0,-1.0,-1.0,1.0,1.0,0.0,-1.0,-1.0,1.0,1.0,0.0,-1.0,-1.0,-1.0,-1.0,0.0,1.0,1.0,-1.0,-1.0,0.0,1.0,3.94148205320672e-06,0,model_only,
-1.0,0.0,-1.0,-1.0,-1.0,-1.0,-1.0,-1.0,1.0,-1.0,-1.0,1.0,-1.0,0.0,0.0,-1.0,-1.0,-1.0,0.0,-1.0,-1.0,-1.0,-1.0,-1.0,-1.0,1.0,-1.0,1.0,-1.0,-1.0,4.717530300548798e-11,0,model_only,
-1.0,0.0,1.0,-1.0,-1.0,-1.0,1.0,1.0,0.0,-1.0,-1.0,-1.0,1.0,0.0,0.0,-1.0,-1.0,-1.0,0.0,1.0,-1.0,1.0,-1.0,-1.0,1.0,0.0,-1.0,-1.0,1.0,-1.0,0.2888402570233582,0,model_only,
1.0,0.0,1.0,-1.0,1.0,0.0,1.0,1.0,0.0,-1.0,-1.0,1.0,1.0,0.0,0.0,-1.0,1.0,1.0,0.0,-1.0,-1.0,-1.0,-1.0,0.0,1.0,1.0,0.0,-1.0,-1.0,1.0,0.9451503491489662,1,model_only,
-1.0,0.0,1.0,-1.0,-1.0,0.0,-1.0,-1.0,1.0,-1.0,-1.0,-1.0,-1.0,-1.0,0.0,-1.0,1.0,1.0,0.0,-1.0,-1.0,-1.0,-1.0,1.0,1.0,-1.0,-1.0,-1.0,0.0,1.0,7.722466577469165e-10,0,model_only,
-1.0,0.0,-1.0,-1.0,-1.0,-1.0,-1.0,-1.0,1.0,-1.0,-1.0,1.0,-1.0,0.0,-1.0,-1.0,-1.0,-1.0,0.0,-1.0,-1.0,-1.0,-1.0,-1.0,-1.0,0.0,-1.0,1.0,0.0,-1.0,3.0432303777362936e-12,0,model_only,
-1.0,0.0,1.0,-1.0,-1.0,0.0,1.0,1.0,-1.0,-1.0,-1.0,1.0,1.0,0.0,1.0,-1.0,-1.0,-1.0,0.0,-1.0,-1.0,-1.0,-1.0,1.0,1.0,1.0,1.0,-1.0,0.0,-1.0,0.5987971543304553,1,model_only,
-1.0,1.0,1.0,-1.0,-1.0,-1.0,-1.0,1.0,0.0,-1.0,-1.0,-1.0,1.0,0.0,1.0,-1.0,-1.0,-1.0,0.0,-1.0,-1.0,-1.0,-1.0,1.0,1.0,0.0,-1.0,1.0,0.0,-1.0,0.7827364681242822,1,model_only,
-1.0,1.0,-1.0,-1.0,-1.0,0.0,0.0,1.0,1.0,-1.0,-1.0,-1.0,-1.0,0.0,0.0,-1.0,1.0,1.0,0.0,-1.0,-1.0,-1.0,-1.0,-1.0,-1.0,1.0,1.0,-1.0,-1.0,1.0,0.2901417440989749,0,model_only,
-1.0,1.0,1.0,-1.0,-1.0,-1.0,1.0,-1.0,0.0,-1.0,-1.0,-1.0,1.0,-1.0,-1.0,-1.0,1.0,1.0,0.0,-1.0,-1.0,-1.0,-1.0,-1.0,1.0,-1.0,-1.0,1.0,0.0,1.0,4.5065052110481886e-08,0,model_only,
1.0,1.0,1.0,-1.0,1.0,0.0,0.0,0.0,1.0,-1.0,-1.0,1.0,-1.0,-1.0,1.0,-1.0,-1.0,-1.0,0.0,1.0,-1.0,1.0,-1.0,0.0,1.0,-1.0,-1.0,1.0,0.0,-1.0,0.009062372291645733,0,model_only,
-1.0,1.0,1.0,-1.0,-1.0,0.0,0.0,-1.0,1.0,-1.0,-1.0,-1.0,-1.0,-1.0,-1.0,-1.0,-1.0,-1.0,0.0,-1.0,-1.0,-1.0,-1.0,-1.0,1.0,0.0,-1.0,1.0,1.0,-1.0,7.094455086096254e-12,0,model_only,
-1.0,1.0,1.0,-1.0,-1.0,1.0,-1.0,1.0,-1.0,-1.0,-1.0,1.0,1.0,0.0,1.0,1.0,-1.0,-1.0,0.0,-1.0,-1.0,-1.0,-1.0,1.0,-1.0,1.0,-1.0,-1.0,-1.0,-1.0,0.9999972693599686,1,model_only,
-1.0,-1.0,1.0,1.0,-1.0,-1.0,0.0,0.0,1.0,-1.0,-1.0,-1.0,-1.0,-1.0,0.0,-1.0,-1.0,-1.0,0.0,-1.0,-1.0,-1.0,-1.0,1.0,1.0,-1.0,-1.0,-1.0,0.0,-1.0,5.1762213337694464e-11,0,model_only,
-1.0,-1.0,1.0,-1.0,-1.0,-1.0,1.0,1.0,0.0,-1.0,-1.0,1.0,1.0,0.0,-1.0,-1.0,1.0,1.0,0.0,-1.0,-1.0,-1.0,-1.0,0.0,1.0,0.0,-1.0,-1.0,1.0,1.0,0.4361616561581218,0,model_only,
-1.0,-1.0,-1.0,-1.0,-1.0,-1.0,-1.0,0.0,1.0,-1.0,1.0,-1.0,1.0,0.0,-1.0,-1.0,1.0,1.0,0.0,-1.0,-1.0,-1.0,-1.0,-1.0,-1.0,1.0,-1.0,-1.0,1.0,1.0,0.5801658553743253,1,model_only,
-1.0,1.0,-1.0,-1.0,-1.0,0.0,-1.0,1.0,1.0,-1.0,-1.0,1.0,-1.0,0.0,-1.0,-1.0,1.0,1.0,0.0,-1.0,-1.0,-1.0,-1.0,1.0,-1.0,-1.0,1.0,-1.0,-1.0,1.0,0.0001344236039077618,0,model_only,
-1.0,1.0,-1.0,-1.0,-1.0,-1.0,-1.0,1.0,-1.0,-1.0,-1.0,-1.0,1.0,0.0,0.0,-1.0,1.0,1.0,0.0,1.0,1.0,1.0,1.0,1.0,-1.0,0.0,-1.0,-1.0,0.0,1.0,0.13209172099908315,0,model_only,
-1.0,0.0,1.0,-1.0,-1.0,0.0,0.0,1.0,0.0,-1.0,-1.0,-1.0,1.0,0.0,0.0,-1.0,1.0,1.0,0.0,1.0,-1.0,1.0,-1.0,-1.0,1.0,1.0,-1.0,1.0,-1.0,1.0,0.9915174642899327,1,model_only,
-1.0,0.0,-1.0,-1.0,-1.0,0.0,0.0,1.0,1.0,-1.0,-1.0,1.0,-1.0,0.0,-1.0,-1.0,1.0,1.0,0.0,-1.0,-1.0,-1.0,-1.0,-1.0,-1.0,-1.0,0.0,1.0,0.0,1.0,0.23188931992818382,0,model_only,
-1.0,1.0,-1.0,-1.0,-1.0,-1.0,-1.0,-1.0,-1.0,-1.0,-1.0,1.0,1.0,0.0,0.0,-1.0,-1.0,-1.0,0.0,-1.0,-1.0,-1.0,-1.0,1.0,-1.0,0.0,-1.0,1.0,-1.0,-1.0,4.7086835106070535e-08,0,model_only,
-1.0,1.0,-1.0,-1.0,-1.0,0.0,1.0,0.0,0.0,-1.0,-1.0,-1.0,1.0,0.0,0.0,-1.0,-1.0,-1.0,0.0,-1.0,-1.0,-1.0,-1.0,1.0,-1.0,1.0,-1.0,-1.0,-1.0,-1.0,1.7723624425458913e-05,0,model_only,
-1.0,-1.0,1.0,1.0,-1.0,0.0,1.0,1.0,0.0,-1.0,-1.0,1.0,-1.0,0.0,0.0,-1.0,-1.0,-1.0,0.0,-1.0,-1.0,-1.0,-1.0,1.0,1.0,-1.0,-1.0,-1.0,0.0,-1.0,0.6669045629467271,1,model_only,
-1.0,-1.0,-1.0,-1.0,-1.0,0.0,0.0,1.0,-1.0,-1.0,-1.0,-1.0,1.0,1.0,0.0,-1.0,-1.0,-1.0,0.0,-1.0,-1.0,-1.0,-1.0,-1.0,-1.0,1.0,-1.0,-1.0,0.0,-1.0,0.9932631220976292,1,model_only,
-1.0,-1.0,-1.0,-1.0,-1.0,-1.0,0.0,-1.0,1.0,-1.0,-1.0,1.0,-1.0,-1.0,-1.0,-1.0,1.0,1.0,0.0,-1.0,-1.0,-1.0,-1.0,1.0,1.0,0.0,-1.0,-1.0,-1.0,1.0,2.871778938754322e-14,0,model_only,
-1.0,-1.0,1.0,-1.0,-1.0,1.0,-1.0,1.0,1.0,-1.0,-1.0,-1.0,-1.0,1.0,0.0,-1.0,1.0,1.0,0.0,-1.0,-1.0,-1.0,-1.0,1.0,1.0,0.0,-1.0,-1.0,0.0,1.0,0.7006565789600626,1,model_only,
-1.0,-1.0,1.0,-1.0,1.0,1.0,-1.0,1.0,0.0,-1.0,-1.0,-1.0,1.0,1.0,0.0,-1.0,-1.0,-1.0,1.0,-1.0,-1.0,-1.0,-1.0,-1.0,1.0,1.0,-1.0,-1.0,-1.0,-1.0,0.6754643517792994,1,model_only,
-1.0,-1.0,-1.0,-1.0,-1.0,0.0,-1.0,1.0,-1.0,-1.0,-1.0,-1.0,1.0,1.0,0.0,-1.0,-1.0,-1.0,0.0,-1.0,-1.0,-1.0,-1.0,-1.0,-1.0,1.0,1.0,-1.0,0.0,-1.0,0.9981002728994235,1,model_only,
-1.0,-1.0,-1.0,-1.0,-1.0,0.0,-1.0,1.0,-1.0,-1.0,-1.0,1.0,1.0,0.0,1.0,-1.0,-1.0,-1.0,0.0,-1.0,-1.0,-1.0,-1.0,-1.0,1.0,-1.0,-1.0,-1.0,0.0,-1.0,0.8548484613601784,1,model_only,
-1.0,-1.0,-1.0,-1.0,-1.0,-1.0,-1.0,1.0,-1.0,1.0,-1.0,1.0,1.0,0.0,-1.0,-1.0,1.0,1.0,0.0,1.0,-1.0,1.0,1.0,1.0,1.0,1.0,1.0,-1.0,0.0,1.0,0.6659499344811813,1,model_only,
-1.0,-1.0,-1.0,-1.0,-1.0,1.0,1.0,1.0,-1.0,-1.0,-1.0,-1.0,1.0,1.0,1.0,1.0,1.0,1.0,0.0,-1.0,-1.0,-1.0,-1.0,1.0,1.0,-1.0,-1.0,-1.0,-1.0,1.0,0.9999998235790449,1,model_only,
-1.0,0.0,-1.0,-1.0,-1.0,0.0,-1.0,1.0,-1.0,-1.0,-1.0,-1.0,1.0,0.0,1.0,-1.0,1.0,1.0,0.0,-1.0,-1.0,-1.0,-1.0,1.0,1.0,1.0,0.0,1.0,0.0,1.0,0.9991108360643527,1,model_only,
-1.0,0.0,-1.0,-1.0,-1.0,0.0,0.0,0.0,1.0,-1.0,-1.0,-1.0,-1.0,-1.0,-1.0,-1.0,1.0,1.0,0.0,-1.0,-1.0,-1.0,-1.0,0.0,-1.0,1.0,-1.0,-1.0,1.0,1.0,1.4343985669575341e-05,0,model_only,
-1.0,0.0,-1.0,-1.0,-1.0,-1.0,-1.0,-1.0,-1.0,-1.0,-1.0,1.0,1.0,-1.0,0.0,-1.0,-1.0,-1.0,0.0,-1.0,-1.0,-1.0,-1.0,-1.0,1.0,-1.0,-1.0,-1.0,1.0,-1.0,9.936927778561912e-11,0,model_only,
-1.0,0.0,-1.0,-1.0,-1.0,0.0,-1.0,1.0,0.0,1.0,-1.0,1.0,-1.0,-1.0,0.0,-1.0,-1.0,-1.0,0.0,1.0,-1.0,1.0,1.0,-1.0,1.0,0.0,-1.0,-1.0,0.0,-1.0,0.10499493546148486,0,model_only,
-1.0,0.0,-1.0,-1.0,-1.0,0.0,-1.0,-1.0,1.0,1.0,-1.0,-1.0,-1.0,-1.0,0.0,-1.0,-1.0,-1.0,0.0,1.0,-1.0,1.0,-1.0,-1.0,-1.0,0.0,0.0,-1.0,0.0,-1.0,8.889468869020562e-10,0,model_only,
-1.0,1.0,-1.0,-1.0,-1.0,1.0,-1.0,1.0,-1.0,-1.0,-1.0,-1.0,1.0,1.0,-1.0,1.0,1.0,1.0,0.0,-1.0,-1.0,-1.0,-1.0,1.0,1.0,1.0,-1.0,-1.0,1.0,1.0,0.9999980747484979,1,model_only,
-1.0,-1.0,-1.0,-1.0,-1.0,0.0,0.0,-1.0,0.0,-1.0,-1.0,1.0,-1.0,1.0,0.0,-1.0,-1.0,-1.0,0.0,-1.0,-1.0,-1.0,-1.0,-1.0,-1.0,1.0,0.0,-1.0,0.0,-1.0,0.00010066349399932292,0,model_only,
-1.0,-1.0,-1.0,-1.0,-1.0,1.0,1.0,1.0,-1.0,-1.0,-1.0,1.0,1.0,1.0,0.0,-1.0,-1.0,-1.0,0.0,-1.0,-1.0,-1.0,-1.0,0.0,-1.0,1.0,-1.0,-1.0,0.0,-1.0,0.9998949343421438,1,model_only,
1.0,-1.0,1.0,-1.0,1.0,0.0,1.0,1.0,0.0,-1.0,-1.0,1.0,1.0,0.0,-1.0,-1.0,-1.0,-1.0,1.0,-1.0,-1.0,-1.0,-1.0,1.0,-1.0,1.0,0.0,-1.0,-1.0,-1.0,0.24699929025694645,0,model_only,
-1.0,-1.0,-1.0,-1.0,-1.0,-1.0,-1.0,-1.0,1.0,1.0,1.0,-1.0,-1.0,-1.0,-1.0,-1.0,1.0,1.0,0.0,1.0,-1.0,1.0,-1.0,-1.0,1.0,1.0,-1.0,-1.0,-1.0,1.0,2.541664546896788e-09,0,model_only,
-1.0,-1.0,-1.0,-1.0,-1.0,-1.0,0.0,0.0,1.0,1.0,-1.0,1.0,-1.0,-1.0,0.0,-1.0,1.0,1.0,0.0,1.0,-1.0,1.0,-1.0,1.0,1.0,-1.0,-1.0,-1.0,0.0,1.0,1.0234864129810935e-07,0,model_only,
-1.0,-1.0,-1.0,1.0,-1.0,-1.0,0.0,-1.0,0.0,-1.0,-1.0,-1.0,1.0,-1.0,1.0,-1.0,1.0,1.0,0.0,-1.0,-1.0,-1.0,-1.0,-1.0,-1.0,1.0,-1.0,-1.0,1.0,1.0,1.084091334009113e-06,0,model_only,
-1.0,1.0,-1.0,-1.0,-1.0,0.0,0.0,1.0,-1.0,1.0,-1.0,-1.0,1.0,0.0,-1.0,1.0,-1.0,-1.0,0.0,1.0,-1.0,1.0,-1.0,-1.0,-1.0,1.0,0.0,-1.0,0.0,-1.0,0.9995617175273505,1,model_only,
1.0,1.0,1.0,-1.0,1.0,1.0,-1.0,1.0,-1.0,-1.0,-1.0,1.0,1.0,0.0,0.0,1.0,1.0,1.0,0.0,-1.0,-1.0,-1.0,-1.0,1.0,-1.0,1.0,-1.0,-1.0,1.0,1.0,0.9999993652852321,1,model_only,
-1.0,-1.0,-1.0,-1.0,-1.0,-1.0,-1.0,-1.0,0.0,-1.0,-1.0,1.0,-1.0,0.0,-1.0,-1.0,-1.0,-1.0,0.0,-1.0,-1.0,-1.0,-1.0,-1.0,-1.0,1.0,-1.0,-1.0,0.0,-1.0,9.692605192180769e-12,0,model_only,
-1.0,-1.0,-1.0,-1.0,-1.0,-1.0,-1.0,1.0,0.0,-1.0,-1.0,-1.0,1.0,-1.0,-1.0,-1.0,-1.0,-1.0,0.0,-1.0,-1.0,-1.0,-1.0,-1.0,1.0,0.0,-1.0,-1.0,0.0,-1.0,1.9583028413428314e-08,0,model_only,
-1.0,-1.0,-1.0,-1.0,-1.0,0.0,1.0,1.0,-1.0,-1.0,-1.0,-1.0,1.0,0.0,1.0,-1.0,1.0,1.0,0.0,-1.0,-1.0,-1.0,-1.0,1.0,-1.0,1.0,-1.0,-1.0,-1.0,1.0,0.2365135943627009,0,model_only,
-1.0,-1.0,-1.0,-1.0,-1.0,-1.0,1.0,1.0,0.0,-1.0,-1.0,1.0,1.0,0.0,-1.0,-1.0,-1.0,-1.0,0.0,-1.0,-1.0,-1.0,-1.0,0.0,-1.0,0.0,-1.0,-1.0,0.0,-1.0,0.0001750873748902893,0,model_only,
-1.0,1.0,-1.0,-1.0,-1.0,-1.0,1.0,1.0,0.0,1.0,-1.0,-1.0,1.0,0.0,0.0,1.0,-1.0,-1.0,0.0,1.0,-1.0,1.0,1.0,1.0,1.0,0.0,-1.0,-1.0,0.0,-1.0,0.011969354009351512,0,model_only,
1.0,-1.0,1.0,-1.0,1.0,1.0,-1.0,1.0,-1.0,-1.0,-1.0,1.0,1.0,1.0,1.0,-1.0,1.0,1.0,0.0,-1.0,-1.0,-1.0,-1.0,1.0,1.0,1.0,-1.0,-1.0,0.0,1.0,0.9998994711610597,1,model_only,
-1.0,-1.0,-1.0,-1.0,-1.0,-1.0,1.0,-1.0,1.0,-1.0,-1.0,-1.0,-1.0,0.0,0.0,-1.0,-1.0,-1.0,0.0,-1.0,-1.0,-1.0,-1.0,-1.0,1.0,1.0,-1.0,-1.0,0.0,-1.0,4.015598876177986e-11,0,model_only,
-1.0,-1.0,-1.0,-1.0,-1.0,-1.0,0.0,-1.0,1.0,1.0,1.0,1.0,-1.0,-1.0,0.0,-1.0,1.0,1.0,0.0,1.0,-1.0,1.0,-1.0,-1.0,1.0,0.0,-1.0,-1.0,0.0,1.0,5.863035087556157e-08,0,model_only,
-1.0,-1.0,-1.0,-1.0,-1.0,0.0,0.0,0.0,0.0,1.0,1.0,-1.0,-1.0,-1.0,0.0,-1.0,1.0,1.0,0.0,1.0,-1.0,1.0,-1.0,1.0,1.0,0.0,0.0,-1.0,0.0,1.0,4.401952906796864e-05,0,model_only,
1.0,-1.0,1.0,-1.0,1.0,1.0,1.0,1.0,1.0,-1.0,-1.0,1.0,1.0,0.0,0.0,-1.0,-1.0,-1.0,0.0,-1.0,-1.0,-1.0,-1.0,1.0,1.0,1.0,-1.0,-1.0,1.0,-1.0,0.625606280167229,1,model_only,
-1.0,-1.0,-1.0,-1.0,-1.0,0.0,1.0,1.0,-1.0,1.0,1.0,-1.0,1.0,0.0,1.0,-1.0,1.0,1.0,0.0,1.0,-1.0,1.0,-1.0,1.0,1.0,1.0,1.0,-1.0,0.0,1.0,0.9998332775504282,1,model_only,
-1.0,-1.0,-1.0,-1.0,-1.0,-1.0,-1.0,-1.0,0.0,1.0,1.0,1.0,1.0,0.0,0.0,-1.0,1.0,1.0,0.0,1.0,-1.0,1.0,-1.0,-1.0,1.0,0.0,-1.0,-1.0,0.0,1.0,0.002915697465797649,0,model_only,
1.0,-1.0,1.0,-1.0,1.0,0.0,0.0,0.0,0.0,1.0,1.0,1.0,-1.0,-1.0,1.0,-1.0,1.0,1.0,0.0,1.0,-1.0,1.0,-1.0,1.0,1.0,0.0,0.0,-1.0,-1.0,1.0,3.070180483186358e-06,0,model_only,
-1.0,-1.0,-1.0,-1.0,-1.0,-1.0,1.0,-1.0,1.0,-1.0,-1.0,-1.0,1.0,0.0,-1.0,-1.0,-1.0,-1.0,0.0,-1.0,-1.0,-1.0,-1.0,-1.0,1.0,0.0,-1.0,-1.0,1.0,-1.0,4.412375242906195e-10,0,model_only,
-1.0,-1.0,-1.0,-1.0,-1.0,-1.0,1.0,-1.0,0.0,-1.0,-1.0,1.0,-1.0,0.0,-1.0,-1.0,-1.0,-1.0,0.0,-1.0,-1.0,-1.0,-1.0,1.0,1.0,0.0,-1.0,-1.0,0.0,-1.0,6.172240397189526e-12,0,model_only,
-1.0,1.0,-1.0,-1.0,-1.0,1.0,0.0,1.0,0.0,-1.0,-1.0,-1.0,1.0,0.0,0.0,1.0,1.0,1.0,0.0,-1.0,-1.0,-1.0,-1.0,-1.0,-1.0,0.0,-1.0,-1.0,0.0,1.0,0.9999833372532089,1,model_only,
-1.0,-1.0,-1.0,-1.0,-1.0,-1.0,-1.0,1.0,0.0,1.0,-1.0,-1.0,-1.0,0.0,-1.0,-1.0,-1.0,-1.0,0.0,1.0,-1.0,1.0,1.0,-1.0,-1.0,1.0,-1.0,-1.0,-1.0,-1.0,0.4340257964607918,0,model_only,
-1.0,1.0,-1.0,-1.0,1.0,1.0,1.0,1.0,-1.0,1.0,-1.0,-1.0,1.0,1.0,1.0,1.0,-1.0,-1.0,1.0,1.0,-1.0,1.0,-1.0,1.0,1.0,1.0,-1.0,-1.0,0.0,-1.0,0.999993708428669,1,model_only,
-1.0,-1.0,-1.0,-1.0,-1.0,0.0,0.0,1.0,1.0,-1.0,-1.0,-1.0,-1.0,1.0,0.0,-1.0,1.0,1.0,0.0,-1.0,-1.0,-1.0,-1.0,-1.0,-1.0,1.0,-1.0,-1.0,0.0,1.0,0.9923462989589492,1,model_only,
-1.0,1.0,-1.0,-1.0,1.0,0.0,-1.0,-1.0,-1.0,1.0,1.0,-1.0,1.0,-1.0,-1.0,1.0,1.0,1.0,1.0,1.0,-1.0,1.0,-1.0,-1.0,1.0,1.0,0.0,-1.0,-1.0,1.0,5.6949703805505335e-06,0,model_only,
-1.0,-1.0,-1.0,-1.0,1.0,-1.0,0.0,-1.0,1.0,-1.0,-1.0,-1.0,-1.0,0.0,0.0,-1.0,-1.0,-1.0,0.0,-1.0,-1.0,-1.0,-1.0,1.0,1.0,1.0,-1.0,-1.0,0.0,-1.0,3.266188382178785e-11,0,model_only,
-1.0,-1.0,-1.0,-1.0,-1.0,1.0,-1.0,1.0,0.0,-1.0,-1.0,1.0,-1.0,1.0,-1.0,-1.0,1.0,1.0,0.0,-1.0,-1.0,-1.0,-1.0,1.0,-1.0,0.0,-1.0,-1.0,0.0,1.0,0.98381499469475,1,model_only,
-1.0,-1.0,-1.0,-1.0,1.0,0.0,-1.0,-1.0,1.0,-1.0,-1.0,-1.0,-1.0,-1.0,-1.0,-1.0,-1.0,-1.0,0.0,-1.0,-1.0,-1.0,-1.0,-1.0,1.0,-1.0,0.0,-1.0,-1.0,-1.0,7.600749619581403e-13,0,model_only,
-1.0,-1.0,-1.0,-1.0,-1.0,-1.0,1.0,1.0,0.0,-1.0,-1.0,-1.0,1.0,1.0,0.0,-1.0,1.0,1.0,0.0,-1.0,-1.0,-1.0,-1.0,1.0,-1.0,1.0,1.0,1.0,0.0,1.0,0.9998105590937892,1,model_only,
1.0,-1.0,1.0,-1.0,1.0,0.0,1.0,1.0,0.0,-1.0,-1.0,1.0,1.0,0.0,-1.0,-1.0,1.0,1.0,0.0,-1.0,-1.0,-1.0,-1.0,0.0,1.0,1.0,1.0,-1.0,-1.0,1.0,0.902280741612213,1,model_only,
-1.0,-1.0,-1.0,-1.0,-1.0,0.0,-1.0,-1.0,0.0,-1.0,-1.0,-1.0,1.0,0.0,-1.0,-1.0,1.0,1.0,0.0,-1.0,-1.0,-1.0,-1.0,-1.0,-1.0,-1.0,0.0,1.0,0.0,1.0,0.0011723741948128016,0,model_only,
-1.0,-1.0,-1.0,-1.0,1.0,1.0,-1.0,1.0,-1.0,-1.0,-1.0,-1.0,1.0,1.0,0.0,-1.0,-1.0,-1.0,0.0,-1.0,-1.0,-1.0,-1.0,1.0,1.0,1.0,-1.0,-1.0,0.0,-1.0,0.9463358201149742,1,model_only,
-1.0,-1.0,-1.0,-1.0,1.0,-1.0,0.0,0.0,0.0,-1.0,-1.0,1.0,-1.0,-1.0,1.0,-1.0,-1.0,-1.0,0.0,-1.0,-1.0,-1.0,-1.0,1.0,1.0,-1.0,-1.0,-1.0,0.0,-1.0,7.822122463608015e-12,0,model_only,
-1.0,-1.0,-1.0,-1.0,1.0,-1.0,1.0,-1.0,1.0,-1.0,-1.0,1.0,-1.0,0.0,-1.0,-1.0,-1.0,-1.0,1.0,-1.0,-1.0,-1.0,-1.0,-1.0,1.0,1.0,-1.0,-1.0,1.0,-1.0,4.878817736952739e-11,0,model_only,
-1.0,-1.0,-1.0,-1.0,1.0,1.0,0.0,1.0,1.0,1.0,1.0,1.0,-1.0,0.0,1.0,-1.0,1.0,1.0,1.0,1.0,-1.0,1.0,-1.0,-1.0,1.0,1.0,1.0,-1.0,0.0,1.0,0.9999217100280188,1,model_only,
-1.0,-1.0,-1.0,-1.0,1.0,1.0,1.0,1.0,0.0,1.0,1.0,-1.0,1.0,1.0,-1.0,-1.0,1.0,1.0,1.0,1.0,-1.0,1.0,-1.0,1.0,1.0,1.0,1.0,-1.0,1.0,1.0,0.999986544651554,1,model_only,
-1.0,-1.0,-1.0,-1.0,-1.0,-1.0,-1.0,-1.0,0.0,-1.0,-1.0,-1.0,1.0,-1.0,0.0,-1.0,-1.0,-1.0,0.0,-1.0,-1.0,-1.0,-1.0,-1.0,-1.0,-1.0,-1.0,-1.0,-1.0,-1.0,4.738912336405507e-14,0,model_only,
1.0,-1.0,1.0,-1.0,1.0,0.0,-1.0,1.0,-1.0,-1.0,-1.0,1.0,1.0,1.0,0.0,-1.0,1.0,1.0,1.0,-1.0,-1.0,-1.0,-1.0,-1.0,1.0,1.0,-1.0,-1.0,-1.0,1.0,0.8817641389476568,1,model_only,
-1.0,-1.0,-1.0,-1.0,1.0,0.0,0.0,-1.0,1.0,-1.0,-1.0,-1.0,-1.0,-1.0,0.0,-1.0,-1.0,-1.0,0.0,-1.0,-1.0,-1.0,-1.0,-1.0,1.0,-1.0,-1.0,-1.0,0.0,-1.0,6.1853962697968015e-12,0,model_only,
-1.0,1.0,-1.0,-1.0,-1.0,0.0,0.0,1.0,-1.0,-1.0,-1.0,-1.0,1.0,0.0,1.0,1.0,-1.0,-1.0,0.0,-1.0,-1.0,-1.0,-1.0,-1.0,-1.0,1.0,1.0,1.0,-1.0,-1.0,0.9999999715573987,1,model_only,
-1.0,-1.0,-1.0,-1.0,-1.0,1.0,-1.0,1.0,-1.0,-1.0,-1.0,-1.0,1.0,0.0,0.0,-1.0,-1.0,-1.0,0.0,-1.0,-1.0,-1.0,-1.0,-1.0,-1.0,1.0,-1.0,-1.0,-1.0,-1.0,0.9965456484513112,1,model_only,
-1.0,1.0,-1.0,1.0,-1.0,0.0,1.0,1.0,-1.0,-1.0,-1.0,1.0,1.0,0.0,1.0,1.0,-1.0,-1.0,0.0,-1.0,-1.0,-1.0,-1.0,1.0,-1.0,1.0,0.0,-1.0,-1.0,-1.0,0.9999993349951067,1,model_only,
-1.0,1.0,-1.0,-1.0,-1.0,0.0,1.0,1.0,-1.0,1.0,-1.0,1.0,1.0,0.0,0.0,1.0,-1.0,-1.0,0.0,1.0,-1.0,1.0,-1.0,1.0,-1.0,1.0,-1.0,-1.0,-1.0,-1.0,0.9999722635679489,1,model_only,
1.0,-1.0,1.0,-1.0,-1.0,-1.0,0.0,0.0,0.0,-1.0,-1.0,1.0,-1.0,-1.0,1.0,-1.0,1.0,1.0,0.0,-1.0,-1.0,-1.0,-1.0,0.0,1.0,-1.0,-1.0,-1.0,0.0,1.0,8.410079659215054e-10,0,model_only,
-1.0,-1.0,-1.0,-1.0,1.0,-1.0,1.0,-1.0,-1.0,1.0,1.0,1.0,1.0,0.0,-1.0,-1.0,1.0,1.0,0.0,1.0,-1.0,1.0,-1.0,1.0,1.0,0.0,-1.0,-1.0,-1.0,1.0,8.190758870881637e-05,0,model_only,
-1.0,1.0,-1.0,-1.0,1.0,0.0,-1.0,1.0,0.0,1.0,-1.0,1.0,1.0,0.0,1.0,1.0,-1.0,-1.0,0.0,1.0,-1.0,1.0,-1.0,1.0,1.0,1.0,-1.0,-1.0,0.0,-1.0,0.9980169772761484,1,model_only,
-1.0,-1.0,-1.0,-1.0,-1.0,1.0,1.0,1.0,0.0,-1.0,-1.0,-1.0,1.0,1.0,1.0,-1.0,-1.0,-1.0,0.0,-1.0,-1.0,-1.0,-1.0,1.0,-1.0,1.0,-1.0,1.0,0.0,-1.0,0.9999700160179783,1,model_only,
1.0,1.0,1.0,-1.0,1.0,0.0,0.0,0.0,-1.0,-1.0,-1.0,1.0,1.0,-1.0,0.0,1.0,-1.0,-1.0,0.0,-1.0,-1.0,-1.0,-1.0,1.0,1.0,1.0,-1.0,1.0,-1.0,-1.0,0.7263371412701666,1,model_only,
-1.0,-1.0,-1.0,-1.0,-1.0,-1.0,1.0,-1.0,-1.0,-1.0,-1.0,1.0,1.0,0.0,1.0,-1.0,-1.0,-1.0,0.0,-1.0,-1.0,-1.0,-1.0,1.0,-1.0,0.0,-1.0,-1.0,-1.0,-1.0,1.0421348132149941e-09,0,model_only,
1.0,-1.0,1.0,-1.0,1.0,1.0,1.0,1.0,1.0,-1.0,-1.0,1.0,-1.0,1.0,0.0,-1.0,1.0,1.0,0.0,-1.0,-1.0,-1.0,-1.0,1.0,1.0,1.0,1.0,-1.0,1.0,1.0,0.9999832735877181,1,model_only,
-1.0,-1.0,-1.0,-1.0,-1.0,0.0,1.0,1.0,0.0,-1.0,-1.0,1.0,-1.0,1.0,0.0,-1.0,1.0,1.0,0.0,-1.0,-1.0,-1.0,-1.0,1.0,1.0,-1.0,-1.0,-1.0,0.0,1.0,0.9419595029363079,1,model_only,
-1.0,-1.0,-1.0,-1.0,-1.0,0.0,-1.0,-1.0,0.0,-1.0,-1.0,-1.0,1.0,-1.0,0.0,-1.0,-1.0,-1.0,0.0,-1.0,-1.0,-1.0,-1.0,-1.0,1.0,-1.0,-1.0,-1.0,0.0,-1.0,2.01113085105832e-10,0,model_only,
-1.0,-1.0,-1.0,-1.0,-1.0,0.0,1.0,1.0,-1.0,-1.0,-1.0,-1.0,1.0,0.0,1.0,-1.0,-1.0,-1.0,0.0,-1.0,-1.0,-1.0,-1.0,1.0,1.0,-1.0,1.0,-1.0,-1.0,-1.0,0.6927085481150307,1,model_only,
-1.0,-1.0,-1.0,-1.0,-1.0,-1.0,-1.0,-1.0,1.0,-1.0,-1.0,-1.0,-1.0,-1.0,0.0,-1.0,-1.0,-1.0,0.0,-1.0,-1.0,-1.0,-1.0,-1.0,1.0,-1.0,-1.0,1.0,1.0,-1.0,5.386136829608294e-13,0,model_only,
-1.0,-1.0,-1.0,-1.0,-1.0,-1.0,1.0,1.0,-1.0,-1.0,-1.0,-1.0,1.0,0.0,1.0,-1.0,-1.0,-1.0,0.0,-1.0,-1.0,-1.0,-1.0,0.0,-1.0,0.0,-1.0,-1.0,-1.0,-1.0,0.0020451799539637438,0,model_only,
-1.0,1.0,-1.0,-1.0,-1.0,0.0,-1.0,-1.0,-1.0,-1.0,-1.0,1.0,1.0,-1.0,-1.0,1.0,-1.0,-1.0,0.0,-1.0,-1.0,-1.0,-1.0,-1.0,1.0,-1.0,0.0,-1.0,-1.0,-1.0,1.0631812898368415e-13,0,model_only,
1.0,-1.0,1.0,-1.0,1.0,-1.0,-1.0,-1.0,0.0,1.0,-1.0,1.0,-1.0,-1.0,1.0,-1.0,1.0,1.0,1.0,1.0,-1.0,1.0,-1.0,-1.0,1.0,0.0,-1.0,-1.0,0.0,1.0,1.4298234597762682e-08,0,model_only,
-1.0,-1.0,-1.0,-1.0,-1.0,0.0,1.0,1.0,0.0,-1.0,-1.0,1.0,1.0,0.0,1.0,-1.0,-1.0,-1.0,0.0,-1.0,-1.0,-1.0,-1.0,0.0,-1.0,1.0,-1.0,-1.0,0.0,-1.0,0.9427235514577683,1,model_only,
-1.0,-1.0,-1.0,-1.0,-1.0,-1.0,-1.0,-1.0,0.0,-1.0,-1.0,1.0,1.0,0.0,-1.0,-1.0,-1.0,-1.0,0.0,-1.0,-1.0,-1.0,-1.0,-1.0,1.0,0.0,-1.0,1.0,0.0,-1.0,1.1216886526443227e-10,0,model_only,
-1.0,-1.0,-1.0,-1.0,-1.0,0.0,-1.0,-1.0,1.0,-1.0,-1.0,1.0,-1.0,-1.0,-1.0,-1.0,-1.0,-1.0,0.0,-1.0,-1.0,-1.0,-1.0,1.0,1.0,-1.0,-1.0,-1.0,1.0,-1.0,6.233249410875799e-13,0,model_only,
-1.0,-1.0,-1.0,-1.0,-1.0,0.0,0.0,1.0,1.0,-1.0,-1.0,-1.0,-1.0,0.0,-1.0,-1.0,-1.0,-1.0,0.0,-1.0,-1.0,-1.0,-1.0,-1.0,1.0,1.0,1.0,-1.0,1.0,-1.0,0.3210691473513508,0,model_only,
-1.0,-1.0,-1.0,-1.0,-1.0,0.0,-1.0,-1.0,1.0,-1.0,-1.0,-1.0,-1.0,-1.0,0.0,-1.0,-1.0,-1.0,0.0,-1.0,-1.0,-1.0,-1.0,-1.0,1.0,-1.0,0.0,-1.0,1.0,-1.0,2.158652244890214e-12,0,model_only,
-1.0,-1.0,-1.0,-1.0,-1.0,0.0,-1.0,1.0,-1.0,-1.0,-1.0,-1.0,1.0,0.0,1.0,-1.0,1.0,-1.0,0.0,-1.0,-1.0,-1.0,-1.0,1.0,-1.0,1.0,0.0,-1.0,-1.0,-1.0,0.6974533710707825,1,model_only,
-1.0,-1.0,-1.0,-1.0,-1.0,0.0,-1.0,-1.0,0.0,-1.0,-1.0,-1.0,-1.0,0.0,0.0,-1.0,-1.0,-1.0,0.0,-1.0,-1.0,-1.0,-1.0,-1.0,1.0,0.0,0.0,-1.0,0.0,-1.0,3.715537001882865e-09,0,model_only,
-1.0,-1.0,-1.0,-1.0,-1.0,0.0,-1.0,-1.0,-1.0,-1.0,-1.0,-1.0,1.0,0.0,-1.0,-1.0,1.0,-1.0,0.0,-1.0,-1.0,-1.0,-1.0,0.0,1.0,1.0,-1.0,1.0,-1.0,-1.0,0.00015691907450715042,0,model_only,
-1.0,-1.0,-1.0,-1.0,-1.0,-1.0,1.0,-1.0,0.0,-1.0,-1.0,-1.0,-1.0,-1.0,0.0,-1.0,1.0,-1.0,0.0,-1.0,-1.0,-1.0,-1.0,-1.0,1.0,-1.0,-1.0,-1.0,0.0,-1.0,1.7174160843505081e-12,0,model_only,
-1.0,-1.0,-1.0,-1.0,-1.0,-1.0,0.0,1.0,-1.0,-1.0,-1.0,-1.0,1.0,0.0,1.0,-1.0,1.0,-1.0,0.0,-1.0,-1.0,-1.0,-1.0,-1.0,1.0,1.0,-1.0,-1.0,-1.0,-1.0,0.0002505637572649204,0,model_only,
-1.0,-1.0,-1.0,-1.0,-1.0,-1.0,-1.0,-1.0,1.0,-1.0,-1.0,-1.0,-1.0,1.0,-1.0,-1.0,-1.0,-1.0,0.0,-1.0,-1.0,-1.0,-1.0,-1.0,-1.0,-1.0,-1.0,1.0,1.0,-1.0,2.3087206715039484e-07,0,model_only,
-1.0,-1.0,-1.0,-1.0,-1.0,0.0,1.0,1.0,0.0,-1.0,-1.0,1.0,-1.0,1.0,1.0,-1.0,-1.0,-1.0,0.0,-1.0,-1.0,-1.0,-1.0,1.0,1.0,1.0,-1.0,-1.0,0.0,-1.0,0.6662438120162356,1,model_only,
-1.0,-1.0,-1.0,-1.0,-1.0,-1.0,-1.0,-1.0,1.0,-1.0,-1.0,-1.0,-1.0,0.0,0.0,-1.0,-1.0,-1.0,0.0,-1.0,-1.0,-1.0,-1.0,0.0,-1.0,1.0,-1.0,1.0,1.0,-1.0,6.5736967559894105e-09,0,model_only,
-1.0,-1.0,-1.0,-1.0,-1.0,0.0,1.0,1.0,0.0,-1.0,-1.0,-1.0,1.0,0.0,-1.0,-1.0,-1.0,-1.0,0.0,-1.0,-1.0,-1.0,-1.0,-1.0,-1.0,0.0,-1.0,-1.0,0.0,-1.0,0.6268818537870338,1,model_only,
-1.0,-1.0,-1.0,-1.0,-1.0,1.0,-1.0,1.0,-1.0,-1.0,-1.0,-1.0,1.0,1.0,1.0,-1.0,-1.0,-1.0,0.0,-1.0,-1.0,-1.0,-1.0,1.0,-1.0,1.0,-1.0,-1.0,-1.0,-1.0,0.9990907035043457,1,model_only,
-1.0,1.0,-1.0,-1.0,-1.0,-1.0,-1.0,1.0,-1.0,1.0,-1.0,-1.0,1.0,0.0,1.0,1.0,-1.0,1.0,0.0,1.0,-1.0,1.0,-1.0,-1.0,1.0,0.0,-1.0,-1.0,-1.0,1.0,0.9565614081662169,1,model_only,
-1.0,-1.0,-1.0,-1.0,-1.0,-1.0,0.0,1.0,-1.0,1.0,-1.0,-1.0,1.0,0.0,0.0,-1.0,1.0,1.0,0.0,1.0,-1.0,1.0,-1.0,-1.0,1.0,0.0,-1.0,-1.0,-1.0,1.0,0.0698930702767774,0,model_only,
1.0,1.0,1.0,-1.0,1.0,-1.0,1.0,-1.0,0.0,-1.0,-1.0,1.0,1.0,-1.0,1.0,1.0,-1.0,1.0,1.0,1.0,-1.0,1.0,-1.0,1.0,1.0,1.0,-1.0,-1.0,0.0,1.0,8.773846095533663e-07,0,model_only,
-1.0,-1.0,-1.0,-1.0,-1.0,-1.0,0.0,0.0,1.0,-1.0,-1.0,-1.0,-1.0,-1.0,-1.0,-1.0,-1.0,-1.0,0.0,-1.0,-1.0,-1.0,-1.0,0.0,1.0,1.0,-1.0,-1.0,1.0,-1.0,1.319028290889052e-12,0,model_only,
-1.0,-1.0,-1.0,-1.0,-1.0,1.0,1.0,1.0,0.0,-1.0,-1.0,-1.0,-1.0,0.0,-1.0,-1.0,1.0,-1.0,0.0,-1.0,-1.0,-1.0,-1.0,0.0,-1.0,0.0,-1.0,1.0,0.0,-1.0,0.848182585164755,1,model_only,
-1.0,-1.0,-1.0,-1.0,-1.0,-1.0,1.0,1.0,0.0,1.0,1.0,-1.0,1.0,1.0,-1.0,-1.0,1.0,-1.0,0.0,1.0,-1.0,1.0,-1.0,1.0,1.0,1.0,1.0,1.0,0.0,-1.0,0.8743728602887467,1,model_only,
-1.0,-1.0,-1.0,-1.0,-1.0,0.0,-1.0,-1.0,1.0,-1.0,-1.0,1.0,-1.0,0.0,-1.0,-1.0,-1.0,-1.0,0.0,-1.0,-1.0,-1.0,-1.0,-1.0,-1.0,0.0,-1.0,1.0,1.0,-1.0,5.8815420150695045e-08,0,model_only,
-1.0,-1.0,-1.0,-1.0,-1.0,1.0,0.0,1.0,0.0,-1.0,-1.0,-1.0,1.0,1.0,0.0,-1.0,-1.0,-1.0,0.0,-1.0,-1.0,-1.0,-1.0,-1.0,1.0,1.0,1.0,1.0,0.0,-1.0,0.9992125895448476,1,model_only,
-1.0,1.0,-1.0,-1.0,-1.0,1.0,0.0,-1.0,-1.0,-1.0,-1.0,-1.0,1.0,0.0,0.0,1.0,-1.0,-1.0,0.0,-1.0,-1.0,-1.0,-1.0,0.0,-1.0,1.0,-1.0,1.0,-1.0,-1.0,0.941752441696399,1,model_only,
-1.0,-1.0,-1.0,-1.0,-1.0,0.0,-1.0,1.0,0.0,-1.0,-1.0,-1.0,-1.0,0.0,-1.0,-1.0,1.0,-1.0,0.0,-1.0,-1.0,-1.0,-1.0,1.0,-1.0,-1.0,0.0,-1.0,0.0,-1.0,0.6685248444858937,1,model_only,
-1.0,-1.0,-1.0,-1.0,-1.0,-1.0,-1.0,-1.0,1.0,1.0,-1.0,-1.0,-1.0,-1.0,1.0,-1.0,-1.0,-1.0,0.0,1.0,-1.0,1.0,-1.0,-1.0,1.0,-1.0,-1.0,-1.0,1.0,-1.0,8.592069414355153e-09,0,model_only,
-1.0,1.0,-1.0,-1.0,-1.0,0.0,0.0,1.0,-1.0,1.0,1.0,-1.0,1.0,0.0,-1.0,1.0,1.0,-1.0,0.0,1.0,-1.0,1.0,1.0,-1.0,1.0,1.0,-1.0,-1.0,-1.0,-1.0,0.9999983164765217,1,model_only,
-1.0,-1.0,-1.0,-1.0,-1.0,-1.0,0.0,1.0,0.0,-1.0,-1.0,-1.0,1.0,0.0,1.0,-1.0,-1.0,-1.0,0.0,-1.0,-1.0,-1.0,-1.0,-1.0,1.0,1.0,-1.0,-1.0,0.0,-1.0,0.42372126108883784,0,model_only,
-1.0,1.0,-1.0,-1.0,-1.0,0.0,1.0,1.0,-1.0,1.0,-1.0,-1.0,1.0,0.0,0.0,1.0,-1.0,-1.0,0.0,1.0,-1.0,1.0,-1.0,1.0,1.0,1.0,0.0,-1.0,-1.0,-1.0,0.9992694199095289,1,model_only,
-1.0,-1.0,-1.0,-1.0,-1.0,-1.0,-1.0,1.0,-1.0,-1.0,-1.0,-1.0,1.0,-1.0,0.0,-1.0,-1.0,-1.0,0.0,-1.0,-1.0,-1.0,-1.0,1.0,-1.0,1.0,-1.0,-1.0,-1.0,-1.0,2.527097472657834e-06,0,model_only,
-1.0,-1.0,-1.0,1.0,-1.0,0.0,-1.0,-1.0,1.0,-1.0,-1.0,-1.0,-1.0,-1.0,0.0,-1.0,-1.0,-1.0,0.0,-1.0,-1.0,-1.0,-1.0,1.0,1.0,-1.0,0.0,-1.0,1.0,-1.0,3.9819479890938436e-10,0,model_only,
-1.0,-1.0,-1.0,-1.0,-1.0,-1.0,1.0,1.0,-1.0,-1.0,-1.0,-1.0,1.0,0.0,0.0,-1.0,-1.0,-1.0,0.0,-1.0,-1.0,-1.0,-1.0,0.0,-1.0,0.0,-1.0,-1.0,-1.0,-1.0,0.01953462437006369,0,model_only,
1.0,-1.0,1.0,-1.0,1.0,-1.0,-1.0,-1.0,-1.0,1.0,-1.0,1.0,1.0,-1.0,1.0,-1.0,-1.0,-1.0,1.0,1.0,-1.0,1.0,-1.0,-1.0,1.0,1.0,-1.0,-1.0,-1.0,-1.0,7.453467395655908e-10,0,model_only,
-1.0,-1.0,-1.0,-1.0,-1.0,-1.0,0.0,0.0,-1.0,-1.0,-1.0,-1.0,1.0,-1.0,0.0,-1.0,-1.0,-1.0,0.0,-1.0,-1.0,-1.0,-1.0,0.0,-1.0,-1.0,-1.0,-1.0,-1.0,-1.0,3.499725461387122e-11,0,model_only,
-1.0,-1.0,-1.0,-1.0,-1.0,0.0,0.0,1.0,1.0,1.0,-1.0,-1.0,-1.0,0.0,-1.0,-1.0,1.0,-1.0,0.0,1.0,-1.0,1.0,-1.0,-1.0,1.0,1.0,0.0,-1.0,1.0,-1.0,0.6100050217705938,1,model_only,
-1.0,-1.0,-1.0,-1.0,-1.0,-1.0,0.0,1.0,-1.0,-1.0,-1.0,-1.0,1.0,0.0,-1.0,-1.0,-1.0,-1.0,0.0,-1.0,-1.0,-1.0,-1.0,-1.0,1.0,1.0,-1.0,-1.0,-1.0,-1.0,0.026530814556610143,0,model_only,
-1.0,-1.0,-1.0,-1.0,-1.0,0.0,1.0,1.0,0.0,1.0,-1.0,-1.0,1.0,0.0,-1.0,-1.0,-1.0,-1.0,0.0,1.0,-1.0,1.0,-1.0,1.0,1.0,1.0,1.0,-1.0,0.0,-1.0,0.6100713764361948,1,model_only,
-1.0,-1.0,-1.0,-1.0,-1.0,-1.0,1.0,1.0,-1.0,-1.0,-1.0,1.0,1.0,0.0,1.0,-1.0,-1.0,-1.0,0.0,-1.0,-1.0,-1.0,-1.0,1.0,-1.0,0.0,-1.0,-1.0,-1.0,-1.0,7.696415761941499e-05,0,model_only,
1.0,-1.0,1.0,-1.0,1.0,0.0,0.0,0.0,0.0,-1.0,-1.0,1.0,-1.0,-1.0,1.0,-1.0,-1.0,-1.0,1.0,1.0,-1.0,1.0,-1.0,1.0,1.0,-1.0,-1.0,-1.0,0.0,-1.0,5.4541448007511365e-09,0,model_only,
-1.0,1.0,-1.0,-1.0,-1.0,1.0,-1.0,1.0,-1.0,-1.0,-1.0,1.0,1.0,0.0,0.0,1.0,-1.0,-1.0,0.0,-1.0,-1.0,-1.0,-1.0,-1.0,1.0,1.0,1.0,-1.0,-1.0,-1.0,0.9999866064223971,1,model_only,
-1.0,-1.0,-1.0,-1.0,-1.0,-1.0,0.0,0.0,1.0,1.0,-1.0,1.0,-1.0,-1.0,0.0,-1.0,-1.0,-1.0,0.0,1.0,-1.0,1.0,-1.0,0.0,1.0,-1.0,-1.0,-1.0,1.0,-1.0,8.358910770070385e-10,0,model_only,
-1.0,1.0,-1.0,-1.0,-1.0,1.0,-1.0,1.0,-1.0,-1.0,-1.0,-1.0,1.0,1.0,-1.0,1.0,-1.0,-1.0,0.0,-1.0,-1.0,-1.0,-1.0,-1.0,1.0,1.0,1.0,-1.0,-1.0,-1.0,0.999981670088526,1,model_only,
1.0,-1.0,1.0,-1.0,1.0,0.0,-1.0,1.0,1.0,-1.0,-1.0,1.0,-1.0,0.0,1.0,-1.0,-1.0,-1.0,1.0,-1.0,-1.0,-1.0,-1.0,1.0,1.0,1.0,-1.0,-1.0,1.0,-1.0,0.34877150221134096,0,model_only,
-1.0,-1.0,-1.0,-1.0,-1.0,0.0,1.0,1.0,0.0,-1.0,-1.0,-1.0,1.0,1.0,0.0,-1.0,-1.0,-1.0,0.0,-1.0,-1.0,-1.0,-1.0,1.0,-1.0,1.0,-1.0,-1.0,0.0,-1.0,0.6837178070938439,1,model_only,
-1.0,-1.0,-1.0,-1.0,-1.0,-1.0,-1.0,1.0,1.0,-1.0,-1.0,-1.0,-1.0,-1.0,-1.0,-1.0,-1.0,-1.0,0.0,-1.0,-1.0,-1.0,-1.0,-1.0,1.0,0.0,-1.0,-1.0,1.0,-1.0,5.309115621835366e-10,0,model_only,
-1.0,-1.0,-1.0,-1.0,-1.0,1.0,0.0,1.0,0.0,-1.0,-1.0,-1.0,1.0,0.0,0.0,-1.0,-1.0,-1.0,0.0,-1.0,-1.0,-1.0,-1.0,0.0,1.0,1.0,1.0,-1.0,0.0,-1.0,0.7010945007991213,1,model_only,
1.0,-1.0,1.0,-1.0,1.0,-1.0,0.0,0.0,0.0,1.0,-1.0,1.0,1.0,-1.0,1.0,-1.0,-1.0,1.0,0.0,1.0,-1.0,1.0,-1.0,0.0,1.0,1.0,-1.0,-1.0,0.0,1.0,1.0050531776040766e-05,0,model_only,
-1.0,-1.0,-1.0,-1.0,-1.0,0.0,1.0,1.0,0.0,-1.0,-1.0,-1.0,1.0,1.0,-1.0,-1.0,-1.0,-1.0,0.0,-1.0,-1.0,-1.0,-1.0,1.0,-1.0,0.0,1.0,-1.0,0.0,-1.0,0.6700380903780374,1,model_only,
-1.0,-1.0,-1.0,-1.0,-1.0,-1.0,-1.0,1.0,1.0,-1.0,-1.0,-1.0,-1.0,0.0,-1.0,-1.0,-1.0,-1.0,0.0,-1.0,-1.0,-1.0,-1.0,1.0,1.0,1.0,-1.0,-1.0,1.0,-1.0,0.0002754529509061797,0,model_only,
1.0,-1.0,1.0,-1.0,1.0,1.0,-1.0,1.0,0.0,-1.0,-1.0,1.0,-1.0,0.0,0.0,-1.0,-1.0,1.0,0.0,-1.0,-1.0,-1.0,-1.0,1.0,-1.0,1.0,-1.0,-1.0,0.0,1.0,0.9679492929328424,1,model_only,
-1.0,-1.0,-1.0,-1.0,-1.0,-1.0,0.0,1.0,1.0,-1.0,-1.0,1.0,-1.0,0.0,-1.0,-1.0,-1.0,1.0,0.0,-1.0,-1.0,-1.0,-1.0,-1.0,1.0,0.0,-1.0,-1.0,1.0,1.0,0.0002835478137280796,0,model_only,
-1.0,-1.0,-1.0,-1.0,-1.0,1.0,-1.0,1.0,-1.0,1.0,-1.0,1.0,1.0,1.0,1.0,-1.0,-1.0,1.0,0.0,1.0,-1.0,1.0,-1.0,1.0,-1.0,1.0,-1.0,1.0,-1.0,1.0,0.9999974906889736,1,model_only,
-1.0,-1.0,-1.0,-1.0,-1.0,-1.0,-1.0,-1.0,1.0,-1.0,-1.0,-1.0,-1.0,0.0,1.0,-1.0,-1.0,-1.0,0.0,-1.0,-1.0,-1.0,-1.0,0.0,1.0,1.0,-1.0,1.0,1.0,-1.0,1.079905475854309e-08,0,model_only,
-1.0,-1.0,-1.0,-1.0,-1.0,-1.0,0.0,-1.0,1.0,-1.0,-1.0,-1.0,1.0,0.0,-1.0,-1.0,-1.0,-1.0,0.0,-1.0,-1.0,-1.0,-1.0,-1.0,1.0,1.0,-1.0,-1.0,1.0,-1.0,9.278106152077598e-10,0,model_only,
-1.0,-1.0,-1.0,-1.0,-1.0,0.0,-1.0,1.0,0.0,-1.0,-1.0,-1.0,1.0,0.0,0.0,-1.0,-1.0,-1.0,0.0,-1.0,-1.0,-1.0,-1.0,1.0,-1.0,1.0,1.0,1.0,0.0,-1.0,0.9985853304728293,1,model_only,
-1.0,-1.0,-1.0,-1.0,-1.0,-1.0,0.0,1.0,0.0,-1.0,-1.0,-1.0,-1.0,1.0,-1.0,-1.0,-1.0,-1.0,0.0,-1.0,-1.0,-1.0,-1.0,-1.0,-1.0,0.0,1.0,1.0,0.0,-1.0,0.6504398265013299,1,model_only,
-1.0,-1.0,-1.0,-1.0,-1.0,0.0,-1.0,1.0,0.0,-1.0,-1.0,-1.0,1.0,0.0,0.0,-1.0,-1.0,-1.0,0.0,-1.0,-1.0,-1.0,-1.0,1.0,-1.0,1.0,1.0,-1.0,0.0,-1.0,0.9542194515026629,1,model_only,
-1.0,-1.0,-1.0,-1.0,-1.0,1.0,-1.0,1.0,1.0,-1.0,-1.0,-1.0,-1.0,0.0,-1.0,-1.0,-1.0,-1.0,0.0,-1.0,-1.0,-1.0,-1.0,1.0,-1.0,-1.0,-1.0,-1.0,1.0,-1.0,0.7951674328721142,1,model_only,
1.0,-1.0,1.0,-1.0,1.0,0.0,1.0,1.0,-1.0,-1.0,-1.0,1.0,1.0,0.0,0.0,-1.0,-1.0,1.0,0.0,-1.0,-1.0,-1.0,-1.0,1.0,1.0,1.0,-1.0,-1.0,-1.0,1.0,0.9341755412032312,1,model_only,
-1.0,-1.0,-1.0,-1.0,-1.0,-1.0,-1.0,1.0,0.0,-1.0,-1.0,-1.0,1.0,0.0,-1.0,-1.0,-1.0,-1.0,0.0,-1.0,-1.0,-1.0,-1.0,-1.0,1.0,0.0,-1.0,-1.0,0.0,-1.0,0.014427881974193169,0,model_only,
-1.0,-1.0,-1.0,-1.0,-1.0,0.0,1.0,1.0,1.0,-1.0,-1.0,-1.0,-1.0,0.0,1.0,-1.0,-1.0,-1.0,0.0,-1.0,-1.0,-1.0,-1.0,1.0,1.0,1.0,0.0,-1.0,1.0,-1.0,0.08369917578722937,0,model_only,
-1.0,-1.0,-1.0,-1.0,-1.0,-1.0,-1.0,1.0,0.0,-1.0,-1.0,-1.0,-1.0,0.0,0.0,-1.0,-1.0,-1.0,0.0,-1.0,-1.0,-1.0,-1.0,-1.0,1.0,0.0,-1.0,-1.0,0.0,-1.0,0.2058634166758966,0,model_only,
-1.0,-1.0,-1.0,-1.0,-1.0,-1.0,0.0,1.0,-1.0,-1.0,-1.0,-1.0,1.0,1.0,0.0,-1.0,-1.0,-1.0,0.0,-1.0,-1.0,-1.0,-1.0,0.0,-1.0,1.0,-1.0,-1.0,-1.0,-1.0,0.6693413350465277,1,model_only,
-1.0,-1.0,-1.0,-1.0,-1.0,-1.0,1.0,1.0,1.0,-1.0,-1.0,-1.0,1.0,0.0,0.0,-1.0,-1.0,-1.0,0.0,-1.0,-1.0,-1.0,-1.0,0.0,1.0,0.0,-1.0,-1.0,1.0,-1.0,0.00220038964481918,0,model_only,
1.0,-1.0,1.0,-1.0,1.0,-1.0,0.0,-1.0,1.0,1.0,-1.0,1.0,-1.0,-1.0,1.0,-1.0,-1.0,1.0,0.0,1.0,-1.0,1.0,1.0,-1.0,1.0,1.0,-1.0,1.0,1.0,1.0,2.81550326487657e-06,0,model_only,
-1.0,-1.0,-1.0,-1.0,-1.0,0.0,0.0,1.0,0.0,-1.0,-1.0,-1.0,1.0,0.0,0.0,-1.0,-1.0,-1.0,0.0,-1.0,-1.0,-1.0,-1.0,0.0,1.0,1.0,0.0,-1.0,1.0,-1.0,0.6986972021694046,1,model_only,
-1.0,-1.0,-1.0,-1.0,-1.0,0.0,-1.0,1.0,-1.0,-1.0,-1.0,-1.0,1.0,0.0,0.0,-1.0,-1.0,-1.0,0.0,-1.0,-1.0,-1.0,-1.0,-1.0,-1.0,1.0,0.0,1.0,0.0,-1.0,0.9996958428535798,1,model_only,
-1.0,-1.0,-1.0,-1.0,-1.0,0.0,0.0,0.0,-1.0,-1.0,-1.0,-1.0,1.0,0.0,-1.0,-1.0,-1.0,-1.0,0.0,-1.0,-1.0,-1.0,-1.0,1.0,1.0,-1.0,0.0,1.0,1.0,-1.0,0.5823650404065583,1,model_only,
-1.0,-1.0,-1.0,-1.0,-1.0,1.0,1.0,1.0,-1.0,1.0,1.0,-1.0,1.0,0.0,0.0,-1.0,1.0,-1.0,0.0,1.0,-1.0,1.0,-1.0,1.0,1.0,1.0,-1.0,1.0,1.0,-1.0,0.999998879432332,1,model_only,
-1.0,-1.0,-1.0,-1.0,-1.0,0.0,0.0,0.0,-1.0,-1.0,-1.0,-1.0,1.0,-1.0,1.0,-1.0,-1.0,-1.0,0.0,-1.0,-1.0,-1.0,-1.0,1.0,-1.0,1.0,-1.0,1.0,0.0,-1.0,5.525977296778129e-06,0,model_only,
-1.0,-1.0,-1.0,-1.0,-1.0,0.0,-1.0,-1.0,0.0,-1.0,-1.0,-1.0,-1.0,-1.0,0.0,-1.0,-1.0,-1.0,0.0,-1.0,-1.0,-1.0,-1.0,-1.0,-1.0,0.0,-1.0,1.0,0.0,-1.0,3.2819479160549207e-12,0,model_only,
1.0,-1.0,1.0,-1.0,1.0,0.0,0.0,-1.0,0.0,-1.0,-1.0,1.0,1.0,0.0,0.0,-1.0,-1.0,1.0,0.0,-1.0,-1.0,-1.0,-1.0,0.0,1.0,1.0,0.0,1.0,1.0,1.0,0.539841490763258,1,model_only,
-1.0,1.0,-1.0,-1.0,-1.0,0.0,0.0,1.0,-1.0,-1.0,-1.0,-1.0,1.0,0.0,-1.0,1.0,-1.0,-1.0,0.0,-1.0,-1.0,-1.0,-1.0,-1.0,1.0,1.0,-1.0,-1.0,1.0,-1.0,0.9989582649526555,1,model_only,
-1.0,-1.0,-1.0,-1.0,-1.0,0.0,-1.0,-1.0,-1.0,-1.0,-1.0,-1.0,1.0,-1.0,1.0,-1.0,-1.0,-1.0,0.0,-1.0,-1.0,-1.0,-1.0,-1.0,1.0,-1.0,-1.0,1.0,1.0,-1.0,6.423938834398971e-06,0,model_only,
-1.0,-1.0,-1.0,-1.0,-1.0,-1.0,0.0,0.0,-1.0,-1.0,-1.0,-1.0,1.0,-1.0,0.0,-1.0,1.0,-1.0,0.0,-1.0,-1.0,-1.0,-1.0,1.0,1.0,-1.0,-1.0,1.0,0.0,-1.0,8.47956155114048e-08,0,model_only,
-1.0,-1.0,-1.0,-1.0,-1.0,1.0,1.0,1.0,-1.0,-1.0,-1.0,-1.0,1.0,0.0,0.0,-1.0,1.0,-1.0,0.0,-1.0,-1.0,-1.0,-1.0,0.0,1.0,1.0,-1.0,-1.0,0.0,-1.0,0.9987316586581348,1,model_only,
-1.0,-1.0,-1.0,-1.0,-1.0,0.0,0.0,0.0,0.0,-1.0,-1.0,-1.0,-1.0,-1.0,-1.0,-1.0,1.0,-1.0,0.0,-1.0,-1.0,-1.0,-1.0,1.0,-1.0,-1.0,0.0,1.0,0.0,-1.0,1.569685857483268e-09,0,model_only,
-1.0,1.0,-1.0,-1.0,-1.0,0.0,0.0,-1.0,-1.0,1.0,-1.0,-1.0,1.0,0.0,0.0,1.0,1.0,-1.0,0.0,1.0,-1.0,1.0,-1.0,-1.0,-1.0,1.0,-1.0,-1.0,0.0,-1.0,0.3379054840785489,0,model_only,
-1.0,-1.0,-1.0,-1.0,-1.0,1.0,0.0,1.0,1.0,-1.0,-1.0,-1.0,-1.0,0.0,0.0,-1.0,-1.0,-1.0,0.0,-1.0,-1.0,-1.0,-1.0,-1.0,-1.0,1.0,-1.0,-1.0,0.0,-1.0,0.7363507892416205,1,model_only,
-1.0,-1.0,-1.0,-1.0,-1.0,-1.0,-1.0,1.0,0.0,-1.0,-1.0,-1.0,1.0,0.0,0.0,-1.0,-1.0,-1.0,0.0,-1.0,-1.0,-1.0,-1.0,-1.0,-1.0,1.0,-1.0,-1.0,0.0,-1.0,0.639350378573588,1,model_only,
-1.0,-1.0,-1.0,-1.0,-1.0,-1.0,-1.0,0.0,1.0,-1.0,-1.0,-1.0,1.0,0.0,-1.0,-1.0,-1.0,-1.0,0.0,-1.0,-1.0,-1.0,-1.0,-1.0,1.0,1.0,-1.0,1.0,0.0,-1.0,1.748041997314946e-07,0,model_only,
1.0,1.0,1.0,-1.0,1.0,-1.0,0.0,-1.0,0.0,1.0,-1.0,1.0,1.0,-1.0,1.0,1.0,-1.0,1.0,0.0,1.0,-1.0,1.0,-1.0,-1.0,1.0,1.0,-1.0,-1.0,1.0,1.0,0.008588051291173007,0,model_only,
-1.0,-1.0,-1.0,-1.0,-1.0,0.0,1.0,1.0,1.0,-1.0,-1.0,-1.0,-1.0,0.0,0.0,-1.0,-1.0,-1.0,0.0,-1.0,-1.0,-1.0,-1.0,1.0,1.0,1.0,0.0,-1.0,0.0,-1.0,0.0010953752426086669,0,model_only,
-1.0,-1.0,-1.0,-1.0,-1.0,0.0,1.0,1.0,-1.0,-1.0,-1.0,-1.0,1.0,0.0,1.0,-1.0,-1.0,-1.0,0.0,-1.0,-1.0,-1.0,-1.0,0.0,1.0,1.0,-1.0,-1.0,0.0,-1.0,0.7403573409739849,1,model_only,
-1.0,1.0,-1.0,-1.0,-1.0,0.0,1.0,1.0,-1.0,-1.0,-1.0,1.0,1.0,0.0,0.0,1.0,-1.0,1.0,0.0,-1.0,-1.0,-1.0,-1.0,0.0,-1.0,1.0,-1.0,-1.0,0.0,1.0,0.9999985903005951,1,model_only,
-1.0,-1.0,-1.0,-1.0,-1.0,-1.0,-1.0,-1.0,1.0,-1.0,-1.0,1.0,-1.0,-1.0,0.0,-1.0,-1.0,1.0,0.0,-1.0,-1.0,-1.0,-1.0,-1.0,1.0,-1.0,-1.0,-1.0,1.0,1.0,1.833631366927102e-12,0,model_only,
-1.0,-1.0,-1.0,-1.0,-1.0,0.0,0.0,1.0,1.0,-1.0,-1.0,1.0,-1.0,0.0,0.0,-1.0,-1.0,1.0,0.0,-1.0,-1.0,-1.0,-1.0,-1.0,-1.0,1.0,-1.0,-1.0,0.0,1.0,0.6729128075669241,1,model_only,
1.0,-1.0,1.0,-1.0,1.0,-1.0,0.0,1.0,1.0,-1.0,-1.0,1.0,-1.0,1.0,-1.0,-1.0,-1.0,1.0,0.0,-1.0,-1.0,-1.0,-1.0,-1.0,1.0,1.0,1.0,1.0,1.0,1.0,0.07585164863991813,0,model_only,
-1.0,-1.0,-1.0,-1.0,-1.0,-1.0,-1.0,-1.0,1.0,-1.0,-1.0,-1.0,-1.0,0.0,0.0,-1.0,-1.0,-1.0,0.0,-1.0,-1.0,-1.0,-1.0,-1.0,-1.0,1.0,-1.0,-1.0,0.0,-1.0,4.38842277088108e-11,0,model_only,
-1.0,-1.0,-1.0,-1.0,-1.0,0.0,0.0,1.0,1.0,-1.0,-1.0,-1.0,-1.0,1.0,0.0,-1.0,-1.0,-1.0,0.0,-1.0,-1.0,-1.0,-1.0,0.0,1.0,-1.0,1.0,-1.0,1.0,-1.0,0.6719911213744596,1,model_only,
-1.0,1.0,-1.0,-1.0,-1.0,-1.0,-1.0,1.0,-1.0,1.0,-1.0,-1.0,1.0,1.0,0.0,1.0,-1.0,-1.0,0.0,1.0,-1.0,1.0,-1.0,1.0,1.0,1.0,1.0,1.0,1.0,-1.0,0.9978191419631215,1,model_only,
-1.0,-1.0,-1.0,1.0,-1.0,0.0,0.0,0.0,0.0,-1.0,-1.0,-1.0,-1.0,-1.0,1.0,-1.0,-1.0,-1.0,0.0,-1.0,-1.0,-1.0,-1.0,1.0,1.0,1.0,-1.0,1.0,0.0,-1.0,6.042911741601359e-09,0,model_only,
-1.0,-1.0,-1.0,-1.0,-1.0,0.0,1.0,1.0,-1.0,-1.0,-1.0,-1.0,1.0,1.0,-1.0,-1.0,-1.0,-1.0,0.0,-1.0,-1.0,-1.0,-1.0,1.0,1.0,1.0,-1.0,1.0,1.0,-1.0,0.9623588459971059,1,model_only,
-1.0,-1.0,-1.0,-1.0,-1.0,0.0,0.0,1.0,1.0,-1.0,-1.0,-1.0,-1.0,0.0,0.0,-1.0,-1.0,-1.0,0.0,-1.0,-1.0,-1.0,-1.0,-1.0,1.0,1.0,0.0,1.0,1.0,-1.0,0.6665030508135138,1,model_only,
-1.0,-1.0,-1.0,-1.0,-1.0,-1.0,-1.0,-1.0,1.0,-1.0,-1.0,-1.0,1.0,0.0,0.0,-1.0,-1.0,-1.0,0.0,-1.0,-1.0,-1.0,-1.0,-1.0,-1.0,1.0,-1.0,1.0,0.0,-1.0,1.9964357252359283e-08,0,model_only,
-1.0,-1.0,-1.0,-1.0,-1.0,0.0,1.0,1.0,0.0,-1.0,-1.0,-1.0,1.0,0.0,-1.0,-1.0,-1.0,-1.0,0.0,-1.0,-1.0,-1.0,-1.0,1.0,-1.0,1.0,1.0,1.0,0.0,-1.0,0.9032182310310944,1,model_only,
-1.0,-1.0,-1.0,-1.0,-1.0,-1.0,0.0,-1.0,1.0,-1.0,-1.0,-1.0,-1.0,0.0,-1.0,-1.0,-1.0,-1.0,0.0,-1.0,-1.0,-1.0,-1.0,-1.0,1.0,1.0,-1.0,1.0,0.0,-1.0,9.419154663248192e-12,0,model_only,
-1.0,1.0,-1.0,-1.0,-1.0,0.0,1.0,1.0,1.0,1.0,-1.0,-1.0,-1.0,0.0,0.0,1.0,-1.0,-1.0,0.0,1.0,-1.0,1.0,-1.0,1.0,1.0,1.0,-1.0,1.0,0.0,-1.0,0.9733828110948988,1,model_only,
-1.0,-1.0,-1.0,-1.0,-1.0,0.0,1.0,1.0,0.0,-1.0,-1.0,-1.0,1.0,1.0,0.0,-1.0,-1.0,-1.0,0.0,-1.0,-1.0,-1.0,-1.0,1.0,1.0,1.0,1.0,-1.0,0.0,-1.0,0.6673360627779875,1,model_only,
-1.0,1.0,-1.0,-1.0,-1.0,-1.0,0.0,0.0,-1.0,-1.0,-1.0,-1.0,1.0,-1.0,-1.0,1.0,-1.0,-1.0,0.0,-1.0,-1.0,-1.0,-1.0,1.0,-1.0,-1.0,-1.0,1.0,0.0,-1.0,9.863978610172587e-10,0,model_only,
-1.0,-1.0,-1.0,-1.0,-1.0,-1.0,0.0,-1.0,1.0,-1.0,-1.0,1.0,-1.0,-1.0,-1.0,-1.0,-1.0,1.0,0.0,-1.0,-1.0,-1.0,-1.0,-1.0,1.0,0.0,-1.0,-1.0,1.0,1.0,2.046533770893613e-13,0,model_only,
-1.0,-1.0,-1.0,-1.0,-1.0,-1.0,-1.0,1.0,0.0,-1.0,-1.0,-1.0,-1.0,0.0,0.0,-1.0,-1.0,-1.0,0.0,-1.0,-1.0,-1.0,-1.0,-1.0,1.0,1.0,-1.0,-1.0,0.0,-1.0,0.026705044010415322,0,model_only,
-1.0,-1.0,-1.0,-1.0,-1.0,0.0,-1.0,1.0,1.0,1.0,-1.0,-1.0,-1.0,-1.0,0.0,-1.0,-1.0,-1.0,0.0,-1.0,-1.0,1.0,-1.0,-1.0,-1.0,-1.0,0.0,-1.0,0.0,-1.0,2.000495057931458e-07,0,model_only,
-1.0,-1.0,-1.0,-1.0,-1.0,-1.0,-1.0,1.0,-1.0,1.0,-1.0,-1.0,1.0,1.0,1.0,-1.0,-1.0,-1.0,0.0,-1.0,-1.0,1.0,-1.0,1.0,1.0,1.0,1.0,1.0,1.0,-1.0,0.6853500744299291,1,model_only,
1.0,-1.0,1.0,-1.0,1.0,0.0,1.0,1.0,1.0,1.0,-1.0,1.0,-1.0,0.0,1.0,-1.0,-1.0,1.0,1.0,-1.0,-1.0,1.0,-1.0,1.0,1.0,0.0,-1.0,-1.0,1.0,1.0,1.1485314321467523e-05,0,model_only,
-1.0,-1.0,-1.0,-1.0,-1.0,-1.0,-1.0,1.0,1.0,-1.0,-1.0,-1.0,-1.0,0.0,0.0,-1.0,-1.0,-1.0,0.0,-1.0,-1.0,-1.0,-1.0,1.0,1.0,0.0,-1.0,-1.0,1.0,-1.0,0.1993143743123477,0,model_only,
-1.0,-1.0,-1.0,-1.0,-1.0,0.0,-1.0,-1.0,-1.0,1.0,-1.0,-1.0,1.0,0.0,0.0,-1.0,-1.0,-1.0,0.0,-1.0,-1.0,1.0,-1.0,-1.0,1.0,0.0,1.0,-1.0,1.0,-1.0,2.456380709237393e-06,0,model_only,
-1.0,-1.0,-1.0,-1.0,-1.0,1.0,1.0,1.0,0.0,-1.0,-1.0,-1.0,1.0,1.0,0.0,-1.0,-1.0,-1.0,0.0,-1.0,-1.0,-1.0,-1.0,1.0,-1.0,1.0,-1.0,-1.0,0.0,-1.0,0.9316585125609356,1,model_only,
-1.0,-1.0,-1.0,-1.0,-1.0,0.0,0.0,1.0,0.0,1.0,-1.0,-1.0,1.0,0.0,-1.0,-1.0,-1.0,-1.0,0.0,-1.0,-1.0,1.0,-1.0,-1.0,1.0,1.0,-1.0,-1.0,1.0,-1.0,0.0006090343014215487,0,model_only,
-1.0,-1.0,-1.0,-1.0,-1.0,0.0,-1.0,1.0,1.0,-1.0,-1.0,-1.0,-1.0,0.0,-1.0,-1.0,-1.0,-1.0,0.0,-1.0,-1.0,-1.0,-1.0,1.0,-1.0,1.0,-1.0,-1.0,0.0,-1.0,0.6508586106014612,1,model_only,
1.0,1.0,1.0,-1.0,1.0,0.0,0.0,1.0,1.0,1.0,-1.0,1.0,-1.0,1.0,1.0,1.0,-1.0,1.0,1.0,-1.0,-1.0,1.0,-1.0,-1.0,1.0,1.0,1.0,-1.0,1.0,1.0,0.8060302027537162,1,model_only,
-1.0,-1.0,-1.0,-1.0,-1.0,0.0,-1.0,1.0,1.0,-1.0,-1.0,-1.0,-1.0,0.0,0.0,-1.0,-1.0,-1.0,0.0,-1.0,-1.0,-1.0,-1.0,-1.0,1.0,-1.0,-1.0,-1.0,0.0,-1.0,0.6667255561652171,1,model_only,
-1.0,-1.0,-1.0,-1.0,-1.0,0.0,-1.0,1.0,0.0,-1.0,-1.0,-1.0,-1.0,0.0,0.0,-1.0,-1.0,-1.0,0.0,-1.0,-1.0,-1.0,-1.0,-1.0,-1.0,0.0,-1.0,-1.0,0.0,-1.0,0.6676635524077913,1,model_only,
-1.0,-1.0,-1.0,-1.0,-1.0,1.0,-1.0,1.0,0.0,1.0,-1.0,-1.0,1.0,0.0,1.0,-1.0,-1.0,1.0,0.0,-1.0,-1.0,1.0,-1.0,1.0,1.0,1.0,-1.0,-1.0,1.0,1.0,0.9960962001261736,1,model_only,
1.0,-1.0,1.0,-1.0,1.0,1.0,1.0,1.0,1.0,-1.0,-1.0,1.0,-1.0,0.0,0.0,-1.0,-1.0,-1.0,1.0,-1.0,-1.0,-1.0,-1.0,1.0,1.0,1.0,-1.0,-1.0,1.0,-1.0,0.4059109134664873,0,model_only,
-1.0,-1.0,-1.0,1.0,-1.0,0.0,0.0,0.0,0.0,-1.0,-1.0,1.0,-1.0,-1.0,0.0,-1.0,-1.0,-1.0,0.0,-1.0,-1.0,-1.0,-1.0,0.0,1.0,-1.0,-1.0,-1.0,1.0,-1.0,1.9081831554671804e-06,0,model_only,
-1.0,-1.0,-1.0,-1.0,-1.0,0.0,1.0,1.0,0.0,-1.0,-1.0,-1.0,1.0,0.0,1.0,-1.0,-1.0,-1.0,0.0,-1.0,-1.0,-1.0,-1.0,0.0,-1.0,1.0,1.0,-1.0,0.0,-1.0,0.9534677892680774,1,model_only,
-1.0,-1.0,-1.0,-1.0,-1.0,0.0,0.0,-1.0,1.0,1.0,-1.0,-1.0,-1.0,-1.0,0.0,-1.0,-1.0,1.0,0.0,-1.0,-1.0,1.0,-1.0,-1.0,1.0,0.0,-1.0,-1.0,1.0,1.0,6.636075330901171e-10,0,model_only,
-1.0,-1.0,-1.0,-1.0,-1.0,-1.0,1.0,1.0,0.0,-1.0,-1.0,-1.0,1.0,0.0,0.0,-1.0,-1.0,-1.0,0.0,-1.0,-1.0,-1.0,-1.0,1.0,-1.0,0.0,-1.0,-1.0,0.0,-1.0,0.010860890832803623,0,model_only,
-1.0,-1.0,-1.0,-1.0,-1.0,0.0,1.0,1.0,1.0,-1.0,-1.0,-1.0,1.0,1.0,-1.0,-1.0,-1.0,-1.0,0.0,-1.0,-1.0,-1.0,-1.0,0.0,1.0,-1.0,-1.0,-1.0,1.0,-1.0,0.6847986623371076,1,model_only,
-1.0,-1.0,-1.0,-1.0,-1.0,-1.0,-1.0,-1.0,-1.0,-1.0,-1.0,-1.0,1.0,-1.0,-1.0,-1.0,-1.0,-1.0,0.0,-1.0,-1.0,-1.0,-1.0,-1.0,-1.0,-1.0,-1.0,-1.0,0.0,-1.0,9.29348123859499e-14,0,model_only,
-1.0,-1.0,-1.0,-1.0,-1.0,-1.0,0.0,-1.0,1.0,-1.0,-1.0,-1.0,1.0,0.0,-1.0,-1.0,-1.0,-1.0,0.0,-1.0,-1.0,-1.0,-1.0,-1.0,1.0,0.0,-1.0,1.0,0.0,-1.0,5.016912173776297e-11,0,model_only,
-1.0,1.0,-1.0,-1.0,-1.0,-1.0,1.0,1.0,-1.0,-1.0,-1.0,-1.0,1.0,0.0,1.0,1.0,-1.0,-1.0,0.0,-1.0,-1.0,1.0,-1.0,1.0,1.0,0.0,-1.0,-1.0,1.0,-1.0,0.4405467944955334,0,model_only,
1.0,1.0,1.0,-1.0,1.0,-1.0,-1.0,1.0,-1.0,-1.0,-1.0,1.0,1.0,0.0,-1.0,1.0,-1.0,-1.0,1.0,-1.0,-1.0,-1.0,-1.0,-1.0,1.0,0.0,-1.0,1.0,1.0,-1.0,0.3311812341443354,0,model_only,
-1.0,-1.0,-1.0,-1.0,-1.0,-1.0,-1.0,-1.0,0.0,-1.0,-1.0,-1.0,-1.0,0.0,-1.0,-1.0,-1.0,-1.0,0.0,-1.0,-1.0,-1.0,-1.0,-1.0,1.0,0.0,-1.0,1.0,0.0,-1.0,1.0087002612243146e-11,0,model_only,
-1.0,-1.0,-1.0,-1.0,-1.0,0.0,-1.0,-1.0,1.0,-1.0,-1.0,-1.0,-1.0,0.0,0.0,-1.0,-1.0,-1.0,0.0,-1.0,-1.0,-1.0,-1.0,-1.0,1.0,1.0,-1.0,1.0,0.0,-1.0,5.202165238057826e-08,0,model_only,
-1.0,-1.0,-1.0,-1.0,-1.0,0.0,-1.0,-1.0,0.0,-1.0,-1.0,1.0,-1.0,-1.0,0.0,-1.0,-1.0,-1.0,0.0,-1.0,-1.0,-1.0,-1.0,-1.0,1.0,-1.0,0.0,1.0,0.0,-1.0,3.6359476707187525e-13,0,model_only,
1.0,-1.0,1.0,-1.0,1.0,0.0,0.0,-1.0,-1.0,-1.0,-1.0,1.0,1.0,-1.0,1.0,-1.0,-1.0,1.0,1.0,-1.0,-1.0,1.0,-1.0,-1.0,1.0,-1.0,0.0,-1.0,1.0,1.0,4.704811105855099e-07,0,model_only,
-1.0,-1.0,-1.0,-1.0,-1.0,-1.0,-1.0,-1.0,1.0,-1.0,-1.0,-1.0,-1.0,0.0,0.0,-1.0,-1.0,-1.0,0.0,-1.0,-1.0,-1.0,-1.0,0.0,1.0,1.0,-1.0,-1.0,1.0,-1.0,1.7086858046956862e-10,0,model_only,
-1.0,-1.0,-1.0,-1.0,-1.0,1.0,-1.0,1.0,1.0,-1.0,-1.0,-1.0,-1.0,1.0,0.0,-1.0,-1.0,-1.0,0.0,-1.0,-1.0,-1.0,-1.0,-1.0,1.0,1.0,1.0,-1.0,0.0,-1.0,0.6714492619629543,1,model_only,
-1.0,-1.0,-1.0,-1.0,-1.0,-1.0,-1.0,-1.0,1.0,-1.0,-1.0,-1.0,-1.0,0.0,0.0,-1.0,-1.0,-1.0,0.0,-1.0,-1.0,-1.0,-1.0,-1.0,1.0,1.0,-1.0,-1.0,0.0,-1.0,1.6378229270677748e-11,0,model_only,
-1.0,-1.0,-1.0,-1.0,-1.0,-1.0,1.0,1.0,-1.0,-1.0,-1.0,-1.0,1.0,0.0,0.0,-1.0,-1.0,-1.0,0.0,-1.0,-1.0,-1.0,-1.0,1.0,-1.0,1.0,-1.0,-1.0,0.0,-1.0,0.06743624807180751,0,model_only,
-1.0,-1.0,-1.0,-1.0,-1.0,-1.0,0.0,0.0,1.0,-1.0,-1.0,-1.0,-1.0,-1.0,-1.0,-1.0,-1.0,-1.0,0.0,-1.0,-1.0,-1.0,-1.0,1.0,1.0,-1.0,-1.0,-1.0,1.0,-1.0,1.2066549010773142e-12,0,model_only,
-1.0,-1.0,-1.0,-1.0,-1.0,-1.0,-1.0,1.0,1.0,-1.0,-1.0,-1.0,-1.0,1.0,1.0,-1.0,-1.0,-1.0,0.0,-1.0,-1.0,-1.0,-1.0,1.0,1.0,1.0,1.0,1.0,0.0,-1.0,0.6660456686893332,1,model_only,
-1.0,-1.0,-1.0,1.0,-1.0,0.0,-1.0,1.0,0.0,-1.0,-1.0,-1.0,-1.0,0.0,1.0,-1.0,-1.0,-1.0,0.0,-1.0,-1.0,-1.0,-1.0,1.0,-1.0,1.0,1.0,-1.0,0.0,-1.0,0.9349756217146549,1,model_only,
-1.0,-1.0,-1.0,-1.0,-1.0,0.0,-1.0,1.0,-1.0,-1.0,-1.0,-1.0,1.0,0.0,0.0,-1.0,-1.0,-1.0,0.0,-1.0,-1.0,-1.0,-1.0,1.0,1.0,1.0,-1.0,1.0,1.0,-1.0,0.9953010017328205,1,model_only,
-1.0,-1.0,-1.0,-1.0,-1.0,0.0,1.0,1.0,-1.0,1.0,-1.0,-1.0,1.0,0.0,-1.0,-1.0,-1.0,-1.0,0.0,1.0,-1.0,1.0,-1.0,1.0,1.0,1.0,0.0,1.0,1.0,-1.0,0.794065228105568,1,model_only,
-1.0,-1.0,-1.0,-1.0,-1.0,-1.0,0.0,0.0,-1.0,1.0,-1.0,-1.0,1.0,-1.0,0.0,-1.0,-1.0,-1.0,0.0,1.0,-1.0,1.0,-1.0,1.0,-1.0,0.0,-1.0,-1.0,0.0,-1.0,8.917796738288096e-08,0,model_only,
-1.0,-1.0,-1.0,-1.0,-1.0,-1.0,-1.0,-1.0,1.0,-1.0,-1.0,-1.0,1.0,0.0,0.0,-1.0,-1.0,-1.0,0.0,-1.0,-1.0,-1.0,-1.0,0.0,1.0,1.0,-1.0,-1.0,1.0,-1.0,2.179737759663622e-07,0,model_only,
-1.0,-1.0,-1.0,-1.0,-1.0,0.0,-1.0,1.0,1.0,-1.0,-1.0,-1.0,-1.0,0.0,0.0,-1.0,-1.0,-1.0,0.0,-1.0,-1.0,-1.0,-1.0,-1.0,-1.0,1.0,0.0,-1.0,0.0,-1.0,0.6800007799806073,1,model_only,
-1.0,1.0,-1.0,-1.0,-1.0,0.0,-1.0,1.0,-1.0,-1.0,-1.0,-1.0,1.0,0.0,0.0,1.0,-1.0,-1.0,0.0,-1.0,-1.0,-1.0,-1.0,-1.0,-1.0,1.0,0.0,-1.0,0.0,-1.0,0.9999984118584697,1,model_only,
-1.0,-1.0,-1.0,-1.0,-1.0,0.0,-1.0,-1.0,1.0,-1.0,-1.0,-1.0,-1.0,-1.0,0.0,-1.0,-1.0,-1.0,0.0,-1.0,-1.0,-1.0,-1.0,-1.0,1.0,0.0,0.0,-1.0,0.0,-1.0,5.776428818804525e-14,0,model_only,
-1.0,-1.0,-1.0,-1.0,-1.0,0.0,1.0,-1.0,0.0,-1.0,-1.0,-1.0,1.0,-1.0,0.0,-1.0,-1.0,-1.0,0.0,-1.0,-1.0,-1.0,-1.0,1.0,1.0,-1.0,-1.0,-1.0,0.0,-1.0,3.9635856411948343e-10,0,model_only,
-1.0,-1.0,-1.0,-1.0,-1.0,0.0,1.0,1.0,0.0,-1.0,-1.0,-1.0,-1.0,0.0,0.0,-1.0,-1.0,-1.0,0.0,-1.0,-1.0,-1.0,-1.0,1.0,-1.0,1.0,-1.0,-1.0,0.0,-1.0,0.4037149644300711,0,model_only,
-1.0,-1.0,-1.0,-1.0,-1.0,1.0,1.0,1.0,-1.0,-1.0,-1.0,-1.0,1.0,0.0,0.0,-1.0,-1.0,-1.0,0.0,-1.0,-1.0,-1.0,-1.0,1.0,-1.0,0.0,-1.0,-1.0,0.0,-1.0,0.9980828648051329,1,model_only,
-1.0,-1.0,-1.0,-1.0,-1.0,-1.0,0.0,1.0,1.0,-1.0,-1.0,-1.0,1.0,0.0,-1.0,-1.0,-1.0,-1.0,0.0,-1.0,-1.0,-1.0,-1.0,-1.0,1.0,1.0,-1.0,-1.0,0.0,-1.0,0.0002243238890493154,0,model_only,
1.0,-1.0,1.0,-1.0,1.0,0.0,-1.0,1.0,1.0,-1.0,-1.0,1.0,-1.0,0.0,0.0,-1.0,-1.0,1.0,1.0,-1.0,-1.0,-1.0,-1.0,-1.0,1.0,1.0,-1.0,-1.0,1.0,1.0,0.6690589566935062,1,model_only,
1.0,1.0,1.0,-1.0,1.0,1.0,0.0,1.0,-1.0,1.0,-1.0,1.0,1.0,1.0,1.0,1.0,1.0,1.0,1.0,-1.0,-1.0,1.0,-1.0,-1.0,1.0,0.0,-1.0,-1.0,1.0,1.0,0.999881848578652,1,model_only,
-1.0,-1.0,-1.0,-1.0,-1.0,-1.0,1.0,1.0,1.0,1.0,-1.0,-1.0,-1.0,1.0,-1.0,-1.0,-1.0,-1.0,0.0,-1.0,-1.0,1.0,-1.0,1.0,1.0,1.0,-1.0,-1.0,1.0,-1.0,3.371272280601702e-08,0,model_only,
-1.0,-1.0,-1.0,-1.0,-1.0,-1.0,1.0,1.0,0.0,-1.0,-1.0,-1.0,1.0,1.0,0.0,-1.0,-1.0,-1.0,0.0,-1.0,-1.0,-1.0,-1.0,1.0,-1.0,1.0,-1.0,-1.0,0.0,-1.0,0.660372085980617,1,model_only,
1.0,-1.0,1.0,-1.0,1.0,0.0,0.0,1.0,-1.0,-1.0,-1.0,1.0,1.0,0.0,-1.0,-1.0,-1.0,1.0,1.0,-1.0,-1.0,-1.0,-1.0,-1.0,1.0,1.0,-1.0,-1.0,1.0,1.0,0.9803169908483397,1,model_only,
-1.0,-1.0,-1.0,-1.0,-1.0,1.0,-1.0,1.0,1.0,-1.0,-1.0,-1.0,-1.0,1.0,0.0,-1.0,1.0,-1.0,0.0,-1.0,-1.0,-1.0,-1.0,1.0,1.0,-1.0,-1.0,-1.0,1.0,-1.0,0.9991626669298298,1,model_only,
-1.0,1.0,-1.0,-1.0,-1.0,0.0,0.0,0.0,1.0,-1.0,-1.0,-1.0,-1.0,-1.0,0.0,1.0,-1.0,-1.0,0.0,-1.0,-1.0,-1.0,-1.0,1.0,1.0,-1.0,-1.0,-1.0,0.0,-1.0,1.4866405770359108e-10,0,model_only,
1.0,1.0,1.0,-1.0,1.0,0.0,0.0,-1.0,-1.0,-1.0,-1.0,1.0,1.0,-1.0,1.0,1.0,-1.0,1.0,1.0,-1.0,-1.0,-1.0,-1.0,-1.0,1.0,-1.0,0.0,-1.0,0.0,1.0,3.305885838121971e-08,0,model_only,
-1.0,-1.0,-1.0,-1.0,-1.0,0.0,-1.0,1.0,0.0,-1.0,-1.0,-1.0,-1.0,0.0,-1.0,-1.0,-1.0,-1.0,0.0,-1.0,-1.0,-1.0,-1.0,-1.0,1.0,0.0,-1.0,1.0,0.0,-1.0,0.5919040055157297,1,model_only,
-1.0,1.0,-1.0,1.0,-1.0,0.0,-1.0,1.0,0.0,-1.0,-1.0,-1.0,1.0,0.0,1.0,1.0,-1.0,-1.0,0.0,-1.0,-1.0,-1.0,-1.0,-1.0,-1.0,1.0,-1.0,-1.0,0.0,-1.0,0.9999997984922278,1,model_only,
-1.0,1.0,-1.0,-1.0,-1.0,0.0,-1.0,1.0,-1.0,1.0,-1.0,-1.0,1.0,0.0,1.0,1.0,-1.0,-1.0,0.0,-1.0,-1.0,1.0,-1.0,1.0,1.0,1.0,-1.0,-1.0,1.0,-1.0,0.993192768449604,1,model_only,
1.0,-1.0,1.0,-1.0,1.0,0.0,0.0,1.0,1.0,-1.0,-1.0,1.0,-1.0,1.0,-1.0,-1.0,-1.0,1.0,1.0,-1.0,-1.0,-1.0,-1.0,-1.0,1.0,1.0,-1.0,-1.0,1.0,1.0,0.0027808694265086197,0,model_only,
-1.0,-1.0,-1.0,-1.0,-1.0,1.0,-1.0,1.0,0.0,1.0,-1.0,-1.0,1.0,1.0,0.0,-1.0,-1.0,-1.0,0.0,-1.0,-1.0,1.0,-1.0,-1.0,-1.0,1.0,-1.0,-1.0,0.0,-1.0,0.8033944543103798,1,model_only,
-1.0,-1.0,-1.0,1.0,-1.0,0.0,1.0,1.0,0.0,-1.0,-1.0,-1.0,1.0,0.0,1.0,-1.0,-1.0,-1.0,0.0,-1.0,-1.0,-1.0,-1.0,1.0,-1.0,1.0,1.0,-1.0,0.0,-1.0,0.9984382898762285,1,model_only,
-1.0,1.0,-1.0,-1.0,-1.0,-1.0,-1.0,-1.0,0.0,-1.0,-1.0,-1.0,1.0,-1.0,-1.0,1.0,-1.0,-1.0,0.0,-1.0,-1.0,-1.0,-1.0,1.0,1.0,-1.0,-1.0,1.0,1.0,-1.0,9.999846009921052e-11,0,model_only,
-1.0,-1.0,-1.0,-1.0,-1.0,0.0,1.0,-1.0,1.0,-1.0,-1.0,-1.0,-1.0,-1.0,-1.0,-1.0,-1.0,-1.0,0.0,-1.0,-1.0,-1.0,-1.0,-1.0,1.0,-1.0,-1.0,1.0,1.0,-1.0,8.859967298196177e-12,0,model_only,
-1.0,-1.0,-1.0,-1.0,-1.0,0.0,1.0,0.0,0.0,-1.0,-1.0,-1.0,1.0,0.0,-1.0,-1.0,-1.0,-1.0,0.0,-1.0,-1.0,-1.0,-1.0,1.0,-1.0,1.0,-1.0,-1.0,0.0,-1.0,2.8840894777794757e-05,0,model_only,
-1.0,-1.0,-1.0,-1.0,-1.0,0.0,0.0,0.0,1.0,-1.0,-1.0,-1.0,-1.0,-1.0,0.0,-1.0,-1.0,-1.0,0.0,-1.0,-1.0,-1.0,-1.0,1.0,-1.0,-1.0,-1.0,1.0,0.0,-1.0,1.0111815444276652e-09,0,model_only,
-1.0,-1.0,-1.0,-1.0,-1.0,0.0,-1.0,-1.0,1.0,-1.0,-1.0,-1.0,-1.0,0.0,0.0,-1.0,-1.0,-1.0,0.0,-1.0,-1.0,-1.0,-1.0,-1.0,-1.0,-1.0,1.0,1.0,0.0,-1.0,2.0580408240912863e-08,0,model_only,
1.0,1.0,1.0,-1.0,1.0,-1.0,1.0,1.0,-1.0,-1.0,-1.0,1.0,1.0,0.0,-1.0,1.0,-1.0,1.0,1.0,-1.0,-1.0,-1.0,-1.0,1.0,1.0,1.0,-1.0,-1.0,1.0,1.0,0.9986594130212266,1,model_only,
-1.0,-1.0,-1.0,-1.0,-1.0,-1.0,-1.0,1.0,0.0,1.0,-1.0,-1.0,1.0,0.0,0.0,-1.0,-1.0,-1.0,0.0,-1.0,-1.0,1.0,-1.0,1.0,-1.0,0.0,-1.0,1.0,0.0,-1.0,0.001818286097273961,0,model_only,
-1.0,-1.0,-1.0,-1.0,-1.0,0.0,1.0,1.0,0.0,1.0,-1.0,-1.0,1.0,1.0,1.0,-1.0,-1.0,-1.0,0.0,-1.0,-1.0,1.0,-1.0,1.0,1.0,1.0,-1.0,-1.0,1.0,-1.0,0.47070929899685554,0,model_only,
-1.0,1.0,-1.0,-1.0,-1.0,0.0,1.0,1.0,-1.0,-1.0,-1.0,-1.0,1.0,0.0,0.0,1.0,-1.0,-1.0,0.0,-1.0,-1.0,-1.0,-1.0,1.0,-1.0,1.0,-1.0,-1.0,0.0,-1.0,0.9999519558062401,1,model_only,
-1.0,-1.0,-1.0,-1.0,-1.0,-1.0,1.0,1.0,1.0,-1.0,-1.0,-1.0,-1.0,1.0,-1.0,-1.0,-1.0,-1.0,0.0,-1.0,-1.0,-1.0,-1.0,1.0,1.0,0.0,1.0,-1.0,0.0,-1.0,0.04313937375158857,0,model_only,
-1.0,-1.0,-1.0,-1.0,-1.0,0.0,0.0,1.0,1.0,-1.0,-1.0,-1.0,-1.0,0.0,1.0,-1.0,-1.0,-1.0,0.0,-1.0,-1.0,-1.0,-1.0,-1.0,1.0,1.0,0.0,-1.0,1.0,-1.0,0.6675690730532278,1,model_only,
-1.0,1.0,-1.0,-1.0,-1.0,0.0,-1.0,1.0,-1.0,-1.0,-1.0,-1.0,1.0,1.0,1.0,1.0,-1.0,-1.0,0.0,-1.0,-1.0,-1.0,-1.0,1.0,1.0,1.0,1.0,-1.0,0.0,-1.0,0.9999022506048835,1,model_only,
-1.0,1.0,-1.0,-1.0,-1.0,-1.0,-1.0,-1.0,-1.0,1.0,-1.0,-1.0,1.0,-1.0,1.0,1.0,-1.0,-1.0,0.0,-1.0,-1.0,1.0,-1.0,-1.0,1.0,-1.0,-1.0,-1.0,0.0,-1.0,2.9746250058008768e-09,0,model_only,
-1.0,-1.0,-1.0,-1.0,-1.0,0.0,0.0,-1.0,0.0,-1.0,-1.0,-1.0,1.0,1.0,0.0,-1.0,-1.0,-1.0,0.0,-1.0,-1.0,-1.0,-1.0,0.0,1.0,1.0,-1.0,-1.0,0.0,-1.0,0.00025639899892577903,0,model_only,
-1.0,-1.0,-1.0,-1.0,-1.0,1.0,1.0,1.0,-1.0,1.0,-1.0,-1.0,1.0,0.0,1.0,-1.0,-1.0,-1.0,0.0,-1.0,-1.0,1.0,-1.0,1.0,1.0,1.0,-1.0,-1.0,1.0,-1.0,0.7084398713702692,1,model_only,
-1.0,-1.0,-1.0,-1.0,-1.0,0.0,0.0,1.0,0.0,-1.0,-1.0,-1.0,-1.0,0.0,-1.0,-1.0,-1.0,-1.0,0.0,-1.0,-1.0,-1.0,-1.0,-1.0,-1.0,0.0,-1.0,-1.0,0.0,-1.0,0.5326051182239562,1,model_only,
-1.0,-1.0,-1.0,-1.0,-1.0,-1.0,0.0,0.0,1.0,1.0,1.0,-1.0,1.0,-1.0,1.0,-1.0,1.0,-1.0,0.0,-1.0,-1.0,1.0,-1.0,0.0,1.0,1.0,-1.0,-1.0,1.0,-1.0,4.039584846554017e-06,0,model_only,
-1.0,-1.0,-1.0,-1.0,-1.0,0.0,-1.0,1.0,0.0,-1.0,-1.0,-1.0,1.0,1.0,-1.0,-1.0,-1.0,-1.0,0.0,-1.0,-1.0,-1.0,-1.0,1.0,1.0,1.0,-1.0,-1.0,1.0,-1.0,0.6664863578973734,1,model_only,
-1.0,-1.0,-1.0,-1.0,-1.0,-1.0,0.0,0.0,1.0,-1.0,-1.0,-1.0,-1.0,-1.0,-1.0,-1.0,-1.0,-1.0,0.0,-1.0,-1.0,-1.0,-1.0,1.0,-1.0,1.0,-1.0,1.0,0.0,-1.0,4.433843741100539e-12,0,model_only,
-1.0,-1.0,-1.0,-1.0,-1.0,0.0,0.0,1.0,0.0,-1.0,-1.0,-1.0,-1.0,0.0,1.0,-1.0,-1.0,-1.0,0.0,-1.0,-1.0,-1.0,-1.0,-1.0,-1.0,1.0,1.0,-1.0,0.0,-1.0,0.6923822235959006,1,model_only,
-1.0,-1.0,-1.0,-1.0,-1.0,-1.0,-1.0,1.0,-1.0,-1.0,-1.0,-1.0,1.0,1.0,0.0,-1.0,-1.0,-1.0,0.0,-1.0,-1.0,-1.0,-1.0,-1.0,-1.0,0.0,-1.0,-1.0,0.0,-1.0,0.7058080809396032,1,model_only,
-1.0,-1.0,-1.0,-1.0,-1.0,-1.0,1.0,1.0,-1.0,1.0,1.0,-1.0,1.0,0.0,1.0,-1.0,1.0,-1.0,0.0,-1.0,-1.0,1.0,-1.0,1.0,1.0,0.0,-1.0,1.0,1.0,-1.0,0.9123186823852111,1,model_only,
-1.0,-1.0,-1.0,1.0,-1.0,0.0,0.0,1.0,0.0,-1.0,-1.0,-1.0,1.0,0.0,1.0,-1.0,-1.0,-1.0,0.0,-1.0,-1.0,-1.0,-1.0,-1.0,-1.0,1.0,1.0,-1.0,0.0,-1.0,0.9999919052168348,1,model_only,
-1.0,-1.0,-1.0,-1.0,-1.0,1.0,0.0,1.0,-1.0,-1.0,-1.0,-1.0,1.0,0.0,0.0,-1.0,-1.0,-1.0,0.0,-1.0,-1.0,-1.0,-1.0,0.0,-1.0,1.0,-1.0,-1.0,0.0,-1.0,0.9983077702348319,1,model_only,
-1.0,-1.0,-1.0,-1.0,-1.0,0.0,1.0,1.0,-1.0,-1.0,-1.0,-1.0,1.0,1.0,-1.0,-1.0,-1.0,-1.0,0.0,-1.0,-1.0,-1.0,-1.0,1.0,1.0,1.0,1.0,-1.0,1.0,-1.0,0.6784972874775986,1,model_only,
-1.0,-1.0,-1.0,-1.0,-1.0,0.0,-1.0,1.0,0.0,1.0,1.0,-1.0,-1.0,0.0,0.0,-1.0,1.0,-1.0,0.0,-1.0,-1.0,1.0,-1.0,1.0,1.0,1.0,0.0,-1.0,1.0,-1.0,0.8676575810866521,1,model_only,
-1.0,-1.0,-1.0,-1.0,-1.0,-1.0,-1.0,-1.0,1.0,-1.0,-1.0,-1.0,1.0,-1.0,-1.0,-1.0,-1.0,-1.0,0.0,-1.0,-1.0,-1.0,-1.0,-1.0,-1.0,-1.0,-1.0,1.0,0.0,-1.0,4.218706226032431e-14,0,model_only,
-1.0,-1.0,-1.0,-1.0,-1.0,-1.0,-1.0,-1.0,0.0,-1.0,-1.0,-1.0,-1.0,-1.0,-1.0,-1.0,-1.0,-1.0,0.0,-1.0,-1.0,-1.0,-1.0,-1.0,1.0,-1.0,-1.0,-1.0,1.0,-1.0,6.344449682174781e-14,0,model_only,
-1.0,-1.0,-1.0,-1.0,-1.0,0.0,-1.0,1.0,1.0,1.0,-1.0,-1.0,-1.0,1.0,0.0,-1.0,-1.0,-1.0,0.0,-1.0,-1.0,1.0,-1.0,1.0,-1.0,0.0,-1.0,-1.0,0.0,-1.0,0.21450832744484438,0,model_only,
-1.0,-1.0,-1.0,-1.0,-1.0,0.0,-1.0,-1.0,1.0,-1.0,-1.0,-1.0,-1.0,-1.0,-1.0,-1.0,-1.0,-1.0,0.0,-1.0,-1.0,-1.0,-1.0,1.0,1.0,-1.0,0.0,-1.0,0.0,-1.0,1.834431077212264e-13,0,model_only,
-1.0,-1.0,-1.0,-1.0,-1.0,0.0,0.0,1.0,-1.0,-1.0,-1.0,-1.0,1.0,0.0,0.0,-1.0,-1.0,-1.0,0.0,-1.0,-1.0,-1.0,-1.0,0.0,1.0,1.0,-1.0,-1.0,1.0,-1.0,0.8803465467697801,1,model_only,
1.0,-1.0,1.0,-1.0,1.0,0.0,-1.0,1.0,-1.0,-1.0,-1.0,1.0,1.0,0.0,-1.0,-1.0,-1.0,1.0,1.0,-1.0,-1.0,-1.0,-1.0,1.0,1.0,1.0,0.0,-1.0,1.0,1.0,0.8904096887931082,1,model_only,
-1.0,1.0,-1.0,-1.0,-1.0,0.0,1.0,1.0,0.0,1.0,-1.0,-1.0,1.0,0.0,0.0,1.0,-1.0,-1.0,0.0,-1.0,-1.0,1.0,-1.0,1.0,1.0,1.0,0.0,-1.0,1.0,-1.0,0.5897695840201006,1,model_only,
-1.0,-1.0,-1.0,-1.0,-1.0,-1.0,1.0,1.0,0.0,1.0,-1.0,-1.0,1.0,0.0,0.0,-1.0,-1.0,-1.0,0.0,-1.0,-1.0,1.0,-1.0,1.0,-1.0,0.0,-1.0,-1.0,0.0,-1.0,0.00019700005935852625,0,model_only,
1.0,-1.0,1.0,-1.0,1.0,-1.0,-1.0,1.0,0.0,1.0,-1.0,1.0,1.0,-1.0,1.0,-1.0,-1.0,1.0,1.0,-1.0,-1.0,1.0,-1.0,-1.0,1.0,0.0,-1.0,-1.0,1.0,1.0,0.0007593738447965586,0,model_only,
-1.0,-1.0,-1.0,-1.0,-1.0,-1.0,-1.0,-1.0,1.0,-1.0,-1.0,-1.0,1.0,-1.0,0.0,-1.0,-1.0,-1.0,0.0,-1.0,-1.0,-1.0,-1.0,-1.0,1.0,-1.0,-1.0,-1.0,0.0,-1.0,3.48214528622821e-13,0,model_only,
-1.0,-1.0,-1.0,-1.0,-1.0,1.0,1.0,1.0,1.0,-1.0,-1.0,-1.0,-1.0,1.0,0.0,-1.0,-1.0,-1.0,0.0,-1.0,-1.0,-1.0,-1.0,0.0,1.0,1.0,-1.0,-1.0,1.0,-1.0,0.7535702231398466,1,model_only,
-1.0,-1.0,-1.0,-1.0,-1.0,-1.0,1.0,-1.0,0.0,-1.0,-1.0,-1.0,1.0,0.0,0.0,-1.0,-1.0,-1.0,0.0,-1.0,-1.0,-1.0,-1.0,1.0,-1.0,0.0,-1.0,-1.0,0.0,-1.0,1.0062250654997825e-09,0,model_only,
-1.0,-1.0,-1.0,1.0,-1.0,0.0,-1.0,-1.0,0.0,-1.0,-1.0,-1.0,-1.0,-1.0,0.0,-1.0,-1.0,-1.0,0.0,-1.0,-1.0,-1.0,-1.0,-1.0,1.0,-1.0,-1.0,-1.0,1.0,-1.0,3.841918838274405e-09,0,model_only,
-1.0,-1.0,-1.0,-1.0,-1.0,0.0,1.0,1.0,1.0,-1.0,-1.0,-1.0,1.0,1.0,-1.0,-1.0,-1.0,-1.0,0.0,-1.0,-1.0,-1.0,-1.0,1.0,-1.0,1.0,-1.0,-1.0,0.0,-1.0,0.6660780575323536,1,model_only,
-1.0,-1.0,-1.0,-1.0,-1.0,0.0,-1.0,-1.0,0.0,-1.0,-1.0,-1.0,-1.0,-1.0,0.0,-1.0,-1.0,-1.0,0.0,-1.0,-1.0,-1.0,-1.0,-1.0,1.0,1.0,-1.0,-1.0,0.0,-1.0,2.4396780226466106e-12,0,model_only,
-1.0,1.0,-1.0,-1.0,-1.0,0.0,0.0,-1.0,0.0,-1.0,-1.0,-1.0,1.0,0.0,0.0,1.0,-1.0,-1.0,0.0,-1.0,-1.0,-1.0,-1.0,-1.0,-1.0,1.0,0.0,-1.0,0.0,-1.0,3.0205764938306544e-05,0,model_only,
-1.0,-1.0,-1.0,-1.0,-1.0,1.0,1.0,1.0,-1.0,-1.0,-1.0,-1.0,1.0,1.0,-1.0,-1.0,-1.0,-1.0,0.0,-1.0,-1.0,-1.0,-1.0,1.0,-1.0,0.0,1.0,-1.0,0.0,-1.0,0.9765601476920692,1,model_only,
1.0,-1.0,1.0,-1.0,1.0,-1.0,0.0,0.0,1.0,1.0,1.0,1.0,-1.0,-1.0,1.0,-1.0,1.0,1.0,1.0,-1.0,-1.0,1.0,-1.0,1.0,1.0,-1.0,-1.0,-1.0,1.0,1.0,2.129286424426469e-05,0,model_only,
1.0,-1.0,1.0,-1.0,1.0,1.0,1.0,1.0,-1.0,-1.0,-1.0,1.0,1.0,0.0,0.0,-1.0,-1.0,1.0,1.0,-1.0,-1.0,-1.0,-1.0,1.0,1.0,1.0,-1.0,-1.0,1.0,1.0,0.9998886736633384,1,model_only,
-1.0,-1.0,-1.0,-1.0,-1.0,-1.0,-1.0,1.0,0.0,-1.0,-1.0,-1.0,1.0,0.0,0.0,-1.0,-1.0,-1.0,0.0,-1.0,-1.0,-1.0,-1.0,1.0,1.0,0.0,-1.0,-1.0,1.0,-1.0,0.6713510590277686,1,model_only,
-1.0,-1.0,-1.0,-1.0,-1.0,0.0,0.0,1.0,0.0,-1.0,-1.0,-1.0,1.0,1.0,1.0,-1.0,-1.0,-1.0,0.0,-1.0,-1.0,-1.0,-1.0,-1.0,-1.0,1.0,-1.0,-1.0,0.0,-1.0,0.9945191824613975,1,model_only,
-1.0,-1.0,-1.0,-1.0,-1.0,-1.0,-1.0,1.0,-1.0,-1.0,-1.0,-1.0,1.0,1.0,-1.0,-1.0,-1.0,-1.0,0.0,-1.0,-1.0,-1.0,-1.0,1.0,1.0,1.0,-1.0,-1.0,1.0,-1.0,0.5570860424208903,1,model_only,
-1.0,-1.0,-1.0,-1.0,-1.0,-1.0,-1.0,-1.0,0.0,1.0,-1.0,-1.0,-1.0,-1.0,-1.0,-1.0,-1.0,-1.0,0.0,-1.0,-1.0,1.0,-1.0,-1.0,1.0,1.0,-1.0,-1.0,1.0,-1.0,2.797028915767521e-12,0,model_only,
-1.0,-1.0,-1.0,-1.0,-1.0,-1.0,0.0,1.0,1.0,-1.0,-1.0,-1.0,-1.0,0.0,1.0,-1.0,-1.0,-1.0,0.0,-1.0,-1.0,-1.0,-1.0,-1.0,1.0,0.0,-1.0,-1.0,0.0,-1.0,0.001331905682469544,0,model_only,
-1.0,-1.0,-1.0,-1.0,-1.0,0.0,0.0,-1.0,0.0,-1.0,-1.0,-1.0,1.0,0.0,0.0,-1.0,-1.0,-1.0,0.0,-1.0,-1.0,-1.0,-1.0,-1.0,1.0,1.0,0.0,-1.0,0.0,-1.0,2.491424875727882e-06,0,model_only,
1.0,-1.0,1.0,-1.0,1.0,0.0,-1.0,1.0,1.0,-1.0,-1.0,1.0,-1.0,1.0,1.0,-1.0,-1.0,1.0,1.0,-1.0,-1.0,-1.0,-1.0,1.0,1.0,1.0,-1.0,-1.0,1.0,1.0,0.6649353643794287,1,model_only,
1.0,1.0,1.0,-1.0,1.0,-1.0,0.0,0.0,-1.0,-1.0,-1.0,1.0,1.0,-1.0,1.0,1.0,-1.0,1.0,1.0,-1.0,-1.0,-1.0,-1.0,1.0,1.0,1.0,-1.0,-1.0,1.0,1.0,0.00017473762422570563,0,model_only,
-1.0,-1.0,-1.0,-1.0,-1.0,0.0,0.0,1.0,0.0,-1.0,-1.0,-1.0,-1.0,0.0,0.0,-1.0,-1.0,-1.0,0.0,-1.0,-1.0,-1.0,-1.0,0.0,1.0,1.0,1.0,-1.0,1.0,-1.0,0.6666097347800767,1,model_only,
-1.0,-1.0,-1.0,-1.0,-1.0,-1.0,1.0,1.0,-1.0,-1.0,-1.0,-1.0,1.0,1.0,1.0,-1.0,-1.0,-1.0,0.0,-1.0,-1.0,-1.0,-1.0,1.0,-1.0,1.0,-1.0,-1.0,0.0,-1.0,0.8196592314314525,1,model_only,
-1.0,-1.0,-1.0,-1.0,-1.0,-1.0,-1.0,-1.0,0.0,-1.0,-1.0,-1.0,-1.0,1.0,-1.0,-1.0,-1.0,-1.0,0.0,-1.0,-1.0,-1.0,-1.0,-1.0,1.0,0.0,-1.0,-1.0,0.0,-1.0,1.0540116188170598e-10,0,model_only,
-1.0,-1.0,-1.0,-1.0,-1.0,-1.0,0.0,0.0,-1.0,1.0,-1.0,-1.0,1.0,-1.0,1.0,-1.0,-1.0,-1.0,0.0,-1.0,-1.0,1.0,-1.0,1.0,1.0,1.0,-1.0,-1.0,1.0,-1.0,1.974573010925416e-08,0,model_only,
-1.0,-1.0,-1.0,-1.0,-1.0,-1.0,1.0,1.0,0.0,-1.0,-1.0,-1.0,-1.0,1.0,-1.0,-1.0,-1.0,-1.0,0.0,-1.0,-1.0,-1.0,-1.0,1.0,-1.0,0.0,1.0,-1.0,0.0,-1.0,0.6666069039274857,1,model_only,
1.0,1.0,1.0,-1.0,1.0,0.0,0.0,1.0,0.0,-1.0,-1.0,1.0,1.0,0.0,0.0,1.0,-1.0,1.0,1.0,-1.0,-1.0,-1.0,-1.0,0.0,1.0,1.0,-1.0,-1.0,1.0,1.0,0.9999945096159163,1,model_only,
-1.0,-1.0,-1.0,-1.0,-1.0,0.0,-1.0,-1.0,1.0,-1.0,-1.0,-1.0,-1.0,-1.0,0.0,-1.0,-1.0,-1.0,0.0,-1.0,-1.0,-1.0,-1.0,-1.0,1.0,0.0,-1.0,-1.0,0.0,-1.0,1.318888184373815e-13,0,model_only,
-1.0,-1.0,-1.0,-1.0,-1.0,0.0,1.0,1.0,-1.0,1.0,-1.0,-1.0,1.0,0.0,-1.0,-1.0,-1.0,-1.0,0.0,-1.0,-1.0,1.0,-1.0,1.0,-1.0,1.0,-1.0,-1.0,0.0,-1.0,0.3919738590838653,0,model_only,
-1.0,-1.0,-1.0,-1.0,-1.0,0.0,1.0,1.0,0.0,1.0,-1.0,-1.0,1.0,1.0,0.0,-1.0,-1.0,-1.0,0.0,-1.0,-1.0,1.0,-1.0,0.0,1.0,1.0,-1.0,-1.0,1.0,-1.0,0.2413926864721471,0,model_only,
-1.0,-1.0,-1.0,-1.0,-1.0,1.0,0.0,1.0,0.0,-1.0,-1.0,-1.0,-1.0,1.0,0.0,-1.0,-1.0,-1.0,0.0,-1.0,-1.0,-1.0,-1.0,0.0,1.0,1.0,-1.0,-1.0,1.0,-1.0,0.9028860977891254,1,model_only,
-1.0,1.0,-1.0,-1.0,-1.0,0.0,1.0,1.0,-1.0,1.0,-1.0,-1.0,1.0,0.0,-1.0,1.0,-1.0,-1.0,0.0,-1.0,-1.0,1.0,-1.0,1.0,1.0,1.0,0.0,-1.0,1.0,-1.0,0.6666805591142785,1,model_only,
-1.0,-1.0,-1.0,-1.0,-1.0,0.0,0.0,1.0,0.0,-1.0,-1.0,-1.0,-1.0,0.0,1.0,-1.0,-1.0,-1.0,0.0,-1.0,-1.0,-1.0,-1.0,-1.0,-1.0,1.0,1.0,-1.0,0.0,-1.0,0.6923822235959006,1,model_only,
-1.0,-1.0,-1.0,-1.0,-1.0,0.0,1.0,1.0,0.0,-1.0,-1.0,-1.0,1.0,0.0,0.0,-1.0,-1.0,-1.0,0.0,-1.0,-1.0,-1.0,-1.0,1.0,-1.0,1.0,1.0,-1.0,0.0,-1.0,0.7410245562413585,1,model_only,
-1.0,-1.0,-1.0,-1.0,-1.0,-1.0,0.0,1.0,-1.0,-1.0,-1.0,-1.0,1.0,0.0,0.0,-1.0,-1.0,-1.0,0.0,-1.0,-1.0,-1.0,-1.0,-1.0,-1.0,1.0,-1.0,-1.0,0.0,-1.0,0.5069485879652421,1,model_only,
-1.0,-1.0,-1.0,-1.0,-1.0,-1.0,-1.0,1.0,-1.0,1.0,-1.0,-1.0,1.0,0.0,0.0,-1.0,-1.0,-1.0,0.0,-1.0,-1.0,1.0,-1.0,-1.0,-1.0,0.0,-1.0,1.0,0.0,-1.0,0.0063408657691391415,0,model_only,
-1.0,-1.0,-1.0,-1.0,-1.0,0.0,1.0,1.0,-1.0,-1.0,-1.0,-1.0,1.0,1.0,1.0,-1.0,-1.0,-1.0,0.0,-1.0,-1.0,-1.0,-1.0,1.0,-1.0,1.0,0.0,-1.0,0.0,-1.0,0.9915835274670367,1,model_only,
-1.0,-1.0,-1.0,-1.0,-1.0,1.0,-1.0,1.0,1.0,1.0,1.0,-1.0,-1.0,1.0,-1.0,-1.0,1.0,-1.0,0.0,-1.0,-1.0,1.0,-1.0,1.0,1.0,1.0,-1.0,-1.0,1.0,-1.0,0.9383456660628907,1,model_only,
-1.0,1.0,-1.0,-1.0,-1.0,0.0,1.0,1.0,-1.0,-1.0,-1.0,-1.0,1.0,0.0,0.0,1.0,-1.0,-1.0,0.0,-1.0,-1.0,-1.0,-1.0,1.0,-1.0,1.0,0.0,-1.0,0.0,-1.0,0.9999953159798953,1,model_only,
-1.0,-1.0,-1.0,-1.0,-1.0,1.0,0.0,1.0,0.0,-1.0,-1.0,-1.0,1.0,1.0,1.0,-1.0,-1.0,-1.0,0.0,-1.0,-1.0,-1.0,-1.0,-1.0,-1.0,1.0,-1.0,-1.0,0.0,-1.0,0.999916785786272,1,model_only,
-1.0,-1.0,-1.0,-1.0,-1.0,0.0,0.0,1.0,0.0,-1.0,-1.0,-1.0,1.0,1.0,0.0,-1.0,-1.0,-1.0,0.0,-1.0,-1.0,-1.0,-1.0,-1.0,-1.0,1.0,0.0,-1.0,0.0,-1.0,0.9235973103677887,1,model_only,
-1.0,-1.0,-1.0,-1.0,-1.0,0.0,-1.0,1.0,-1.0,1.0,-1.0,-1.0,1.0,0.0,0.0,-1.0,-1.0,-1.0,0.0,-1.0,-1.0,1.0,-1.0,1.0,1.0,1.0,1.0,-1.0,1.0,-1.0,0.6664901390429748,1,model_only,
-1.0,-1.0,-1.0,-1.0,-1.0,0.0,0.0,-1.0,0.0,-1.0,-1.0,-1.0,1.0,0.0,0.0,-1.0,-1.0,-1.0,0.0,-1.0,-1.0,-1.0,-1.0,0.0,-1.0,1.0,-1.0,-1.0,0.0,-1.0,1.7871083335230442e-06,0,model_only,
-1.0,-1.0,-1.0,-1.0,-1.0,0.0,1.0,1.0,0.0,-1.0,-1.0,-1.0,1.0,0.0,-1.0,-1.0,-1.0,-1.0,0.0,-1.0,-1.0,-1.0,-1.0,1.0,-1.0,0.0,-1.0,-1.0,0.0,-1.0,0.6263951074676135,1,model_only,
-1.0,-1.0,-1.0,-1.0,-1.0,-1.0,1.0,1.0,0.0,-1.0,-1.0,-1.0,1.0,0.0,0.0,-1.0,-1.0,-1.0,0.0,-1.0,-1.0,-1.0,-1.0,1.0,-1.0,1.0,-1.0,-1.0,0.0,-1.0,0.0008433132660694741,0,model_only,
-1.0,-1.0,-1.0,-1.0,-1.0,0.0,-1.0,1.0,-1.0,-1.0,-1.0,-1.0,1.0,1.0,0.0,-1.0,-1.0,-1.0,0.0,-1.0,-1.0,-1.0,-1.0,1.0,1.0,-1.0,-1.0,-1.0,1.0,-1.0,0.998381943017414,1,model_only,
-1.0,-1.0,-1.0,-1.0,-1.0,1.0,-1.0,1.0,0.0,-1.0,-1.0,-1.0,1.0,0.0,0.0,-1.0,-1.0,-1.0,0.0,-1.0,-1.0,-1.0,-1.0,1.0,-1.0,1.0,1.0,-1.0,0.0,-1.0,0.9992250563091248,1,model_only,
-1.0,-1.0,-1.0,-1.0,-1.0,1.0,-1.0,1.0,1.0,-1.0,-1.0,-1.0,-1.0,1.0,0.0,-1.0,-1.0,-1.0,0.0,-1.0,-1.0,-1.0,-1.0,1.0,-1.0,1.0,-1.0,-1.0,0.0,-1.0,0.6752441723108449,1,model_only,
-1.0,-1.0,-1.0,-1.0,-1.0,0.0,-1.0,-1.0,1.0,-1.0,-1.0,-1.0,-1.0,0.0,-1.0,-1.0,-1.0,-1.0,0.0,-1.0,-1.0,-1.0,-1.0,-1.0,-1.0,0.0,-1.0,1.0,0.0,-1.0,3.8819019113029945e-10,0,model_only,
-1.0,-1.0,-1.0,-1.0,-1.0,0.0,-1.0,-1.0,1.0,-1.0,-1.0,-1.0,1.0,-1.0,-1.0,-1.0,-1.0,-1.0,0.0,-1.0,-1.0,-1.0,-1.0,-1.0,-1.0,-1.0,-1.0,-1.0,0.0,-1.0,1.285120305140523e-13,0,model_only,
-1.0,-1.0,-1.0,-1.0,-1.0,-1.0,-1.0,-1.0,1.0,-1.0,-1.0,-1.0,1.0,0.0,-1.0,-1.0,-1.0,-1.0,0.0,-1.0,-1.0,-1.0,-1.0,-1.0,1.0,0.0,-1.0,-1.0,0.0,-1.0,5.197517675096999e-11,0,model_only,
-1.0,-1.0,-1.0,-1.0,-1.0,-1.0,-1.0,0.0,0.0,-1.0,-1.0,-1.0,-1.0,0.0,-1.0,-1.0,-1.0,-1.0,0.0,-1.0,-1.0,-1.0,-1.0,-1.0,1.0,0.0,-1.0,1.0,0.0,-1.0,5.377277238528096e-09,0,model_only,
-1.0,-1.0,-1.0,-1.0,-1.0,-1.0,1.0,-1.0,1.0,-1.0,-1.0,-1.0,-1.0,0.0,-1.0,-1.0,-1.0,-1.0,0.0,-1.0,-1.0,-1.0,-1.0,1.0,1.0,1.0,-1.0,1.0,0.0,-1.0,2.299571793910335e-11,0,model_only,
1.0,-1.0,1.0,-1.0,1.0,-1.0,0.0,0.0,1.0,-1.0,-1.0,1.0,-1.0,-1.0,1.0,-1.0,-1.0,1.0,1.0,-1.0,-1.0,-1.0,-1.0,0.0,1.0,-1.0,-1.0,-1.0,0.0,-1.0,8.723366134083218e-13,0,model_only,
1.0,-1.0,1.0,-1.0,1.0,-1.0,-1.0,-1.0,0.0,1.0,-1.0,1.0,1.0,-1.0,1.0,-1.0,-1.0,1.0,1.0,1.0,-1.0,1.0,-1.0,-1.0,1.0,0.0,-1.0,1.0,1.0,1.0,1.879749287284942e-05,0,model_only,
-1.0,-1.0,-1.0,-1.0,-1.0,0.0,-1.0,-1.0,1.0,-1.0,-1.0,-1.0,-1.0,-1.0,-1.0,-1.0,-1.0,-1.0,0.0,-1.0,-1.0,-1.0,-1.0,-1.0,1.0,-1.0,0.0,-1.0,0.0,-1.0,1.9144770127119252e-14,0,model_only,
-1.0,-1.0,-1.0,-1.0,-1.0,0.0,1.0,1.0,0.0,-1.0,-1.0,-1.0,-1.0,0.0,1.0,-1.0,-1.0,-1.0,0.0,-1.0,-1.0,-1.0,-1.0,1.0,1.0,-1.0,-1.0,-1.0,1.0,-1.0,0.7019183560592482,1,model_only,
-1.0,-1.0,-1.0,-1.0,-1.0,0.0,1.0,1.0,-1.0,-1.0,-1.0,-1.0,1.0,0.0,-1.0,-1.0,-1.0,-1.0,0.0,-1.0,-1.0,-1.0,-1.0,0.0,-1.0,1.0,1.0,-1.0,0.0,-1.0,0.8235610803026328,1,model_only,
-1.0,-1.0,-1.0,1.0,-1.0,0.0,1.0,1.0,1.0,-1.0,-1.0,-1.0,-1.0,0.0,0.0,-1.0,-1.0,-1.0,0.0,-1.0,-1.0,-1.0,-1.0,1.0,-1.0,-1.0,1.0,-1.0,0.0,-1.0,0.787762264700255,1,model_only,
-1.0,-1.0,-1.0,-1.0,-1.0,-1.0,-1.0,-1.0,0.0,-1.0,-1.0,-1.0,1.0,0.0,0.0,-1.0,-1.0,-1.0,0.0,-1.0,-1.0,-1.0,-1.0,0.0,1.0,0.0,-1.0,-1.0,1.0,-1.0,5.07961930237727e-07,0,model_only,
-1.0,1.0,-1.0,-1.0,-1.0,0.0,-1.0,-1.0,0.0,-1.0,-1.0,-1.0,1.0,-1.0,0.0,1.0,-1.0,-1.0,0.0,-1.0,-1.0,-1.0,-1.0,-1.0,1.0,-1.0,0.0,-1.0,1.0,-1.0,4.6049248200213284e-10,0,model_only,
-1.0,-1.0,-1.0,-1.0,-1.0,0.0,0.0,1.0,0.0,-1.0,-1.0,-1.0,1.0,0.0,-1.0,-1.0,-1.0,-1.0,0.0,-1.0,-1.0,-1.0,-1.0,0.0,1.0,1.0,0.0,-1.0,1.0,-1.0,0.6369169626374626,1,model_only,
-1.0,-1.0,-1.0,-1.0,-1.0,0.0,1.0,1.0,1.0,1.0,-1.0,-1.0,-1.0,0.0,1.0,-1.0,-1.0,-1.0,0.0,-1.0,-1.0,1.0,-1.0,1.0,1.0,1.0,0.0,-1.0,1.0,-1.0,3.275591707597903e-05,0,model_only,
-1.0,-1.0,-1.0,-1.0,-1.0,0.0,0.0,1.0,1.0,-1.0,-1.0,-1.0,-1.0,0.0,-1.0,-1.0,-1.0,-1.0,0.0,-1.0,-1.0,-1.0,-1.0,0.0,1.0,1.0,0.0,-1.0,1.0,-1.0,0.035382305096582696,0,model_only,
-1.0,-1.0,-1.0,-1.0,-1.0,0.0,1.0,1.0,1.0,-1.0,-1.0,-1.0,-1.0,0.0,0.0,-1.0,-1.0,-1.0,0.0,-1.0,-1.0,-1.0,-1.0,0.0,-1.0,1.0,1.0,1.0,0.0,-1.0,0.6905134685940743,1,model_only,
-1.0,-1.0,-1.0,-1.0,-1.0,0.0,1.0,1.0,0.0,-1.0,-1.0,-1.0,1.0,0.0,0.0,-1.0,-1.0,-1.0,0.0,-1.0,-1.0,-1.0,-1.0,1.0,-1.0,1.0,0.0,-1.0,0.0,-1.0,0.6862185198059865,1,model_only,
-1.0,-1.0,-1.0,-1.0,-1.0,-1.0,0.0,1.0,1.0,-1.0,-1.0,-1.0,-1.0,1.0,-1.0,-1.0,-1.0,-1.0,0.0,-1.0,-1.0,-1.0,-1.0,-1.0,1.0,0.0,1.0,1.0,1.0,-1.0,0.04134199810118893,0,model_only,
-1.0,-1.0,-1.0,-1.0,-1.0,-1.0,-1.0,1.0,-1.0,1.0,-1.0,-1.0,1.0,0.0,1.0,-1.0,-1.0,-1.0,0.0,-1.0,-1.0,1.0,-1.0,1.0,-1.0,0.0,-1.0,-1.0,0.0,-1.0,0.10866546032284634,0,model_only,
-1.0,-1.0,-1.0,1.0,-1.0,-1.0,-1.0,-1.0,-1.0,-1.0,-1.0,-1.0,1.0,-1.0,0.0,-1.0,-1.0,-1.0,0.0,-1.0,-1.0,-1.0,-1.0,-1.0,1.0,-1.0,-1.0,-1.0,0.0,-1.0,1.2832954142158557e-10,0,model_only,
1.0,-1.0,1.0,-1.0,1.0,1.0,-1.0,1.0,1.0,-1.0,-1.0,1.0,-1.0,1.0,1.0,-1.0,-1.0,1.0,1.0,-1.0,-1.0,-1.0,-1.0,1.0,1.0,1.0,-1.0,-1.0,1.0,-1.0,0.7021967309651775,1,model_only,
-1.0,-1.0,-1.0,1.0,-1.0,0.0,0.0,0.0,1.0,-1.0,-1.0,-1.0,-1.0,-1.0,0.0,-1.0,-1.0,-1.0,0.0,-1.0,-1.0,-1.0,-1.0,0.0,1.0,-1.0,-1.0,-1.0,0.0,-1.0,6.552089498074949e-08,0,model_only,
-1.0,-1.0,-1.0,-1.0,-1.0,0.0,1.0,1.0,0.0,1.0,1.0,-1.0,-1.0,1.0,0.0,-1.0,1.0,-1.0,0.0,-1.0,-1.0,1.0,1.0,1.0,-1.0,1.0,-1.0,-1.0,0.0,-1.0,0.9983452536349237,1,model_only,
-1.0,1.0,-1.0,-1.0,-1.0,0.0,-1.0,1.0,-1.0,-1.0,-1.0,-1.0,1.0,0.0,0.0,1.0,-1.0,-1.0,0.0,-1.0,-1.0,-1.0,-1.0,1.0,-1.0,1.0,1.0,-1.0,0.0,-1.0,0.9999924907986596,1,model_only,
-1.0,-1.0,-1.0,-1.0,-1.0,1.0,-1.0,1.0,1.0,1.0,1.0,-1.0,-1.0,1.0,0.0,-1.0,1.0,-1.0,0.0,-1.0,-1.0,1.0,1.0,-1.0,-1.0,-1.0,-1.0,-1.0,0.0,-1.0,0.9999000628165532,1,model_only,
-1.0,-1.0,-1.0,-1.0,-1.0,0.0,-1.0,1.0,1.0,-1.0,-1.0,-1.0,1.0,0.0,0.0,-1.0,-1.0,-1.0,0.0,-1.0,-1.0,-1.0,-1.0,-1.0,1.0,-1.0,-1.0,-1.0,1.0,-1.0,0.7364173099655479,1,model_only,
-1.0,-1.0,-1.0,-1.0,-1.0,0.0,-1.0,-1.0,1.0,-1.0,-1.0,-1.0,-1.0,-1.0,-1.0,-1.0,-1.0,-1.0,0.0,-1.0,-1.0,-1.0,-1.0,-1.0,-1.0,-1.0,-1.0,1.0,0.0,-1.0,1.1918037402330603e-13,0,model_only,
-1.0,-1.0,-1.0,1.0,-1.0,0.0,0.0,-1.0,0.0,-1.0,-1.0,-1.0,1.0,-1.0,0.0,-1.0,-1.0,-1.0,0.0,-1.0,-1.0,-1.0,-1.0,-1.0,1.0,-1.0,-1.0,1.0,1.0,-1.0,2.21850744518615e-07,0,model_only,
-1.0,1.0,-1.0,-1.0,-1.0,0.0,-1.0,1.0,-1.0,1.0,1.0,-1.0,1.0,0.0,1.0,1.0,1.0,-1.0,0.0,-1.0,-1.0,1.0,1.0,1.0,1.0,1.0,0.0,-1.0,1.0,-1.0,0.9999884786327463,1,model_only,
-1.0,1.0,-1.0,-1.0,-1.0,0.0,0.0,1.0,-1.0,-1.0,-1.0,-1.0,1.0,0.0,0.0,1.0,-1.0,-1.0,0.0,-1.0,-1.0,-1.0,-1.0,-1.0,-1.0,1.0,1.0,-1.0,0.0,-1.0,0.9999997896727874,1,model_only,
-1.0,1.0,-1.0,-1.0,-1.0,-1.0,0.0,-1.0,0.0,-1.0,-1.0,-1.0,1.0,-1.0,0.0,1.0,-1.0,-1.0,0.0,-1.0,-1.0,-1.0,-1.0,-1.0,1.0,0.0,-1.0,1.0,1.0,-1.0,3.65986914606904e-11,0,model_only,
-1.0,-1.0,-1.0,-1.0,-1.0,0.0,-1.0,-1.0,0.0,-1.0,-1.0,-1.0,1.0,-1.0,-1.0,-1.0,-1.0,-1.0,0.0,-1.0,-1.0,-1.0,-1.0,-1.0,-1.0,0.0,0.0,1.0,0.0,-1.0,4.876161960461977e-12,0,model_only,
-1.0,-1.0,-1.0,-1.0,-1.0,-1.0,1.0,1.0,1.0,-1.0,-1.0,-1.0,1.0,0.0,-1.0,-1.0,-1.0,-1.0,0.0,-1.0,-1.0,-1.0,-1.0,1.0,1.0,0.0,-1.0,-1.0,1.0,-1.0,1.655459279624734e-05,0,model_only,
-1.0,-1.0,-1.0,-1.0,-1.0,0.0,1.0,1.0,0.0,-1.0,-1.0,-1.0,1.0,0.0,1.0,-1.0,-1.0,-1.0,0.0,-1.0,-1.0,-1.0,-1.0,1.0,1.0,1.0,1.0,-1.0,1.0,-1.0,0.75434365090427,1,model_only,
-1.0,-1.0,-1.0,-1.0,-1.0,0.0,-1.0,-1.0,0.0,-1.0,-1.0,-1.0,1.0,-1.0,-1.0,-1.0,-1.0,-1.0,0.0,-1.0,-1.0,-1.0,-1.0,-1.0,1.0,-1.0,-1.0,1.0,1.0,-1.0,8.122467142874159e-11,0,model_only,
1.0,1.0,1.0,-1.0,1.0,0.0,-1.0,-1.0,-1.0,-1.0,-1.0,1.0,1.0,-1.0,0.0,1.0,-1.0,1.0,1.0,-1.0,-1.0,-1.0,-1.0,-1.0,1.0,1.0,0.0,1.0,1.0,-1.0,0.0029096462748639924,0,model_only,
-1.0,1.0,-1.0,-1.0,-1.0,0.0,-1.0,-1.0,0.0,-1.0,-1.0,-1.0,1.0,-1.0,-1.0,1.0,-1.0,-1.0,0.0,-1.0,-1.0,-1.0,-1.0,-1.0,1.0,0.0,-1.0,-1.0,0.0,-1.0,6.769652162266036e-12,0,model_only,
-1.0,-1.0,-1.0,-1.0,-1.0,0.0,0.0,0.0,1.0,-1.0,-1.0,-1.0,-1.0,-1.0,1.0,-1.0,-1.0,-1.0,0.0,-1.0,-1.0,-1.0,-1.0,1.0,1.0,-1.0,0.0,-1.0,1.0,-1.0,5.965386254302971e-08,0,model_only,
1.0,-1.0,1.0,-1.0,1.0,-1.0,-1.0,-1.0,1.0,1.0,1.0,1.0,-1.0,-1.0,1.0,-1.0,1.0,1.0,1.0,-1.0,-1.0,1.0,1.0,-1.0,1.0,0.0,-1.0,-1.0,1.0,-1.0,1.4960964220218975e-07,0,model_only,
1.0,1.0,1.0,-1.0,1.0,-1.0,1.0,1.0,-1.0,-1.0,-1.0,1.0,1.0,0.0,0.0,1.0,-1.0,1.0,1.0,-1.0,-1.0,-1.0,-1.0,1.0,1.0,0.0,-1.0,-1.0,1.0,-1.0,0.8585479249368076,1,model_only,
-1.0,-1.0,-1.0,-1.0,-1.0,0.0,1.0,1.0,-1.0,-1.0,-1.0,-1.0,1.0,1.0,1.0,-1.0,-1.0,-1.0,0.0,-1.0,-1.0,-1.0,-1.0,1.0,-1.0,1.0,-1.0,-1.0,0.0,-1.0,0.9834883935883117,1,model_only,
-1.0,1.0,-1.0,-1.0,-1.0,0.0,-1.0,-1.0,-1.0,-1.0,-1.0,-1.0,1.0,-1.0,-1.0,1.0,-1.0,-1.0,0.0,-1.0,-1.0,-1.0,-1.0,-1.0,1.0,-1.0,-1.0,-1.0,0.0,-1.0,7.762127032231709e-11,0,model_only,
-1.0,-1.0,-1.0,-1.0,-1.0,0.0,0.0,0.0,1.0,-1.0,-1.0,-1.0,-1.0,-1.0,-1.0,-1.0,-1.0,-1.0,0.0,-1.0,-1.0,-1.0,-1.0,1.0,1.0,0.0,-1.0,-1.0,1.0,-1.0,3.05109363762094e-11,0,model_only,
-1.0,-1.0,-1.0,-1.0,-1.0,-1.0,-1.0,1.0,0.0,-1.0,-1.0,-1.0,1.0,0.0,0.0,-1.0,-1.0,-1.0,0.0,-1.0,-1.0,-1.0,-1.0,-1.0,1.0,0.0,-1.0,-1.0,0.0,-1.0,0.6042504141121855,1,model_only,
-1.0,-1.0,-1.0,-1.0,-1.0,0.0,0.0,-1.0,1.0,-1.0,-1.0,-1.0,-1.0,0.0,1.0,-1.0,-1.0,-1.0,0.0,-1.0,-1.0,-1.0,-1.0,-1.0,-1.0,1.0,0.0,-1.0,0.0,-1.0,2.6020612712540606e-08,0,model_only,
-1.0,1.0,-1.0,-1.0,-1.0,0.0,0.0,-1.0,-1.0,-1.0,-1.0,-1.0,1.0,-1.0,0.0,1.0,-1.0,-1.0,0.0,-1.0,-1.0,-1.0,-1.0,-1.0,1.0,-1.0,0.0,-1.0,0.0,-1.0,2.6420451223141964e-10,0,model_only,
-1.0,-1.0,-1.0,-1.0,-1.0,0.0,0.0,1.0,0.0,-1.0,-1.0,-1.0,-1.0,0.0,0.0,-1.0,-1.0,-1.0,0.0,-1.0,-1.0,-1.0,-1.0,-1.0,-1.0,1.0,1.0,-1.0,0.0,-1.0,0.6741222183907785,1,model_only,
-1.0,-1.0,-1.0,-1.0,-1.0,-1.0,0.0,1.0,0.0,-1.0,-1.0,-1.0,1.0,0.0,0.0,-1.0,-1.0,-1.0,0.0,-1.0,-1.0,-1.0,-1.0,-1.0,1.0,0.0,-1.0,-1.0,1.0,-1.0,0.3861772776870737,0,model_only,
-1.0,1.0,-1.0,-1.0,-1.0,0.0,1.0,1.0,-1.0,-1.0,-1.0,-1.0,1.0,1.0,-1.0,1.0,-1.0,-1.0,0.0,-1.0,-1.0,-1.0,-1.0,1.0,1.0,1.0,0.0,-1.0,1.0,-1.0,0.9948415201599915,1,model_only,
-1.0,-1.0,-1.0,-1.0,-1.0,0.0,-1.0,1.0,-1.0,1.0,1.0,-1.0,1.0,0.0,0.0,-1.0,1.0,-1.0,0.0,-1.0,-1.0,1.0,-1.0,1.0,-1.0,1.0,-1.0,-1.0,0.0,-1.0,0.9992598265093492,1,model_only,
-1.0,-1.0,-1.0,-1.0,-1.0,1.0,-1.0,1.0,0.0,-1.0,-1.0,-1.0,1.0,1.0,1.0,-1.0,-1.0,-1.0,0.0,-1.0,-1.0,-1.0,-1.0,1.0,1.0,1.0,-1.0,-1.0,1.0,-1.0,0.9871450989664687,1,model_only,
1.0,-1.0,1.0,-1.0,1.0,0.0,0.0,1.0,-1.0,-1.0,-1.0,1.0,1.0,0.0,1.0,-1.0,-1.0,1.0,1.0,-1.0,-1.0,-1.0,-1.0,0.0,1.0,1.0,1.0,-1.0,1.0,-1.0,0.9940642296791591,1,model_only,
-1.0,1.0,-1.0,1.0,-1.0,0.0,-1.0,-1.0,-1.0,-1.0,-1.0,-1.0,1.0,0.0,1.0,1.0,-1.0,-1.0,0.0,-1.0,-1.0,-1.0,-1.0,1.0,-1.0,1.0,-1.0,-1.0,0.0,-1.0,0.021422516572711672,0,model_only,
-1.0,-1.0,-1.0,-1.0,-1.0,0.0,0.0,-1.0,1.0,-1.0,-1.0,-1.0,-1.0,-1.0,-1.0,-1.0,-1.0,-1.0,0.0,-1.0,-1.0,-1.0,-1.0,-1.0,-1.0,-1.0,0.0,-1.0,0.0,-1.0,7.234808383812913e-15,0,model_only,
-1.0,-1.0,-1.0,-1.0,-1.0,0.0,0.0,-1.0,0.0,-1.0,-1.0,-1.0,-1.0,0.0,0.0,-1.0,-1.0,-1.0,0.0,-1.0,-1.0,-1.0,-1.0,0.0,1.0,1.0,0.0,-1.0,1.0,-1.0,1.9730835532914293e-08,0,model_only,
-1.0,-1.0,-1.0,-1.0,-1.0,0.0,0.0,0.0,1.0,-1.0,-1.0,-1.0,1.0,-1.0,-1.0,-1.0,-1.0,-1.0,0.0,-1.0,-1.0,-1.0,-1.0,0.0,1.0,-1.0,-1.0,-1.0,1.0,-1.0,4.906570000453134e-09,0,model_only,
1.0,-1.0,1.0,-1.0,1.0,0.0,0.0,1.0,1.0,-1.0,-1.0,1.0,-1.0,0.0,1.0,-1.0,-1.0,1.0,1.0,-1.0,-1.0,-1.0,-1.0,0.0,1.0,1.0,-1.0,-1.0,1.0,-1.0,0.011200488896662598,0,model_only,
-1.0,-1.0,-1.0,-1.0,-1.0,0.0,-1.0,1.0,0.0,-1.0,-1.0,-1.0,-1.0,0.0,0.0,-1.0,-1.0,-1.0,0.0,-1.0,-1.0,-1.0,-1.0,1.0,-1.0,1.0,1.0,-1.0,0.0,-1.0,0.6730525840492841,1,model_only,
-1.0,-1.0,-1.0,-1.0,-1.0,-1.0,-1.0,-1.0,1.0,-1.0,-1.0,-1.0,-1.0,-1.0,-1.0,-1.0,-1.0,-1.0,0.0,-1.0,-1.0,-1.0,-1.0,-1.0,-1.0,0.0,-1.0,1.0,0.0,-1.0,2.677928755268802e-15,0,model_only,
-1.0,-1.0,-1.0,-1.0,-1.0,-1.0,0.0,1.0,1.0,-1.0,-1.0,-1.0,-1.0,0.0,0.0,-1.0,-1.0,-1.0,0.0,-1.0,-1.0,-1.0,-1.0,0.0,1.0,1.0,-1.0,-1.0,1.0,-1.0,0.00017198471863657164,0,model_only,
1.0,1.0,1.0,-1.0,1.0,1.0,-1.0,1.0,-1.0,-1.0,-1.0,1.0,1.0,1.0,0.0,1.0,-1.0,1.0,1.0,-1.0,-1.0,-1.0,-1.0,1.0,1.0,1.0,-1.0,-1.0,1.0,-1.0,0.9999963662669608,1,model_only,
-1.0,1.0,-1.0,-1.0,-1.0,1.0,0.0,1.0,-1.0,-1.0,-1.0,-1.0,1.0,1.0,-1.0,1.0,-1.0,-1.0,0.0,-1.0,-1.0,-1.0,-1.0,-1.0,1.0,1.0,1.0,-1.0,1.0,-1.0,0.9999991546976581,1,model_only,
-1.0,-1.0,-1.0,-1.0,-1.0,-1.0,-1.0,1.0,-1.0,-1.0,-1.0,-1.0,1.0,0.0,-1.0,-1.0,-1.0,-1.0,0.0,-1.0,-1.0,-1.0,-1.0,0.0,1.0,0.0,-1.0,1.0,1.0,-1.0,0.6416082083333068,1,model_only,
-1.0,-1.0,-1.0,-1.0,-1.0,0.0,0.0,0.0,0.0,1.0,1.0,-1.0,1.0,-1.0,-1.0,-1.0,1.0,-1.0,0.0,1.0,-1.0,1.0,-1.0,1.0,1.0,1.0,-1.0,-1.0,1.0,1.0,0.13544508341493566,0,model_only,
-1.0,-1.0,-1.0,-1.0,-1.0,0.0,-1.0,1.0,1.0,-1.0,-1.0,-1.0,1.0,0.0,0.0,-1.0,-1.0,-1.0,0.0,-1.0,-1.0,-1.0,-1.0,1.0,-1.0,1.0,0.0,-1.0,0.0,-1.0,0.7327183639882531,1,model_only,
1.0,-1.0,1.0,-1.0,1.0,1.0,1.0,1.0,-1.0,-1.0,-1.0,1.0,1.0,1.0,0.0,-1.0,-1.0,1.0,1.0,-1.0,-1.0,-1.0,-1.0,1.0,1.0,1.0,1.0,-1.0,1.0,-1.0,0.9984996961730189,1,model_only,
-1.0,-1.0,-1.0,-1.0,-1.0,0.0,0.0,1.0,0.0,1.0,1.0,-1.0,1.0,1.0,1.0,-1.0,1.0,-1.0,0.0,1.0,-1.0,1.0,-1.0,-1.0,1.0,1.0,-1.0,-1.0,1.0,1.0,0.9999993822632097,1,model_only,
-1.0,1.0,-1.0,-1.0,-1.0,1.0,-1.0,1.0,-1.0,-1.0,-1.0,-1.0,1.0,1.0,0.0,1.0,-1.0,-1.0,0.0,-1.0,-1.0,-1.0,-1.0,-1.0,1.0,1.0,-1.0,-1.0,1.0,-1.0,0.9999999437310079,1,model_only,
-1.0,-1.0,-1.0,1.0,-1.0,0.0,-1.0,1.0,1.0,-1.0,-1.0,-1.0,1.0,0.0,1.0,-1.0,-1.0,-1.0,0.0,-1.0,-1.0,-1.0,-1.0,-1.0,-1.0,1.0,1.0,-1.0,0.0,-1.0,0.9999862261359554,1,model_only,
-1.0,-1.0,-1.0,-1.0,-1.0,-1.0,1.0,1.0,-1.0,1.0,1.0,-1.0,1.0,0.0,-1.0,-1.0,1.0,-1.0,0.0,1.0,-1.0,1.0,-1.0,-1.0,-1.0,0.0,-1.0,-1.0,0.0,1.0,0.9952137948022042,1,model_only,
-1.0,-1.0,-1.0,-1.0,-1.0,0.0,0.0,1.0,0.0,1.0,1.0,-1.0,-1.0,1.0,1.0,-1.0,1.0,-1.0,0.0,-1.0,-1.0,1.0,-1.0,-1.0,1.0,1.0,-1.0,-1.0,1.0,-1.0,0.9998232613098743,1,model_only,
-1.0,1.0,-1.0,-1.0,-1.0,0.0,0.0,1.0,-1.0,-1.0,-1.0,-1.0,1.0,0.0,0.0,1.0,-1.0,-1.0,0.0,-1.0,-1.0,-1.0,-1.0,-1.0,-1.0,1.0,-1.0,-1.0,0.0,-1.0,0.9999889564791425,1,model_only,
-1.0,-1.0,-1.0,-1.0,-1.0,-1.0,-1.0,-1.0,0.0,-1.0,-1.0,-1.0,-1.0,0.0,0.0,-1.0,-1.0,-1.0,0.0,-1.0,-1.0,-1.0,-1.0,-1.0,1.0,0.0,-1.0,-1.0,0.0,-1.0,4.2897929314141117e-11,0,model_only,
-1.0,-1.0,-1.0,-1.0,-1.0,0.0,1.0,1.0,1.0,-1.0,-1.0,-1.0,-1.0,0.0,0.0,-1.0,-1.0,-1.0,0.0,-1.0,-1.0,-1.0,-1.0,1.0,-1.0,1.0,-1.0,-1.0,0.0,-1.0,0.007386705850074289,0,model_only,
-1.0,1.0,-1.0,-1.0,-1.0,-1.0,0.0,-1.0,-1.0,-1.0,-1.0,-1.0,1.0,-1.0,1.0,1.0,-1.0,-1.0,0.0,-1.0,-1.0,-1.0,-1.0,-1.0,1.0,-1.0,-1.0,-1.0,1.0,-1.0,4.244974563296909e-09,0,model_only,
-1.0,-1.0,-1.0,-1.0,-1.0,-1.0,0.0,0.0,0.0,-1.0,-1.0,-1.0,-1.0,-1.0,-1.0,-1.0,-1.0,-1.0,0.0,-1.0,-1.0,-1.0,-1.0,1.0,1.0,-1.0,-1.0,-1.0,1.0,-1.0,1.522863376956579e-11,0,model_only,
-1.0,-1.0,-1.0,-1.0,-1.0,-1.0,-1.0,1.0,1.0,-1.0,-1.0,-1.0,1.0,0.0,-1.0,-1.0,-1.0,-1.0,0.0,-1.0,-1.0,-1.0,-1.0,1.0,1.0,1.0,0.0,-1.0,1.0,-1.0,0.030760624011953484,0,model_only,
-1.0,1.0,-1.0,-1.0,-1.0,0.0,-1.0,1.0,-1.0,-1.0,-1.0,-1.0,1.0,1.0,1.0,1.0,-1.0,-1.0,0.0,-1.0,-1.0,-1.0,-1.0,1.0,1.0,1.0,-1.0,-1.0,1.0,-1.0,0.9999847704470749,1,model_only,
-1.0,-1.0,-1.0,-1.0,-1.0,-1.0,-1.0,1.0,1.0,-1.0,-1.0,-1.0,1.0,1.0,0.0,-1.0,-1.0,-1.0,0.0,-1.0,-1.0,-1.0,-1.0,1.0,-1.0,1.0,1.0,1.0,0.0,-1.0,0.7403075480904429,1,model_only,
-1.0,-1.0,-1.0,1.0,-1.0,-1.0,-1.0,-1.0,0.0,-1.0,-1.0,-1.0,-1.0,-1.0,0.0,-1.0,-1.0,-1.0,0.0,-1.0,-1.0,-1.0,-1.0,-1.0,1.0,-1.0,-1.0,-1.0,0.0,-1.0,2.839183476878599e-13,0,model_only,
-1.0,1.0,-1.0,-1.0,-1.0,-1.0,0.0,0.0,-1.0,-1.0,-1.0,-1.0,1.0,-1.0,-1.0,1.0,-1.0,-1.0,0.0,-1.0,-1.0,-1.0,-1.0,1.0,1.0,0.0,-1.0,-1.0,0.0,-1.0,3.566406081152943e-10,0,model_only,
-1.0,-1.0,-1.0,-1.0,-1.0,-1.0,1.0,-1.0,1.0,-1.0,-1.0,-1.0,-1.0,0.0,0.0,-1.0,-1.0,-1.0,0.0,-1.0,-1.0,-1.0,-1.0,-1.0,1.0,1.0,-1.0,-1.0,1.0,-1.0,1.0319262132209404e-09,0,model_only,
-1.0,-1.0,-1.0,-1.0,-1.0,-1.0,1.0,-1.0,1.0,-1.0,-1.0,-1.0,-1.0,0.0,0.0,-1.0,-1.0,-1.0,0.0,-1.0,-1.0,-1.0,-1.0,1.0,1.0,1.0,-1.0,-1.0,1.0,-1.0,2.676157454481921e-11,0,model_only,
-1.0,-1.0,-1.0,-1.0,-1.0,1.0,1.0,1.0,0.0,-1.0,-1.0,-1.0,1.0,0.0,-1.0,-1.0,-1.0,-1.0,0.0,-1.0,-1.0,-1.0,-1.0,1.0,-1.0,1.0,-1.0,-1.0,0.0,-1.0,0.8589179600437292,1,model_only,
-1.0,-1.0,-1.0,-1.0,-1.0,-1.0,-1.0,1.0,-1.0,-1.0,-1.0,-1.0,1.0,1.0,0.0,-1.0,-1.0,-1.0,0.0,-1.0,-1.0,-1.0,-1.0,1.0,-1.0,1.0,1.0,1.0,0.0,-1.0,0.9966943826460165,1,model_only,
-1.0,-1.0,-1.0,-1.0,-1.0,-1.0,-1.0,1.0,0.0,-1.0,-1.0,-1.0,1.0,1.0,0.0,-1.0,-1.0,-1.0,0.0,-1.0,-1.0,-1.0,-1.0,1.0,-1.0,1.0,1.0,1.0,0.0,-1.0,0.9497631180771343,1,model_only,
-1.0,-1.0,-1.0,-1.0,-1.0,-1.0,0.0,1.0,0.0,-1.0,-1.0,-1.0,1.0,0.0,0.0,-1.0,-1.0,-1.0,0.0,-1.0,-1.0,-1.0,-1.0,-1.0,1.0,0.0,-1.0,-1.0,0.0,-1.0,0.10148080332879299,0,model_only,
-1.0,-1.0,-1.0,-1.0,-1.0,0.0,-1.0,1.0,-1.0,-1.0,-1.0,-1.0,1.0,1.0,0.0,-1.0,-1.0,-1.0,0.0,-1.0,-1.0,-1.0,-1.0,1.0,1.0,-1.0,1.0,-1.0,1.0,-1.0,0.9974980510570551,1,model_only,
-1.0,1.0,-1.0,-1.0,-1.0,1.0,-1.0,1.0,-1.0,1.0,1.0,-1.0,1.0,1.0,-1.0,1.0,1.0,-1.0,0.0,-1.0,-1.0,1.0,1.0,1.0,-1.0,1.0,-1.0,-1.0,0.0,1.0,0.999999344335338,1,model_only,
-1.0,-1.0,-1.0,-1.0,-1.0,0.0,1.0,1.0,0.0,-1.0,-1.0,-1.0,1.0,0.0,1.0,-1.0,-1.0,-1.0,0.0,-1.0,-1.0,-1.0,-1.0,0.0,-1.0,1.0,0.0,-1.0,0.0,-1.0,0.8925509365752183,1,model_only,
-1.0,-1.0,-1.0,-1.0,-1.0,-1.0,-1.0,1.0,0.0,-1.0,-1.0,-1.0,1.0,0.0,-1.0,-1.0,-1.0,-1.0,0.0,-1.0,-1.0,-1.0,-1.0,1.0,-1.0,0.0,-1.0,-1.0,0.0,-1.0,0.035433484906535744,0,model_only,
-1.0,-1.0,-1.0,-1.0,-1.0,0.0,0.0,0.0,0.0,-1.0,-1.0,-1.0,-1.0,-1.0,-1.0,-1.0,-1.0,-1.0,0.0,-1.0,-1.0,-1.0,-1.0,0.0,1.0,-1.0,-1.0,-1.0,1.0,-1.0,2.4979245581767484e-09,0,model_only,
-1.0,-1.0,-1.0,-1.0,-1.0,0.0,-1.0,1.0,1.0,-1.0,-1.0,-1.0,-1.0,-1.0,-1.0,-1.0,-1.0,-1.0,0.0,-1.0,-1.0,-1.0,-1.0,-1.0,-1.0,-1.0,0.0,-1.0,0.0,-1.0,1.3819875527791552e-08,0,model_only,
-1.0,-1.0,-1.0,-1.0,-1.0,0.0,-1.0,-1.0,0.0,1.0,1.0,-1.0,-1.0,-1.0,0.0,-1.0,1.0,-1.0,0.0,-1.0,-1.0,1.0,1.0,-1.0,-1.0,0.0,-1.0,-1.0,0.0,1.0,2.9139519234715976e-06,0,model_only,
-1.0,1.0,-1.0,-1.0,-1.0,-1.0,0.0,0.0,0.0,-1.0,-1.0,-1.0,-1.0,-1.0,-1.0,1.0,-1.0,-1.0,0.0,-1.0,-1.0,-1.0,-1.0,1.0,1.0,-1.0,-1.0,1.0,1.0,-1.0,1.5824164117492404e-10,0,model_only,
-1.0,-1.0,-1.0,-1.0,-1.0,0.0,1.0,1.0,0.0,-1.0,-1.0,-1.0,1.0,0.0,0.0,-1.0,-1.0,-1.0,0.0,-1.0,-1.0,-1.0,-1.0,1.0,-1.0,1.0,1.0,1.0,0.0,-1.0,0.9638101734789707,1,model_only,
-1.0,-1.0,-1.0,-1.0,-1.0,0.0,0.0,-1.0,-1.0,-1.0,-1.0,-1.0,1.0,1.0,1.0,-1.0,-1.0,-1.0,0.0,-1.0,-1.0,-1.0,-1.0,0.0,-1.0,1.0,1.0,-1.0,0.0,-1.0,0.5023448816483368,1,model_only,
-1.0,-1.0,-1.0,-1.0,-1.0,0.0,1.0,-1.0,1.0,-1.0,-1.0,-1.0,1.0,0.0,0.0,-1.0,-1.0,-1.0,0.0,-1.0,-1.0,-1.0,-1.0,1.0,1.0,-1.0,1.0,-1.0,1.0,-1.0,0.00029781920718832715,0,model_only,
-1.0,1.0,-1.0,-1.0,-1.0,1.0,1.0,1.0,-1.0,-1.0,-1.0,-1.0,1.0,1.0,0.0,1.0,-1.0,-1.0,0.0,-1.0,-1.0,-1.0,-1.0,1.0,-1.0,1.0,-1.0,-1.0,0.0,-1.0,0.9999999256771192,1,model_only,
1.0,-1.0,1.0,-1.0,1.0,-1.0,-1.0,-1.0,0.0,-1.0,-1.0,1.0,1.0,-1.0,-1.0,-1.0,-1.0,1.0,1.0,-1.0,-1.0,-1.0,-1.0,-1.0,1.0,1.0,-1.0,-1.0,1.0,-1.0,3.57704818398108e-11,0,model_only,
-1.0,-1.0,-1.0,-1.0,-1.0,-1.0,0.0,0.0,1.0,1.0,1.0,-1.0,1.0,-1.0,0.0,-1.0,1.0,-1.0,0.0,-1.0,-1.0,1.0,-1.0,1.0,-1.0,0.0,-1.0,-1.0,0.0,1.0,3.9792755649906466e-07,0,model_only,
-1.0,-1.0,-1.0,-1.0,-1.0,0.0,-1.0,-1.0,0.0,-1.0,-1.0,-1.0,1.0,-1.0,0.0,-1.0,-1.0,-1.0,0.0,-1.0,-1.0,-1.0,-1.0,-1.0,1.0,0.0,-1.0,-1.0,1.0,-1.0,5.9705324001045705e-09,0,model_only,
1.0,1.0,1.0,-1.0,1.0,0.0,-1.0,1.0,-1.0,-1.0,-1.0,1.0,1.0,0.0,-1.0,1.0,-1.0,1.0,1.0,-1.0,-1.0,-1.0,-1.0,1.0,1.0,0.0,-1.0,-1.0,1.0,-1.0,0.8610254613980998,1,model_only,
-1.0,-1.0,-1.0,-1.0,-1.0,0.0,0.0,1.0,0.0,-1.0,-1.0,-1.0,-1.0,1.0,0.0,-1.0,-1.0,-1.0,0.0,-1.0,-1.0,-1.0,-1.0,-1.0,-1.0,1.0,-1.0,-1.0,0.0,-1.0,0.7016494290680008,1,model_only,
-1.0,-1.0,-1.0,-1.0,-1.0,-1.0,-1.0,1.0,0.0,-1.0,-1.0,-1.0,1.0,1.0,-1.0,-1.0,-1.0,-1.0,0.0,-1.0,-1.0,-1.0,-1.0,-1.0,-1.0,0.0,-1.0,-1.0,0.0,-1.0,0.6639886880511606,1,model_only,
-1.0,-1.0,-1.0,-1.0,-1.0,0.0,1.0,1.0,1.0,-1.0,-1.0,-1.0,1.0,0.0,-1.0,-1.0,-1.0,-1.0,0.0,-1.0,-1.0,-1.0,-1.0,1.0,1.0,1.0,1.0,-1.0,1.0,-1.0,0.5976471056621281,1,model_only,
-1.0,-1.0,-1.0,-1.0,-1.0,0.0,0.0,1.0,-1.0,-1.0,-1.0,-1.0,1.0,0.0,-1.0,-1.0,-1.0,-1.0,0.0,-1.0,-1.0,-1.0,-1.0,-1.0,-1.0,1.0,1.0,-1.0,0.0,-1.0,0.745244870970506,1,model_only,
-1.0,-1.0,-1.0,-1.0,-1.0,-1.0,-1.0,-1.0,1.0,1.0,1.0,-1.0,1.0,-1.0,0.0,-1.0,1.0,-1.0,0.0,-1.0,-1.0,1.0,-1.0,-1.0,1.0,0.0,-1.0,-1.0,0.0,1.0,2.2020961752512082e-09,0,model_only,
-1.0,1.0,-1.0,-1.0,-1.0,0.0,1.0,1.0,-1.0,-1.0,-1.0,-1.0,1.0,0.0,0.0,1.0,-1.0,-1.0,0.0,-1.0,-1.0,-1.0,-1.0,0.0,-1.0,1.0,0.0,-1.0,0.0,-1.0,0.999997160674624,1,model_only,
-1.0,-1.0,-1.0,-1.0,-1.0,-1.0,0.0,0.0,0.0,-1.0,-1.0,-1.0,1.0,-1.0,0.0,-1.0,-1.0,-1.0,0.0,-1.0,-1.0,-1.0,-1.0,1.0,1.0,0.0,-1.0,-1.0,0.0,-1.0,7.491400354696256e-11,0,model_only,
-1.0,-1.0,-1.0,-1.0,-1.0,1.0,-1.0,1.0,-1.0,-1.0,-1.0,-1.0,1.0,0.0,-1.0,-1.0,-1.0,-1.0,0.0,-1.0,-1.0,-1.0,-1.0,1.0,1.0,1.0,-1.0,-1.0,1.0,-1.0,0.9910912035735207,1,model_only,
-1.0,-1.0,-1.0,-1.0,-1.0,1.0,-1.0,1.0,-1.0,-1.0,-1.0,-1.0,1.0,1.0,0.0,-1.0,-1.0,-1.0,0.0,-1.0,-1.0,-1.0,-1.0,1.0,-1.0,1.0,-1.0,-1.0,0.0,-1.0,0.9986056499336694,1,model_only,
-1.0,-1.0,-1.0,-1.0,-1.0,1.0,1.0,1.0,1.0,-1.0,-1.0,-1.0,-1.0,1.0,1.0,-1.0,-1.0,-1.0,0.0,-1.0,-1.0,-1.0,-1.0,1.0,-1.0,1.0,-1.0,-1.0,0.0,-1.0,0.6809784860083384,1,model_only,
-1.0,-1.0,-1.0,-1.0,-1.0,-1.0,-1.0,1.0,1.0,1.0,1.0,-1.0,-1.0,1.0,1.0,-1.0,1.0,-1.0,0.0,-1.0,-1.0,1.0,-1.0,1.0,1.0,1.0,1.0,1.0,1.0,1.0,0.9721365833730973,1,model_only,
-1.0,-1.0,-1.0,1.0,-1.0,0.0,1.0,1.0,-1.0,-1.0,-1.0,-1.0,1.0,1.0,1.0,-1.0,-1.0,-1.0,0.0,-1.0,-1.0,-1.0,-1.0,1.0,-1.0,1.0,-1.0,-1.0,0.0,-1.0,0.9999845722395412,1,model_only,
-1.0,1.0,-1.0,1.0,-1.0,0.0,0.0,0.0,1.0,-1.0,-1.0,-1.0,-1.0,-1.0,0.0,1.0,-1.0,-1.0,0.0,-1.0,-1.0,-1.0,-1.0,1.0,-1.0,-1.0,0.0,-1.0,0.0,-1.0,2.2569292265820722e-10,0,model_only,
-1.0,-1.0,-1.0,-1.0,-1.0,-1.0,-1.0,1.0,1.0,-1.0,-1.0,-1.0,-1.0,0.0,-1.0,-1.0,-1.0,-1.0,0.0,-1.0,-1.0,-1.0,-1.0,-1.0,-1.0,1.0,-1.0,-1.0,0.0,-1.0,0.0011288196951142306,0,model_only,
-1.0,-1.0,-1.0,-1.0,-1.0,-1.0,0.0,0.0,-1.0,-1.0,-1.0,-1.0,1.0,-1.0,0.0,-1.0,-1.0,-1.0,0.0,-1.0,-1.0,-1.0,-1.0,1.0,1.0,-1.0,-1.0,-1.0,1.0,-1.0,2.736453345461583e-07,0,model_only,
-1.0,-1.0,-1.0,-1.0,-1.0,0.0,-1.0,1.0,0.0,1.0,1.0,-1.0,1.0,0.0,1.0,-1.0,1.0,-1.0,0.0,-1.0,1.0,1.0,1.0,1.0,1.0,1.0,1.0,-1.0,1.0,1.0,0.9999853274897981,1,model_only,
-1.0,-1.0,-1.0,-1.0,-1.0,-1.0,0.0,-1.0,1.0,-1.0,-1.0,-1.0,-1.0,-1.0,-1.0,-1.0,-1.0,-1.0,0.0,-1.0,-1.0,-1.0,-1.0,-1.0,-1.0,-1.0,-1.0,-1.0,0.0,-1.0,2.2755588368290713e-16,0,model_only,
-1.0,1.0,-1.0,-1.0,-1.0,-1.0,-1.0,1.0,1.0,-1.0,-1.0,-1.0,1.0,0.0,0.0,1.0,-1.0,-1.0,0.0,-1.0,-1.0,-1.0,-1.0,1.0,1.0,0.0,-1.0,-1.0,1.0,-1.0,0.023616460304241572,0,model_only,
-1.0,1.0,-1.0,-1.0,-1.0,-1.0,1.0,1.0,-1.0,-1.0,-1.0,-1.0,1.0,0.0,1.0,1.0,-1.0,-1.0,0.0,-1.0,-1.0,-1.0,-1.0,1.0,-1.0,1.0,-1.0,-1.0,0.0,-1.0,0.5695889522421326,1,model_only,
-1.0,-1.0,-1.0,-1.0,-1.0,0.0,1.0,1.0,-1.0,-1.0,-1.0,-1.0,1.0,0.0,1.0,-1.0,-1.0,-1.0,0.0,-1.0,-1.0,-1.0,-1.0,1.0,1.0,0.0,-1.0,-1.0,1.0,-1.0,0.9927089405294452,1,model_only,
1.0,-1.0,1.0,-1.0,1.0,1.0,-1.0,1.0,-1.0,-1.0,-1.0,1.0,1.0,0.0,0.0,-1.0,-1.0,1.0,1.0,-1.0,-1.0,-1.0,-1.0,1.0,1.0,1.0,-1.0,-1.0,1.0,-1.0,0.9997109463951608,1,model_only,
-1.0,-1.0,-1.0,-1.0,-1.0,0.0,0.0,1.0,0.0,1.0,1.0,-1.0,1.0,0.0,0.0,-1.0,1.0,-1.0,0.0,-1.0,-1.0,1.0,1.0,-1.0,1.0,1.0,1.0,1.0,1.0,1.0,0.9999057834461139,1,model_only,
-1.0,-1.0,-1.0,-1.0,-1.0,0.0,1.0,1.0,0.0,-1.0,-1.0,-1.0,1.0,0.0,-1.0,-1.0,-1.0,-1.0,0.0,-1.0,-1.0,-1.0,-1.0,1.0,-1.0,1.0,-1.0,-1.0,0.0,-1.0,0.40689543387492616,0,model_only,
1.0,1.0,1.0,-1.0,1.0,0.0,-1.0,1.0,-1.0,-1.0,-1.0,1.0,1.0,1.0,-1.0,1.0,-1.0,1.0,1.0,-1.0,-1.0,-1.0,-1.0,-1.0,1.0,1.0,-1.0,-1.0,1.0,-1.0,0.9998964695732871,1,model_only,
-1.0,-1.0,-1.0,-1.0,-1.0,-1.0,0.0,-1.0,1.0,-1.0,-1.0,-1.0,1.0,0.0,-1.0,-1.0,-1.0,-1.0,0.0,-1.0,-1.0,-1.0,-1.0,-1.0,-1.0,1.0,-1.0,-1.0,0.0,-1.0,5.5888385184909995e-11,0,model_only,
-1.0,-1.0,-1.0,-1.0,-1.0,0.0,-1.0,1.0,1.0,-1.0,-1.0,-1.0,1.0,0.0,-1.0,-1.0,-1.0,-1.0,0.0,-1.0,-1.0,-1.0,-1.0,-1.0,1.0,1.0,0.0,-1.0,1.0,-1.0,0.6238851453803937,1,model_only,
-1.0,1.0,-1.0,-1.0,-1.0,1.0,-1.0,1.0,-1.0,1.0,1.0,-1.0,1.0,1.0,-1.0,1.0,1.0,-1.0,0.0,-1.0,-1.0,1.0,1.0,-1.0,-1.0,1.0,-1.0,-1.0,0.0,1.0,0.9999997385105258,1,model_only,
-1.0,-1.0,-1.0,1.0,-1.0,1.0,1.0,1.0,-1.0,-1.0,-1.0,-1.0,1.0,0.0,1.0,-1.0,-1.0,-1.0,0.0,-1.0,-1.0,-1.0,-1.0,1.0,-1.0,1.0,-1.0,-1.0,0.0,-1.0,0.9999921650727616,1,model_only,
-1.0,1.0,-1.0,-1.0,-1.0,0.0,0.0,1.0,-1.0,-1.0,-1.0,-1.0,1.0,0.0,-1.0,1.0,-1.0,-1.0,0.0,-1.0,-1.0,-1.0,-1.0,-1.0,-1.0,1.0,-1.0,-1.0,0.0,-1.0,0.9995363264593132,1,model_only,
-1.0,-1.0,-1.0,-1.0,-1.0,-1.0,-1.0,-1.0,1.0,1.0,1.0,-1.0,-1.0,-1.0,0.0,-1.0,1.0,-1.0,0.0,-1.0,-1.0,1.0,-1.0,-1.0,1.0,-1.0,-1.0,-1.0,0.0,1.0,3.679211191354184e-11,0,model_only,
-1.0,-1.0,-1.0,-1.0,-1.0,0.0,-1.0,-1.0,1.0,1.0,1.0,-1.0,-1.0,0.0,0.0,-1.0,1.0,-1.0,0.0,-1.0,-1.0,1.0,-1.0,-1.0,1.0,-1.0,0.0,1.0,0.0,1.0,0.00014307808026608307,0,model_only,
-1.0,1.0,-1.0,-1.0,-1.0,-1.0,1.0,1.0,-1.0,1.0,1.0,-1.0,1.0,1.0,-1.0,1.0,1.0,-1.0,0.0,-1.0,-1.0,1.0,-1.0,1.0,1.0,1.0,-1.0,-1.0,1.0,1.0,0.9992948938375203,1,model_only,
-1.0,-1.0,-1.0,-1.0,-1.0,1.0,-1.0,1.0,-1.0,-1.0,-1.0,-1.0,1.0,0.0,0.0,-1.0,-1.0,-1.0,0.0,-1.0,-1.0,-1.0,-1.0,1.0,1.0,1.0,1.0,-1.0,1.0,-1.0,0.9957574332404152,1,model_only,
-1.0,-1.0,-1.0,-1.0,-1.0,-1.0,0.0,1.0,0.0,-1.0,-1.0,-1.0,-1.0,0.0,1.0,-1.0,-1.0,-1.0,0.0,-1.0,-1.0,-1.0,-1.0,-1.0,1.0,0.0,-1.0,1.0,0.0,-1.0,0.158825945142738,0,model_only,
-1.0,1.0,-1.0,-1.0,-1.0,-1.0,-1.0,1.0,0.0,-1.0,-1.0,-1.0,1.0,-1.0,-1.0,1.0,-1.0,-1.0,0.0,-1.0,-1.0,-1.0,-1.0,-1.0,1.0,0.0,-1.0,1.0,0.0,-1.0,2.2405940798807696e-07,0,model_only,
-1.0,-1.0,-1.0,-1.0,-1.0,-1.0,-1.0,-1.0,1.0,-1.0,-1.0,-1.0,-1.0,0.0,-1.0,-1.0,-1.0,-1.0,0.0,-1.0,-1.0,-1.0,-1.0,-1.0,1.0,0.0,-1.0,1.0,0.0,-1.0,3.333061167864713e-12,0,model_only,
-1.0,-1.0,-1.0,-1.0,-1.0,0.0,1.0,1.0,1.0,-1.0,-1.0,-1.0,1.0,0.0,1.0,-1.0,-1.0,-1.0,0.0,-1.0,-1.0,-1.0,-1.0,1.0,-1.0,1.0,1.0,1.0,0.0,-1.0,0.8523309900326614,1,model_only,
-1.0,-1.0,-1.0,-1.0,-1.0,0.0,-1.0,1.0,1.0,-1.0,-1.0,-1.0,1.0,1.0,1.0,-1.0,-1.0,-1.0,0.0,-1.0,-1.0,-1.0,-1.0,1.0,-1.0,1.0,1.0,-1.0,0.0,-1.0,0.8634708051630245,1,model_only,
-1.0,-1.0,-1.0,-1.0,-1.0,0.0,-1.0,1.0,-1.0,-1.0,-1.0,-1.0,1.0,0.0,0.0,-1.0,-1.0,-1.0,0.0,-1.0,-1.0,-1.0,-1.0,1.0,-1.0,1.0,-1.0,-1.0,0.0,-1.0,0.9861923866711431,1,model_only,
-1.0,-1.0,-1.0,-1.0,-1.0,1.0,-1.0,1.0,-1.0,1.0,1.0,-1.0,1.0,0.0,1.0,-1.0,1.0,-1.0,0.0,-1.0,-1.0,1.0,1.0,1.0,1.0,1.0,-1.0,-1.0,1.0,1.0,0.999991457707957,1,model_only,
-1.0,-1.0,-1.0,-1.0,-1.0,0.0,1.0,1.0,-1.0,1.0,1.0,-1.0,1.0,0.0,-1.0,-1.0,1.0,-1.0,0.0,-1.0,1.0,1.0,1.0,1.0,-1.0,1.0,0.0,-1.0,0.0,1.0,0.9962642627903667,1,model_only,
-1.0,-1.0,-1.0,-1.0,-1.0,-1.0,-1.0,-1.0,0.0,-1.0,-1.0,-1.0,-1.0,-1.0,-1.0,-1.0,-1.0,-1.0,0.0,-1.0,-1.0,-1.0,-1.0,-1.0,1.0,-1.0,-1.0,1.0,0.0,-1.0,1.1775619015853084e-14,0,model_only,
-1.0,1.0,-1.0,-1.0,-1.0,0.0,-1.0,1.0,-1.0,1.0,1.0,-1.0,1.0,0.0,-1.0,1.0,1.0,-1.0,0.0,-1.0,-1.0,1.0,-1.0,-1.0,1.0,1.0,0.0,-1.0,1.0,1.0,0.9996632065768204,1,model_only,
-1.0,-1.0,-1.0,-1.0,-1.0,-1.0,-1.0,1.0,0.0,-1.0,-1.0,-1.0,1.0,1.0,0.0,-1.0,-1.0,-1.0,0.0,-1.0,-1.0,-1.0,-1.0,-1.0,-1.0,1.0,1.0,1.0,0.0,-1.0,0.9923885063191761,1,model_only,
-1.0,-1.0,-1.0,-1.0,-1.0,-1.0,0.0,-1.0,0.0,-1.0,-1.0,-1.0,-1.0,-1.0,-1.0,-1.0,-1.0,-1.0,0.0,-1.0,-1.0,-1.0,-1.0,-1.0,-1.0,0.0,-1.0,1.0,0.0,-1.0,1.717554447361489e-14,0,model_only,
-1.0,-1.0,-1.0,-1.0,-1.0,-1.0,-1.0,1.0,0.0,-1.0,-1.0,-1.0,1.0,0.0,-1.0,-1.0,-1.0,-1.0,0.0,-1.0,-1.0,-1.0,-1.0,1.0,-1.0,0.0,-1.0,-1.0,0.0,-1.0,0.035433484906535744,0,model_only,
-1.0,1.0,-1.0,-1.0,-1.0,1.0,1.0,1.0,-1.0,-1.0,-1.0,-1.0,1.0,0.0,-1.0,1.0,-1.0,-1.0,0.0,-1.0,-1.0,-1.0,-1.0,1.0,-1.0,0.0,-1.0,-1.0,0.0,-1.0,0.9999479493810943,1,model_only,
1.0,-1.0,1.0,-1.0,1.0,0.0,1.0,1.0,0.0,-1.0,-1.0,1.0,-1.0,0.0,-1.0,-1.0,-1.0,1.0,1.0,-1.0,-1.0,-1.0,-1.0,0.0,1.0,1.0,0.0,-1.0,1.0,-1.0,0.11981794307244653,0,model_only,
-1.0,-1.0,-1.0,-1.0,-1.0,0.0,1.0,1.0,-1.0,-1.0,-1.0,-1.0,1.0,0.0,1.0,-1.0,-1.0,-1.0,0.0,-1.0,-1.0,-1.0,-1.0,1.0,1.0,-1.0,0.0,-1.0,1.0,-1.0,0.9997443347814995,1,model_only,
-1.0,-1.0,-1.0,-1.0,-1.0,0.0,0.0,1.0,0.0,-1.0,-1.0,-1.0,-1.0,0.0,-1.0,-1.0,-1.0,-1.0,0.0,-1.0,-1.0,-1.0,-1.0,-1.0,-1.0,1.0,1.0,-1.0,0.0,-1.0,0.6641670723709424,1,model_only,
-1.0,1.0,-1.0,1.0,-1.0,0.0,1.0,1.0,0.0,-1.0,-1.0,-1.0,-1.0,0.0,1.0,1.0,-1.0,-1.0,0.0,-1.0,-1.0,-1.0,-1.0,1.0,-1.0,1.0,1.0,-1.0,0.0,-1.0,0.9999927374464631,1,model_only,
-1.0,-1.0,-1.0,-1.0,-1.0,-1.0,0.0,-1.0,-1.0,-1.0,-1.0,-1.0,1.0,1.0,0.0,-1.0,-1.0,-1.0,0.0,-1.0,-1.0,-1.0,-1.0,0.0,-1.0,1.0,-1.0,-1.0,0.0,-1.0,3.123655692986163e-05,0,model_only,
-1.0,1.0,-1.0,1.0,-1.0,-1.0,0.0,-1.0,-1.0,-1.0,-1.0,-1.0,1.0,-1.0,0.0,1.0,-1.0,-1.0,0.0,-1.0,-1.0,-1.0,-1.0,-1.0,1.0,-1.0,-1.0,1.0,1.0,-1.0,1.364651198340792e-08,0,model_only,
-1.0,-1.0,-1.0,-1.0,-1.0,-1.0,-1.0,1.0,-1.0,-1.0,-1.0,-1.0,1.0,0.0,1.0,-1.0,-1.0,-1.0,0.0,-1.0,-1.0,-1.0,-1.0,-1.0,-1.0,0.0,-1.0,-1.0,0.0,-1.0,0.6984240511044592,1,model_only,
-1.0,-1.0,-1.0,-1.0,-1.0,1.0,1.0,1.0,1.0,-1.0,-1.0,-1.0,-1.0,1.0,0.0,-1.0,-1.0,-1.0,0.0,-1.0,-1.0,-1.0,-1.0,1.0,1.0,-1.0,-1.0,-1.0,1.0,-1.0,0.7736770763322344,1,model_only,
-1.0,-1.0,-1.0,-1.0,-1.0,1.0,1.0,1.0,0.0,-1.0,-1.0,-1.0,1.0,0.0,0.0,-1.0,-1.0,-1.0,0.0,-1.0,-1.0,-1.0,-1.0,0.0,-1.0,1.0,-1.0,-1.0,0.0,-1.0,0.9837263429928155,1,model_only,
-1.0,-1.0,-1.0,-1.0,-1.0,-1.0,1.0,-1.0,-1.0,-1.0,-1.0,-1.0,1.0,0.0,0.0,-1.0,-1.0,-1.0,0.0,-1.0,-1.0,1.0,-1.0,1.0,1.0,0.0,-1.0,-1.0,1.0,-1.0,7.355226208325003e-08,0,model_only,
-1.0,-1.0,-1.0,-1.0,-1.0,0.0,-1.0,-1.0,1.0,-1.0,-1.0,-1.0,1.0,0.0,0.0,-1.0,-1.0,-1.0,0.0,-1.0,-1.0,-1.0,-1.0,-1.0,-1.0,-1.0,0.0,1.0,0.0,-1.0,1.2315264482498188e-06,0,model_only,
-1.0,1.0,-1.0,-1.0,-1.0,0.0,-1.0,1.0,0.0,-1.0,-1.0,-1.0,1.0,1.0,0.0,1.0,-1.0,-1.0,0.0,-1.0,-1.0,-1.0,-1.0,1.0,-1.0,1.0,-1.0,-1.0,0.0,-1.0,0.9994991647732001,1,model_only,
1.0,-1.0,1.0,-1.0,1.0,0.0,-1.0,1.0,-1.0,-1.0,-1.0,1.0,1.0,0.0,1.0,-1.0,-1.0,1.0,1.0,-1.0,-1.0,-1.0,-1.0,1.0,1.0,1.0,-1.0,-1.0,1.0,-1.0,0.9986795342237994,1,model_only,
-1.0,-1.0,-1.0,-1.0,-1.0,0.0,1.0,1.0,0.0,-1.0,-1.0,-1.0,1.0,0.0,0.0,-1.0,-1.0,-1.0,0.0,-1.0,-1.0,-1.0,-1.0,0.0,-1.0,1.0,0.0,-1.0,0.0,-1.0,0.7921440026485677,1,model_only,
-1.0,-1.0,-1.0,-1.0,-1.0,0.0,-1.0,1.0,-1.0,-1.0,-1.0,-1.0,1.0,0.0,-1.0,-1.0,-1.0,-1.0,0.0,-1.0,-1.0,-1.0,-1.0,1.0,-1.0,1.0,0.0,-1.0,0.0,-1.0,0.8856231544397337,1,model_only,
-1.0,1.0,-1.0,-1.0,-1.0,0.0,-1.0,1.0,0.0,-1.0,-1.0,-1.0,1.0,0.0,0.0,1.0,-1.0,-1.0,0.0,-1.0,-1.0,-1.0,-1.0,-1.0,-1.0,1.0,1.0,-1.0,0.0,-1.0,0.9999964013140982,1,model_only,
-1.0,-1.0,-1.0,-1.0,-1.0,0.0,1.0,1.0,1.0,-1.0,-1.0,-1.0,-1.0,0.0,0.0,-1.0,-1.0,-1.0,0.0,-1.0,-1.0,-1.0,-1.0,1.0,-1.0,1.0,1.0,-1.0,0.0,-1.0,0.6441557433225598,1,model_only,
-1.0,-1.0,-1.0,-1.0,-1.0,1.0,1.0,1.0,-1.0,-1.0,-1.0,-1.0,1.0,1.0,-1.0,-1.0,-1.0,-1.0,0.0,-1.0,-1.0,1.0,-1.0,1.0,-1.0,1.0,-1.0,-1.0,0.0,-1.0,0.7574878966912624,1,model_only,
-1.0,-1.0,-1.0,-1.0,-1.0,-1.0,-1.0,-1.0,0.0,-1.0,-1.0,-1.0,1.0,0.0,0.0,-1.0,-1.0,-1.0,0.0,-1.0,-1.0,-1.0,-1.0,-1.0,-1.0,1.0,-1.0,1.0,0.0,-1.0,1.1842669017110606e-07,0,model_only,
-1.0,-1.0,-1.0,-1.0,-1.0,-1.0,-1.0,1.0,-1.0,-1.0,-1.0,-1.0,1.0,0.0,-1.0,-1.0,-1.0,-1.0,0.0,-1.0,-1.0,-1.0,-1.0,1.0,1.0,0.0,-1.0,-1.0,1.0,-1.0,0.6449205348592045,1,model_only,
-1.0,-1.0,-1.0,-1.0,-1.0,0.0,0.0,1.0,0.0,-1.0,-1.0,-1.0,1.0,0.0,1.0,-1.0,-1.0,-1.0,0.0,-1.0,-1.0,-1.0,-1.0,-1.0,1.0,1.0,-1.0,-1.0,1.0,-1.0,0.8927152011974023,1,model_only,
1.0,-1.0,1.0,-1.0,1.0,0.0,1.0,1.0,1.0,-1.0,-1.0,1.0,1.0,0.0,1.0,-1.0,-1.0,1.0,1.0,-1.0,-1.0,-1.0,-1.0,1.0,1.0,1.0,-1.0,-1.0,1.0,-1.0,0.06270590322159537,0,model_only,
-1.0,-1.0,-1.0,-1.0,-1.0,-1.0,-1.0,-1.0,0.0,-1.0,-1.0,-1.0,1.0,-1.0,0.0,-1.0,-1.0,-1.0,0.0,-1.0,-1.0,-1.0,-1.0,-1.0,-1.0,-1.0,-1.0,1.0,0.0,-1.0,8.294108202046763e-13,0,model_only,
-1.0,-1.0,-1.0,-1.0,-1.0,0.0,-1.0,1.0,0.0,-1.0,-1.0,-1.0,1.0,0.0,-1.0,-1.0,-1.0,-1.0,0.0,-1.0,-1.0,-1.0,-1.0,1.0,1.0,1.0,-1.0,-1.0,1.0,-1.0,0.6706855891440787,1,model_only,
-1.0,-1.0,-1.0,-1.0,-1.0,-1.0,-1.0,-1.0,1.0,-1.0,-1.0,-1.0,-1.0,-1.0,-1.0,-1.0,-1.0,-1.0,0.0,-1.0,-1.0,-1.0,-1.0,-1.0,1.0,-1.0,-1.0,1.0,0.0,-1.0,3.707600416841292e-15,0,model_only,
1.0,-1.0,1.0,-1.0,1.0,0.0,-1.0,1.0,1.0,-1.0,-1.0,1.0,1.0,0.0,1.0,-1.0,-1.0,1.0,1.0,-1.0,-1.0,-1.0,-1.0,1.0,1.0,1.0,1.0,-1.0,1.0,-1.0,0.8614956988336874,1,model_only,
-1.0,-1.0,-1.0,-1.0,-1.0,0.0,-1.0,-1.0,0.0,-1.0,-1.0,-1.0,-1.0,0.0,-1.0,-1.0,-1.0,-1.0,0.0,-1.0,-1.0,-1.0,-1.0,-1.0,1.0,1.0,-1.0,1.0,0.0,-1.0,1.3087170870270844e-08,0,model_only,
-1.0,-1.0,-1.0,-1.0,-1.0,-1.0,0.0,-1.0,0.0,-1.0,-1.0,-1.0,1.0,-1.0,0.0,-1.0,-1.0,-1.0,0.0,-1.0,-1.0,-1.0,-1.0,-1.0,1.0,1.0,-1.0,1.0,0.0,-1.0,7.109039747725359e-12,0,model_only,
-1.0,-1.0,-1.0,-1.0,-1.0,0.0,0.0,-1.0,1.0,-1.0,-1.0,-1.0,1.0,-1.0,-1.0,-1.0,-1.0,-1.0,0.0,-1.0,-1.0,-1.0,-1.0,-1.0,1.0,0.0,-1.0,-1.0,0.0,-1.0,1.7914871080758308e-12,0,model_only,
-1.0,-1.0,-1.0,-1.0,-1.0,-1.0,-1.0,1.0,0.0,-1.0,-1.0,-1.0,1.0,1.0,1.0,-1.0,-1.0,-1.0,0.0,-1.0,-1.0,-1.0,-1.0,1.0,-1.0,1.0,1.0,-1.0,0.0,-1.0,0.7991960528901582,1,model_only,
-1.0,-1.0,-1.0,-1.0,-1.0,-1.0,-1.0,1.0,1.0,-1.0,-1.0,-1.0,-1.0,0.0,-1.0,-1.0,-1.0,-1.0,0.0,-1.0,-1.0,-1.0,-1.0,-1.0,1.0,1.0,-1.0,-1.0,1.0,-1.0,0.0006794480997132217,0,model_only,
-1.0,1.0,-1.0,-1.0,-1.0,-1.0,-1.0,-1.0,0.0,-1.0,-1.0,-1.0,-1.0,-1.0,0.0,1.0,-1.0,-1.0,0.0,-1.0,-1.0,-1.0,-1.0,-1.0,1.0,-1.0,-1.0,-1.0,0.0,-1.0,2.3232438141273283e-14,0,model_only,
-1.0,-1.0,-1.0,-1.0,-1.0,0.0,1.0,1.0,0.0,-1.0,-1.0,-1.0,-1.0,0.0,1.0,-1.0,-1.0,-1.0,0.0,-1.0,-1.0,-1.0,-1.0,1.0,-1.0,1.0,1.0,-1.0,0.0,-1.0,0.6602573749582351,1,model_only,
-1.0,-1.0,-1.0,-1.0,-1.0,-1.0,0.0,0.0,0.0,-1.0,-1.0,-1.0,1.0,-1.0,-1.0,-1.0,-1.0,-1.0,0.0,-1.0,-1.0,-1.0,-1.0,1.0,1.0,-1.0,-1.0,-1.0,1.0,-1.0,8.567089316163553e-10,0,model_only,
-1.0,-1.0,-1.0,-1.0,-1.0,0.0,1.0,-1.0,0.0,1.0,1.0,-1.0,1.0,1.0,1.0,-1.0,1.0,-1.0,0.0,-1.0,-1.0,1.0,-1.0,1.0,1.0,1.0,-1.0,-1.0,1.0,1.0,0.25258880367461817,0,model_only,
-1.0,-1.0,-1.0,-1.0,-1.0,0.0,0.0,0.0,1.0,-1.0,-1.0,-1.0,-1.0,0.0,0.0,-1.0,-1.0,-1.0,0.0,-1.0,-1.0,-1.0,-1.0,1.0,1.0,-1.0,0.0,1.0,0.0,-1.0,0.018014582798007394,0,model_only,
1.0,1.0,1.0,-1.0,1.0,0.0,0.0,0.0,-1.0,-1.0,-1.0,1.0,1.0,-1.0,0.0,1.0,-1.0,1.0,1.0,-1.0,-1.0,-1.0,-1.0,1.0,1.0,1.0,0.0,-1.0,1.0,-1.0,0.1912518127888745,0,model_only,
-1.0,1.0,-1.0,-1.0,-1.0,-1.0,0.0,0.0,-1.0,1.0,1.0,-1.0,1.0,-1.0,0.0,1.0,1.0,-1.0,0.0,-1.0,-1.0,1.0,-1.0,1.0,-1.0,0.0,-1.0,-1.0,0.0,1.0,6.851006169841168e-07,0,model_only,
-1.0,-1.0,-1.0,-1.0,-1.0,-1.0,-1.0,-1.0,1.0,-1.0,-1.0,-1.0,-1.0,0.0,-1.0,-1.0,-1.0,-1.0,0.0,-1.0,-1.0,-1.0,-1.0,0.0,1.0,1.0,-1.0,-1.0,1.0,-1.0,1.4585462525620727e-11,0,model_only,
-1.0,-1.0,-1.0,1.0,-1.0,0.0,-1.0,-1.0,1.0,-1.0,-1.0,-1.0,-1.0,-1.0,0.0,-1.0,-1.0,-1.0,0.0,-1.0,-1.0,-1.0,-1.0,-1.0,-1.0,-1.0,-1.0,-1.0,0.0,-1.0,1.0604076753761036e-12,0,model_only,
-1.0,-1.0,-1.0,-1.0,-1.0,0.0,1.0,1.0,1.0,-1.0,-1.0,-1.0,-1.0,0.0,0.0,-1.0,-1.0,-1.0,0.0,-1.0,-1.0,-1.0,-1.0,0.0,-1.0,1.0,1.0,-1.0,0.0,-1.0,0.6626668042642873,1,model_only,
-1.0,-1.0,-1.0,-1.0,-1.0,0.0,-1.0,-1.0,1.0,-1.0,-1.0,-1.0,-1.0,0.0,-1.0,-1.0,-1.0,-1.0,0.0,-1.0,-1.0,-1.0,-1.0,-1.0,-1.0,1.0,-1.0,-1.0,0.0,-1.0,1.4935377174815665e-09,0,model_only,
-1.0,1.0,-1.0,-1.0,-1.0,0.0,0.0,1.0,-1.0,1.0,1.0,-1.0,1.0,0.0,0.0,1.0,1.0,-1.0,0.0,-1.0,-1.0,1.0,-1.0,-1.0,-1.0,1.0,0.0,-1.0,0.0,1.0,0.9999991502429356,1,model_only,
-1.0,-1.0,-1.0,-1.0,-1.0,-1.0,-1.0,-1.0,1.0,-1.0,-1.0,-1.0,-1.0,-1.0,0.0,-1.0,-1.0,-1.0,0.0,-1.0,-1.0,-1.0,-1.0,-1.0,1.0,0.0,-1.0,-1.0,1.0,-1.0,1.6118102075501634e-13,0,model_only,
-1.0,-1.0,-1.0,-1.0,-1.0,-1.0,-1.0,-1.0,0.0,-1.0,-1.0,-1.0,1.0,-1.0,0.0,-1.0,-1.0,-1.0,0.0,-1.0,-1.0,-1.0,-1.0,1.0,1.0,-1.0,-1.0,-1.0,0.0,-1.0,4.538421680052481e-12,0,model_only,
-1.0,1.0,-1.0,-1.0,-1.0,-1.0,-1.0,-1.0,-1.0,1.0,1.0,-1.0,1.0,-1.0,0.0,1.0,1.0,-1.0,0.0,-1.0,-1.0,1.0,-1.0,-1.0,1.0,1.0,-1.0,-1.0,1.0,1.0,5.291136534083064e-06,0,model_only,
-1.0,1.0,-1.0,-1.0,-1.0,0.0,0.0,0.0,0.0,1.0,1.0,-1.0,-1.0,-1.0,0.0,1.0,1.0,-1.0,0.0,-1.0,-1.0,1.0,-1.0,1.0,1.0,-1.0,-1.0,-1.0,0.0,1.0,3.1182634328414687e-07,0,model_only,
-1.0,-1.0,-1.0,-1.0,-1.0,-1.0,0.0,-1.0,-1.0,-1.0,-1.0,-1.0,1.0,-1.0,0.0,-1.0,-1.0,-1.0,0.0,-1.0,-1.0,1.0,-1.0,-1.0,1.0,-1.0,-1.0,-1.0,0.0,-1.0,1.5430279625470663e-11,0,model_only,
-1.0,-1.0,-1.0,-1.0,-1.0,1.0,1.0,1.0,1.0,-1.0,-1.0,-1.0,-1.0,1.0,-1.0,-1.0,-1.0,-1.0,0.0,-1.0,-1.0,1.0,-1.0,1.0,-1.0,1.0,-1.0,-1.0,0.0,-1.0,0.666743616680549,1,model_only,
-1.0,-1.0,-1.0,-1.0,-1.0,0.0,-1.0,-1.0,1.0,-1.0,-1.0,-1.0,-1.0,-1.0,0.0,-1.0,-1.0,-1.0,0.0,-1.0,-1.0,-1.0,-1.0,-1.0,1.0,-1.0,-1.0,-1.0,1.0,-1.0,5.492355915019414e-12,0,model_only,
-1.0,-1.0,-1.0,-1.0,-1.0,0.0,-1.0,1.0,1.0,-1.0,-1.0,-1.0,-1.0,0.0,0.0,-1.0,-1.0,-1.0,0.0,-1.0,-1.0,-1.0,-1.0,-1.0,1.0,1.0,-1.0,-1.0,1.0,-1.0,0.6662280866567436,1,model_only,
1.0,-1.0,1.0,-1.0,1.0,0.0,1.0,1.0,1.0,-1.0,-1.0,1.0,-1.0,0.0,0.0,-1.0,-1.0,1.0,1.0,-1.0,-1.0,-1.0,-1.0,0.0,1.0,1.0,-1.0,-1.0,1.0,-1.0,0.0013618305040469078,0,model_only,
-1.0,-1.0,-1.0,-1.0,-1.0,0.0,-1.0,1.0,1.0,-1.0,-1.0,-1.0,-1.0,0.0,0.0,-1.0,-1.0,-1.0,0.0,-1.0,-1.0,-1.0,-1.0,1.0,-1.0,1.0,0.0,-1.0,0.0,-1.0,0.6653939721515844,1,model_only,
-1.0,-1.0,-1.0,-1.0,-1.0,-1.0,-1.0,-1.0,0.0,1.0,1.0,-1.0,-1.0,-1.0,0.0,-1.0,1.0,-1.0,0.0,-1.0,-1.0,1.0,-1.0,-1.0,1.0,-1.0,-1.0,1.0,0.0,1.0,1.8252079192433872e-10,0,model_only,
-1.0,-1.0,-1.0,-1.0,-1.0,1.0,-1.0,1.0,0.0,1.0,1.0,-1.0,-1.0,1.0,0.0,-1.0,1.0,-1.0,0.0,-1.0,-1.0,-1.0,-1.0,1.0,-1.0,1.0,-1.0,-1.0,0.0,1.0,0.9998367324186375,1,model_only,
-1.0,1.0,-1.0,-1.0,-1.0,0.0,-1.0,1.0,-1.0,1.0,1.0,-1.0,1.0,0.0,-1.0,1.0,1.0,-1.0,0.0,-1.0,-1.0,1.0,-1.0,-1.0,1.0,1.0,-1.0,-1.0,1.0,1.0,0.9992254840401212,1,model_only,
-1.0,-1.0,-1.0,-1.0,-1.0,1.0,-1.0,1.0,0.0,1.0,1.0,-1.0,-1.0,1.0,-1.0,-1.0,1.0,-1.0,0.0,-1.0,-1.0,1.0,-1.0,1.0,-1.0,1.0,-1.0,-1.0,0.0,1.0,0.9997641589187505,1,model_only,
-1.0,-1.0,-1.0,-1.0,-1.0,1.0,1.0,1.0,-1.0,-1.0,-1.0,-1.0,1.0,0.0,1.0,-1.0,-1.0,-1.0,0.0,-1.0,-1.0,-1.0,-1.0,1.0,1.0,-1.0,-1.0,-1.0,1.0,-1.0,0.9999792243411373,1,model_only,
-1.0,-1.0,-1.0,-1.0,-1.0,-1.0,-1.0,-1.0,-1.0,1.0,1.0,-1.0,1.0,0.0,-1.0,-1.0,1.0,-1.0,0.0,-1.0,-1.0,1.0,-1.0,-1.0,1.0,0.0,-1.0,1.0,0.0,1.0,4.597392686017079e-06,0,model_only,
-1.0,-1.0,-1.0,-1.0,-1.0,1.0,0.0,1.0,-1.0,-1.0,-1.0,-1.0,1.0,0.0,0.0,-1.0,-1.0,-1.0,0.0,-1.0,-1.0,1.0,-1.0,-1.0,1.0,1.0,-1.0,-1.0,1.0,-1.0,0.9998252354457376,1,model_only,
-1.0,-1.0,-1.0,-1.0,-1.0,1.0,-1.0,1.0,0.0,1.0,1.0,-1.0,1.0,1.0,-1.0,-1.0,1.0,-1.0,0.0,-1.0,-1.0,1.0,-1.0,1.0,1.0,1.0,-1.0,-1.0,1.0,1.0,0.9995652629486799,1,model_only,
-1.0,-1.0,-1.0,-1.0,-1.0,-1.0,0.0,0.0,1.0,-1.0,-1.0,-1.0,-1.0,-1.0,0.0,-1.0,-1.0,-1.0,0.0,-1.0,-1.0,-1.0,-1.0,1.0,-1.0,-1.0,-1.0,1.0,0.0,-1.0,4.889502576646323e-11,0,model_only,
-1.0,-1.0,-1.0,-1.0,-1.0,-1.0,-1.0,-1.0,-1.0,1.0,1.0,-1.0,1.0,-1.0,-1.0,-1.0,1.0,-1.0,0.0,-1.0,-1.0,-1.0,-1.0,-1.0,1.0,1.0,-1.0,1.0,1.0,1.0,1.4798433449600766e-06,0,model_only,
-1.0,-1.0,-1.0,-1.0,-1.0,-1.0,1.0,1.0,0.0,1.0,1.0,-1.0,1.0,0.0,-1.0,-1.0,1.0,-1.0,0.0,-1.0,-1.0,-1.0,-1.0,1.0,-1.0,1.0,-1.0,-1.0,0.0,1.0,0.6167814498735197,1,model_only,
-1.0,1.0,-1.0,-1.0,-1.0,-1.0,1.0,1.0,-1.0,1.0,1.0,-1.0,1.0,1.0,0.0,1.0,1.0,-1.0,0.0,-1.0,-1.0,1.0,-1.0,0.0,1.0,1.0,1.0,1.0,1.0,1.0,0.999999684372742,1,model_only,
-1.0,1.0,-1.0,-1.0,-1.0,0.0,1.0,1.0,-1.0,-1.0,-1.0,-1.0,1.0,1.0,0.0,1.0,-1.0,-1.0,0.0,-1.0,-1.0,-1.0,-1.0,1.0,-1.0,1.0,0.0,-1.0,0.0,-1.0,0.9999975979630936,1,model_only,
-1.0,-1.0,-1.0,-1.0,-1.0,0.0,-1.0,1.0,1.0,-1.0,-1.0,-1.0,-1.0,0.0,0.0,-1.0,-1.0,-1.0,0.0,-1.0,-1.0,-1.0,-1.0,1.0,-1.0,1.0,-1.0,-1.0,0.0,-1.0,0.6560234866087122,1,model_only,
-1.0,1.0,-1.0,-1.0,-1.0,1.0,-1.0,1.0,-1.0,-1.0,-1.0,-1.0,1.0,1.0,0.0,1.0,-1.0,-1.0,0.0,-1.0,-1.0,-1.0,-1.0,-1.0,-1.0,1.0,-1.0,-1.0,0.0,-1.0,0.9999999878454767,1,model_only,
-1.0,-1.0,-1.0,-1.0,-1.0,-1.0,0.0,0.0,0.0,1.0,1.0,-1.0,-1.0,-1.0,0.0,-1.0,1.0,-1.0,0.0,-1.0,-1.0,1.0,-1.0,1.0,-1.0,0.0,-1.0,1.0,0.0,1.0,1.9129157458381654e-07,0,model_only,
-1.0,-1.0,-1.0,-1.0,-1.0,0.0,1.0,1.0,1.0,-1.0,-1.0,-1.0,-1.0,0.0,-1.0,-1.0,-1.0,-1.0,0.0,-1.0,-1.0,-1.0,-1.0,1.0,-1.0,1.0,-1.0,-1.0,0.0,-1.0,0.048582747843994155,0,model_only,
-1.0,1.0,-1.0,-1.0,-1.0,0.0,-1.0,1.0,-1.0,1.0,1.0,-1.0,1.0,0.0,0.0,1.0,1.0,-1.0,0.0,-1.0,-1.0,-1.0,-1.0,-1.0,-1.0,1.0,1.0,-1.0,0.0,1.0,0.9999871744832814,1,model_only,
-1.0,-1.0,-1.0,-1.0,-1.0,0.0,-1.0,1.0,-1.0,-1.0,-1.0,-1.0,1.0,0.0,1.0,-1.0,-1.0,-1.0,0.0,-1.0,-1.0,-1.0,-1.0,1.0,-1.0,1.0,-1.0,-1.0,0.0,-1.0,0.9897328000407796,1,model_only,
-1.0,-1.0,-1.0,-1.0,-1.0,-1.0,0.0,0.0,1.0,1.0,1.0,-1.0,-1.0,-1.0,1.0,-1.0,1.0,-1.0,0.0,-1.0,-1.0,1.0,-1.0,0.0,-1.0,-1.0,-1.0,1.0,0.0,1.0,1.8879514589558875e-08,0,model_only,
1.0,-1.0,1.0,-1.0,1.0,0.0,-1.0,1.0,1.0,-1.0,-1.0,1.0,-1.0,0.0,-1.0,-1.0,-1.0,1.0,1.0,-1.0,-1.0,-1.0,-1.0,1.0,1.0,1.0,1.0,-1.0,1.0,-1.0,0.2964612172515327,0,model_only,
-1.0,-1.0,-1.0,-1.0,-1.0,-1.0,0.0,0.0,1.0,1.0,1.0,-1.0,-1.0,-1.0,1.0,-1.0,1.0,-1.0,0.0,-1.0,-1.0,1.0,-1.0,1.0,1.0,-1.0,-1.0,1.0,0.0,1.0,6.277143202071323e-08,0,model_only,
-1.0,-1.0,-1.0,-1.0,-1.0,-1.0,-1.0,-1.0,1.0,-1.0,-1.0,-1.0,-1.0,0.0,-1.0,-1.0,-1.0,-1.0,0.0,-1.0,-1.0,-1.0,-1.0,-1.0,1.0,0.0,-1.0,1.0,0.0,-1.0,3.333061167864713e-12,0,model_only,
-1.0,-1.0,-1.0,-1.0,-1.0,-1.0,-1.0,-1.0,1.0,-1.0,-1.0,-1.0,1.0,0.0,0.0,-1.0,-1.0,-1.0,0.0,-1.0,-1.0,-1.0,-1.0,-1.0,1.0,1.0,-1.0,1.0,1.0,-1.0,1.8103050771726886e-07,0,model_only,
-1.0,-1.0,-1.0,-1.0,-1.0,-1.0,-1.0,1.0,-1.0,-1.0,-1.0,-1.0,1.0,0.0,0.0,-1.0,-1.0,-1.0,0.0,-1.0,-1.0,-1.0,-1.0,-1.0,-1.0,0.0,-1.0,-1.0,0.0,-1.0,0.613923403014118,1,model_only,
-1.0,-1.0,-1.0,-1.0,-1.0,-1.0,-1.0,-1.0,0.0,-1.0,-1.0,-1.0,-1.0,0.0,-1.0,-1.0,-1.0,-1.0,0.0,-1.0,-1.0,-1.0,-1.0,-1.0,-1.0,1.0,-1.0,1.0,0.0,-1.0,1.7516933764691022e-10,0,model_only,
-1.0,1.0,-1.0,1.0,-1.0,-1.0,-1.0,-1.0,0.0,-1.0,-1.0,-1.0,1.0,-1.0,0.0,1.0,-1.0,-1.0,0.0,-1.0,-1.0,-1.0,-1.0,-1.0,-1.0,-1.0,-1.0,1.0,0.0,-1.0,1.0592195554195634e-11,0,model_only,
-1.0,-1.0,-1.0,-1.0,-1.0,0.0,-1.0,-1.0,0.0,1.0,1.0,-1.0,-1.0,-1.0,0.0,-1.0,1.0,-1.0,0.0,-1.0,-1.0,1.0,-1.0,-1.0,1.0,0.0,0.0,1.0,1.0,1.0,5.950283885604761e-07,0,model_only,
1.0,-1.0,1.0,-1.0,1.0,0.0,-1.0,-1.0,0.0,1.0,1.0,1.0,-1.0,-1.0,1.0,-1.0,1.0,1.0,1.0,-1.0,-1.0,1.0,-1.0,-1.0,1.0,0.0,-1.0,1.0,1.0,1.0,1.136069309779365e-05,0,model_only,
-1.0,-1.0,-1.0,1.0,-1.0,1.0,-1.0,1.0,0.0,-1.0,-1.0,-1.0,1.0,1.0,1.0,-1.0,-1.0,-1.0,0.0,-1.0,-1.0,-1.0,-1.0,1.0,-1.0,1.0,-1.0,-1.0,0.0,-1.0,0.9999979094852752,1,model_only,
-1.0,-1.0,-1.0,-1.0,-1.0,0.0,-1.0,1.0,1.0,1.0,1.0,-1.0,-1.0,0.0,0.0,-1.0,1.0,-1.0,0.0,-1.0,-1.0,1.0,-1.0,1.0,1.0,1.0,1.0,-1.0,1.0,1.0,0.8965436227155861,1,model_only,
-1.0,-1.0,-1.0,-1.0,-1.0,-1.0,1.0,1.0,-1.0,-1.0,-1.0,-1.0,1.0,0.0,-1.0,-1.0,-1.0,-1.0,0.0,-1.0,-1.0,-1.0,-1.0,1.0,-1.0,0.0,-1.0,-1.0,0.0,-1.0,0.10478051266855788,0,model_only,
-1.0,-1.0,-1.0,-1.0,-1.0,-1.0,0.0,0.0,1.0,-1.0,-1.0,-1.0,-1.0,-1.0,0.0,-1.0,-1.0,-1.0,0.0,-1.0,-1.0,-1.0,-1.0,1.0,1.0,-1.0,-1.0,-1.0,0.0,-1.0,9.760746500087962e-13,0,model_only,
-1.0,-1.0,-1.0,-1.0,-1.0,-1.0,1.0,1.0,0.0,-1.0,-1.0,-1.0,1.0,1.0,-1.0,-1.0,-1.0,-1.0,0.0,-1.0,-1.0,-1.0,-1.0,1.0,1.0,1.0,1.0,1.0,1.0,-1.0,0.666010207034561,1,model_only,
1.0,1.0,1.0,-1.0,1.0,1.0,0.0,-1.0,-1.0,1.0,1.0,1.0,1.0,1.0,1.0,1.0,1.0,1.0,1.0,-1.0,1.0,1.0,1.0,-1.0,1.0,0.0,-1.0,-1.0,1.0,1.0,0.9963589778712655,1,model_only,
-1.0,-1.0,-1.0,-1.0,-1.0,0.0,0.0,0.0,1.0,-1.0,-1.0,-1.0,1.0,-1.0,0.0,-1.0,-1.0,-1.0,0.0,-1.0,-1.0,-1.0,-1.0,1.0,-1.0,-1.0,-1.0,-1.0,0.0,-1.0,2.267271958194683e-09,0,model_only,
-1.0,-1.0,-1.0,-1.0,-1.0,-1.0,-1.0,1.0,-1.0,-1.0,-1.0,-1.0,1.0,0.0,-1.0,-1.0,-1.0,-1.0,0.0,-1.0,-1.0,-1.0,-1.0,-1.0,-1.0,0.0,-1.0,1.0,0.0,-1.0,0.12389600637385889,0,model_only,
-1.0,-1.0,-1.0,-1.0,-1.0,0.0,1.0,1.0,0.0,-1.0,-1.0,-1.0,-1.0,1.0,0.0,-1.0,-1.0,-1.0,0.0,-1.0,-1.0,-1.0,-1.0,1.0,1.0,-1.0,-1.0,-1.0,1.0,-1.0,0.7252272636225273,1,model_only,
-1.0,-1.0,-1.0,-1.0,-1.0,0.0,1.0,1.0,0.0,-1.0,-1.0,-1.0,1.0,0.0,0.0,-1.0,-1.0,-1.0,0.0,-1.0,-1.0,-1.0,-1.0,-1.0,1.0,0.0,-1.0,1.0,1.0,-1.0,0.8951433226954503,1,model_only,
1.0,-1.0,1.0,-1.0,1.0,-1.0,0.0,-1.0,0.0,1.0,1.0,1.0,-1.0,-1.0,1.0,-1.0,1.0,1.0,1.0,-1.0,-1.0,1.0,1.0,-1.0,1.0,1.0,-1.0,-1.0,1.0,1.0,3.5057592934734575e-05,0,model_only,
-1.0,-1.0,-1.0,-1.0,-1.0,-1.0,-1.0,-1.0,0.0,-1.0,-1.0,-1.0,1.0,-1.0,0.0,-1.0,-1.0,-1.0,0.0,-1.0,-1.0,-1.0,-1.0,-1.0,-1.0,0.0,-1.0,-1.0,0.0,-1.0,3.95748856659152e-13,0,model_only,
-1.0,-1.0,-1.0,-1.0,-1.0,0.0,0.0,1.0,0.0,-1.0,-1.0,-1.0,1.0,0.0,1.0,-1.0,-1.0,-1.0,0.0,-1.0,-1.0,-1.0,-1.0,-1.0,-1.0,1.0,1.0,-1.0,0.0,-1.0,0.9902362003385368,1,model_only,
-1.0,-1.0,-1.0,-1.0,-1.0,-1.0,-1.0,-1.0,0.0,1.0,1.0,-1.0,1.0,-1.0,0.0,-1.0,1.0,-1.0,0.0,1.0,-1.0,1.0,-1.0,-1.0,1.0,0.0,-1.0,-1.0,0.0,1.0,9.337201119170875e-07,0,model_only,
-1.0,-1.0,-1.0,-1.0,-1.0,0.0,1.0,-1.0,1.0,-1.0,-1.0,-1.0,-1.0,-1.0,-1.0,-1.0,-1.0,-1.0,0.0,-1.0,-1.0,-1.0,-1.0,-1.0,1.0,-1.0,0.0,-1.0,0.0,-1.0,2.3330541450575444e-14,0,model_only,
1.0,1.0,1.0,-1.0,1.0,0.0,0.0,1.0,0.0,1.0,1.0,1.0,-1.0,0.0,1.0,1.0,1.0,1.0,1.0,1.0,-1.0,1.0,-1.0,-1.0,1.0,-1.0,1.0,-1.0,1.0,1.0,0.9984072078200342,1,model_only,
-1.0,-1.0,-1.0,-1.0,-1.0,-1.0,1.0,1.0,1.0,-1.0,-1.0,-1.0,-1.0,0.0,1.0,-1.0,-1.0,-1.0,0.0,-1.0,-1.0,-1.0,-1.0,0.0,-1.0,1.0,-1.0,-1.0,0.0,-1.0,2.914057095829187e-06,0,model_only,
-1.0,-1.0,-1.0,-1.0,-1.0,-1.0,1.0,1.0,1.0,-1.0,-1.0,-1.0,-1.0,-1.0,0.0,-1.0,-1.0,-1.0,0.0,-1.0,-1.0,-1.0,-1.0,1.0,1.0,-1.0,-1.0,-1.0,0.0,-1.0,8.225478148215959e-10,0,model_only,
-1.0,1.0,-1.0,-1.0,-1.0,1.0,-1.0,1.0,-1.0,-1.0,-1.0,-1.0,1.0,0.0,0.0,1.0,-1.0,-1.0,0.0,-1.0,-1.0,-1.0,-1.0,-1.0,1.0,1.0,-1.0,-1.0,1.0,-1.0,0.9999990148855732,1,model_only,
-1.0,-1.0,-1.0,-1.0,-1.0,-1.0,-1.0,-1.0,1.0,-1.0,-1.0,-1.0,-1.0,0.0,0.0,-1.0,-1.0,-1.0,0.0,-1.0,-1.0,-1.0,-1.0,0.0,1.0,1.0,-1.0,-1.0,1.0,-1.0,1.7086858046956862e-10,0,model_only,
-1.0,-1.0,-1.0,-1.0,-1.0,1.0,1.0,1.0,0.0,-1.0,-1.0,-1.0,1.0,0.0,1.0,-1.0,-1.0,-1.0,0.0,-1.0,-1.0,-1.0,-1.0,1.0,-1.0,1.0,-1.0,-1.0,0.0,-1.0,0.9016532829134697,1,model_only,
-1.0,-1.0,-1.0,-1.0,-1.0,-1.0,-1.0,1.0,1.0,-1.0,-1.0,-1.0,-1.0,0.0,-1.0,-1.0,-1.0,-1.0,0.0,-1.0,-1.0,-1.0,-1.0,-1.0,-1.0,0.0,-1.0,-1.0,0.0,-1.0,0.00033774777612074753,0,model_only,
-1.0,-1.0,-1.0,-1.0,-1.0,-1.0,-1.0,-1.0,1.0,-1.0,-1.0,-1.0,-1.0,-1.0,0.0,-1.0,-1.0,-1.0,0.0,-1.0,-1.0,-1.0,-1.0,-1.0,-1.0,0.0,-1.0,-1.0,0.0,-1.0,7.53434490646052e-15,0,model_only,
-1.0,-1.0,-1.0,-1.0,-1.0,-1.0,0.0,0.0,1.0,1.0,1.0,-1.0,-1.0,-1.0,-1.0,-1.0,1.0,-1.0,0.0,1.0,-1.0,1.0,-1.0,1.0,1.0,1.0,-1.0,-1.0,1.0,1.0,1.54786740833489e-06,0,model_only,
-1.0,-1.0,-1.0,-1.0,-1.0,0.0,1.0,1.0,0.0,-1.0,-1.0,-1.0,1.0,0.0,0.0,-1.0,-1.0,-1.0,0.0,-1.0,-1.0,-1.0,-1.0,1.0,1.0,0.0,-1.0,-1.0,0.0,-1.0,0.590497899550691,1,model_only,
1.0,-1.0,1.0,-1.0,1.0,-1.0,0.0,-1.0,0.0,1.0,1.0,1.0,-1.0,-1.0,1.0,-1.0,1.0,1.0,1.0,1.0,-1.0,1.0,-1.0,-1.0,1.0,0.0,-1.0,-1.0,1.0,1.0,7.440396465034214e-07,0,model_only,
-1.0,-1.0,-1.0,-1.0,-1.0,0.0,-1.0,1.0,0.0,1.0,1.0,-1.0,1.0,0.0,-1.0,-1.0,1.0,-1.0,0.0,1.0,-1.0,1.0,-1.0,-1.0,1.0,1.0,1.0,-1.0,1.0,1.0,0.9998218954208179,1,model_only,
1.0,-1.0,1.0,-1.0,1.0,0.0,0.0,1.0,-1.0,-1.0,-1.0,1.0,1.0,0.0,0.0,-1.0,-1.0,1.0,1.0,-1.0,-1.0,-1.0,-1.0,0.0,1.0,1.0,-1.0,-1.0,1.0,-1.0,0.9917899385073107,1,model_only,
-1.0,-1.0,-1.0,-1.0,-1.0,0.0,1.0,1.0,-1.0,1.0,1.0,-1.0,1.0,1.0,-1.0,-1.0,1.0,-1.0,0.0,1.0,-1.0,1.0,-1.0,1.0,-1.0,1.0,-1.0,-1.0,0.0,1.0,0.9999791829262157,1,model_only,
-1.0,-1.0,-1.0,-1.0,-1.0,0.0,-1.0,-1.0,0.0,-1.0,-1.0,-1.0,-1.0,0.0,-1.0,-1.0,-1.0,-1.0,0.0,-1.0,-1.0,-1.0,-1.0,1.0,1.0,-1.0,1.0,-1.0,0.0,-1.0,3.255453735870745e-08,0,model_only,
-1.0,-1.0,-1.0,-1.0,-1.0,0.0,-1.0,1.0,1.0,-1.0,-1.0,-1.0,1.0,0.0,0.0,-1.0,-1.0,-1.0,0.0,-1.0,-1.0,-1.0,-1.0,1.0,1.0,-1.0,0.0,-1.0,1.0,-1.0,0.8870492076241053,1,model_only,
-1.0,-1.0,-1.0,-1.0,-1.0,-1.0,-1.0,1.0,0.0,-1.0,-1.0,-1.0,-1.0,0.0,-1.0,-1.0,-1.0,-1.0,0.0,-1.0,-1.0,-1.0,-1.0,-1.0,1.0,1.0,-1.0,-1.0,0.0,-1.0,0.00016385965954623341,0,model_only,
-1.0,-1.0,-1.0,-1.0,-1.0,0.0,-1.0,1.0,-1.0,1.0,1.0,-1.0,1.0,1.0,-1.0,-1.0,1.0,-1.0,0.0,1.0,-1.0,1.0,1.0,-1.0,-1.0,1.0,1.0,-1.0,0.0,1.0,0.9999899898643325,1,model_only,
-1.0,-1.0,-1.0,-1.0,-1.0,-1.0,0.0,1.0,1.0,-1.0,-1.0,-1.0,-1.0,-1.0,-1.0,-1.0,-1.0,-1.0,0.0,-1.0,-1.0,-1.0,-1.0,-1.0,1.0,0.0,-1.0,-1.0,0.0,-1.0,8.502312174826018e-12,0,model_only,
-1.0,-1.0,-1.0,-1.0,-1.0,0.0,1.0,1.0,1.0,1.0,1.0,-1.0,-1.0,1.0,-1.0,-1.0,1.0,-1.0,0.0,1.0,-1.0,1.0,1.0,1.0,-1.0,1.0,-1.0,-1.0,0.0,1.0,0.9998996354180285,1,model_only,
-1.0,-1.0,-1.0,1.0,-1.0,1.0,1.0,1.0,0.0,-1.0,-1.0,-1.0,1.0,1.0,1.0,-1.0,-1.0,-1.0,0.0,-1.0,-1.0,-1.0,-1.0,1.0,-1.0,1.0,-1.0,-1.0,0.0,-1.0,0.9999900552081092,1,model_only,
-1.0,-1.0,-1.0,-1.0,-1.0,0.0,0.0,1.0,-1.0,-1.0,-1.0,-1.0,1.0,0.0,-1.0,-1.0,-1.0,-1.0,0.0,-1.0,-1.0,-1.0,-1.0,-1.0,-1.0,1.0,-1.0,-1.0,0.0,-1.0,0.6940449843037677,1,model_only,
-1.0,1.0,-1.0,-1.0,-1.0,-1.0,1.0,1.0,-1.0,-1.0,-1.0,-1.0,1.0,1.0,-1.0,1.0,-1.0,-1.0,0.0,-1.0,-1.0,-1.0,-1.0,0.0,-1.0,1.0,1.0,1.0,0.0,-1.0,0.9999984994245613,1,model_only,
-1.0,-1.0,-1.0,-1.0,-1.0,-1.0,-1.0,-1.0,0.0,1.0,1.0,-1.0,1.0,-1.0,0.0,-1.0,1.0,-1.0,0.0,1.0,-1.0,1.0,1.0,-1.0,1.0,0.0,-1.0,-1.0,1.0,1.0,0.0012885740260695985,0,model_only,
-1.0,1.0,-1.0,-1.0,-1.0,-1.0,0.0,1.0,0.0,-1.0,-1.0,-1.0,1.0,1.0,1.0,1.0,-1.0,-1.0,0.0,-1.0,-1.0,-1.0,-1.0,-1.0,-1.0,1.0,1.0,1.0,0.0,-1.0,0.9999999948503068,1,model_only,
-1.0,1.0,-1.0,-1.0,-1.0,1.0,-1.0,1.0,-1.0,1.0,1.0,-1.0,1.0,0.0,-1.0,1.0,1.0,-1.0,0.0,1.0,1.0,1.0,1.0,1.0,1.0,1.0,-1.0,-1.0,1.0,1.0,0.9999825957577834,1,model_only,
-1.0,1.0,-1.0,-1.0,-1.0,0.0,0.0,1.0,0.0,-1.0,-1.0,-1.0,1.0,0.0,-1.0,1.0,-1.0,-1.0,0.0,-1.0,-1.0,-1.0,-1.0,-1.0,-1.0,1.0,0.0,-1.0,0.0,-1.0,0.9987699185305594,1,model_only,
-1.0,-1.0,-1.0,-1.0,-1.0,-1.0,1.0,-1.0,0.0,-1.0,-1.0,-1.0,1.0,-1.0,-1.0,-1.0,-1.0,-1.0,0.0,-1.0,-1.0,-1.0,-1.0,1.0,1.0,0.0,-1.0,-1.0,0.0,-1.0,5.137930347008984e-13,0,model_only,
-1.0,-1.0,-1.0,-1.0,-1.0,0.0,1.0,-1.0,0.0,-1.0,-1.0,-1.0,-1.0,-1.0,0.0,-1.0,-1.0,-1.0,0.0,-1.0,-1.0,-1.0,-1.0,1.0,1.0,-1.0,0.0,-1.0,0.0,-1.0,3.41828613873454e-12,0,model_only,
-1.0,-1.0,-1.0,-1.0,-1.0,1.0,0.0,1.0,1.0,1.0,1.0,-1.0,-1.0,1.0,-1.0,-1.0,1.0,-1.0,0.0,1.0,1.0,1.0,1.0,-1.0,1.0,1.0,-1.0,-1.0,1.0,1.0,0.9999998455054695,1,model_only,
-1.0,-1.0,-1.0,-1.0,-1.0,0.0,-1.0,-1.0,0.0,-1.0,-1.0,-1.0,-1.0,0.0,0.0,-1.0,-1.0,-1.0,0.0,-1.0,-1.0,-1.0,-1.0,-1.0,1.0,-1.0,1.0,-1.0,1.0,-1.0,1.0481378411674613e-06,0,model_only,
-1.0,-1.0,-1.0,-1.0,-1.0,-1.0,1.0,1.0,1.0,-1.0,-1.0,-1.0,-1.0,-1.0,-1.0,-1.0,-1.0,-1.0,0.0,-1.0,-1.0,-1.0,-1.0,1.0,1.0,-1.0,-1.0,-1.0,0.0,-1.0,1.3311319108169024e-10,0,model_only,
-1.0,-1.0,-1.0,-1.0,-1.0,-1.0,-1.0,-1.0,1.0,-1.0,-1.0,-1.0,1.0,0.0,-1.0,-1.0,-1.0,-1.0,0.0,-1.0,-1.0,-1.0,-1.0,-1.0,-1.0,1.0,-1.0,-1.0,0.0,-1.0,1.9266732204138972e-10,0,model_only,
-1.0,-1.0,-1.0,-1.0,-1.0,0.0,1.0,1.0,0.0,-1.0,-1.0,-1.0,-1.0,0.0,0.0,-1.0,-1.0,-1.0,0.0,-1.0,-1.0,-1.0,-1.0,0.0,-1.0,1.0,1.0,-1.0,0.0,-1.0,0.6763949999885709,1,model_only,
-1.0,-1.0,-1.0,-1.0,-1.0,0.0,0.0,0.0,1.0,-1.0,-1.0,-1.0,-1.0,0.0,0.0,-1.0,-1.0,-1.0,0.0,-1.0,-1.0,-1.0,-1.0,1.0,-1.0,-1.0,1.0,-1.0,0.0,-1.0,0.1511784897201914,0,model_only,
-1.0,-1.0,-1.0,-1.0,-1.0,0.0,-1.0,1.0,1.0,-1.0,-1.0,-1.0,-1.0,0.0,-1.0,-1.0,-1.0,-1.0,0.0,-1.0,-1.0,-1.0,-1.0,-1.0,-1.0,1.0,-1.0,-1.0,0.0,-1.0,0.6408285095609124,1,model_only,
-1.0,-1.0,-1.0,-1.0,-1.0,-1.0,0.0,-1.0,0.0,-1.0,-1.0,-1.0,-1.0,-1.0,0.0,-1.0,-1.0,-1.0,0.0,-1.0,-1.0,-1.0,-1.0,-1.0,-1.0,1.0,-1.0,1.0,0.0,-1.0,1.052177367287059e-12,0,model_only,
-1.0,1.0,-1.0,-1.0,-1.0,-1.0,0.0,1.0,-1.0,-1.0,-1.0,-1.0,1.0,0.0,1.0,1.0,-1.0,-1.0,0.0,-1.0,-1.0,-1.0,-1.0,-1.0,-1.0,1.0,-1.0,-1.0,0.0,-1.0,0.9941518620851756,1,model_only,
-1.0,-1.0,-1.0,-1.0,-1.0,-1.0,0.0,0.0,1.0,-1.0,-1.0,-1.0,-1.0,1.0,-1.0,-1.0,-1.0,-1.0,0.0,-1.0,-1.0,-1.0,-1.0,1.0,1.0,-1.0,-1.0,1.0,1.0,-1.0,0.00016595317990099182,0,model_only,
-1.0,1.0,-1.0,-1.0,-1.0,0.0,-1.0,1.0,-1.0,-1.0,-1.0,-1.0,1.0,0.0,1.0,1.0,-1.0,-1.0,0.0,-1.0,-1.0,-1.0,-1.0,1.0,-1.0,1.0,-1.0,-1.0,0.0,-1.0,0.9999882986483173,1,model_only,
-1.0,-1.0,-1.0,-1.0,-1.0,0.0,1.0,1.0,0.0,-1.0,-1.0,-1.0,1.0,0.0,-1.0,-1.0,-1.0,-1.0,0.0,-1.0,-1.0,-1.0,-1.0,1.0,-1.0,1.0,0.0,-1.0,0.0,-1.0,0.6510522676370497,1,model_only,
-1.0,-1.0,-1.0,-1.0,-1.0,1.0,1.0,1.0,1.0,1.0,1.0,-1.0,-1.0,1.0,0.0,-1.0,1.0,-1.0,0.0,1.0,-1.0,1.0,1.0,1.0,-1.0,1.0,-1.0,-1.0,0.0,1.0,0.9999999539793424,1,model_only,
-1.0,1.0,-1.0,-1.0,-1.0,-1.0,0.0,0.0,-1.0,-1.0,-1.0,-1.0,1.0,-1.0,0.0,1.0,-1.0,-1.0,0.0,-1.0,-1.0,-1.0,-1.0,1.0,1.0,0.0,-1.0,-1.0,0.0,-1.0,4.2288190177510225e-09,0,model_only,
-1.0,-1.0,-1.0,-1.0,-1.0,-1.0,1.0,1.0,0.0,-1.0,-1.0,-1.0,1.0,0.0,-1.0,-1.0,-1.0,-1.0,0.0,-1.0,-1.0,-1.0,-1.0,1.0,1.0,0.0,-1.0,1.0,0.0,-1.0,0.0029947560166526162,0,model_only,
-1.0,-1.0,-1.0,-1.0,-1.0,0.0,1.0,1.0,0.0,-1.0,-1.0,-1.0,-1.0,1.0,0.0,-1.0,-1.0,-1.0,0.0,-1.0,-1.0,-1.0,-1.0,1.0,-1.0,1.0,-1.0,-1.0,0.0,-1.0,0.667507423232208,1,model_only,
-1.0,-1.0,-1.0,-1.0,-1.0,0.0,-1.0,-1.0,0.0,-1.0,-1.0,-1.0,-1.0,-1.0,-1.0,-1.0,-1.0,-1.0,0.0,-1.0,-1.0,-1.0,-1.0,-1.0,1.0,-1.0,0.0,1.0,0.0,-1.0,3.774276523190915e-13,0,model_only,
-1.0,-1.0,-1.0,-1.0,-1.0,-1.0,0.0,-1.0,1.0,-1.0,-1.0,-1.0,-1.0,-1.0,-1.0,-1.0,-1.0,-1.0,0.0,-1.0,-1.0,-1.0,-1.0,-1.0,1.0,-1.0,-1.0,1.0,1.0,-1.0,5.3012426242775817e-14,0,model_only,
-1.0,-1.0,-1.0,-1.0,-1.0,-1.0,0.0,-1.0,0.0,1.0,1.0,-1.0,1.0,-1.0,0.0,-1.0,1.0,-1.0,0.0,1.0,-1.0,1.0,1.0,-1.0,1.0,-1.0,-1.0,1.0,0.0,1.0,3.346842242011374e-06,0,model_only,
-1.0,-1.0,-1.0,-1.0,-1.0,-1.0,0.0,-1.0,1.0,-1.0,-1.0,-1.0,-1.0,0.0,-1.0,-1.0,-1.0,-1.0,0.0,-1.0,-1.0,-1.0,-1.0,-1.0,1.0,1.0,-1.0,-1.0,1.0,-1.0,1.425945037977687e-11,0,model_only,
-1.0,-1.0,-1.0,-1.0,-1.0,-1.0,-1.0,-1.0,0.0,-1.0,-1.0,-1.0,-1.0,1.0,0.0,-1.0,-1.0,-1.0,0.0,-1.0,-1.0,-1.0,-1.0,-1.0,1.0,-1.0,-1.0,1.0,1.0,-1.0,1.7891389202828188e-05,0,model_only,
-1.0,-1.0,-1.0,-1.0,-1.0,-1.0,-1.0,1.0,-1.0,-1.0,-1.0,-1.0,1.0,0.0,-1.0,-1.0,-1.0,-1.0,0.0,-1.0,-1.0,-1.0,-1.0,-1.0,-1.0,0.0,-1.0,-1.0,0.0,-1.0,0.04070169008279234,0,model_only,
-1.0,-1.0,-1.0,1.0,-1.0,0.0,1.0,1.0,-1.0,-1.0,-1.0,-1.0,1.0,0.0,1.0,-1.0,-1.0,-1.0,0.0,-1.0,-1.0,-1.0,-1.0,1.0,-1.0,1.0,1.0,-1.0,0.0,-1.0,0.9999414475153635,1,model_only,
-1.0,-1.0,-1.0,-1.0,-1.0,-1.0,-1.0,-1.0,1.0,-1.0,-1.0,-1.0,-1.0,0.0,-1.0,-1.0,-1.0,-1.0,0.0,-1.0,-1.0,-1.0,-1.0,-1.0,-1.0,1.0,-1.0,1.0,0.0,-1.0,2.96651378042568e-11,0,model_only,
-1.0,-1.0,-1.0,-1.0,-1.0,-1.0,-1.0,-1.0,1.0,-1.0,-1.0,-1.0,-1.0,-1.0,0.0,-1.0,-1.0,-1.0,0.0,-1.0,-1.0,-1.0,-1.0,-1.0,1.0,-1.0,-1.0,1.0,1.0,-1.0,5.386136829608294e-13,0,model_only,
-1.0,-1.0,-1.0,-1.0,-1.0,0.0,1.0,1.0,0.0,-1.0,-1.0,-1.0,1.0,0.0,0.0,-1.0,-1.0,-1.0,0.0,-1.0,-1.0,-1.0,-1.0,1.0,-1.0,0.0,-1.0,-1.0,0.0,-1.0,0.6727081963893226,1,model_only,
-1.0,1.0,-1.0,-1.0,-1.0,0.0,1.0,1.0,-1.0,-1.0,-1.0,-1.0,1.0,0.0,0.0,1.0,-1.0,-1.0,0.0,-1.0,-1.0,-1.0,-1.0,1.0,-1.0,-1.0,1.0,-1.0,0.0,-1.0,0.999895183072419,1,model_only,
-1.0,-1.0,-1.0,-1.0,-1.0,-1.0,-1.0,-1.0,1.0,-1.0,-1.0,-1.0,-1.0,-1.0,-1.0,-1.0,-1.0,-1.0,0.0,-1.0,-1.0,-1.0,-1.0,-1.0,1.0,0.0,-1.0,-1.0,1.0,-1.0,1.0042468918527878e-14,0,model_only,
-1.0,-1.0,-1.0,-1.0,-1.0,0.0,1.0,1.0,1.0,-1.0,-1.0,-1.0,-1.0,-1.0,-1.0,-1.0,-1.0,-1.0,0.0,-1.0,-1.0,-1.0,-1.0,1.0,1.0,-1.0,-1.0,-1.0,1.0,-1.0,3.3960012877453105e-06,0,model_only,
-1.0,1.0,-1.0,-1.0,-1.0,-1.0,-1.0,-1.0,-1.0,-1.0,-1.0,-1.0,1.0,-1.0,0.0,1.0,-1.0,-1.0,0.0,-1.0,-1.0,-1.0,-1.0,-1.0,1.0,-1.0,-1.0,-1.0,0.0,-1.0,3.4237744116547066e-11,0,model_only,
-1.0,-1.0,-1.0,-1.0,-1.0,0.0,0.0,-1.0,0.0,-1.0,-1.0,-1.0,-1.0,1.0,1.0,-1.0,-1.0,-1.0,0.0,-1.0,-1.0,-1.0,-1.0,-1.0,1.0,-1.0,-1.0,-1.0,1.0,-1.0,0.6165912723541803,1,model_only,
-1.0,-1.0,-1.0,-1.0,-1.0,-1.0,0.0,0.0,0.0,-1.0,-1.0,-1.0,1.0,-1.0,0.0,-1.0,-1.0,-1.0,0.0,-1.0,-1.0,-1.0,-1.0,0.0,-1.0,-1.0,-1.0,-1.0,0.0,-1.0,9.87933108387283e-11,0,model_only,
1.0,-1.0,1.0,-1.0,1.0,0.0,1.0,-1.0,-1.0,-1.0,-1.0,1.0,1.0,0.0,0.0,-1.0,-1.0,1.0,1.0,-1.0,-1.0,-1.0,-1.0,1.0,1.0,1.0,1.0,-1.0,1.0,-1.0,0.23195931940931677,0,model_only,
-1.0,-1.0,-1.0,-1.0,-1.0,1.0,-1.0,1.0,1.0,1.0,1.0,-1.0,-1.0,0.0,1.0,-1.0,1.0,-1.0,0.0,1.0,-1.0,1.0,1.0,1.0,1.0,1.0,-1.0,-1.0,1.0,1.0,0.9999993020485483,1,model_only,
-1.0,-1.0,-1.0,-1.0,-1.0,-1.0,-1.0,1.0,0.0,-1.0,-1.0,-1.0,-1.0,0.0,-1.0,-1.0,-1.0,-1.0,0.0,-1.0,-1.0,-1.0,-1.0,-1.0,-1.0,0.0,-1.0,-1.0,0.0,-1.0,0.004177611381682982,0,model_only,
-1.0,-1.0,-1.0,-1.0,-1.0,0.0,0.0,-1.0,0.0,-1.0,-1.0,-1.0,1.0,-1.0,0.0,-1.0,-1.0,-1.0,0.0,-1.0,-1.0,-1.0,-1.0,-1.0,1.0,0.0,-1.0,-1.0,1.0,-1.0,8.776054068198693e-10,0,model_only,
-1.0,-1.0,-1.0,-1.0,-1.0,0.0,-1.0,-1.0,1.0,-1.0,-1.0,-1.0,-1.0,-1.0,-1.0,-1.0,-1.0,-1.0,0.0,-1.0,-1.0,-1.0,-1.0,-1.0,-1.0,0.0,-1.0,-1.0,0.0,-1.0,1.4812822562089638e-14,0,model_only,
-1.0,-1.0,-1.0,-1.0,-1.0,0.0,1.0,1.0,-1.0,-1.0,-1.0,-1.0,1.0,1.0,0.0,-1.0,-1.0,-1.0,0.0,-1.0,-1.0,-1.0,-1.0,1.0,-1.0,0.0,-1.0,-1.0,0.0,-1.0,0.8191695069033932,1,model_only,
-1.0,-1.0,-1.0,1.0,-1.0,0.0,1.0,1.0,1.0,-1.0,-1.0,-1.0,1.0,0.0,1.0,-1.0,-1.0,-1.0,0.0,-1.0,-1.0,-1.0,-1.0,1.0,-1.0,1.0,1.0,-1.0,0.0,-1.0,0.9731032834082045,1,model_only,
-1.0,-1.0,-1.0,1.0,-1.0,1.0,-1.0,1.0,1.0,-1.0,-1.0,-1.0,-1.0,1.0,1.0,-1.0,-1.0,-1.0,0.0,-1.0,-1.0,-1.0,-1.0,1.0,-1.0,1.0,1.0,-1.0,0.0,-1.0,0.9997415747014635,1,model_only,
1.0,-1.0,1.0,-1.0,1.0,-1.0,0.0,-1.0,1.0,1.0,1.0,1.0,-1.0,-1.0,1.0,-1.0,1.0,1.0,1.0,1.0,-1.0,1.0,1.0,-1.0,1.0,-1.0,-1.0,-1.0,1.0,1.0,2.331104697074752e-06,0,model_only,
-1.0,-1.0,-1.0,-1.0,-1.0,0.0,1.0,1.0,-1.0,-1.0,-1.0,-1.0,1.0,1.0,0.0,-1.0,-1.0,-1.0,0.0,-1.0,-1.0,-1.0,-1.0,1.0,-1.0,1.0,1.0,-1.0,0.0,-1.0,0.937771849532886,1,model_only,
-1.0,-1.0,-1.0,-1.0,-1.0,-1.0,0.0,-1.0,1.0,-1.0,-1.0,-1.0,-1.0,-1.0,-1.0,-1.0,-1.0,-1.0,0.0,-1.0,-1.0,-1.0,-1.0,-1.0,-1.0,0.0,-1.0,-1.0,0.0,-1.0,9.786292574589724e-16,0,model_only,
-1.0,-1.0,-1.0,-1.0,-1.0,0.0,-1.0,-1.0,1.0,-1.0,-1.0,-1.0,-1.0,-1.0,-1.0,-1.0,-1.0,-1.0,0.0,-1.0,-1.0,-1.0,-1.0,-1.0,1.0,-1.0,-1.0,-1.0,1.0,-1.0,3.5319193646073227e-13,0,model_only,
1.0,-1.0,1.0,-1.0,1.0,0.0,-1.0,1.0,-1.0,-1.0,-1.0,1.0,1.0,1.0,0.0,-1.0,-1.0,1.0,1.0,-1.0,-1.0,-1.0,-1.0,1.0,1.0,1.0,-1.0,-1.0,1.0,-1.0,0.9109980421373028,1,model_only,
-1.0,-1.0,-1.0,-1.0,-1.0,-1.0,1.0,-1.0,1.0,-1.0,-1.0,-1.0,-1.0,0.0,-1.0,-1.0,-1.0,-1.0,0.0,-1.0,-1.0,-1.0,-1.0,-1.0,-1.0,1.0,-1.0,-1.0,0.0,-1.0,1.741593488494651e-11,0,model_only,
-1.0,-1.0,-1.0,-1.0,-1.0,-1.0,-1.0,-1.0,-1.0,1.0,1.0,-1.0,1.0,0.0,1.0,-1.0,1.0,-1.0,0.0,1.0,-1.0,1.0,1.0,1.0,1.0,0.0,-1.0,-1.0,1.0,1.0,0.7150684392710671,1,model_only,
-1.0,1.0,-1.0,-1.0,-1.0,0.0,-1.0,-1.0,0.0,-1.0,-1.0,-1.0,1.0,-1.0,-1.0,1.0,-1.0,-1.0,0.0,-1.0,-1.0,-1.0,-1.0,-1.0,-1.0,-1.0,-1.0,-1.0,0.0,-1.0,7.881078083921942e-13,0,model_only,
-1.0,-1.0,-1.0,-1.0,-1.0,0.0,0.0,0.0,1.0,1.0,1.0,-1.0,1.0,-1.0,0.0,-1.0,1.0,-1.0,0.0,1.0,-1.0,1.0,1.0,1.0,-1.0,0.0,-1.0,-1.0,0.0,1.0,0.018575382226369685,0,model_only,
-1.0,-1.0,-1.0,-1.0,-1.0,0.0,1.0,1.0,0.0,-1.0,-1.0,-1.0,-1.0,1.0,-1.0,-1.0,-1.0,-1.0,0.0,-1.0,-1.0,-1.0,-1.0,1.0,-1.0,1.0,-1.0,-1.0,0.0,-1.0,0.6667411419129294,1,model_only,
-1.0,-1.0,-1.0,-1.0,-1.0,0.0,-1.0,-1.0,1.0,1.0,1.0,-1.0,-1.0,0.0,0.0,-1.0,1.0,-1.0,0.0,1.0,1.0,1.0,1.0,-1.0,-1.0,-1.0,0.0,-1.0,0.0,1.0,0.8879373762180968,1,model_only,
-1.0,-1.0,-1.0,-1.0,-1.0,1.0,-1.0,1.0,0.0,1.0,1.0,-1.0,1.0,1.0,1.0,-1.0,1.0,-1.0,0.0,1.0,1.0,1.0,1.0,1.0,1.0,1.0,-1.0,-1.0,1.0,1.0,0.9999999649582074,1,model_only,
-1.0,-1.0,-1.0,-1.0,-1.0,1.0,1.0,1.0,0.0,-1.0,-1.0,-1.0,1.0,1.0,1.0,-1.0,-1.0,-1.0,0.0,-1.0,-1.0,-1.0,-1.0,0.0,-1.0,1.0,-1.0,-1.0,0.0,-1.0,0.9989026483338792,1,model_only,
-1.0,-1.0,-1.0,-1.0,-1.0,0.0,1.0,1.0,0.0,-1.0,-1.0,-1.0,1.0,1.0,0.0,-1.0,-1.0,-1.0,0.0,-1.0,-1.0,-1.0,-1.0,1.0,-1.0,0.0,-1.0,-1.0,0.0,-1.0,0.6853627903534183,1,model_only,
-1.0,-1.0,-1.0,-1.0,-1.0,0.0,0.0,1.0,0.0,-1.0,-1.0,-1.0,1.0,0.0,1.0,-1.0,-1.0,-1.0,0.0,-1.0,-1.0,-1.0,-1.0,-1.0,1.0,1.0,1.0,-1.0,1.0,-1.0,0.8593842693795858,1,model_only,
-1.0,-1.0,-1.0,-1.0,-1.0,1.0,-1.0,1.0,-1.0,-1.0,-1.0,-1.0,1.0,0.0,0.0,-1.0,-1.0,-1.0,0.0,-1.0,-1.0,-1.0,-1.0,1.0,1.0,1.0,-1.0,-1.0,1.0,-1.0,0.9975459956244235,1,model_only,
1.0,-1.0,1.0,-1.0,1.0,0.0,0.0,1.0,0.0,-1.0,-1.0,1.0,1.0,1.0,1.0,-1.0,-1.0,1.0,1.0,-1.0,-1.0,-1.0,-1.0,0.0,1.0,1.0,-1.0,-1.0,1.0,-1.0,0.9183794649291349,1,model_only,
-1.0,-1.0,-1.0,-1.0,-1.0,-1.0,0.0,0.0,0.0,-1.0,-1.0,-1.0,1.0,-1.0,0.0,-1.0,-1.0,-1.0,0.0,-1.0,-1.0,-1.0,-1.0,1.0,-1.0,-1.0,-1.0,-1.0,0.0,-1.0,1.2140196774454979e-10,0,model_only,
1.0,-1.0,1.0,-1.0,1.0,0.0,1.0,1.0,0.0,-1.0,-1.0,1.0,-1.0,0.0,-1.0,-1.0,-1.0,1.0,1.0,-1.0,-1.0,-1.0,-1.0,1.0,1.0,1.0,1.0,1.0,1.0,-1.0,0.7132299850167074,1,model_only,
-1.0,-1.0,-1.0,-1.0,-1.0,0.0,1.0,1.0,1.0,-1.0,-1.0,-1.0,-1.0,1.0,0.0,-1.0,-1.0,-1.0,0.0,-1.0,-1.0,-1.0,-1.0,1.0,-1.0,-1.0,0.0,-1.0,0.0,-1.0,0.667264423644633,1,model_only,
-1.0,-1.0,-1.0,-1.0,-1.0,0.0,0.0,1.0,0.0,-1.0,-1.0,-1.0,-1.0,0.0,1.0,-1.0,-1.0,-1.0,0.0,-1.0,-1.0,-1.0,-1.0,-1.0,1.0,1.0,1.0,-1.0,1.0,-1.0,0.6695055157934368,1,model_only,
-1.0,1.0,-1.0,-1.0,-1.0,0.0,-1.0,1.0,-1.0,-1.0,-1.0,-1.0,1.0,0.0,0.0,1.0,-1.0,-1.0,0.0,-1.0,-1.0,-1.0,-1.0,1.0,-1.0,1.0,-1.0,-1.0,0.0,-1.0,0.9999611974096557,1,model_only,
-1.0,-1.0,-1.0,-1.0,-1.0,0.0,1.0,1.0,-1.0,-1.0,-1.0,-1.0,1.0,0.0,0.0,-1.0,-1.0,-1.0,0.0,-1.0,-1.0,-1.0,-1.0,1.0,-1.0,0.0,-1.0,-1.0,0.0,-1.0,0.8827902891723793,1,model_only,
-1.0,-1.0,-1.0,-1.0,-1.0,0.0,-1.0,1.0,1.0,-1.0,-1.0,-1.0,-1.0,-1.0,-1.0,-1.0,-1.0,-1.0,0.0,-1.0,-1.0,-1.0,-1.0,-1.0,-1.0,-1.0,-1.0,-1.0,0.0,-1.0,4.756103037211237e-08,0,model_only,
-1.0,-1.0,-1.0,-1.0,-1.0,-1.0,1.0,1.0,0.0,-1.0,-1.0,-1.0,1.0,1.0,1.0,-1.0,-1.0,-1.0,0.0,-1.0,-1.0,-1.0,-1.0,1.0,-1.0,1.0,1.0,1.0,0.0,-1.0,0.9939474924548861,1,model_only,
-1.0,-1.0,-1.0,-1.0,-1.0,0.0,-1.0,-1.0,0.0,-1.0,-1.0,-1.0,-1.0,-1.0,0.0,-1.0,-1.0,-1.0,0.0,-1.0,-1.0,-1.0,-1.0,-1.0,-1.0,-1.0,-1.0,-1.0,0.0,-1.0,1.0779047759730584e-12,0,model_only,
-1.0,-1.0,-1.0,-1.0,-1.0,0.0,-1.0,1.0,-1.0,1.0,1.0,-1.0,1.0,0.0,0.0,-1.0,1.0,-1.0,0.0,1.0,-1.0,1.0,1.0,1.0,1.0,1.0,-1.0,-1.0,1.0,1.0,0.9999779612083901,1,model_only,
-1.0,-1.0,-1.0,-1.0,-1.0,-1.0,0.0,0.0,1.0,1.0,1.0,-1.0,-1.0,-1.0,0.0,-1.0,1.0,-1.0,0.0,1.0,-1.0,1.0,1.0,1.0,-1.0,0.0,-1.0,-1.0,0.0,1.0,3.554650337523305e-06,0,model_only,
-1.0,-1.0,-1.0,-1.0,-1.0,0.0,0.0,0.0,-1.0,-1.0,-1.0,-1.0,1.0,-1.0,-1.0,-1.0,-1.0,-1.0,0.0,-1.0,-1.0,-1.0,-1.0,1.0,-1.0,-1.0,-1.0,-1.0,0.0,-1.0,2.254132311368416e-07,0,model_only,
-1.0,-1.0,-1.0,-1.0,-1.0,0.0,1.0,1.0,1.0,1.0,1.0,-1.0,-1.0,0.0,0.0,-1.0,1.0,-1.0,0.0,1.0,-1.0,1.0,1.0,1.0,-1.0,-1.0,0.0,-1.0,0.0,1.0,0.9986607705100884,1,model_only,
-1.0,-1.0,-1.0,-1.0,-1.0,0.0,1.0,1.0,1.0,-1.0,-1.0,-1.0,-1.0,1.0,1.0,-1.0,-1.0,-1.0,0.0,-1.0,-1.0,-1.0,-1.0,1.0,-1.0,1.0,-1.0,-1.0,0.0,-1.0,0.6665341354657999,1,model_only,
1.0,1.0,1.0,-1.0,1.0,0.0,-1.0,1.0,0.0,-1.0,-1.0,1.0,1.0,0.0,0.0,1.0,-1.0,1.0,1.0,-1.0,-1.0,-1.0,-1.0,-1.0,1.0,1.0,0.0,-1.0,1.0,-1.0,0.9999684267505801,1,model_only,
-1.0,-1.0,-1.0,-1.0,-1.0,0.0,1.0,1.0,1.0,-1.0,-1.0,-1.0,-1.0,-1.0,0.0,-1.0,-1.0,-1.0,0.0,-1.0,-1.0,-1.0,-1.0,1.0,1.0,-1.0,0.0,-1.0,1.0,-1.0,0.0023161685364037243,0,model_only,
-1.0,-1.0,-1.0,-1.0,-1.0,-1.0,-1.0,-1.0,1.0,-1.0,-1.0,-1.0,-1.0,1.0,-1.0,-1.0,-1.0,-1.0,0.0,-1.0,-1.0,-1.0,-1.0,1.0,-1.0,-1.0,-1.0,1.0,0.0,-1.0,3.495155845673958e-08,0,model_only,
-1.0,-1.0,-1.0,-1.0,-1.0,0.0,0.0,1.0,1.0,-1.0,-1.0,-1.0,-1.0,0.0,0.0,-1.0,-1.0,-1.0,0.0,-1.0,-1.0,-1.0,-1.0,-1.0,1.0,0.0,1.0,1.0,1.0,-1.0,0.66430251713006,1,model_only,
1.0,-1.0,1.0,-1.0,1.0,0.0,0.0,1.0,1.0,-1.0,-1.0,1.0,-1.0,1.0,1.0,-1.0,-1.0,1.0,1.0,-1.0,-1.0,-1.0,-1.0,0.0,1.0,1.0,-1.0,-1.0,1.0,-1.0,0.46145538550603343,0,model_only,
-1.0,-1.0,-1.0,-1.0,-1.0,-1.0,-1.0,-1.0,0.0,-1.0,-1.0,-1.0,1.0,1.0,-1.0,-1.0,-1.0,-1.0,0.0,-1.0,-1.0,-1.0,-1.0,-1.0,-1.0,-1.0,-1.0,1.0,0.0,-1.0,3.596983584832787e-07,0,model_only,
-1.0,-1.0,-1.0,-1.0,-1.0,0.0,0.0,0.0,0.0,-1.0,-1.0,-1.0,1.0,0.0,0.0,-1.0,-1.0,-1.0,0.0,-1.0,-1.0,-1.0,-1.0,1.0,-1.0,-1.0,0.0,-1.0,0.0,-1.0,0.3351814094110173,0,model_only,
-1.0,1.0,-1.0,-1.0,-1.0,-1.0,0.0,-1.0,1.0,-1.0,-1.0,-1.0,-1.0,0.0,-1.0,1.0,-1.0,-1.0,0.0,-1.0,-1.0,-1.0,-1.0,-1.0,-1.0,0.0,-1.0,-1.0,0.0,-1.0,7.512014348202955e-13,0,model_only,
-1.0,-1.0,-1.0,-1.0,-1.0,0.0,1.0,1.0,1.0,-1.0,-1.0,-1.0,-1.0,0.0,-1.0,-1.0,-1.0,-1.0,0.0,-1.0,-1.0,-1.0,-1.0,1.0,-1.0,1.0,1.0,1.0,0.0,-1.0,0.6756038840154436,1,model_only,
-1.0,-1.0,-1.0,-1.0,-1.0,0.0,0.0,1.0,-1.0,-1.0,-1.0,-1.0,1.0,1.0,0.0,-1.0,-1.0,-1.0,0.0,-1.0,-1.0,-1.0,-1.0,-1.0,-1.0,0.0,-1.0,-1.0,0.0,-1.0,0.9592798743938399,1,model_only,
-1.0,-1.0,-1.0,-1.0,-1.0,0.0,1.0,1.0,1.0,-1.0,-1.0,-1.0,-1.0,0.0,0.0,-1.0,-1.0,-1.0,0.0,-1.0,-1.0,-1.0,-1.0,1.0,-1.0,1.0,1.0,1.0,0.0,-1.0,0.6768075897691221,1,model_only,
-1.0,-1.0,-1.0,-1.0,-1.0,1.0,0.0,-1.0,0.0,-1.0,-1.0,-1.0,1.0,1.0,-1.0,-1.0,-1.0,-1.0,0.0,-1.0,-1.0,-1.0,-1.0,-1.0,-1.0,0.0,-1.0,-1.0,0.0,-1.0,0.23321901411702564,0,model_only,
-1.0,-1.0,-1.0,-1.0,-1.0,0.0,-1.0,1.0,1.0,-1.0,-1.0,-1.0,-1.0,1.0,-1.0,-1.0,-1.0,-1.0,0.0,-1.0,-1.0,-1.0,-1.0,1.0,-1.0,-1.0,-1.0,-1.0,0.0,-1.0,0.6667458856757276,1,model_only,
1.0,1.0,1.0,-1.0,1.0,0.0,-1.0,1.0,-1.0,-1.0,-1.0,1.0,1.0,1.0,-1.0,1.0,-1.0,1.0,1.0,-1.0,-1.0,-1.0,-1.0,1.0,1.0,1.0,-1.0,-1.0,1.0,-1.0,0.9993058776527161,1,model_only,
1.0,-1.0,1.0,-1.0,1.0,1.0,-1.0,1.0,-1.0,-1.0,-1.0,1.0,1.0,1.0,-1.0,-1.0,-1.0,1.0,1.0,-1.0,-1.0,-1.0,-1.0,1.0,1.0,1.0,-1.0,-1.0,1.0,-1.0,0.9794226517050713,1,model_only,
-1.0,-1.0,-1.0,-1.0,-1.0,0.0,-1.0,-1.0,-1.0,-1.0,-1.0,-1.0,1.0,-1.0,0.0,-1.0,-1.0,-1.0,0.0,-1.0,-1.0,-1.0,-1.0,-1.0,-1.0,-1.0,-1.0,-1.0,0.0,-1.0,7.662369826545501e-11,0,model_only,
-1.0,-1.0,-1.0,-1.0,-1.0,-1.0,-1.0,-1.0,1.0,-1.0,-1.0,-1.0,-1.0,-1.0,-1.0,-1.0,-1.0,-1.0,0.0,-1.0,-1.0,-1.0,-1.0,1.0,-1.0,-1.0,-1.0,-1.0,0.0,-1.0,1.8116272693602684e-15,0,model_only,
-1.0,-1.0,-1.0,-1.0,-1.0,0.0,-1.0,-1.0,1.0,-1.0,-1.0,-1.0,1.0,0.0,-1.0,-1.0,-1.0,-1.0,0.0,-1.0,-1.0,-1.0,-1.0,0.0,1.0,1.0,-1.0,-1.0,1.0,-1.0,3.2403420766762447e-06,0,model_only,
-1.0,-1.0,-1.0,-1.0,-1.0,1.0,1.0,1.0,0.0,1.0,1.0,-1.0,1.0,1.0,0.0,-1.0,1.0,-1.0,0.0,1.0,-1.0,1.0,1.0,1.0,-1.0,1.0,-1.0,-1.0,0.0,1.0,0.999999556621442,1,model_only,
-1.0,-1.0,-1.0,-1.0,-1.0,1.0,0.0,-1.0,0.0,-1.0,-1.0,-1.0,-1.0,1.0,1.0,-1.0,-1.0,-1.0,0.0,-1.0,-1.0,-1.0,-1.0,-1.0,1.0,1.0,-1.0,-1.0,1.0,-1.0,0.6683644708058725,1,model_only,
-1.0,-1.0,-1.0,-1.0,-1.0,0.0,-1.0,1.0,0.0,-1.0,-1.0,-1.0,-1.0,0.0,-1.0,-1.0,-1.0,-1.0,0.0,-1.0,-1.0,-1.0,-1.0,1.0,-1.0,1.0,0.0,-1.0,0.0,-1.0,0.6666179725746454,1,model_only,
1.0,-1.0,1.0,-1.0,1.0,0.0,-1.0,1.0,0.0,-1.0,-1.0,1.0,1.0,0.0,0.0,-1.0,-1.0,1.0,1.0,-1.0,-1.0,-1.0,-1.0,1.0,1.0,1.0,0.0,-1.0,1.0,-1.0,0.8978716454954192,1,model_only,
-1.0,-1.0,-1.0,-1.0,-1.0,0.0,-1.0,-1.0,1.0,-1.0,-1.0,-1.0,1.0,0.0,0.0,-1.0,-1.0,-1.0,0.0,-1.0,-1.0,-1.0,-1.0,0.0,1.0,1.0,-1.0,-1.0,1.0,-1.0,0.00026115643240039524,0,model_only,
1.0,-1.0,1.0,-1.0,1.0,0.0,-1.0,1.0,-1.0,-1.0,-1.0,1.0,1.0,1.0,1.0,-1.0,-1.0,1.0,1.0,-1.0,-1.0,-1.0,-1.0,1.0,1.0,1.0,1.0,-1.0,1.0,-1.0,0.9924412912854197,1,model_only,
-1.0,-1.0,-1.0,-1.0,-1.0,0.0,0.0,-1.0,-1.0,-1.0,-1.0,-1.0,1.0,0.0,0.0,-1.0,-1.0,-1.0,0.0,-1.0,-1.0,-1.0,-1.0,-1.0,-1.0,1.0,-1.0,-1.0,0.0,-1.0,0.0004735447061925552,0,model_only,
-1.0,-1.0,-1.0,-1.0,-1.0,0.0,0.0,-1.0,1.0,-1.0,-1.0,-1.0,-1.0,-1.0,0.0,-1.0,-1.0,-1.0,0.0,-1.0,-1.0,-1.0,-1.0,-1.0,-1.0,-1.0,-1.0,-1.0,0.0,-1.0,1.5506151622325597e-13,0,model_only,
-1.0,-1.0,-1.0,-1.0,-1.0,-1.0,0.0,0.0,-1.0,-1.0,-1.0,-1.0,1.0,-1.0,-1.0,-1.0,-1.0,-1.0,0.0,-1.0,-1.0,-1.0,-1.0,1.0,1.0,-1.0,-1.0,-1.0,1.0,-1.0,1.3477172055848096e-08,0,model_only,
-1.0,-1.0,-1.0,-1.0,-1.0,1.0,0.0,1.0,-1.0,-1.0,-1.0,-1.0,1.0,1.0,1.0,-1.0,-1.0,-1.0,0.0,-1.0,-1.0,-1.0,-1.0,-1.0,-1.0,1.0,-1.0,-1.0,0.0,-1.0,0.9999954964064467,1,model_only,
-1.0,-1.0,-1.0,-1.0,-1.0,0.0,0.0,1.0,0.0,-1.0,-1.0,-1.0,1.0,1.0,0.0,-1.0,-1.0,-1.0,0.0,-1.0,-1.0,-1.0,-1.0,-1.0,-1.0,1.0,-1.0,-1.0,0.0,-1.0,0.9029616281543559,1,model_only,
-1.0,-1.0,-1.0,-1.0,-1.0,-1.0,1.0,-1.0,1.0,1.0,1.0,-1.0,-1.0,0.0,-1.0,-1.0,1.0,-1.0,0.0,1.0,-1.0,1.0,1.0,1.0,1.0,1.0,-1.0,-1.0,1.0,1.0,0.01101515232661976,0,model_only,
-1.0,-1.0,-1.0,-1.0,-1.0,-1.0,1.0,1.0,-1.0,1.0,1.0,-1.0,1.0,1.0,1.0,-1.0,1.0,-1.0,0.0,1.0,-1.0,1.0,1.0,1.0,1.0,1.0,-1.0,-1.0,1.0,1.0,0.99996964144441,1,model_only,
-1.0,1.0,-1.0,-1.0,-1.0,0.0,-1.0,1.0,0.0,-1.0,-1.0,-1.0,-1.0,1.0,0.0,1.0,-1.0,-1.0,0.0,-1.0,-1.0,-1.0,-1.0,-1.0,1.0,-1.0,-1.0,-1.0,1.0,-1.0,0.998991174031412,1,model_only,
-1.0,-1.0,-1.0,-1.0,-1.0,-1.0,-1.0,1.0,1.0,-1.0,-1.0,-1.0,-1.0,0.0,-1.0,-1.0,-1.0,-1.0,0.0,-1.0,-1.0,-1.0,-1.0,-1.0,-1.0,0.0,-1.0,1.0,0.0,-1.0,7.126818895984533e-05,0,model_only,
-1.0,-1.0,-1.0,-1.0,-1.0,1.0,0.0,-1.0,-1.0,-1.0,-1.0,-1.0,1.0,0.0,0.0,-1.0,-1.0,-1.0,0.0,-1.0,-1.0,-1.0,-1.0,0.0,-1.0,1.0,-1.0,-1.0,0.0,-1.0,0.5464643171900831,1,model_only,
-1.0,-1.0,-1.0,-1.0,-1.0,-1.0,-1.0,-1.0,1.0,-1.0,-1.0,-1.0,-1.0,0.0,-1.0,-1.0,-1.0,-1.0,0.0,-1.0,-1.0,-1.0,-1.0,-1.0,1.0,0.0,-1.0,-1.0,1.0,-1.0,4.992756716929926e-12,0,model_only,
-1.0,-1.0,-1.0,-1.0,-1.0,1.0,-1.0,1.0,0.0,-1.0,-1.0,-1.0,1.0,1.0,1.0,-1.0,-1.0,-1.0,0.0,-1.0,-1.0,-1.0,-1.0,1.0,-1.0,1.0,-1.0,-1.0,0.0,-1.0,0.9977600728411334,1,model_only,
-1.0,-1.0,-1.0,-1.0,-1.0,0.0,-1.0,-1.0,1.0,1.0,1.0,-1.0,-1.0,-1.0,0.0,-1.0,1.0,-1.0,0.0,1.0,-1.0,1.0,1.0,-1.0,-1.0,-1.0,0.0,-1.0,0.0,1.0,0.0018706002707628373,0,model_only,
1.0,-1.0,1.0,-1.0,1.0,0.0,-1.0,1.0,-1.0,-1.0,-1.0,1.0,1.0,0.0,0.0,-1.0,-1.0,1.0,1.0,-1.0,-1.0,-1.0,-1.0,-1.0,1.0,1.0,1.0,-1.0,1.0,-1.0,0.9983510094417173,1,model_only,
-1.0,-1.0,-1.0,-1.0,-1.0,-1.0,1.0,-1.0,1.0,-1.0,-1.0,-1.0,-1.0,0.0,1.0,-1.0,-1.0,-1.0,0.0,-1.0,-1.0,-1.0,-1.0,1.0,1.0,1.0,-1.0,-1.0,1.0,-1.0,4.1342556837153346e-11,0,model_only,
-1.0,-1.0,-1.0,-1.0,-1.0,-1.0,1.0,-1.0,1.0,-1.0,-1.0,-1.0,-1.0,-1.0,-1.0,-1.0,-1.0,-1.0,0.0,-1.0,-1.0,-1.0,-1.0,1.0,-1.0,0.0,-1.0,-1.0,0.0,-1.0,3.581288105694004e-15,0,model_only,
-1.0,-1.0,-1.0,-1.0,-1.0,0.0,-1.0,-1.0,-1.0,-1.0,-1.0,-1.0,1.0,0.0,-1.0,-1.0,-1.0,-1.0,0.0,-1.0,-1.0,-1.0,-1.0,1.0,1.0,-1.0,0.0,-1.0,1.0,-1.0,0.0010698791059311516,0,model_only,
1.0,-1.0,1.0,-1.0,1.0,0.0,0.0,-1.0,0.0,1.0,1.0,1.0,1.0,-1.0,1.0,-1.0,1.0,1.0,1.0,1.0,-1.0,1.0,1.0,-1.0,1.0,-1.0,-1.0,-1.0,1.0,1.0,0.07335316098529832,0,model_only,
-1.0,-1.0,-1.0,-1.0,-1.0,-1.0,-1.0,-1.0,1.0,-1.0,-1.0,-1.0,-1.0,-1.0,-1.0,-1.0,-1.0,-1.0,0.0,-1.0,-1.0,-1.0,-1.0,-1.0,1.0,-1.0,-1.0,-1.0,1.0,-1.0,6.5116063062544616e-15,0,model_only,
-1.0,-1.0,-1.0,-1.0,-1.0,0.0,0.0,1.0,-1.0,-1.0,-1.0,-1.0,1.0,0.0,1.0,-1.0,-1.0,-1.0,0.0,-1.0,-1.0,-1.0,-1.0,-1.0,1.0,1.0,-1.0,-1.0,1.0,-1.0,0.9863540934665876,1,model_only,
-1.0,-1.0,-1.0,-1.0,-1.0,-1.0,0.0,-1.0,1.0,1.0,1.0,-1.0,-1.0,-1.0,0.0,-1.0,1.0,-1.0,0.0,1.0,-1.0,1.0,1.0,1.0,1.0,0.0,-1.0,-1.0,1.0,1.0,1.1645964316466208e-06,0,model_only,
-1.0,-1.0,-1.0,-1.0,-1.0,1.0,1.0,-1.0,-1.0,-1.0,-1.0,-1.0,1.0,1.0,0.0,-1.0,-1.0,-1.0,0.0,-1.0,-1.0,-1.0,-1.0,1.0,1.0,-1.0,-1.0,-1.0,1.0,-1.0,0.7935997355407345,1,model_only,
-1.0,-1.0,-1.0,-1.0,-1.0,1.0,0.0,1.0,-1.0,-1.0,-1.0,-1.0,1.0,1.0,-1.0,-1.0,-1.0,-1.0,0.0,-1.0,-1.0,-1.0,-1.0,-1.0,-1.0,0.0,-1.0,-1.0,0.0,-1.0,0.9572268237473867,1,model_only,
-1.0,-1.0,-1.0,-1.0,-1.0,-1.0,-1.0,-1.0,1.0,-1.0,-1.0,-1.0,1.0,0.0,0.0,-1.0,-1.0,-1.0,0.0,-1.0,-1.0,-1.0,-1.0,-1.0,1.0,1.0,-1.0,-1.0,1.0,-1.0,2.1829718652541424e-07,0,model_only,
-1.0,-1.0,-1.0,-1.0,-1.0,0.0,0.0,0.0,1.0,-1.0,-1.0,-1.0,-1.0,-1.0,0.0,-1.0,-1.0,-1.0,0.0,-1.0,-1.0,-1.0,-1.0,1.0,-1.0,-1.0,0.0,-1.0,0.0,-1.0,1.848785527567468e-10,0,model_only,
1.0,-1.0,1.0,-1.0,1.0,0.0,0.0,1.0,-1.0,-1.0,-1.0,1.0,1.0,0.0,-1.0,-1.0,-1.0,1.0,1.0,-1.0,-1.0,-1.0,-1.0,-1.0,1.0,1.0,1.0,-1.0,1.0,-1.0,0.8070568628921836,1,model_only,
-1.0,1.0,-1.0,-1.0,-1.0,-1.0,0.0,0.0,1.0,-1.0,-1.0,-1.0,-1.0,-1.0,0.0,1.0,-1.0,-1.0,0.0,-1.0,-1.0,-1.0,-1.0,1.0,-1.0,0.0,-1.0,-1.0,0.0,-1.0,1.140586764402681e-12,0,model_only,
-1.0,1.0,-1.0,-1.0,-1.0,0.0,0.0,0.0,0.0,-1.0,-1.0,-1.0,1.0,-1.0,0.0,1.0,-1.0,-1.0,0.0,-1.0,-1.0,-1.0,-1.0,1.0,1.0,-1.0,-1.0,-1.0,1.0,-1.0,3.340618440079074e-06,0,model_only,
-1.0,1.0,-1.0,-1.0,-1.0,1.0,1.0,1.0,1.0,1.0,1.0,-1.0,-1.0,0.0,-1.0,1.0,1.0,-1.0,0.0,1.0,1.0,1.0,1.0,1.0,1.0,1.0,1.0,-1.0,1.0,1.0,0.9999997685538973,1,model_only,
-1.0,-1.0,-1.0,-1.0,-1.0,-1.0,-1.0,-1.0,1.0,-1.0,-1.0,-1.0,-1.0,0.0,-1.0,-1.0,-1.0,-1.0,0.0,-1.0,-1.0,-1.0,-1.0,0.0,-1.0,0.0,-1.0,-1.0,0.0,-1.0,2.5481821420376117e-12,0,model_only,
-1.0,-1.0,-1.0,-1.0,-1.0,0.0,1.0,-1.0,1.0,-1.0,-1.0,-1.0,-1.0,-1.0,-1.0,-1.0,-1.0,-1.0,0.0,-1.0,-1.0,-1.0,-1.0,1.0,-1.0,-1.0,0.0,-1.0,0.0,-1.0,1.3005958370173215e-13,0,model_only,
1.0,-1.0,1.0,-1.0,1.0,0.0,-1.0,1.0,-1.0,-1.0,-1.0,1.0,1.0,0.0,0.0,-1.0,-1.0,1.0,1.0,-1.0,-1.0,-1.0,-1.0,1.0,1.0,1.0,1.0,-1.0,1.0,-1.0,0.9878839122186842,1,model_only,
-1.0,-1.0,-1.0,-1.0,-1.0,0.0,1.0,1.0,0.0,-1.0,-1.0,-1.0,1.0,0.0,-1.0,-1.0,-1.0,-1.0,0.0,-1.0,-1.0,-1.0,-1.0,-1.0,-1.0,0.0,-1.0,1.0,0.0,-1.0,0.6302997664809744,1,model_only,
-1.0,-1.0,-1.0,-1.0,-1.0,0.0,0.0,-1.0,1.0,-1.0,-1.0,-1.0,1.0,0.0,0.0,-1.0,-1.0,-1.0,0.0,-1.0,-1.0,-1.0,-1.0,0.0,1.0,1.0,1.0,-1.0,1.0,-1.0,1.9407558352265446e-06,0,model_only,
-1.0,-1.0,-1.0,-1.0,-1.0,-1.0,0.0,-1.0,1.0,-1.0,-1.0,-1.0,-1.0,-1.0,0.0,-1.0,-1.0,-1.0,0.0,-1.0,-1.0,-1.0,-1.0,-1.0,1.0,0.0,-1.0,-1.0,1.0,-1.0,1.1416048496845987e-13,0,model_only,
-1.0,-1.0,-1.0,-1.0,-1.0,-1.0,0.0,0.0,0.0,-1.0,-1.0,-1.0,1.0,-1.0,0.0,-1.0,-1.0,-1.0,0.0,-1.0,-1.0,-1.0,-1.0,1.0,-1.0,1.0,-1.0,-1.0,0.0,-1.0,1.821740757848319e-10,0,model_only,
-1.0,-1.0,-1.0,-1.0,-1.0,-1.0,-1.0,1.0,-1.0,-1.0,-1.0,-1.0,1.0,1.0,0.0,-1.0,-1.0,-1.0,0.0,-1.0,-1.0,-1.0,-1.0,1.0,1.0,1.0,-1.0,-1.0,1.0,-1.0,0.6753075535893368,1,model_only,
-1.0,1.0,-1.0,1.0,-1.0,-1.0,-1.0,-1.0,0.0,-1.0,-1.0,-1.0,-1.0,-1.0,0.0,1.0,-1.0,-1.0,0.0,-1.0,-1.0,-1.0,-1.0,-1.0,-1.0,-1.0,-1.0,-1.0,0.0,-1.0,1.2406202681730783e-14,0,model_only,
-1.0,-1.0,-1.0,-1.0,-1.0,0.0,-1.0,1.0,1.0,-1.0,-1.0,-1.0,1.0,1.0,0.0,-1.0,-1.0,-1.0,0.0,-1.0,-1.0,-1.0,-1.0,1.0,-1.0,1.0,-1.0,-1.0,0.0,-1.0,0.6715570305371944,1,model_only,
-1.0,1.0,-1.0,-1.0,-1.0,-1.0,1.0,1.0,-1.0,1.0,1.0,-1.0,1.0,0.0,1.0,1.0,1.0,-1.0,0.0,1.0,1.0,1.0,1.0,1.0,1.0,0.0,-1.0,-1.0,1.0,1.0,0.9961220895358661,1,model_only,
-1.0,-1.0,-1.0,-1.0,-1.0,-1.0,-1.0,-1.0,1.0,-1.0,-1.0,-1.0,-1.0,0.0,-1.0,-1.0,-1.0,-1.0,0.0,-1.0,-1.0,-1.0,-1.0,0.0,1.0,0.0,-1.0,-1.0,1.0,-1.0,6.479375913812228e-12,0,model_only,
1.0,-1.0,1.0,-1.0,1.0,0.0,-1.0,-1.0,0.0,1.0,1.0,1.0,-1.0,-1.0,1.0,-1.0,1.0,1.0,1.0,1.0,1.0,1.0,1.0,1.0,1.0,1.0,0.0,-1.0,1.0,1.0,0.0001365969073849917,0,model_only,
-1.0,-1.0,-1.0,-1.0,-1.0,-1.0,-1.0,-1.0,0.0,-1.0,-1.0,-1.0,1.0,-1.0,0.0,-1.0,-1.0,-1.0,0.0,-1.0,-1.0,-1.0,-1.0,-1.0,1.0,0.0,-1.0,-1.0,1.0,-1.0,1.2834281573227143e-11,0,model_only,
-1.0,-1.0,-1.0,-1.0,-1.0,0.0,-1.0,1.0,0.0,-1.0,-1.0,-1.0,1.0,0.0,1.0,-1.0,-1.0,-1.0,0.0,-1.0,-1.0,-1.0,-1.0,1.0,1.0,-1.0,1.0,-1.0,1.0,-1.0,0.9968794218419577,1,model_only,
-1.0,-1.0,-1.0,-1.0,-1.0,-1.0,1.0,-1.0,1.0,-1.0,-1.0,-1.0,-1.0,-1.0,-1.0,-1.0,-1.0,-1.0,0.0,-1.0,-1.0,-1.0,-1.0,1.0,-1.0,-1.0,-1.0,-1.0,0.0,-1.0,1.735199650878717e-15,0,model_only,
-1.0,-1.0,-1.0,-1.0,-1.0,0.0,1.0,-1.0,1.0,-1.0,-1.0,-1.0,-1.0,-1.0,1.0,-1.0,-1.0,-1.0,0.0,-1.0,-1.0,-1.0,-1.0,1.0,1.0,-1.0,-1.0,-1.0,1.0,-1.0,8.045320690406556e-11,0,model_only,
-1.0,-1.0,-1.0,-1.0,-1.0,-1.0,-1.0,1.0,1.0,1.0,1.0,-1.0,-1.0,0.0,-1.0,-1.0,1.0,-1.0,0.0,1.0,-1.0,1.0,1.0,-1.0,-1.0,0.0,-1.0,-1.0,0.0,1.0,0.7869875435740431,1,model_only,
-1.0,-1.0,-1.0,-1.0,-1.0,0.0,-1.0,-1.0,0.0,-1.0,-1.0,-1.0,1.0,0.0,-1.0,-1.0,-1.0,-1.0,0.0,-1.0,-1.0,-1.0,-1.0,-1.0,-1.0,0.0,1.0,-1.0,0.0,-1.0,1.9804546830163473e-07,0,model_only,
-1.0,-1.0,-1.0,-1.0,-1.0,-1.0,-1.0,1.0,0.0,1.0,1.0,-1.0,-1.0,0.0,1.0,-1.0,1.0,-1.0,0.0,1.0,-1.0,1.0,1.0,-1.0,-1.0,0.0,-1.0,-1.0,0.0,1.0,0.9953326551060964,1,model_only,
-1.0,-1.0,-1.0,-1.0,-1.0,0.0,1.0,1.0,1.0,-1.0,-1.0,-1.0,-1.0,1.0,0.0,-1.0,-1.0,-1.0,0.0,-1.0,-1.0,-1.0,-1.0,1.0,-1.0,1.0,1.0,-1.0,0.0,-1.0,0.6702494114842309,1,model_only,
1.0,-1.0,1.0,-1.0,1.0,0.0,0.0,1.0,0.0,-1.0,-1.0,1.0,1.0,0.0,0.0,-1.0,-1.0,1.0,1.0,-1.0,-1.0,-1.0,-1.0,0.0,1.0,1.0,-1.0,-1.0,1.0,-1.0,0.7623462700858924,1,model_only,
-1.0,1.0,-1.0,-1.0,-1.0,0.0,0.0,-1.0,-1.0,-1.0,-1.0,-1.0,1.0,0.0,0.0,1.0,-1.0,-1.0,0.0,-1.0,-1.0,-1.0,-1.0,-1.0,-1.0,1.0,-1.0,-1.0,0.0,-1.0,0.0013341680408694408,0,model_only,
-1.0,-1.0,-1.0,-1.0,-1.0,-1.0,0.0,-1.0,1.0,1.0,1.0,-1.0,-1.0,-1.0,0.0,-1.0,1.0,-1.0,0.0,1.0,-1.0,1.0,1.0,-1.0,-1.0,-1.0,-1.0,-1.0,0.0,1.0,3.3912219635061615e-08,0,model_only,
-1.0,-1.0,-1.0,-1.0,-1.0,1.0,0.0,1.0,0.0,1.0,1.0,-1.0,-1.0,1.0,1.0,-1.0,1.0,-1.0,0.0,1.0,-1.0,1.0,1.0,-1.0,1.0,1.0,-1.0,-1.0,1.0,1.0,0.9999999934536087,1,model_only,
-1.0,-1.0,-1.0,-1.0,-1.0,-1.0,-1.0,1.0,0.0,-1.0,-1.0,-1.0,-1.0,0.0,0.0,-1.0,-1.0,-1.0,0.0,-1.0,-1.0,-1.0,-1.0,-1.0,-1.0,0.0,-1.0,-1.0,0.0,-1.0,0.36905208716488364,0,model_only,
-1.0,-1.0,-1.0,-1.0,-1.0,0.0,-1.0,1.0,-1.0,-1.0,-1.0,-1.0,1.0,0.0,0.0,-1.0,-1.0,-1.0,0.0,-1.0,-1.0,-1.0,-1.0,1.0,-1.0,1.0,1.0,-1.0,0.0,-1.0,0.992766028163275,1,model_only,
-1.0,-1.0,-1.0,-1.0,-1.0,0.0,0.0,0.0,1.0,-1.0,-1.0,-1.0,-1.0,0.0,0.0,-1.0,-1.0,-1.0,0.0,-1.0,-1.0,-1.0,-1.0,1.0,1.0,-1.0,1.0,-1.0,1.0,-1.0,0.26220047197098145,0,model_only,
-1.0,-1.0,-1.0,-1.0,-1.0,-1.0,0.0,0.0,0.0,-1.0,-1.0,-1.0,-1.0,-1.0,0.0,-1.0,-1.0,-1.0,0.0,-1.0,-1.0,-1.0,-1.0,1.0,-1.0,-1.0,-1.0,-1.0,0.0,-1.0,6.202790075901745e-12,0,model_only,
-1.0,-1.0,-1.0,1.0,-1.0,0.0,-1.0,1.0,1.0,-1.0,-1.0,-1.0,-1.0,1.0,1.0,-1.0,-1.0,-1.0,0.0,-1.0,-1.0,-1.0,-1.0,-1.0,-1.0,1.0,-1.0,-1.0,0.0,-1.0,0.9966638543047747,1,model_only,
1.0,-1.0,1.0,-1.0,1.0,0.0,-1.0,1.0,-1.0,-1.0,-1.0,1.0,1.0,0.0,0.0,-1.0,-1.0,1.0,1.0,-1.0,-1.0,-1.0,-1.0,1.0,1.0,1.0,-1.0,-1.0,1.0,-1.0,0.978736430422949,1,model_only,
1.0,-1.0,1.0,-1.0,1.0,0.0,-1.0,1.0,0.0,-1.0,-1.0,1.0,1.0,0.0,-1.0,-1.0,-1.0,1.0,1.0,-1.0,-1.0,-1.0,-1.0,1.0,1.0,1.0,0.0,-1.0,1.0,-1.0,0.6680320228479643,1,model_only,
-1.0,-1.0,-1.0,-1.0,-1.0,0.0,0.0,0.0,0.0,-1.0,-1.0,-1.0,-1.0,0.0,0.0,-1.0,-1.0,-1.0,0.0,-1.0,-1.0,-1.0,-1.0,1.0,1.0,0.0,0.0,-1.0,1.0,-1.0,0.003200882054035693,0,model_only,
-1.0,-1.0,-1.0,-1.0,-1.0,0.0,1.0,1.0,-1.0,1.0,1.0,-1.0,1.0,0.0,-1.0,-1.0,1.0,-1.0,0.0,1.0,-1.0,1.0,1.0,1.0,1.0,1.0,1.0,-1.0,1.0,1.0,0.997498463947184,1,model_only,
-1.0,-1.0,-1.0,-1.0,-1.0,0.0,0.0,1.0,0.0,-1.0,-1.0,-1.0,1.0,0.0,1.0,-1.0,-1.0,-1.0,0.0,-1.0,-1.0,-1.0,-1.0,-1.0,-1.0,1.0,-1.0,-1.0,0.0,-1.0,0.9481097998866314,1,model_only,
-1.0,1.0,-1.0,-1.0,-1.0,0.0,0.0,-1.0,0.0,1.0,1.0,-1.0,1.0,1.0,-1.0,1.0,1.0,-1.0,0.0,1.0,-1.0,1.0,1.0,-1.0,1.0,1.0,-1.0,-1.0,1.0,1.0,0.9194970229251408,1,model_only,
-1.0,-1.0,-1.0,-1.0,-1.0,0.0,-1.0,-1.0,1.0,-1.0,-1.0,-1.0,-1.0,0.0,0.0,-1.0,-1.0,-1.0,0.0,-1.0,-1.0,-1.0,-1.0,-1.0,1.0,-1.0,1.0,-1.0,1.0,-1.0,1.7212667364459527e-07,0,model_only,
-1.0,-1.0,-1.0,-1.0,-1.0,0.0,0.0,1.0,0.0,-1.0,-1.0,-1.0,1.0,1.0,0.0,-1.0,-1.0,-1.0,0.0,-1.0,-1.0,-1.0,-1.0,-1.0,-1.0,1.0,1.0,-1.0,0.0,-1.0,0.9487684891345228,1,model_only,
-1.0,1.0,-1.0,-1.0,-1.0,0.0,-1.0,-1.0,-1.0,-1.0,-1.0,-1.0,1.0,-1.0,0.0,1.0,-1.0,-1.0,0.0,-1.0,-1.0,-1.0,-1.0,-1.0,-1.0,-1.0,0.0,-1.0,0.0,-1.0,1.7853794204177677e-11,0,model_only,
-1.0,-1.0,-1.0,-1.0,-1.0,1.0,-1.0,1.0,1.0,-1.0,-1.0,-1.0,-1.0,0.0,1.0,-1.0,-1.0,-1.0,0.0,-1.0,-1.0,-1.0,-1.0,-1.0,1.0,-1.0,-1.0,-1.0,1.0,-1.0,0.995276169174074,1,model_only,
-1.0,-1.0,-1.0,-1.0,-1.0,0.0,1.0,1.0,-1.0,-1.0,-1.0,-1.0,1.0,0.0,0.0,-1.0,-1.0,-1.0,0.0,-1.0,-1.0,-1.0,-1.0,1.0,-1.0,1.0,1.0,-1.0,0.0,-1.0,0.9358259608499546,1,model_only,
-1.0,-1.0,-1.0,-1.0,-1.0,0.0,0.0,1.0,1.0,-1.0,-1.0,-1.0,-1.0,1.0,1.0,-1.0,-1.0,-1.0,0.0,-1.0,-1.0,-1.0,-1.0,-1.0,-1.0,1.0,-1.0,-1.0,0.0,-1.0,0.7085441386318171,1,model_only,
-1.0,-1.0,-1.0,-1.0,-1.0,-1.0,-1.0,-1.0,1.0,-1.0,-1.0,-1.0,-1.0,-1.0,-1.0,-1.0,-1.0,-1.0,0.0,-1.0,-1.0,-1.0,-1.0,-1.0,-1.0,0.0,-1.0,-1.0,0.0,-1.0,3.799505339495336e-16,0,model_only,
-1.0,-1.0,-1.0,-1.0,-1.0,1.0,-1.0,1.0,-1.0,-1.0,-1.0,-1.0,1.0,0.0,0.0,-1.0,-1.0,-1.0,0.0,-1.0,-1.0,-1.0,-1.0,1.0,-1.0,1.0,-1.0,-1.0,0.0,-1.0,0.9997107218520093,1,model_only,
-1.0,-1.0,-1.0,-1.0,-1.0,0.0,0.0,1.0,0.0,-1.0,-1.0,-1.0,1.0,0.0,0.0,-1.0,-1.0,-1.0,0.0,-1.0,-1.0,-1.0,-1.0,-1.0,-1.0,1.0,-1.0,-1.0,0.0,-1.0,0.7423132679478511,1,model_only,
-1.0,-1.0,-1.0,1.0,-1.0,-1.0,0.0,-1.0,0.0,-1.0,-1.0,-1.0,1.0,-1.0,0.0,-1.0,-1.0,-1.0,0.0,-1.0,-1.0,-1.0,-1.0,-1.0,1.0,-1.0,-1.0,-1.0,1.0,-1.0,3.1418382932409924e-10,0,model_only,
-1.0,-1.0,-1.0,-1.0,-1.0,-1.0,-1.0,-1.0,-1.0,-1.0,-1.0,-1.0,1.0,0.0,0.0,-1.0,-1.0,-1.0,0.0,-1.0,-1.0,-1.0,-1.0,1.0,-1.0,0.0,-1.0,-1.0,0.0,-1.0,2.80173365910022e-07,0,model_only,
-1.0,1.0,-1.0,-1.0,-1.0,0.0,0.0,-1.0,-1.0,-1.0,-1.0,-1.0,1.0,0.0,1.0,1.0,-1.0,-1.0,0.0,-1.0,-1.0,-1.0,-1.0,0.0,-1.0,1.0,-1.0,-1.0,0.0,-1.0,0.0008784163651171525,0,model_only,
1.0,-1.0,1.0,-1.0,1.0,1.0,-1.0,1.0,0.0,-1.0,-1.0,1.0,1.0,1.0,-1.0,-1.0,-1.0,1.0,1.0,-1.0,-1.0,-1.0,-1.0,1.0,1.0,1.0,-1.0,-1.0,1.0,-1.0,0.8557649085697482,1,model_only,
-1.0,-1.0,-1.0,-1.0,-1.0,0.0,0.0,1.0,1.0,-1.0,-1.0,-1.0,-1.0,0.0,-1.0,-1.0,-1.0,-1.0,0.0,-1.0,-1.0,-1.0,-1.0,-1.0,-1.0,1.0,-1.0,-1.0,0.0,-1.0,0.49941605886944584,0,model_only,
-1.0,-1.0,-1.0,-1.0,-1.0,1.0,0.0,1.0,1.0,-1.0,-1.0,-1.0,-1.0,0.0,-1.0,-1.0,-1.0,-1.0,0.0,-1.0,-1.0,-1.0,-1.0,0.0,1.0,1.0,1.0,-1.0,1.0,-1.0,0.6668425935188246,1,model_only,
-1.0,1.0,-1.0,-1.0,-1.0,1.0,1.0,1.0,-1.0,1.0,1.0,-1.0,1.0,1.0,1.0,1.0,1.0,-1.0,0.0,1.0,-1.0,1.0,1.0,1.0,1.0,1.0,1.0,-1.0,1.0,1.0,0.9999999986655513,1,model_only,
-1.0,-1.0,-1.0,-1.0,-1.0,-1.0,-1.0,-1.0,0.0,-1.0,-1.0,-1.0,-1.0,0.0,0.0,-1.0,-1.0,-1.0,0.0,-1.0,-1.0,-1.0,-1.0,-1.0,-1.0,1.0,-1.0,1.0,0.0,-1.0,1.8714002673422084e-09,0,model_only,
-1.0,1.0,-1.0,-1.0,-1.0,0.0,0.0,0.0,-1.0,-1.0,-1.0,-1.0,1.0,-1.0,-1.0,1.0,-1.0,-1.0,0.0,-1.0,-1.0,-1.0,-1.0,1.0,1.0,-1.0,-1.0,-1.0,1.0,-1.0,5.78813120523417e-06,0,model_only,
1.0,1.0,1.0,-1.0,1.0,1.0,1.0,1.0,-1.0,-1.0,-1.0,1.0,1.0,0.0,0.0,1.0,-1.0,1.0,1.0,-1.0,-1.0,-1.0,-1.0,1.0,1.0,1.0,-1.0,-1.0,1.0,-1.0,0.9999997827121327,1,model_only,
-1.0,-1.0,-1.0,-1.0,-1.0,-1.0,-1.0,-1.0,1.0,-1.0,-1.0,-1.0,-1.0,0.0,-1.0,-1.0,-1.0,-1.0,0.0,-1.0,-1.0,-1.0,-1.0,0.0,-1.0,1.0,-1.0,-1.0,0.0,-1.0,6.707654518098946e-12,0,model_only,
-1.0,1.0,-1.0,-1.0,-1.0,0.0,1.0,1.0,-1.0,-1.0,-1.0,-1.0,1.0,1.0,1.0,1.0,-1.0,-1.0,0.0,-1.0,-1.0,-1.0,-1.0,0.0,-1.0,1.0,-1.0,-1.0,0.0,-1.0,0.9999999889456671,1,model_only,
1.0,-1.0,1.0,-1.0,1.0,-1.0,1.0,-1.0,1.0,1.0,1.0,1.0,-1.0,-1.0,1.0,-1.0,1.0,1.0,1.0,1.0,-1.0,1.0,1.0,-1.0,1.0,-1.0,-1.0,-1.0,1.0,1.0,1.303945312701934e-05,0,model_only,
-1.0,1.0,-1.0,-1.0,-1.0,0.0,-1.0,-1.0,-1.0,-1.0,-1.0,-1.0,1.0,0.0,0.0,1.0,-1.0,-1.0,0.0,-1.0,-1.0,-1.0,-1.0,-1.0,-1.0,0.0,0.0,-1.0,0.0,-1.0,1.02960283805325e-06,0,model_only,
-1.0,1.0,-1.0,-1.0,-1.0,-1.0,0.0,0.0,-1.0,1.0,1.0,-1.0,1.0,-1.0,1.0,1.0,1.0,-1.0,0.0,1.0,-1.0,1.0,1.0,1.0,-1.0,-1.0,-1.0,-1.0,0.0,1.0,6.443357106682189e-07,0,model_only,
-1.0,-1.0,-1.0,-1.0,-1.0,1.0,0.0,-1.0,1.0,-1.0,-1.0,-1.0,-1.0,0.0,0.0,-1.0,-1.0,-1.0,0.0,-1.0,-1.0,-1.0,-1.0,0.0,1.0,1.0,-1.0,-1.0,1.0,-1.0,5.741716447532423e-06,0,model_only,
-1.0,-1.0,-1.0,-1.0,-1.0,0.0,0.0,0.0,1.0,1.0,1.0,-1.0,-1.0,0.0,0.0,-1.0,1.0,-1.0,0.0,1.0,1.0,1.0,1.0,1.0,-1.0,-1.0,0.0,1.0,0.0,1.0,0.9978999907893105,1,model_only,
-1.0,-1.0,-1.0,-1.0,-1.0,0.0,-1.0,-1.0,0.0,1.0,1.0,-1.0,-1.0,-1.0,1.0,-1.0,1.0,-1.0,0.0,1.0,1.0,1.0,1.0,-1.0,-1.0,-1.0,-1.0,-1.0,0.0,1.0,0.0003530149441335195,0,model_only,
-1.0,-1.0,-1.0,-1.0,-1.0,-1.0,-1.0,-1.0,0.0,-1.0,-1.0,-1.0,-1.0,0.0,0.0,-1.0,-1.0,-1.0,0.0,-1.0,-1.0,-1.0,-1.0,-1.0,-1.0,1.0,-1.0,-1.0,0.0,-1.0,3.3462402162963235e-10,0,model_only,
-1.0,-1.0,-1.0,-1.0,-1.0,0.0,-1.0,1.0,-1.0,-1.0,-1.0,-1.0,1.0,1.0,0.0,-1.0,-1.0,-1.0,0.0,-1.0,-1.0,-1.0,-1.0,1.0,1.0,1.0,1.0,-1.0,1.0,-1.0,0.8742730138782738,1,model_only,
-1.0,-1.0,-1.0,-1.0,-1.0,1.0,0.0,1.0,-1.0,-1.0,-1.0,-1.0,1.0,0.0,0.0,-1.0,-1.0,-1.0,0.0,-1.0,-1.0,-1.0,-1.0,0.0,-1.0,1.0,1.0,-1.0,0.0,-1.0,0.9970937179326255,1,model_only,
-1.0,-1.0,-1.0,-1.0,-1.0,-1.0,-1.0,1.0,0.0,-1.0,-1.0,-1.0,1.0,0.0,-1.0,-1.0,-1.0,-1.0,0.0,-1.0,-1.0,-1.0,-1.0,-1.0,-1.0,1.0,-1.0,-1.0,0.0,-1.0,0.050647766806511514,0,model_only,
-1.0,-1.0,-1.0,-1.0,-1.0,-1.0,1.0,-1.0,1.0,-1.0,-1.0,-1.0,1.0,0.0,-1.0,-1.0,-1.0,-1.0,0.0,-1.0,-1.0,-1.0,-1.0,-1.0,-1.0,1.0,-1.0,-1.0,0.0,-1.0,6.073235350827138e-11,0,model_only,
-1.0,-1.0,-1.0,-1.0,-1.0,-1.0,-1.0,-1.0,1.0,-1.0,-1.0,-1.0,-1.0,-1.0,-1.0,-1.0,-1.0,-1.0,0.0,-1.0,-1.0,-1.0,-1.0,-1.0,-1.0,1.0,-1.0,-1.0,0.0,-1.0,5.511446240565984e-15,0,model_only,
-1.0,-1.0,-1.0,-1.0,-1.0,0.0,0.0,-1.0,-1.0,-1.0,-1.0,-1.0,1.0,1.0,0.0,-1.0,-1.0,-1.0,0.0,-1.0,-1.0,-1.0,-1.0,0.0,-1.0,1.0,1.0,-1.0,0.0,-1.0,0.5695486540161073,1,model_only,
-1.0,1.0,-1.0,-1.0,-1.0,-1.0,-1.0,1.0,-1.0,-1.0,-1.0,-1.0,1.0,0.0,1.0,1.0,-1.0,-1.0,0.0,-1.0,-1.0,-1.0,-1.0,1.0,1.0,0.0,-1.0,-1.0,1.0,-1.0,0.9875563701813035,1,model_only,
-1.0,-1.0,-1.0,1.0,-1.0,-1.0,1.0,1.0,0.0,-1.0,-1.0,-1.0,1.0,1.0,1.0,-1.0,-1.0,-1.0,0.0,-1.0,-1.0,-1.0,-1.0,1.0,-1.0,1.0,-1.0,-1.0,0.0,-1.0,0.9936403642180522,1,model_only,
-1.0,-1.0,-1.0,-1.0,-1.0,0.0,0.0,1.0,0.0,-1.0,-1.0,-1.0,1.0,0.0,-1.0,-1.0,-1.0,-1.0,0.0,-1.0,-1.0,-1.0,-1.0,-1.0,1.0,1.0,1.0,-1.0,1.0,-1.0,0.6661037958473742,1,model_only,
-1.0,-1.0,-1.0,-1.0,-1.0,-1.0,-1.0,1.0,-1.0,1.0,1.0,-1.0,1.0,0.0,0.0,-1.0,1.0,-1.0,0.0,1.0,1.0,1.0,1.0,1.0,1.0,1.0,-1.0,-1.0,1.0,1.0,0.9992631788725758,1,model_only,
-1.0,-1.0,-1.0,-1.0,-1.0,-1.0,0.0,1.0,-1.0,-1.0,-1.0,-1.0,1.0,0.0,-1.0,-1.0,-1.0,-1.0,0.0,-1.0,-1.0,-1.0,-1.0,1.0,-1.0,0.0,-1.0,-1.0,0.0,-1.0,0.049112255332877275,0,model_only,
-1.0,-1.0,-1.0,-1.0,-1.0,0.0,1.0,1.0,0.0,-1.0,-1.0,-1.0,-1.0,0.0,0.0,-1.0,-1.0,-1.0,0.0,-1.0,-1.0,-1.0,-1.0,1.0,-1.0,1.0,0.0,-1.0,0.0,-1.0,0.6557755637181636,1,model_only,
-1.0,-1.0,-1.0,-1.0,-1.0,-1.0,-1.0,-1.0,0.0,-1.0,-1.0,-1.0,-1.0,-1.0,1.0,-1.0,-1.0,-1.0,0.0,-1.0,-1.0,-1.0,-1.0,-1.0,1.0,-1.0,-1.0,-1.0,1.0,-1.0,1.035427510001946e-11,0,model_only,
-1.0,-1.0,-1.0,-1.0,-1.0,-1.0,-1.0,-1.0,0.0,-1.0,-1.0,-1.0,-1.0,0.0,-1.0,-1.0,-1.0,-1.0,0.0,-1.0,-1.0,-1.0,-1.0,0.0,1.0,1.0,-1.0,1.0,1.0,-1.0,5.036631826609744e-10,0,model_only,
-1.0,1.0,-1.0,-1.0,-1.0,0.0,0.0,1.0,0.0,1.0,1.0,-1.0,1.0,0.0,0.0,1.0,1.0,-1.0,0.0,1.0,-1.0,1.0,1.0,-1.0,1.0,1.0,0.0,-1.0,1.0,1.0,0.9999991961108137,1,model_only,
-1.0,1.0,-1.0,-1.0,-1.0,-1.0,0.0,0.0,-1.0,-1.0,-1.0,-1.0,1.0,-1.0,0.0,1.0,-1.0,-1.0,0.0,-1.0,-1.0,-1.0,-1.0,0.0,-1.0,-1.0,-1.0,-1.0,0.0,-1.0,9.876606155215037e-10,0,model_only,
-1.0,-1.0,-1.0,-1.0,-1.0,0.0,-1.0,1.0,0.0,-1.0,-1.0,-1.0,-1.0,0.0,-1.0,-1.0,-1.0,-1.0,0.0,-1.0,-1.0,-1.0,-1.0,1.0,-1.0,1.0,1.0,-1.0,0.0,-1.0,0.6670079895692481,1,model_only,
-1.0,-1.0,-1.0,-1.0,-1.0,0.0,-1.0,-1.0,1.0,-1.0,-1.0,-1.0,-1.0,0.0,0.0,-1.0,-1.0,-1.0,0.0,-1.0,-1.0,-1.0,-1.0,-1.0,-1.0,-1.0,0.0,1.0,0.0,-1.0,3.754236761249664e-08,0,model_only,
-1.0,-1.0,-1.0,-1.0,-1.0,0.0,-1.0,-1.0,0.0,-1.0,-1.0,-1.0,-1.0,-1.0,-1.0,-1.0,-1.0,-1.0,0.0,-1.0,-1.0,-1.0,-1.0,1.0,-1.0,-1.0,0.0,-1.0,0.0,-1.0,7.978504396295658e-13,0,model_only,
-1.0,-1.0,-1.0,-1.0,-1.0,0.0,0.0,-1.0,1.0,-1.0,-1.0,-1.0,-1.0,-1.0,-1.0,-1.0,-1.0,-1.0,0.0,-1.0,-1.0,-1.0,-1.0,-1.0,-1.0,-1.0,-1.0,-1.0,0.0,-1.0,1.1777336765226911e-14,0,model_only,
-1.0,-1.0,-1.0,-1.0,-1.0,0.0,-1.0,1.0,0.0,-1.0,-1.0,-1.0,-1.0,1.0,1.0,-1.0,-1.0,-1.0,0.0,-1.0,-1.0,-1.0,-1.0,1.0,-1.0,1.0,1.0,-1.0,0.0,-1.0,0.7076530459777716,1,model_only,
-1.0,-1.0,-1.0,-1.0,-1.0,-1.0,1.0,-1.0,-1.0,-1.0,-1.0,-1.0,1.0,0.0,1.0,-1.0,-1.0,-1.0,0.0,-1.0,-1.0,-1.0,-1.0,1.0,-1.0,0.0,-1.0,-1.0,0.0,-1.0,8.549717748272667e-08,0,model_only,
-1.0,-1.0,-1.0,-1.0,-1.0,0.0,1.0,1.0,0.0,-1.0,-1.0,-1.0,1.0,1.0,1.0,-1.0,-1.0,-1.0,0.0,-1.0,-1.0,-1.0,-1.0,0.0,-1.0,1.0,-1.0,-1.0,0.0,-1.0,0.931686053259321,1,model_only,
1.0,-1.0,1.0,-1.0,1.0,1.0,0.0,1.0,0.0,-1.0,-1.0,1.0,1.0,1.0,-1.0,-1.0,-1.0,1.0,1.0,-1.0,-1.0,-1.0,-1.0,-1.0,1.0,1.0,-1.0,-1.0,1.0,-1.0,0.9571663770610734,1,model_only,
-1.0,-1.0,-1.0,-1.0,-1.0,0.0,-1.0,1.0,0.0,-1.0,-1.0,-1.0,-1.0,0.0,0.0,-1.0,-1.0,-1.0,0.0,-1.0,-1.0,-1.0,-1.0,-1.0,-1.0,1.0,0.0,-1.0,0.0,-1.0,0.691179625108972,1,model_only,
-1.0,-1.0,-1.0,-1.0,-1.0,1.0,0.0,1.0,1.0,1.0,1.0,-1.0,-1.0,1.0,1.0,-1.0,1.0,-1.0,0.0,1.0,-1.0,1.0,1.0,0.0,1.0,1.0,-1.0,-1.0,1.0,1.0,0.9999999679984451,1,model_only,
-1.0,-1.0,-1.0,-1.0,-1.0,0.0,-1.0,1.0,0.0,-1.0,-1.0,-1.0,1.0,0.0,1.0,-1.0,-1.0,-1.0,0.0,-1.0,-1.0,-1.0,-1.0,1.0,-1.0,1.0,1.0,-1.0,0.0,-1.0,0.9654765762523896,1,model_only,
-1.0,-1.0,-1.0,1.0,-1.0,-1.0,0.0,0.0,1.0,-1.0,-1.0,-1.0,-1.0,-1.0,0.0,-1.0,-1.0,-1.0,0.0,-1.0,-1.0,-1.0,-1.0,1.0,-1.0,-1.0,-1.0,-1.0,0.0,-1.0,1.313769255157231e-11,0,model_only,
-1.0,1.0,-1.0,-1.0,-1.0,-1.0,0.0,0.0,-1.0,-1.0,-1.0,-1.0,1.0,1.0,0.0,1.0,-1.0,-1.0,0.0,-1.0,-1.0,-1.0,-1.0,1.0,-1.0,-1.0,-1.0,-1.0,0.0,-1.0,0.01990234927827387,0,model_only,
-1.0,1.0,-1.0,-1.0,-1.0,1.0,1.0,1.0,-1.0,-1.0,-1.0,-1.0,1.0,1.0,0.0,1.0,-1.0,-1.0,0.0,-1.0,-1.0,-1.0,-1.0,1.0,1.0,-1.0,-1.0,-1.0,1.0,-1.0,0.9999996125371711,1,model_only,
-1.0,-1.0,-1.0,-1.0,-1.0,-1.0,0.0,-1.0,1.0,-1.0,-1.0,-1.0,-1.0,0.0,1.0,-1.0,-1.0,-1.0,0.0,-1.0,-1.0,-1.0,-1.0,1.0,1.0,1.0,-1.0,-1.0,1.0,-1.0,2.2243314463090722e-11,0,model_only,
-1.0,-1.0,-1.0,-1.0,-1.0,0.0,0.0,1.0,1.0,-1.0,-1.0,-1.0,-1.0,0.0,1.0,-1.0,-1.0,-1.0,0.0,-1.0,-1.0,-1.0,-1.0,-1.0,1.0,1.0,1.0,-1.0,1.0,-1.0,0.6668707831290255,1,model_only,
-1.0,1.0,-1.0,-1.0,-1.0,0.0,-1.0,-1.0,0.0,1.0,1.0,-1.0,-1.0,-1.0,0.0,1.0,1.0,-1.0,0.0,1.0,-1.0,1.0,1.0,-1.0,-1.0,-1.0,-1.0,-1.0,0.0,1.0,7.228465541218689e-08,0,model_only,
-1.0,1.0,-1.0,1.0,-1.0,-1.0,0.0,0.0,0.0,-1.0,-1.0,-1.0,1.0,-1.0,0.0,1.0,-1.0,-1.0,0.0,-1.0,-1.0,-1.0,-1.0,1.0,-1.0,-1.0,-1.0,-1.0,0.0,-1.0,1.7943440770444725e-09,0,model_only,
-1.0,1.0,-1.0,-1.0,-1.0,-1.0,-1.0,-1.0,0.0,-1.0,-1.0,-1.0,1.0,-1.0,-1.0,1.0,-1.0,-1.0,0.0,-1.0,-1.0,-1.0,-1.0,-1.0,1.0,-1.0,-1.0,-1.0,1.0,-1.0,1.7292062125925193e-12,0,model_only,
-1.0,-1.0,-1.0,-1.0,-1.0,0.0,0.0,1.0,1.0,-1.0,-1.0,-1.0,-1.0,0.0,-1.0,-1.0,-1.0,-1.0,0.0,-1.0,-1.0,-1.0,-1.0,0.0,-1.0,-1.0,-1.0,-1.0,0.0,-1.0,0.6327730928370386,1,model_only,
1.0,-1.0,1.0,-1.0,1.0,1.0,1.0,1.0,-1.0,-1.0,-1.0,1.0,1.0,1.0,1.0,-1.0,-1.0,1.0,1.0,-1.0,-1.0,-1.0,-1.0,1.0,1.0,1.0,-1.0,-1.0,1.0,-1.0,0.9995797141511565,1,model_only,
-1.0,-1.0,-1.0,-1.0,-1.0,-1.0,-1.0,-1.0,-1.0,-1.0,-1.0,-1.0,1.0,-1.0,-1.0,-1.0,-1.0,-1.0,0.0,-1.0,-1.0,-1.0,-1.0,-1.0,1.0,-1.0,-1.0,-1.0,1.0,-1.0,7.312443103611133e-12,0,model_only,
-1.0,-1.0,-1.0,-1.0,-1.0,0.0,1.0,1.0,0.0,-1.0,-1.0,-1.0,1.0,0.0,0.0,-1.0,-1.0,-1.0,0.0,-1.0,-1.0,-1.0,-1.0,1.0,-1.0,1.0,-1.0,-1.0,0.0,-1.0,0.6152085219631299,1,model_only,
-1.0,-1.0,-1.0,-1.0,-1.0,0.0,0.0,-1.0,0.0,-1.0,-1.0,-1.0,1.0,-1.0,1.0,-1.0,-1.0,-1.0,0.0,-1.0,-1.0,-1.0,-1.0,-1.0,1.0,-1.0,0.0,-1.0,1.0,-1.0,2.224196449391798e-09,0,model_only,
-1.0,-1.0,-1.0,-1.0,-1.0,0.0,1.0,-1.0,-1.0,-1.0,-1.0,-1.0,1.0,0.0,1.0,-1.0,-1.0,-1.0,0.0,-1.0,-1.0,-1.0,-1.0,1.0,1.0,-1.0,-1.0,-1.0,1.0,-1.0,0.46219728144516764,0,model_only,
1.0,-1.0,1.0,-1.0,1.0,1.0,0.0,1.0,-1.0,-1.0,-1.0,1.0,1.0,1.0,1.0,-1.0,-1.0,1.0,1.0,-1.0,-1.0,-1.0,-1.0,0.0,1.0,1.0,-1.0,-1.0,1.0,-1.0,0.9998514871981299,1,model_only,
-1.0,-1.0,-1.0,-1.0,-1.0,0.0,-1.0,-1.0,1.0,-1.0,-1.0,-1.0,-1.0,-1.0,0.0,-1.0,-1.0,-1.0,0.0,-1.0,-1.0,-1.0,-1.0,1.0,-1.0,-1.0,0.0,-1.0,0.0,-1.0,2.823805773379355e-12,0,model_only,
-1.0,-1.0,-1.0,1.0,-1.0,0.0,-1.0,1.0,1.0,-1.0,-1.0,-1.0,-1.0,0.0,0.0,-1.0,-1.0,-1.0,0.0,-1.0,-1.0,-1.0,-1.0,-1.0,-1.0,-1.0,0.0,-1.0,0.0,-1.0,0.6739340191172865,1,model_only,
-1.0,-1.0,-1.0,-1.0,-1.0,0.0,0.0,0.0,1.0,-1.0,-1.0,-1.0,-1.0,-1.0,-1.0,-1.0,-1.0,-1.0,0.0,-1.0,-1.0,-1.0,-1.0,0.0,1.0,-1.0,-1.0,-1.0,1.0,-1.0,1.0030760272136528e-10,0,model_only,
-1.0,-1.0,-1.0,-1.0,-1.0,-1.0,0.0,1.0,1.0,-1.0,-1.0,-1.0,1.0,-1.0,-1.0,-1.0,-1.0,-1.0,0.0,-1.0,-1.0,-1.0,-1.0,-1.0,-1.0,0.0,-1.0,-1.0,0.0,-1.0,2.403424225412196e-10,0,model_only,
-1.0,-1.0,-1.0,-1.0,-1.0,-1.0,-1.0,-1.0,1.0,-1.0,-1.0,-1.0,-1.0,-1.0,0.0,-1.0,-1.0,-1.0,0.0,-1.0,-1.0,-1.0,-1.0,1.0,-1.0,-1.0,-1.0,-1.0,0.0,-1.0,4.240424116339788e-14,0,model_only,
-1.0,-1.0,-1.0,1.0,-1.0,1.0,-1.0,1.0,1.0,-1.0,-1.0,-1.0,-1.0,1.0,1.0,-1.0,-1.0,-1.0,0.0,-1.0,-1.0,-1.0,-1.0,-1.0,-1.0,1.0,-1.0,-1.0,0.0,-1.0,0.9999705062204433,1,model_only,
-1.0,1.0,-1.0,1.0,-1.0,-1.0,0.0,0.0,0.0,-1.0,-1.0,-1.0,1.0,-1.0,0.0,1.0,-1.0,-1.0,0.0,-1.0,-1.0,-1.0,-1.0,0.0,-1.0,-1.0,-1.0,-1.0,0.0,-1.0,7.769200897818168e-10,0,model_only,
1.0,-1.0,1.0,-1.0,1.0,0.0,-1.0,1.0,0.0,-1.0,-1.0,1.0,1.0,0.0,-1.0,-1.0,-1.0,1.0,1.0,-1.0,-1.0,-1.0,-1.0,1.0,1.0,1.0,1.0,-1.0,1.0,-1.0,0.710885684793845,1,model_only,
-1.0,-1.0,-1.0,-1.0,-1.0,-1.0,0.0,-1.0,1.0,-1.0,-1.0,-1.0,1.0,-1.0,0.0,-1.0,-1.0,-1.0,0.0,-1.0,-1.0,-1.0,-1.0,-1.0,-1.0,-1.0,-1.0,-1.0,0.0,-1.0,6.117610052996026e-14,0,model_only,
-1.0,-1.0,-1.0,1.0,-1.0,-1.0,0.0,0.0,0.0,-1.0,-1.0,-1.0,-1.0,-1.0,0.0,-1.0,-1.0,-1.0,0.0,-1.0,-1.0,-1.0,-1.0,0.0,-1.0,-1.0,-1.0,-1.0,0.0,-1.0,2.062715154321186e-11,0,model_only,
-1.0,-1.0,-1.0,1.0,-1.0,0.0,-1.0,-1.0,0.0,-1.0,-1.0,-1.0,1.0,-1.0,0.0,-1.0,-1.0,-1.0,0.0,-1.0,-1.0,-1.0,-1.0,-1.0,-1.0,-1.0,-1.0,-1.0,0.0,-1.0,1.617963299727212e-10,0,model_only,
-1.0,1.0,-1.0,1.0,-1.0,0.0,-1.0,1.0,-1.0,-1.0,-1.0,-1.0,1.0,1.0,1.0,1.0,-1.0,-1.0,0.0,-1.0,-1.0,-1.0,-1.0,1.0,-1.0,1.0,-1.0,-1.0,0.0,-1.0,0.9999999863683094,1,model_only,
-1.0,-1.0,-1.0,-1.0,-1.0,-1.0,-1.0,1.0,1.0,-1.0,-1.0,-1.0,-1.0,1.0,-1.0,-1.0,-1.0,-1.0,0.0,-1.0,-1.0,-1.0,-1.0,1.0,1.0,-1.0,-1.0,-1.0,1.0,-1.0,0.4231312099819164,0,model_only,
-1.0,-1.0,-1.0,-1.0,-1.0,0.0,0.0,1.0,0.0,1.0,1.0,-1.0,1.0,0.0,0.0,-1.0,1.0,-1.0,0.0,1.0,-1.0,1.0,1.0,-1.0,1.0,1.0,1.0,-1.0,1.0,1.0,0.9999749592226296,1,model_only,
-1.0,1.0,-1.0,1.0,-1.0,-1.0,0.0,-1.0,-1.0,-1.0,-1.0,-1.0,1.0,-1.0,0.0,1.0,-1.0,-1.0,0.0,-1.0,-1.0,-1.0,-1.0,-1.0,-1.0,-1.0,-1.0,-1.0,0.0,-1.0,1.278685356007794e-11,0,model_only,
-1.0,-1.0,-1.0,-1.0,-1.0,1.0,-1.0,1.0,1.0,-1.0,-1.0,-1.0,-1.0,0.0,1.0,-1.0,-1.0,-1.0,0.0,-1.0,-1.0,-1.0,-1.0,1.0,-1.0,1.0,-1.0,-1.0,0.0,-1.0,0.6918615210679077,1,model_only,
-1.0,-1.0,-1.0,1.0,-1.0,-1.0,-1.0,-1.0,1.0,-1.0,-1.0,-1.0,-1.0,-1.0,0.0,-1.0,-1.0,-1.0,0.0,-1.0,-1.0,-1.0,-1.0,-1.0,1.0,-1.0,-1.0,-1.0,1.0,-1.0,2.861582818669244e-13,0,model_only,
-1.0,-1.0,-1.0,-1.0,-1.0,-1.0,-1.0,-1.0,0.0,-1.0,-1.0,-1.0,-1.0,-1.0,0.0,-1.0,-1.0,-1.0,0.0,-1.0,-1.0,-1.0,-1.0,-1.0,-1.0,-1.0,-1.0,-1.0,0.0,-1.0,1.756918874460994e-14,0,model_only,
-1.0,-1.0,-1.0,-1.0,-1.0,-1.0,1.0,1.0,-1.0,-1.0,-1.0,-1.0,1.0,1.0,0.0,-1.0,-1.0,-1.0,0.0,-1.0,-1.0,-1.0,-1.0,1.0,-1.0,1.0,-1.0,-1.0,0.0,-1.0,0.6768616271576908,1,model_only,
-1.0,-1.0,-1.0,-1.0,-1.0,0.0,0.0,-1.0,1.0,-1.0,-1.0,-1.0,-1.0,-1.0,-1.0,-1.0,-1.0,-1.0,0.0,-1.0,-1.0,-1.0,-1.0,-1.0,-1.0,0.0,0.0,-1.0,0.0,-1.0,2.5780255038161405e-14,0,model_only,
-1.0,-1.0,-1.0,-1.0,-1.0,-1.0,0.0,1.0,-1.0,-1.0,-1.0,-1.0,1.0,0.0,0.0,-1.0,-1.0,-1.0,0.0,-1.0,-1.0,-1.0,-1.0,1.0,-1.0,0.0,-1.0,-1.0,0.0,-1.0,0.2590497286641628,0,model_only,
-1.0,-1.0,-1.0,-1.0,-1.0,0.0,-1.0,1.0,-1.0,1.0,1.0,-1.0,1.0,0.0,1.0,-1.0,1.0,-1.0,0.0,1.0,-1.0,1.0,1.0,1.0,1.0,1.0,0.0,-1.0,1.0,1.0,0.9999801624191926,1,model_only,
1.0,-1.0,1.0,-1.0,1.0,1.0,0.0,1.0,-1.0,-1.0,-1.0,1.0,1.0,0.0,0.0,-1.0,-1.0,1.0,1.0,-1.0,-1.0,-1.0,-1.0,0.0,1.0,1.0,-1.0,-1.0,1.0,-1.0,0.9997558950981024,1,model_only,
1.0,-1.0,1.0,-1.0,1.0,-1.0,-1.0,-1.0,0.0,1.0,1.0,1.0,1.0,-1.0,1.0,-1.0,1.0,1.0,1.0,1.0,1.0,1.0,1.0,-1.0,1.0,1.0,-1.0,-1.0,1.0,1.0,0.003165073366186341,0,model_only,
-1.0,-1.0,-1.0,-1.0,-1.0,0.0,0.0,1.0,1.0,-1.0,-1.0,-1.0,-1.0,0.0,1.0,-1.0,-1.0,-1.0,0.0,-1.0,-1.0,-1.0,-1.0,-1.0,-1.0,1.0,0.0,-1.0,0.0,-1.0,0.6376124189873382,1,model_only,
-1.0,-1.0,-1.0,-1.0,-1.0,1.0,0.0,1.0,0.0,-1.0,-1.0,-1.0,1.0,0.0,-1.0,-1.0,-1.0,-1.0,0.0,-1.0,-1.0,-1.0,-1.0,-1.0,-1.0,0.0,-1.0,-1.0,0.0,-1.0,0.6904256923776851,1,model_only,
-1.0,-1.0,-1.0,-1.0,-1.0,0.0,1.0,1.0,-1.0,-1.0,-1.0,-1.0,1.0,1.0,1.0,-1.0,-1.0,-1.0,0.0,-1.0,-1.0,-1.0,-1.0,0.0,-1.0,1.0,1.0,-1.0,0.0,-1.0,0.9998626787372631,1,model_only,
-1.0,-1.0,-1.0,-1.0,-1.0,0.0,-1.0,1.0,0.0,-1.0,-1.0,-1.0,1.0,0.0,0.0,-1.0,-1.0,-1.0,0.0,-1.0,-1.0,-1.0,-1.0,1.0,-1.0,1.0,-1.0,-1.0,0.0,-1.0,0.9209942042822301,1,model_only,
-1.0,-1.0,-1.0,-1.0,-1.0,-1.0,-1.0,-1.0,1.0,-1.0,-1.0,-1.0,-1.0,0.0,-1.0,-1.0,-1.0,-1.0,0.0,-1.0,-1.0,-1.0,-1.0,-1.0,-1.0,1.0,-1.0,-1.0,0.0,-1.0,6.5605729154562274e-12,0,model_only,
-1.0,-1.0,-1.0,-1.0,-1.0,1.0,-1.0,1.0,0.0,-1.0,-1.0,-1.0,1.0,1.0,0.0,-1.0,-1.0,-1.0,0.0,-1.0,-1.0,-1.0,-1.0,-1.0,-1.0,1.0,-1.0,-1.0,0.0,-1.0,0.9995597949350419,1,model_only,
-1.0,1.0,-1.0,1.0,-1.0,0.0,1.0,1.0,0.0,-1.0,-1.0,-1.0,1.0,0.0,1.0,1.0,-1.0,-1.0,0.0,-1.0,-1.0,-1.0,-1.0,1.0,-1.0,1.0,0.0,-1.0,0.0,-1.0,0.9999952147820875,1,model_only,
-1.0,-1.0,-1.0,-1.0,-1.0,-1.0,-1.0,1.0,0.0,-1.0,-1.0,-1.0,1.0,0.0,-1.0,-1.0,-1.0,-1.0,0.0,-1.0,-1.0,-1.0,-1.0,-1.0,-1.0,1.0,-1.0,-1.0,0.0,-1.0,0.050647766806511514,0,model_only,
-1.0,-1.0,-1.0,-1.0,-1.0,-1.0,0.0,-1.0,1.0,-1.0,-1.0,-1.0,-1.0,-1.0,0.0,-1.0,-1.0,-1.0,0.0,-1.0,-1.0,-1.0,-1.0,-1.0,-1.0,-1.0,-1.0,-1.0,0.0,-1.0,3.2034071917770167e-15,0,model_only,
-1.0,1.0,-1.0,-1.0,-1.0,0.0,0.0,1.0,0.0,-1.0,-1.0,-1.0,1.0,0.0,0.0,1.0,-1.0,-1.0,0.0,-1.0,-1.0,-1.0,-1.0,-1.0,-1.0,1.0,0.0,-1.0,0.0,-1.0,0.999990847760652,1,model_only,
-1.0,1.0,-1.0,-1.0,-1.0,1.0,0.0,1.0,-1.0,-1.0,-1.0,-1.0,1.0,1.0,0.0,1.0,-1.0,-1.0,0.0,-1.0,-1.0,-1.0,-1.0,0.0,1.0,1.0,-1.0,-1.0,1.0,-1.0,0.9999994009285729,1,model_only,
-1.0,-1.0,-1.0,-1.0,-1.0,-1.0,1.0,1.0,-1.0,1.0,1.0,-1.0,1.0,1.0,1.0,-1.0,1.0,-1.0,0.0,1.0,1.0,1.0,1.0,1.0,1.0,1.0,1.0,-1.0,1.0,1.0,0.999996227797134,1,model_only,
-1.0,-1.0,-1.0,-1.0,-1.0,-1.0,-1.0,-1.0,0.0,1.0,1.0,-1.0,-1.0,-1.0,0.0,-1.0,1.0,-1.0,0.0,1.0,1.0,1.0,1.0,-1.0,-1.0,0.0,-1.0,-1.0,0.0,1.0,1.0160769460772305e-06,0,model_only,
-1.0,-1.0,-1.0,-1.0,-1.0,0.0,0.0,-1.0,1.0,-1.0,-1.0,-1.0,-1.0,-1.0,-1.0,-1.0,-1.0,-1.0,0.0,-1.0,-1.0,-1.0,-1.0,-1.0,-1.0,0.0,-1.0,-1.0,0.0,-1.0,2.777952891936391e-14,0,model_only,
-1.0,-1.0,-1.0,-1.0,-1.0,0.0,-1.0,-1.0,0.0,-1.0,-1.0,-1.0,-1.0,-1.0,-1.0,-1.0,-1.0,-1.0,0.0,-1.0,-1.0,-1.0,-1.0,-1.0,-1.0,-1.0,-1.0,-1.0,0.0,-1.0,5.345570470909202e-14,0,model_only,
-1.0,-1.0,-1.0,-1.0,-1.0,-1.0,-1.0,-1.0,-1.0,1.0,1.0,-1.0,1.0,1.0,-1.0,-1.0,1.0,-1.0,0.0,1.0,1.0,1.0,1.0,-1.0,1.0,1.0,-1.0,-1.0,1.0,1.0,0.8527532327873827,1,model_only,
1.0,-1.0,1.0,-1.0,1.0,-1.0,0.0,0.0,1.0,-1.0,-1.0,1.0,-1.0,-1.0,1.0,-1.0,-1.0,1.0,1.0,-1.0,-1.0,-1.0,-1.0,1.0,-1.0,-1.0,-1.0,-1.0,0.0,-1.0,1.7980757134946288e-12,0,model_only,
-1.0,-1.0,-1.0,-1.0,-1.0,-1.0,0.0,-1.0,-1.0,-1.0,-1.0,-1.0,1.0,-1.0,0.0,-1.0,-1.0,-1.0,0.0,-1.0,-1.0,-1.0,-1.0,-1.0,-1.0,1.0,-1.0,-1.0,0.0,-1.0,9.336094274985938e-12,0,model_only,
-1.0,-1.0,-1.0,-1.0,-1.0,0.0,-1.0,-1.0,0.0,-1.0,-1.0,-1.0,1.0,0.0,-1.0,-1.0,-1.0,-1.0,0.0,-1.0,-1.0,-1.0,-1.0,0.0,-1.0,1.0,-1.0,-1.0,0.0,-1.0,1.6389556756069393e-06,0,model_only,
-1.0,-1.0,-1.0,-1.0,-1.0,-1.0,0.0,1.0,1.0,-1.0,-1.0,-1.0,-1.0,0.0,1.0,-1.0,-1.0,-1.0,0.0,-1.0,-1.0,-1.0,-1.0,-1.0,-1.0,1.0,-1.0,-1.0,0.0,-1.0,0.0004953515532355572,0,model_only,
-1.0,-1.0,-1.0,-1.0,-1.0,1.0,-1.0,1.0,0.0,-1.0,-1.0,-1.0,1.0,0.0,-1.0,-1.0,-1.0,-1.0,0.0,-1.0,-1.0,-1.0,-1.0,-1.0,1.0,1.0,-1.0,-1.0,1.0,-1.0,0.9379952175424683,1,model_only,
1.0,-1.0,1.0,-1.0,1.0,0.0,0.0,-1.0,0.0,1.0,1.0,1.0,1.0,-1.0,1.0,-1.0,1.0,1.0,1.0,1.0,1.0,1.0,1.0,-1.0,1.0,1.0,-1.0,-1.0,1.0,1.0,0.02335690582056746,0,model_only,
1.0,-1.0,1.0,-1.0,1.0,0.0,0.0,0.0,0.0,-1.0,-1.0,1.0,-1.0,-1.0,1.0,-1.0,-1.0,1.0,1.0,-1.0,-1.0,-1.0,-1.0,1.0,-1.0,-1.0,0.0,-1.0,0.0,-1.0,1.6658464458529734e-10,0,model_only,
-1.0,-1.0,-1.0,1.0,-1.0,0.0,0.0,0.0,-1.0,-1.0,-1.0,-1.0,1.0,-1.0,0.0,-1.0,-1.0,-1.0,0.0,-1.0,-1.0,-1.0,-1.0,1.0,-1.0,-1.0,0.0,-1.0,0.0,-1.0,0.0009508044974645504,0,model_only,
-1.0,-1.0,-1.0,-1.0,-1.0,-1.0,-1.0,-1.0,0.0,-1.0,-1.0,-1.0,1.0,-1.0,0.0,-1.0,-1.0,-1.0,0.0,-1.0,-1.0,-1.0,-1.0,-1.0,1.0,-1.0,-1.0,-1.0,1.0,-1.0,4.931583582127394e-11,0,model_only,
-1.0,1.0,-1.0,-1.0,-1.0,0.0,-1.0,-1.0,1.0,-1.0,-1.0,-1.0,-1.0,-1.0,0.0,1.0,-1.0,-1.0,0.0,-1.0,-1.0,-1.0,-1.0,-1.0,-1.0,-1.0,-1.0,-1.0,0.0,-1.0,5.055720464979031e-14,0,model_only,
-1.0,-1.0,-1.0,-1.0,-1.0,0.0,1.0,1.0,-1.0,-1.0,-1.0,-1.0,1.0,0.0,-1.0,-1.0,-1.0,-1.0,0.0,-1.0,-1.0,-1.0,-1.0,1.0,1.0,0.0,0.0,-1.0,1.0,-1.0,0.7083734127769347,1,model_only,
-1.0,-1.0,-1.0,-1.0,-1.0,0.0,-1.0,-1.0,0.0,-1.0,-1.0,-1.0,-1.0,0.0,-1.0,-1.0,-1.0,-1.0,0.0,-1.0,-1.0,-1.0,-1.0,-1.0,-1.0,1.0,-1.0,-1.0,0.0,-1.0,5.416673398109753e-09,0,model_only,
-1.0,-1.0,-1.0,-1.0,-1.0,-1.0,-1.0,-1.0,0.0,-1.0,-1.0,-1.0,-1.0,-1.0,0.0,-1.0,-1.0,-1.0,0.0,-1.0,-1.0,-1.0,-1.0,-1.0,1.0,-1.0,-1.0,-1.0,1.0,-1.0,1.389679714259642e-12,0,model_only,
-1.0,-1.0,-1.0,-1.0,-1.0,0.0,0.0,1.0,0.0,1.0,1.0,-1.0,1.0,0.0,-1.0,-1.0,1.0,-1.0,0.0,1.0,1.0,1.0,1.0,0.0,-1.0,1.0,-1.0,-1.0,0.0,1.0,0.9992698141463654,1,model_only,
-1.0,-1.0,-1.0,-1.0,-1.0,-1.0,-1.0,-1.0,0.0,1.0,1.0,-1.0,1.0,-1.0,0.0,-1.0,1.0,-1.0,0.0,1.0,1.0,1.0,1.0,-1.0,-1.0,-1.0,-1.0,-1.0,0.0,1.0,2.0969155559234893e-07,0,model_only,
-1.0,1.0,-1.0,-1.0,-1.0,-1.0,0.0,1.0,-1.0,-1.0,-1.0,-1.0,1.0,1.0,0.0,1.0,-1.0,-1.0,0.0,-1.0,-1.0,-1.0,-1.0,-1.0,-1.0,1.0,1.0,1.0,0.0,-1.0,0.9999999806148153,1,model_only,
-1.0,-1.0,-1.0,-1.0,-1.0,-1.0,-1.0,1.0,1.0,-1.0,-1.0,-1.0,-1.0,0.0,-1.0,-1.0,-1.0,-1.0,0.0,-1.0,-1.0,-1.0,-1.0,-1.0,-1.0,1.0,-1.0,-1.0,0.0,-1.0,0.0011288196951142306,0,model_only,
-1.0,-1.0,-1.0,-1.0,-1.0,-1.0,-1.0,-1.0,1.0,-1.0,-1.0,-1.0,-1.0,-1.0,0.0,-1.0,-1.0,-1.0,0.0,-1.0,-1.0,-1.0,-1.0,-1.0,-1.0,-1.0,-1.0,-1.0,0.0,-1.0,3.712351836694208e-15,0,model_only,
1.0,-1.0,1.0,-1.0,1.0,-1.0,0.0,-1.0,-1.0,-1.0,-1.0,1.0,1.0,-1.0,1.0,-1.0,-1.0,1.0,1.0,-1.0,-1.0,-1.0,-1.0,-1.0,-1.0,-1.0,-1.0,-1.0,0.0,-1.0,4.170087113471414e-12,0,model_only,
-1.0,-1.0,-1.0,-1.0,-1.0,1.0,-1.0,1.0,-1.0,-1.0,-1.0,-1.0,1.0,0.0,0.0,-1.0,-1.0,-1.0,0.0,-1.0,-1.0,-1.0,-1.0,-1.0,-1.0,1.0,1.0,-1.0,0.0,-1.0,0.9998919616002154,1,model_only,
1.0,-1.0,1.0,-1.0,1.0,0.0,1.0,1.0,-1.0,-1.0,-1.0,1.0,1.0,1.0,-1.0,-1.0,-1.0,1.0,1.0,-1.0,-1.0,-1.0,-1.0,0.0,1.0,1.0,-1.0,-1.0,1.0,-1.0,0.7324096627137419,1,model_only,
-1.0,-1.0,-1.0,-1.0,-1.0,-1.0,-1.0,-1.0,0.0,-1.0,-1.0,-1.0,1.0,0.0,-1.0,-1.0,-1.0,-1.0,0.0,-1.0,-1.0,-1.0,-1.0,-1.0,-1.0,1.0,-1.0,1.0,0.0,-1.0,2.8489543894243117e-09,0,model_only,
-1.0,-1.0,-1.0,-1.0,-1.0,1.0,0.0,1.0,1.0,-1.0,-1.0,-1.0,-1.0,1.0,-1.0,-1.0,-1.0,-1.0,0.0,-1.0,-1.0,-1.0,-1.0,-1.0,1.0,1.0,1.0,-1.0,1.0,-1.0,0.6688305400704545,1,model_only,
-1.0,-1.0,-1.0,-1.0,-1.0,0.0,1.0,1.0,0.0,-1.0,-1.0,-1.0,1.0,1.0,1.0,-1.0,-1.0,-1.0,0.0,-1.0,-1.0,-1.0,-1.0,1.0,-1.0,1.0,0.0,-1.0,0.0,-1.0,0.8940668239545767,1,model_only,
1.0,1.0,1.0,-1.0,1.0,-1.0,0.0,-1.0,-1.0,1.0,1.0,1.0,1.0,-1.0,1.0,1.0,1.0,1.0,1.0,1.0,1.0,1.0,1.0,-1.0,1.0,-1.0,-1.0,-1.0,1.0,1.0,5.375698583711109e-06,0,model_only,
-1.0,-1.0,-1.0,-1.0,-1.0,0.0,0.0,0.0,-1.0,-1.0,-1.0,-1.0,1.0,-1.0,0.0,-1.0,-1.0,-1.0,0.0,-1.0,-1.0,-1.0,-1.0,0.0,-1.0,-1.0,-1.0,-1.0,0.0,-1.0,2.369431511083476e-07,0,model_only,
-1.0,-1.0,-1.0,-1.0,-1.0,0.0,-1.0,1.0,0.0,1.0,1.0,-1.0,1.0,1.0,0.0,-1.0,1.0,-1.0,0.0,1.0,1.0,1.0,1.0,-1.0,-1.0,1.0,-1.0,-1.0,0.0,1.0,0.9999996906511296,1,model_only,
-1.0,-1.0,-1.0,-1.0,-1.0,0.0,0.0,1.0,0.0,1.0,1.0,-1.0,1.0,1.0,0.0,-1.0,1.0,-1.0,0.0,1.0,1.0,1.0,1.0,-1.0,1.0,1.0,-1.0,-1.0,1.0,1.0,0.9999994987902986,1,model_only,
-1.0,-1.0,-1.0,-1.0,-1.0,0.0,0.0,1.0,1.0,-1.0,-1.0,-1.0,-1.0,0.0,0.0,-1.0,-1.0,-1.0,0.0,-1.0,-1.0,-1.0,-1.0,-1.0,-1.0,-1.0,1.0,-1.0,0.0,-1.0,0.6666353030726034,1,model_only,
-1.0,-1.0,-1.0,-1.0,-1.0,-1.0,-1.0,1.0,0.0,-1.0,-1.0,-1.0,-1.0,-1.0,-1.0,-1.0,-1.0,-1.0,0.0,-1.0,-1.0,-1.0,-1.0,-1.0,-1.0,0.0,-1.0,-1.0,0.0,-1.0,6.592771021171836e-11,0,model_only,
-1.0,-1.0,-1.0,-1.0,-1.0,0.0,0.0,-1.0,0.0,1.0,1.0,-1.0,1.0,-1.0,0.0,-1.0,1.0,-1.0,0.0,1.0,1.0,1.0,1.0,-1.0,-1.0,-1.0,-1.0,-1.0,0.0,1.0,0.03298395370044529,0,model_only,
-1.0,-1.0,-1.0,-1.0,-1.0,-1.0,-1.0,-1.0,-1.0,-1.0,-1.0,-1.0,1.0,0.0,0.0,-1.0,-1.0,-1.0,0.0,-1.0,-1.0,-1.0,-1.0,-1.0,-1.0,1.0,-1.0,1.0,0.0,-1.0,1.1218271915873825e-06,0,model_only,
-1.0,-1.0,-1.0,-1.0,-1.0,0.0,1.0,-1.0,1.0,-1.0,-1.0,-1.0,-1.0,0.0,-1.0,-1.0,-1.0,-1.0,0.0,-1.0,-1.0,-1.0,-1.0,0.0,1.0,1.0,-1.0,-1.0,1.0,-1.0,2.836569722621055e-09,0,model_only,
-1.0,-1.0,-1.0,-1.0,-1.0,0.0,-1.0,1.0,-1.0,1.0,1.0,-1.0,1.0,1.0,0.0,-1.0,1.0,-1.0,0.0,1.0,1.0,1.0,1.0,-1.0,-1.0,1.0,1.0,-1.0,0.0,1.0,0.9999999031652326,1,model_only,
-1.0,1.0,-1.0,-1.0,-1.0,0.0,0.0,1.0,-1.0,-1.0,-1.0,-1.0,1.0,1.0,0.0,1.0,-1.0,-1.0,0.0,-1.0,-1.0,-1.0,-1.0,0.0,1.0,1.0,-1.0,-1.0,1.0,-1.0,0.9999588607696079,1,model_only,
-1.0,-1.0,-1.0,-1.0,-1.0,-1.0,-1.0,-1.0,1.0,1.0,1.0,-1.0,-1.0,-1.0,0.0,-1.0,1.0,-1.0,0.0,1.0,1.0,1.0,1.0,-1.0,-1.0,0.0,-1.0,-1.0,0.0,1.0,7.461167529849865e-07,0,model_only,
1.0,-1.0,1.0,-1.0,1.0,-1.0,-1.0,-1.0,0.0,-1.0,-1.0,1.0,-1.0,-1.0,1.0,-1.0,-1.0,1.0,1.0,-1.0,-1.0,-1.0,-1.0,-1.0,-1.0,-1.0,-1.0,-1.0,0.0,-1.0,1.2661185194405969e-14,0,model_only,
-1.0,-1.0,-1.0,1.0,-1.0,0.0,-1.0,1.0,0.0,-1.0,-1.0,-1.0,1.0,1.0,1.0,-1.0,-1.0,-1.0,0.0,-1.0,-1.0,-1.0,-1.0,1.0,-1.0,1.0,1.0,-1.0,0.0,-1.0,0.9999779249359485,1,model_only,
-1.0,-1.0,-1.0,-1.0,-1.0,0.0,0.0,0.0,0.0,-1.0,-1.0,-1.0,-1.0,-1.0,-1.0,-1.0,-1.0,-1.0,0.0,-1.0,-1.0,-1.0,-1.0,1.0,1.0,-1.0,-1.0,-1.0,1.0,-1.0,3.3578138744772504e-09,0,model_only,
1.0,1.0,1.0,-1.0,1.0,0.0,0.0,0.0,-1.0,-1.0,-1.0,1.0,1.0,-1.0,1.0,1.0,-1.0,1.0,1.0,-1.0,-1.0,-1.0,-1.0,0.0,1.0,1.0,0.0,-1.0,1.0,-1.0,0.3334450466021748,0,model_only,
-1.0,-1.0,-1.0,-1.0,-1.0,-1.0,0.0,-1.0,1.0,-1.0,-1.0,-1.0,-1.0,0.0,1.0,-1.0,-1.0,-1.0,0.0,-1.0,-1.0,-1.0,-1.0,1.0,1.0,1.0,-1.0,-1.0,1.0,-1.0,2.2243314463090722e-11,0,model_only,
1.0,1.0,1.0,-1.0,1.0,0.0,0.0,1.0,-1.0,-1.0,-1.0,1.0,1.0,0.0,-1.0,1.0,-1.0,1.0,1.0,-1.0,-1.0,-1.0,-1.0,-1.0,1.0,1.0,1.0,1.0,1.0,-1.0,0.9999986497125742,1,model_only,
-1.0,-1.0,-1.0,-1.0,-1.0,0.0,0.0,1.0,0.0,1.0,1.0,-1.0,1.0,0.0,0.0,-1.0,1.0,-1.0,0.0,1.0,1.0,1.0,1.0,-1.0,1.0,1.0,0.0,-1.0,1.0,1.0,0.9999859966565934,1,model_only,
-1.0,-1.0,-1.0,1.0,-1.0,0.0,-1.0,1.0,0.0,-1.0,-1.0,-1.0,-1.0,1.0,1.0,-1.0,-1.0,-1.0,0.0,-1.0,-1.0,-1.0,-1.0,1.0,-1.0,1.0,1.0,-1.0,0.0,-1.0,0.9971878342686135,1,model_only,
-1.0,1.0,-1.0,-1.0,-1.0,0.0,-1.0,1.0,-1.0,-1.0,-1.0,-1.0,1.0,1.0,0.0,1.0,-1.0,-1.0,0.0,-1.0,-1.0,-1.0,-1.0,1.0,-1.0,1.0,1.0,-1.0,0.0,-1.0,0.9999861067286159,1,model_only,
-1.0,-1.0,-1.0,-1.0,-1.0,-1.0,-1.0,1.0,1.0,1.0,1.0,-1.0,-1.0,1.0,1.0,-1.0,1.0,-1.0,0.0,1.0,1.0,1.0,1.0,1.0,1.0,1.0,-1.0,-1.0,1.0,1.0,0.9999926708859302,1,model_only,
-1.0,-1.0,-1.0,-1.0,-1.0,-1.0,0.0,0.0,1.0,-1.0,-1.0,-1.0,-1.0,-1.0,0.0,-1.0,-1.0,-1.0,0.0,-1.0,-1.0,-1.0,-1.0,1.0,1.0,0.0,-1.0,-1.0,1.0,-1.0,5.982661519906541e-12,0,model_only,
-1.0,1.0,-1.0,-1.0,-1.0,1.0,-1.0,1.0,-1.0,-1.0,-1.0,-1.0,1.0,-1.0,0.0,1.0,-1.0,-1.0,0.0,-1.0,-1.0,-1.0,-1.0,1.0,1.0,1.0,-1.0,-1.0,1.0,-1.0,0.9842696944204409,1,model_only,
-1.0,1.0,-1.0,-1.0,-1.0,0.0,-1.0,1.0,-1.0,-1.0,-1.0,-1.0,1.0,0.0,0.0,1.0,-1.0,-1.0,0.0,-1.0,-1.0,-1.0,-1.0,1.0,-1.0,1.0,0.0,-1.0,0.0,-1.0,0.9999840384160185,1,model_only,
-1.0,-1.0,-1.0,-1.0,-1.0,1.0,1.0,1.0,-1.0,1.0,1.0,-1.0,1.0,0.0,-1.0,-1.0,1.0,-1.0,0.0,1.0,1.0,1.0,1.0,1.0,1.0,1.0,-1.0,-1.0,1.0,1.0,0.9999893979411055,1,model_only,
-1.0,-1.0,-1.0,-1.0,-1.0,-1.0,0.0,1.0,1.0,-1.0,-1.0,-1.0,-1.0,0.0,-1.0,-1.0,-1.0,-1.0,0.0,-1.0,-1.0,-1.0,-1.0,-1.0,-1.0,0.0,-1.0,1.0,0.0,-1.0,2.509676515335428e-06,0,model_only,
-1.0,-1.0,-1.0,-1.0,-1.0,-1.0,-1.0,-1.0,1.0,-1.0,-1.0,-1.0,-1.0,0.0,-1.0,-1.0,-1.0,-1.0,0.0,-1.0,-1.0,-1.0,-1.0,0.0,1.0,1.0,-1.0,1.0,1.0,-1.0,1.0739875659250196e-10,0,model_only,
1.0,1.0,1.0,-1.0,1.0,-1.0,0.0,-1.0,-1.0,1.0,1.0,1.0,1.0,-1.0,1.0,1.0,1.0,1.0,1.0,1.0,1.0,1.0,1.0,-1.0,1.0,1.0,-1.0,-1.0,1.0,1.0,4.9717400160239456e-05,0,model_only,
-1.0,-1.0,-1.0,-1.0,-1.0,-1.0,-1.0,-1.0,0.0,-1.0,-1.0,-1.0,1.0,0.0,-1.0,-1.0,-1.0,-1.0,0.0,-1.0,-1.0,-1.0,-1.0,-1.0,-1.0,0.0,-1.0,1.0,0.0,-1.0,1.5141893347010406e-10,0,model_only,
-1.0,-1.0,-1.0,-1.0,-1.0,0.0,0.0,1.0,1.0,-1.0,-1.0,-1.0,-1.0,1.0,1.0,-1.0,-1.0,-1.0,0.0,-1.0,-1.0,-1.0,-1.0,-1.0,-1.0,1.0,1.0,-1.0,0.0,-1.0,0.7840712431374545,1,model_only,
-1.0,-1.0,-1.0,-1.0,-1.0,-1.0,-1.0,-1.0,0.0,-1.0,-1.0,-1.0,1.0,0.0,-1.0,-1.0,-1.0,-1.0,0.0,-1.0,-1.0,-1.0,-1.0,0.0,-1.0,1.0,-1.0,1.0,0.0,-1.0,7.076261310979313e-09,0,model_only,
-1.0,-1.0,-1.0,-1.0,-1.0,0.0,-1.0,-1.0,0.0,-1.0,-1.0,-1.0,1.0,-1.0,-1.0,-1.0,-1.0,-1.0,0.0,-1.0,-1.0,-1.0,-1.0,-1.0,-1.0,1.0,-1.0,-1.0,0.0,-1.0,3.279902782721076e-11,0,model_only,
-1.0,-1.0,-1.0,-1.0,-1.0,0.0,-1.0,-1.0,1.0,-1.0,-1.0,-1.0,-1.0,-1.0,-1.0,-1.0,-1.0,-1.0,0.0,-1.0,-1.0,-1.0,-1.0,-1.0,1.0,0.0,-1.0,-1.0,1.0,-1.0,3.172487541454397e-13,0,model_only,
1.0,1.0,1.0,-1.0,1.0,-1.0,1.0,1.0,-1.0,-1.0,-1.0,1.0,1.0,0.0,-1.0,1.0,-1.0,1.0,1.0,-1.0,-1.0,-1.0,-1.0,1.0,1.0,0.0,-1.0,-1.0,1.0,-1.0,0.3294076940079807,0,model_only,
-1.0,-1.0,-1.0,1.0,-1.0,-1.0,0.0,-1.0,0.0,-1.0,-1.0,-1.0,1.0,-1.0,0.0,-1.0,-1.0,-1.0,0.0,-1.0,-1.0,-1.0,-1.0,-1.0,-1.0,-1.0,-1.0,-1.0,0.0,-1.0,5.739028978667059e-13,0,model_only,
-1.0,-1.0,-1.0,-1.0,-1.0,0.0,1.0,1.0,0.0,-1.0,-1.0,-1.0,-1.0,1.0,0.0,-1.0,-1.0,-1.0,0.0,-1.0,-1.0,-1.0,-1.0,1.0,-1.0,1.0,1.0,-1.0,0.0,-1.0,0.6848180833762298,1,model_only,
-1.0,1.0,-1.0,-1.0,-1.0,-1.0,0.0,0.0,0.0,-1.0,-1.0,-1.0,1.0,-1.0,0.0,1.0,-1.0,-1.0,0.0,-1.0,-1.0,-1.0,-1.0,1.0,1.0,0.0,-1.0,-1.0,1.0,-1.0,1.960310612570234e-09,0,model_only,
-1.0,-1.0,-1.0,-1.0,-1.0,-1.0,1.0,1.0,0.0,-1.0,-1.0,-1.0,1.0,0.0,1.0,-1.0,-1.0,-1.0,0.0,-1.0,-1.0,-1.0,-1.0,1.0,-1.0,0.0,-1.0,-1.0,0.0,-1.0,0.001167858899213368,0,model_only,
-1.0,-1.0,-1.0,-1.0,-1.0,-1.0,-1.0,-1.0,0.0,-1.0,-1.0,-1.0,1.0,-1.0,1.0,-1.0,-1.0,-1.0,0.0,-1.0,-1.0,-1.0,-1.0,-1.0,1.0,-1.0,-1.0,-1.0,1.0,-1.0,4.665498405648345e-10,0,model_only,
1.0,-1.0,1.0,-1.0,1.0,1.0,1.0,-1.0,-1.0,-1.0,-1.0,1.0,1.0,1.0,0.0,-1.0,-1.0,1.0,1.0,-1.0,-1.0,-1.0,-1.0,1.0,1.0,1.0,-1.0,-1.0,1.0,-1.0,0.34496328323606723,0,model_only,
-1.0,-1.0,-1.0,-1.0,-1.0,0.0,1.0,1.0,1.0,-1.0,-1.0,-1.0,-1.0,0.0,0.0,-1.0,-1.0,-1.0,0.0,-1.0,-1.0,-1.0,-1.0,1.0,-1.0,0.0,1.0,-1.0,0.0,-1.0,0.6625204676103505,1,model_only,
-1.0,-1.0,-1.0,1.0,-1.0,0.0,-1.0,1.0,-1.0,-1.0,-1.0,-1.0,1.0,1.0,1.0,-1.0,-1.0,-1.0,0.0,-1.0,-1.0,-1.0,-1.0,-1.0,-1.0,1.0,1.0,-1.0,0.0,-1.0,0.9999999318306347,1,model_only,
-1.0,-1.0,-1.0,-1.0,-1.0,1.0,1.0,1.0,1.0,-1.0,-1.0,-1.0,-1.0,1.0,1.0,-1.0,-1.0,-1.0,0.0,-1.0,-1.0,-1.0,-1.0,0.0,-1.0,1.0,-1.0,-1.0,0.0,-1.0,0.8026838400691744,1,model_only,
-1.0,-1.0,-1.0,-1.0,-1.0,0.0,0.0,1.0,-1.0,-1.0,-1.0,-1.0,1.0,0.0,0.0,-1.0,-1.0,-1.0,0.0,-1.0,-1.0,-1.0,-1.0,-1.0,-1.0,1.0,1.0,1.0,0.0,-1.0,0.9990830164306206,1,model_only,
-1.0,-1.0,-1.0,-1.0,-1.0,0.0,1.0,1.0,0.0,1.0,1.0,-1.0,-1.0,0.0,0.0,-1.0,1.0,-1.0,0.0,1.0,1.0,1.0,1.0,1.0,1.0,1.0,0.0,-1.0,1.0,1.0,0.9999730016229483,1,model_only,
-1.0,-1.0,-1.0,-1.0,-1.0,1.0,-1.0,1.0,0.0,-1.0,-1.0,-1.0,1.0,-1.0,-1.0,-1.0,-1.0,-1.0,0.0,-1.0,-1.0,-1.0,-1.0,1.0,1.0,1.0,-1.0,-1.0,1.0,-1.0,0.6738074017791509,1,model_only,
-1.0,-1.0,-1.0,-1.0,-1.0,0.0,0.0,1.0,-1.0,1.0,1.0,-1.0,1.0,0.0,1.0,-1.0,1.0,-1.0,0.0,1.0,1.0,1.0,1.0,-1.0,1.0,1.0,0.0,-1.0,1.0,1.0,0.9999977645382337,1,model_only,
-1.0,-1.0,-1.0,-1.0,-1.0,-1.0,-1.0,-1.0,0.0,-1.0,-1.0,-1.0,1.0,-1.0,-1.0,-1.0,-1.0,-1.0,0.0,-1.0,-1.0,-1.0,-1.0,-1.0,-1.0,-1.0,-1.0,-1.0,0.0,-1.0,1.773401661766571e-14,0,model_only,
-1.0,-1.0,-1.0,-1.0,-1.0,0.0,-1.0,-1.0,0.0,-1.0,-1.0,-1.0,-1.0,0.0,-1.0,-1.0,-1.0,-1.0,0.0,-1.0,-1.0,-1.0,-1.0,-1.0,-1.0,-1.0,1.0,-1.0,0.0,-1.0,2.4522307192889243e-09,0,model_only,
-1.0,1.0,-1.0,-1.0,-1.0,1.0,1.0,1.0,0.0,-1.0,-1.0,-1.0,1.0,1.0,0.0,1.0,-1.0,-1.0,0.0,-1.0,-1.0,-1.0,-1.0,1.0,-1.0,-1.0,1.0,-1.0,0.0,-1.0,0.9999984864022221,1,model_only,
-1.0,-1.0,-1.0,-1.0,-1.0,-1.0,1.0,1.0,-1.0,-1.0,-1.0,-1.0,1.0,0.0,1.0,-1.0,-1.0,-1.0,0.0,-1.0,-1.0,-1.0,-1.0,1.0,-1.0,0.0,-1.0,-1.0,0.0,-1.0,0.0793065634613781,0,model_only,
-1.0,-1.0,-1.0,-1.0,-1.0,0.0,0.0,1.0,-1.0,1.0,1.0,-1.0,1.0,0.0,1.0,-1.0,1.0,-1.0,0.0,1.0,1.0,1.0,1.0,-1.0,1.0,1.0,-1.0,-1.0,1.0,1.0,0.9999979455912409,1,model_only,
-1.0,-1.0,-1.0,-1.0,-1.0,1.0,1.0,1.0,1.0,-1.0,-1.0,-1.0,-1.0,1.0,-1.0,-1.0,-1.0,-1.0,0.0,-1.0,-1.0,-1.0,-1.0,1.0,1.0,-1.0,-1.0,-1.0,1.0,-1.0,0.682480501487334,1,model_only,
-1.0,-1.0,-1.0,-1.0,-1.0,0.0,-1.0,1.0,1.0,-1.0,-1.0,-1.0,1.0,0.0,1.0,-1.0,-1.0,-1.0,0.0,-1.0,-1.0,-1.0,-1.0,-1.0,1.0,-1.0,-1.0,-1.0,1.0,-1.0,0.9625585308705765,1,model_only,
-1.0,1.0,-1.0,-1.0,-1.0,0.0,1.0,-1.0,-1.0,-1.0,-1.0,-1.0,1.0,1.0,1.0,1.0,-1.0,-1.0,0.0,-1.0,-1.0,-1.0,-1.0,1.0,1.0,1.0,-1.0,-1.0,1.0,-1.0,0.7050145667912918,1,model_only,
-1.0,-1.0,-1.0,-1.0,-1.0,0.0,0.0,1.0,-1.0,-1.0,-1.0,-1.0,1.0,1.0,-1.0,-1.0,-1.0,-1.0,0.0,-1.0,-1.0,-1.0,-1.0,-1.0,-1.0,0.0,-1.0,-1.0,0.0,-1.0,0.6914048947079011,1,model_only,
-1.0,-1.0,-1.0,-1.0,-1.0,-1.0,-1.0,1.0,-1.0,-1.0,-1.0,-1.0,1.0,0.0,-1.0,-1.0,-1.0,-1.0,0.0,-1.0,-1.0,-1.0,-1.0,-1.0,-1.0,0.0,-1.0,-1.0,0.0,-1.0,0.04070169008279234,0,model_only,
-1.0,-1.0,-1.0,-1.0,-1.0,-1.0,-1.0,-1.0,1.0,-1.0,-1.0,-1.0,-1.0,-1.0,0.0,-1.0,-1.0,-1.0,0.0,-1.0,-1.0,-1.0,-1.0,-1.0,-1.0,0.0,-1.0,-1.0,0.0,-1.0,7.53434490646052e-15,0,model_only,
-1.0,1.0,-1.0,1.0,-1.0,0.0,0.0,1.0,-1.0,-1.0,-1.0,-1.0,1.0,0.0,1.0,1.0,-1.0,-1.0,0.0,-1.0,-1.0,-1.0,-1.0,-1.0,-1.0,1.0,1.0,-1.0,0.0,-1.0,0.9999999941116816,1,model_only,
1.0,1.0,1.0,-1.0,1.0,0.0,-1.0,1.0,0.0,-1.0,-1.0,1.0,1.0,1.0,0.0,1.0,-1.0,1.0,1.0,-1.0,-1.0,-1.0,-1.0,1.0,1.0,1.0,0.0,-1.0,1.0,-1.0,0.9998434665129764,1,model_only,
-1.0,-1.0,-1.0,-1.0,-1.0,-1.0,0.0,-1.0,0.0,-1.0,-1.0,-1.0,1.0,-1.0,0.0,-1.0,-1.0,-1.0,0.0,-1.0,-1.0,-1.0,-1.0,-1.0,-1.0,-1.0,-1.0,-1.0,0.0,-1.0,2.975725280173376e-13,0,model_only,
-1.0,-1.0,-1.0,-1.0,-1.0,-1.0,-1.0,-1.0,1.0,1.0,1.0,-1.0,-1.0,-1.0,0.0,-1.0,1.0,-1.0,0.0,1.0,1.0,1.0,1.0,-1.0,1.0,0.0,-1.0,-1.0,1.0,1.0,0.0003843586298141334,0,model_only,
-1.0,-1.0,-1.0,-1.0,-1.0,1.0,-1.0,1.0,-1.0,-1.0,-1.0,-1.0,1.0,0.0,-1.0,-1.0,-1.0,-1.0,0.0,-1.0,-1.0,-1.0,-1.0,1.0,1.0,1.0,1.0,-1.0,1.0,-1.0,0.9693563551112977,1,model_only,
-1.0,-1.0,-1.0,-1.0,-1.0,-1.0,-1.0,-1.0,1.0,-1.0,-1.0,-1.0,-1.0,0.0,-1.0,-1.0,-1.0,-1.0,0.0,-1.0,-1.0,-1.0,-1.0,-1.0,1.0,1.0,-1.0,-1.0,1.0,-1.0,1.221861102450357e-11,0,model_only,
-1.0,1.0,-1.0,-1.0,-1.0,-1.0,0.0,0.0,0.0,-1.0,-1.0,-1.0,1.0,-1.0,0.0,1.0,-1.0,-1.0,0.0,-1.0,-1.0,-1.0,-1.0,1.0,-1.0,-1.0,-1.0,-1.0,0.0,-1.0,3.3416252921308164e-10,0,model_only,
-1.0,-1.0,-1.0,-1.0,-1.0,0.0,1.0,1.0,-1.0,-1.0,-1.0,-1.0,1.0,1.0,0.0,-1.0,-1.0,-1.0,0.0,-1.0,-1.0,-1.0,-1.0,1.0,1.0,-1.0,-1.0,-1.0,1.0,-1.0,0.9978155149233509,1,model_only,
-1.0,-1.0,-1.0,-1.0,-1.0,0.0,1.0,1.0,1.0,-1.0,-1.0,-1.0,-1.0,0.0,1.0,-1.0,-1.0,-1.0,0.0,-1.0,-1.0,-1.0,-1.0,1.0,1.0,1.0,1.0,-1.0,1.0,-1.0,0.5549092238116424,1,model_only,
-1.0,-1.0,-1.0,-1.0,-1.0,0.0,-1.0,-1.0,1.0,-1.0,-1.0,-1.0,1.0,0.0,0.0,-1.0,-1.0,-1.0,0.0,-1.0,-1.0,-1.0,-1.0,-1.0,1.0,1.0,-1.0,1.0,1.0,-1.0,0.0003506342459746027,0,model_only,
-1.0,-1.0,-1.0,-1.0,-1.0,1.0,1.0,1.0,1.0,-1.0,-1.0,-1.0,-1.0,1.0,1.0,-1.0,-1.0,-1.0,0.0,-1.0,-1.0,-1.0,-1.0,1.0,1.0,-1.0,-1.0,-1.0,1.0,-1.0,0.9243476499130785,1,model_only,
-1.0,-1.0,-1.0,-1.0,-1.0,0.0,0.0,0.0,0.0,-1.0,-1.0,-1.0,-1.0,-1.0,0.0,-1.0,-1.0,-1.0,0.0,-1.0,-1.0,-1.0,-1.0,1.0,-1.0,0.0,-1.0,-1.0,0.0,-1.0,1.1125029848362661e-10,0,model_only,
-1.0,1.0,-1.0,-1.0,-1.0,1.0,0.0,1.0,-1.0,-1.0,-1.0,-1.0,1.0,0.0,-1.0,1.0,-1.0,-1.0,0.0,-1.0,-1.0,-1.0,-1.0,-1.0,-1.0,0.0,-1.0,-1.0,0.0,-1.0,0.9992450138602024,1,model_only,
-1.0,-1.0,-1.0,-1.0,-1.0,0.0,1.0,1.0,-1.0,-1.0,-1.0,-1.0,1.0,1.0,0.0,-1.0,-1.0,-1.0,0.0,-1.0,-1.0,-1.0,-1.0,1.0,-1.0,1.0,-1.0,-1.0,0.0,-1.0,0.8296042518905389,1,model_only,
-1.0,-1.0,-1.0,-1.0,-1.0,-1.0,-1.0,-1.0,-1.0,-1.0,-1.0,-1.0,1.0,-1.0,0.0,-1.0,-1.0,-1.0,0.0,-1.0,-1.0,-1.0,-1.0,-1.0,-1.0,-1.0,-1.0,-1.0,0.0,-1.0,1.2209898237593795e-12,0,model_only,
-1.0,-1.0,-1.0,-1.0,-1.0,0.0,0.0,-1.0,0.0,-1.0,-1.0,-1.0,1.0,1.0,0.0,-1.0,-1.0,-1.0,0.0,-1.0,-1.0,-1.0,-1.0,-1.0,-1.0,1.0,-1.0,-1.0,0.0,-1.0,0.058687449117462036,0,model_only,
-1.0,-1.0,-1.0,-1.0,-1.0,0.0,-1.0,-1.0,0.0,-1.0,-1.0,-1.0,-1.0,0.0,-1.0,-1.0,-1.0,-1.0,0.0,-1.0,-1.0,-1.0,-1.0,-1.0,1.0,-1.0,0.0,-1.0,1.0,-1.0,1.6779164439902616e-09,0,model_only,
-1.0,-1.0,-1.0,-1.0,-1.0,0.0,0.0,0.0,0.0,1.0,1.0,-1.0,1.0,-1.0,-1.0,-1.0,1.0,-1.0,0.0,1.0,1.0,1.0,1.0,0.0,-1.0,1.0,-1.0,-1.0,0.0,1.0,0.18205993192287306,0,model_only,
-1.0,-1.0,-1.0,-1.0,-1.0,0.0,1.0,1.0,0.0,-1.0,-1.0,-1.0,-1.0,0.0,-1.0,-1.0,-1.0,-1.0,0.0,-1.0,-1.0,-1.0,-1.0,1.0,-1.0,1.0,1.0,-1.0,0.0,-1.0,0.6669549421412091,1,model_only,
-1.0,0.0,1.0,-1.0,-1.0,0.0,-1.0,-1.0,1.0,-1.0,-1.0,-1.0,-1.0,-1.0,0.0,-1.0,1.0,1.0,0.0,-1.0,-1.0,-1.0,-1.0,1.0,1.0,-1.0,-1.0,-1.0,0.0,1.0,7.722466577469165e-10,0,model_only,
-1.0,0.0,-1.0,-1.0,-1.0,-1.0,-1.0,-1.0,1.0,-1.0,-1.0,1.0,-1.0,0.0,-1.0,-1.0,-1.0,-1.0,0.0,-1.0,-1.0,-1.0,-1.0,-1.0,1.0,0.0,-1.0,-1.0,0.0,-1.0,1.1664475509130458e-13,0,model_only,
-1.0,0.0,1.0,-1.0,-1.0,0.0,1.0,1.0,-1.0,-1.0,-1.0,1.0,1.0,0.0,1.0,-1.0,-1.0,-1.0,0.0,-1.0,-1.0,-1.0,-1.0,1.0,1.0,1.0,1.0,-1.0,0.0,-1.0,0.5987971543304553,1,model_only,
-1.0,1.0,1.0,-1.0,-1.0,-1.0,-1.0,1.0,0.0,-1.0,-1.0,-1.0,1.0,0.0,1.0,-1.0,-1.0,-1.0,0.0,-1.0,-1.0,-1.0,-1.0,1.0,1.0,0.0,-1.0,-1.0,0.0,-1.0,0.23559338313972722,0,model_only,
-1.0,1.0,-1.0,-1.0,-1.0,0.0,0.0,1.0,1.0,-1.0,-1.0,-1.0,-1.0,0.0,0.0,-1.0,1.0,1.0,0.0,-1.0,-1.0,-1.0,-1.0,-1.0,-1.0,1.0,1.0,-1.0,-1.0,1.0,0.2901417440989749,0,model_only,
-1.0,1.0,1.0,-1.0,-1.0,-1.0,1.0,-1.0,0.0,-1.0,-1.0,-1.0,1.0,-1.0,-1.0,-1.0,1.0,1.0,0.0,-1.0,-1.0,-1.0,-1.0,-1.0,1.0,-1.0,-1.0,-1.0,0.0,1.0,4.041245393224227e-09,0,model_only,
1.0,1.0,1.0,-1.0,1.0,0.0,0.0,0.0,1.0,-1.0,-1.0,1.0,-1.0,-1.0,1.0,-1.0,-1.0,-1.0,0.0,1.0,-1.0,1.0,-1.0,0.0,1.0,-1.0,-1.0,-1.0,0.0,-1.0,0.00010381299053955919,0,model_only,
-1.0,1.0,1.0,-1.0,-1.0,0.0,0.0,-1.0,1.0,-1.0,-1.0,-1.0,-1.0,-1.0,-1.0,-1.0,-1.0,-1.0,0.0,-1.0,-1.0,-1.0,-1.0,-1.0,1.0,0.0,-1.0,-1.0,1.0,-1.0,1.056141114296592e-12,0,model_only,
-1.0,1.0,1.0,-1.0,-1.0,1.0,-1.0,1.0,-1.0,-1.0,-1.0,1.0,1.0,0.0,1.0,1.0,-1.0,-1.0,0.0,-1.0,-1.0,-1.0,-1.0,1.0,1.0,1.0,-1.0,-1.0,-1.0,-1.0,0.9999527127150066,1,model_only,
-1.0,-1.0,1.0,1.0,-1.0,-1.0,0.0,0.0,1.0,-1.0,-1.0,-1.0,-1.0,-1.0,0.0,-1.0,-1.0,-1.0,0.0,-1.0,-1.0,-1.0,-1.0,1.0,1.0,-1.0,-1.0,-1.0,0.0,-1.0,5.1762213337694464e-11,0,model_only,
-1.0,-1.0,1.0,-1.0,-1.0,-1.0,1.0,1.0,0.0,-1.0,-1.0,1.0,1.0,0.0,-1.0,-1.0,1.0,1.0,0.0,-1.0,-1.0,-1.0,-1.0,0.0,1.0,0.0,-1.0,-1.0,1.0,1.0,0.4361616561581218,0,model_only,
-1.0,-1.0,-1.0,-1.0,-1.0,-1.0,-1.0,0.0,1.0,-1.0,1.0,-1.0,1.0,0.0,-1.0,-1.0,1.0,1.0,0.0,-1.0,-1.0,-1.0,-1.0,-1.0,-1.0,1.0,-1.0,-1.0,1.0,1.0,0.5801658553743253,1,model_only,
-1.0,1.0,-1.0,-1.0,-1.0,0.0,-1.0,1.0,1.0,-1.0,-1.0,1.0,-1.0,0.0,-1.0,-1.0,1.0,1.0,0.0,-1.0,-1.0,-1.0,-1.0,1.0,1.0,-1.0,1.0,-1.0,-1.0,1.0,0.045967811828433174,0,model_only,
-1.0,1.0,-1.0,-1.0,-1.0,-1.0,-1.0,1.0,-1.0,-1.0,-1.0,-1.0,1.0,0.0,0.0,-1.0,1.0,1.0,0.0,1.0,1.0,1.0,1.0,1.0,1.0,0.0,-1.0,-1.0,0.0,1.0,0.9873898720293299,1,model_only,
-1.0,0.0,1.0,-1.0,-1.0,0.0,0.0,1.0,0.0,-1.0,-1.0,-1.0,1.0,0.0,0.0,-1.0,1.0,1.0,0.0,1.0,-1.0,1.0,-1.0,-1.0,-1.0,1.0,-1.0,-1.0,-1.0,1.0,0.9103424262401943,1,model_only,
-1.0,0.0,-1.0,-1.0,-1.0,0.0,0.0,1.0,1.0,-1.0,-1.0,1.0,-1.0,0.0,-1.0,-1.0,1.0,1.0,0.0,-1.0,-1.0,-1.0,-1.0,-1.0,-1.0,-1.0,0.0,-1.0,0.0,1.0,0.043210699874458476,0,model_only,
-1.0,1.0,-1.0,-1.0,-1.0,-1.0,-1.0,-1.0,-1.0,-1.0,-1.0,1.0,1.0,0.0,0.0,-1.0,-1.0,-1.0,0.0,-1.0,-1.0,-1.0,-1.0,1.0,-1.0,0.0,-1.0,-1.0,-1.0,-1.0,2.3861402229280604e-10,0,model_only,
-1.0,1.0,-1.0,-1.0,-1.0,0.0,1.0,0.0,0.0,-1.0,-1.0,-1.0,1.0,0.0,0.0,-1.0,-1.0,-1.0,0.0,-1.0,-1.0,-1.0,-1.0,1.0,-1.0,1.0,-1.0,-1.0,-1.0,-1.0,1.7723624425458913e-05,0,model_only,
-1.0,-1.0,1.0,1.0,-1.0,0.0,1.0,1.0,0.0,-1.0,-1.0,1.0,-1.0,0.0,0.0,-1.0,-1.0,-1.0,0.0,-1.0,-1.0,-1.0,-1.0,1.0,-1.0,-1.0,-1.0,-1.0,0.0,-1.0,0.6671468277545727,1,model_only,
-1.0,-1.0,-1.0,-1.0,-1.0,0.0,0.0,1.0,-1.0,-1.0,-1.0,-1.0,1.0,1.0,0.0,-1.0,-1.0,-1.0,0.0,-1.0,-1.0,-1.0,-1.0,-1.0,-1.0,1.0,-1.0,-1.0,0.0,-1.0,0.9932631220976292,1,model_only,
-1.0,-1.0,-1.0,-1.0,-1.0,-1.0,0.0,-1.0,1.0,-1.0,-1.0,1.0,-1.0,-1.0,-1.0,-1.0,1.0,1.0,0.0,-1.0,-1.0,-1.0,-1.0,1.0,-1.0,0.0,-1.0,-1.0,-1.0,1.0,3.4281377401325196e-14,0,model_only,
-1.0,-1.0,1.0,-1.0,-1.0,1.0,-1.0,1.0,1.0,-1.0,-1.0,-1.0,-1.0,1.0,0.0,-1.0,1.0,1.0,0.0,-1.0,-1.0,-1.0,-1.0,1.0,1.0,0.0,-1.0,-1.0,0.0,1.0,0.7006565789600626,1,model_only,
-1.0,-1.0,1.0,-1.0,1.0,1.0,-1.0,1.0,0.0,-1.0,-1.0,-1.0,1.0,1.0,0.0,-1.0,-1.0,-1.0,1.0,-1.0,-1.0,-1.0,-1.0,-1.0,1.0,1.0,-1.0,-1.0,-1.0,-1.0,0.6754643517792994,1,model_only,
-1.0,-1.0,-1.0,-1.0,-1.0,0.0,-1.0,1.0,-1.0,-1.0,-1.0,-1.0,1.0,1.0,0.0,-1.0,-1.0,-1.0,0.0,-1.0,-1.0,-1.0,-1.0,-1.0,-1.0,1.0,1.0,-1.0,0.0,-1.0,0.9981002728994235,1,model_only,
-1.0,-1.0,-1.0,-1.0,-1.0,0.0,-1.0,1.0,-1.0,-1.0,-1.0,1.0,1.0,0.0,1.0,-1.0,-1.0,-1.0,0.0,-1.0,-1.0,-1.0,-1.0,-1.0,1.0,-1.0,-1.0,-1.0,0.0,-1.0,0.8548484613601784,1,model_only,
-1.0,-1.0,-1.0,-1.0,-1.0,0.0,0.0,1.0,1.0,-1.0,-1.0,-1.0,-1.0,1.0,0.0,-1.0,-1.0,-1.0,0.0,-1.0,-1.0,-1.0,-1.0,0.0,1.0,-1.0,1.0,-1.0,1.0,-1.0,0.6719911213744596,1,model_only,
-1.0,1.0,-1.0,-1.0,-1.0,-1.0,-1.0,1.0,-1.0,1.0,-1.0,-1.0,1.0,1.0,0.0,1.0,-1.0,-1.0,0.0,1.0,-1.0,1.0,-1.0,1.0,-1.0,1.0,1.0,-1.0,1.0,-1.0,0.9927533860764296,1,model_only,
-1.0,-1.0,-1.0,1.0,-1.0,0.0,0.0,0.0,0.0,-1.0,-1.0,-1.0,-1.0,-1.0,1.0,-1.0,-1.0,-1.0,0.0,-1.0,-1.0,-1.0,-1.0,1.0,-1.0,1.0,-1.0,-1.0,0.0,-1.0,1.1277744300068615e-09,0,model_only,
-1.0,-1.0,-1.0,-1.0,-1.0,0.0,1.0,1.0,-1.0,-1.0,-1.0,-1.0,1.0,1.0,-1.0,-1.0,-1.0,-1.0,0.0,-1.0,-1.0,-1.0,-1.0,1.0,-1.0,1.0,-1.0,-1.0,1.0,-1.0,0.8589511500967939,1,model_only,
-1.0,-1.0,-1.0,-1.0,-1.0,0.0,0.0,1.0,1.0,-1.0,-1.0,-1.0,-1.0,0.0,0.0,-1.0,-1.0,-1.0,0.0,-1.0,-1.0,-1.0,-1.0,-1.0,-1.0,1.0,0.0,-1.0,1.0,-1.0,0.7470141518470212,1,model_only,
-1.0,-1.0,-1.0,-1.0,-1.0,-1.0,-1.0,-1.0,1.0,-1.0,-1.0,-1.0,1.0,0.0,0.0,-1.0,-1.0,-1.0,0.0,-1.0,-1.0,-1.0,-1.0,-1.0,-1.0,1.0,-1.0,-1.0,0.0,-1.0,6.7460334763054994e-09,0,model_only,
-1.0,-1.0,-1.0,-1.0,-1.0,0.0,1.0,1.0,0.0,-1.0,-1.0,-1.0,1.0,0.0,-1.0,-1.0,-1.0,-1.0,0.0,-1.0,-1.0,-1.0,-1.0,1.0,-1.0,1.0,1.0,-1.0,0.0,-1.0,0.673374554006449,1,model_only,
-1.0,-1.0,-1.0,-1.0,-1.0,-1.0,0.0,-1.0,1.0,-1.0,-1.0,-1.0,-1.0,0.0,-1.0,-1.0,-1.0,-1.0,0.0,-1.0,-1.0,-1.0,-1.0,-1.0,1.0,1.0,-1.0,-1.0,0.0,-1.0,2.2829460569969308e-12,0,model_only,
-1.0,1.0,-1.0,-1.0,-1.0,0.0,1.0,1.0,1.0,1.0,-1.0,-1.0,-1.0,0.0,0.0,1.0,-1.0,-1.0,0.0,1.0,-1.0,1.0,-1.0,1.0,-1.0,1.0,-1.0,-1.0,0.0,-1.0,0.7643208123438434,1,model_only,
-1.0,-1.0,-1.0,-1.0,-1.0,0.0,1.0,1.0,0.0,-1.0,-1.0,-1.0,1.0,1.0,0.0,-1.0,-1.0,-1.0,0.0,-1.0,-1.0,-1.0,-1.0,1.0,-1.0,1.0,1.0,-1.0,0.0,-1.0,0.7661240891782702,1,model_only,
-1.0,1.0,-1.0,-1.0,-1.0,-1.0,0.0,0.0,-1.0,-1.0,-1.0,-1.0,1.0,-1.0,-1.0,1.0,-1.0,-1.0,0.0,-1.0,-1.0,-1.0,-1.0,1.0,1.0,-1.0,-1.0,-1.0,0.0,-1.0,3.1296310980963787e-09,0,model_only,
-1.0,-1.0,-1.0,-1.0,-1.0,-1.0,0.0,-1.0,1.0,-1.0,-1.0,1.0,-1.0,-1.0,-1.0,-1.0,-1.0,1.0,0.0,-1.0,-1.0,-1.0,-1.0,-1.0,1.0,0.0,-1.0,-1.0,1.0,1.0,2.046533770893613e-13,0,model_only,
-1.0,-1.0,-1.0,-1.0,-1.0,-1.0,-1.0,1.0,0.0,-1.0,-1.0,-1.0,-1.0,0.0,0.0,-1.0,-1.0,-1.0,0.0,-1.0,-1.0,-1.0,-1.0,-1.0,1.0,1.0,-1.0,-1.0,0.0,-1.0,0.026705044010415322,0,model_only,
-1.0,-1.0,-1.0,-1.0,-1.0,0.0,-1.0,1.0,1.0,1.0,-1.0,-1.0,-1.0,-1.0,0.0,-1.0,-1.0,-1.0,0.0,-1.0,-1.0,1.0,-1.0,-1.0,1.0,-1.0,0.0,-1.0,0.0,-1.0,2.0989944580564035e-08,0,model_only,
-1.0,-1.0,-1.0,-1.0,-1.0,-1.0,-1.0,1.0,-1.0,1.0,-1.0,-1.0,1.0,1.0,1.0,-1.0,-1.0,-1.0,0.0,-1.0,-1.0,1.0,-1.0,1.0,-1.0,1.0,1.0,-1.0,1.0,-1.0,0.7011809567117551,1,model_only,
1.0,-1.0,1.0,-1.0,1.0,0.0,1.0,1.0,1.0,1.0,-1.0,1.0,-1.0,0.0,1.0,-1.0,-1.0,1.0,1.0,-1.0,-1.0,1.0,-1.0,1.0,-1.0,0.0,-1.0,-1.0,1.0,1.0,4.623616333526608e-05,0,model_only,
-1.0,-1.0,-1.0,-1.0,-1.0,-1.0,-1.0,1.0,1.0,-1.0,-1.0,-1.0,-1.0,0.0,0.0,-1.0,-1.0,-1.0,0.0,-1.0,-1.0,-1.0,-1.0,1.0,1.0,0.0,-1.0,-1.0,1.0,-1.0,0.1993143743123477,0,model_only,
-1.0,-1.0,-1.0,-1.0,-1.0,0.0,-1.0,-1.0,-1.0,1.0,-1.0,-1.0,1.0,0.0,0.0,-1.0,-1.0,-1.0,0.0,-1.0,-1.0,1.0,-1.0,-1.0,1.0,0.0,1.0,-1.0,1.0,-1.0,2.456380709237393e-06,0,model_only,
-1.0,-1.0,-1.0,-1.0,-1.0,1.0,1.0,1.0,0.0,-1.0,-1.0,-1.0,1.0,1.0,0.0,-1.0,-1.0,-1.0,0.0,-1.0,-1.0,-1.0,-1.0,1.0,-1.0,1.0,-1.0,-1.0,0.0,-1.0,0.9316585125609356,1,model_only,
-1.0,-1.0,-1.0,-1.0,-1.0,0.0,0.0,1.0,0.0,1.0,-1.0,-1.0,1.0,0.0,-1.0,-1.0,-1.0,-1.0,0.0,-1.0,-1.0,1.0,-1.0,-1.0,1.0,1.0,-1.0,-1.0,1.0,-1.0,0.0006090343014215487,0,model_only,
-1.0,-1.0,-1.0,-1.0,-1.0,0.0,-1.0,1.0,1.0,-1.0,-1.0,-1.0,-1.0,0.0,-1.0,-1.0,-1.0,-1.0,0.0,-1.0,-1.0,-1.0,-1.0,1.0,-1.0,1.0,-1.0,-1.0,0.0,-1.0,0.6508586106014612,1,model_only,
1.0,1.0,1.0,-1.0,1.0,0.0,0.0,1.0,1.0,1.0,-1.0,1.0,-1.0,1.0,1.0,1.0,-1.0,1.0,1.0,-1.0,-1.0,1.0,-1.0,-1.0,1.0,1.0,1.0,-1.0,1.0,1.0,0.8060302027537162,1,model_only,
-1.0,-1.0,-1.0,-1.0,-1.0,0.0,-1.0,1.0,1.0,-1.0,-1.0,-1.0,-1.0,0.0,0.0,-1.0,-1.0,-1.0,0.0,-1.0,-1.0,-1.0,-1.0,-1.0,-1.0,-1.0,-1.0,-1.0,0.0,-1.0,0.6665822931327681,1,model_only,
-1.0,-1.0,-1.0,-1.0,-1.0,0.0,-1.0,1.0,0.0,-1.0,-1.0,-1.0,-1.0,0.0,0.0,-1.0,-1.0,-1.0,0.0,-1.0,-1.0,-1.0,-1.0,-1.0,-1.0,0.0,-1.0,-1.0,0.0,-1.0,0.6676635524077913,1,model_only,
-1.0,-1.0,-1.0,-1.0,-1.0,1.0,-1.0,1.0,0.0,1.0,-1.0,-1.0,1.0,0.0,1.0,-1.0,-1.0,1.0,0.0,-1.0,-1.0,1.0,-1.0,1.0,1.0,1.0,-1.0,-1.0,1.0,1.0,0.9960962001261736,1,model_only,
-1.0,1.0,-1.0,-1.0,-1.0,0.0,1.0,1.0,-1.0,-1.0,-1.0,-1.0,1.0,0.0,0.0,1.0,-1.0,-1.0,0.0,-1.0,-1.0,-1.0,-1.0,1.0,-1.0,1.0,-1.0,-1.0,0.0,-1.0,0.9999519558062401,1,model_only,
-1.0,-1.0,-1.0,-1.0,-1.0,-1.0,1.0,1.0,1.0,-1.0,-1.0,-1.0,-1.0,1.0,-1.0,-1.0,-1.0,-1.0,0.0,-1.0,-1.0,-1.0,-1.0,1.0,-1.0,0.0,1.0,-1.0,0.0,-1.0,0.6630058412187299,1,model_only,
-1.0,-1.0,-1.0,-1.0,-1.0,0.0,0.0,1.0,1.0,-1.0,-1.0,-1.0,-1.0,0.0,1.0,-1.0,-1.0,-1.0,0.0,-1.0,-1.0,-1.0,-1.0,-1.0,1.0,1.0,0.0,-1.0,1.0,-1.0,0.6675690730532278,1,model_only,
-1.0,1.0,-1.0,-1.0,-1.0,0.0,-1.0,1.0,-1.0,-1.0,-1.0,-1.0,1.0,1.0,1.0,1.0,-1.0,-1.0,0.0,-1.0,-1.0,-1.0,-1.0,1.0,-1.0,1.0,1.0,-1.0,0.0,-1.0,0.999998610719458,1,model_only,
-1.0,1.0,-1.0,-1.0,-1.0,-1.0,-1.0,-1.0,-1.0,1.0,-1.0,-1.0,1.0,-1.0,1.0,1.0,-1.0,-1.0,0.0,-1.0,-1.0,1.0,-1.0,-1.0,1.0,-1.0,-1.0,-1.0,0.0,-1.0,2.9746250058008768e-09,0,model_only,
-1.0,-1.0,-1.0,-1.0,-1.0,0.0,0.0,-1.0,0.0,-1.0,-1.0,-1.0,1.0,1.0,0.0,-1.0,-1.0,-1.0,0.0,-1.0,-1.0,-1.0,-1.0,0.0,-1.0,1.0,-1.0,-1.0,0.0,-1.0,0.0028434693062892144,0,model_only,
-1.0,-1.0,-1.0,-1.0,-1.0,1.0,1.0,1.0,-1.0,1.0,-1.0,-1.0,1.0,0.0,1.0,-1.0,-1.0,-1.0,0.0,-1.0,-1.0,1.0,-1.0,1.0,1.0,1.0,-1.0,-1.0,1.0,-1.0,0.7084398713702692,1,model_only,
-1.0,-1.0,-1.0,-1.0,-1.0,0.0,0.0,1.0,0.0,-1.0,-1.0,-1.0,-1.0,0.0,-1.0,-1.0,-1.0,-1.0,0.0,-1.0,-1.0,-1.0,-1.0,-1.0,-1.0,0.0,-1.0,1.0,0.0,-1.0,0.5980911541300098,1,model_only,
-1.0,-1.0,-1.0,-1.0,-1.0,-1.0,0.0,0.0,1.0,1.0,1.0,-1.0,1.0,-1.0,1.0,-1.0,1.0,-1.0,0.0,-1.0,-1.0,1.0,-1.0,0.0,1.0,1.0,-1.0,-1.0,1.0,-1.0,4.039584846554017e-06,0,model_only,
-1.0,-1.0,-1.0,-1.0,-1.0,0.0,-1.0,1.0,0.0,-1.0,-1.0,-1.0,1.0,1.0,-1.0,-1.0,-1.0,-1.0,0.0,-1.0,-1.0,-1.0,-1.0,1.0,1.0,1.0,-1.0,-1.0,1.0,-1.0,0.6664863578973734,1,model_only,
-1.0,-1.0,-1.0,-1.0,-1.0,-1.0,0.0,0.0,1.0,-1.0,-1.0,-1.0,-1.0,-1.0,-1.0,-1.0,-1.0,-1.0,0.0,-1.0,-1.0,-1.0,-1.0,1.0,1.0,1.0,-1.0,-1.0,0.0,-1.0,2.0143204089047272e-13,0,model_only,
-1.0,-1.0,-1.0,-1.0,-1.0,0.0,0.0,1.0,0.0,-1.0,-1.0,-1.0,-1.0,0.0,1.0,-1.0,-1.0,-1.0,0.0,-1.0,-1.0,-1.0,-1.0,-1.0,1.0,1.0,1.0,-1.0,0.0,-1.0,0.6656960896975372,1,model_only,
-1.0,-1.0,-1.0,-1.0,-1.0,-1.0,-1.0,1.0,-1.0,-1.0,-1.0,-1.0,1.0,1.0,0.0,-1.0,-1.0,-1.0,0.0,-1.0,-1.0,-1.0,-1.0,-1.0,-1.0,0.0,-1.0,-1.0,0.0,-1.0,0.7058080809396032,1,model_only,
-1.0,-1.0,-1.0,-1.0,-1.0,-1.0,1.0,1.0,-1.0,1.0,1.0,-1.0,1.0,0.0,1.0,-1.0,1.0,-1.0,0.0,-1.0,-1.0,1.0,-1.0,1.0,1.0,0.0,-1.0,-1.0,1.0,-1.0,0.7553075242911914,1,model_only,
-1.0,-1.0,-1.0,1.0,-1.0,0.0,0.0,1.0,0.0,-1.0,-1.0,-1.0,1.0,0.0,1.0,-1.0,-1.0,-1.0,0.0,-1.0,-1.0,-1.0,-1.0,-1.0,-1.0,1.0,1.0,-1.0,0.0,-1.0,0.9999919052168348,1,model_only,
-1.0,-1.0,-1.0,-1.0,-1.0,1.0,0.0,1.0,-1.0,-1.0,-1.0,-1.0,1.0,0.0,0.0,-1.0,-1.0,-1.0,0.0,-1.0,-1.0,-1.0,-1.0,0.0,-1.0,1.0,-1.0,-1.0,0.0,-1.0,0.9983077702348319,1,model_only,
-1.0,-1.0,-1.0,-1.0,-1.0,0.0,1.0,1.0,-1.0,-1.0,-1.0,-1.0,1.0,1.0,-1.0,-1.0,-1.0,-1.0,0.0,-1.0,-1.0,-1.0,-1.0,1.0,1.0,1.0,1.0,-1.0,1.0,-1.0,0.6784972874775986,1,model_only,
-1.0,-1.0,-1.0,-1.0,-1.0,0.0,-1.0,1.0,0.0,1.0,1.0,-1.0,-1.0,0.0,0.0,-1.0,1.0,-1.0,0.0,-1.0,-1.0,1.0,-1.0,1.0,1.0,1.0,0.0,-1.0,1.0,-1.0,0.8676575810866521,1,model_only,
-1.0,-1.0,-1.0,-1.0,-1.0,-1.0,-1.0,-1.0,1.0,-1.0,-1.0,-1.0,1.0,-1.0,-1.0,-1.0,-1.0,-1.0,0.0,-1.0,-1.0,-1.0,-1.0,-1.0,1.0,-1.0,-1.0,-1.0,0.0,-1.0,2.4516799519930026e-14,0,model_only,
-1.0,-1.0,-1.0,-1.0,-1.0,-1.0,-1.0,-1.0,0.0,-1.0,-1.0,-1.0,-1.0,-1.0,-1.0,-1.0,-1.0,-1.0,0.0,-1.0,-1.0,-1.0,-1.0,-1.0,1.0,-1.0,-1.0,-1.0,1.0,-1.0,6.344449682174781e-14,0,model_only,
-1.0,-1.0,-1.0,-1.0,-1.0,0.0,-1.0,1.0,1.0,1.0,-1.0,-1.0,-1.0,1.0,0.0,-1.0,-1.0,-1.0,0.0,-1.0,-1.0,1.0,-1.0,1.0,-1.0,0.0,-1.0,-1.0,0.0,-1.0,0.21450832744484438,0,model_only,
-1.0,-1.0,-1.0,-1.0,-1.0,0.0,-1.0,-1.0,1.0,-1.0,-1.0,-1.0,-1.0,-1.0,-1.0,-1.0,-1.0,-1.0,0.0,-1.0,-1.0,-1.0,-1.0,1.0,1.0,-1.0,0.0,-1.0,0.0,-1.0,1.834431077212264e-13,0,model_only,
-1.0,-1.0,-1.0,-1.0,-1.0,0.0,0.0,1.0,-1.0,-1.0,-1.0,-1.0,1.0,0.0,0.0,-1.0,-1.0,-1.0,0.0,-1.0,-1.0,-1.0,-1.0,0.0,1.0,1.0,-1.0,-1.0,1.0,-1.0,0.8803465467697801,1,model_only,
1.0,-1.0,1.0,-1.0,1.0,0.0,-1.0,1.0,-1.0,-1.0,-1.0,1.0,1.0,0.0,-1.0,-1.0,-1.0,1.0,1.0,-1.0,-1.0,-1.0,-1.0,1.0,1.0,1.0,0.0,-1.0,1.0,1.0,0.8904096887931082,1,model_only,
-1.0,1.0,-1.0,-1.0,-1.0,0.0,1.0,1.0,0.0,1.0,-1.0,-1.0,1.0,0.0,0.0,1.0,-1.0,-1.0,0.0,-1.0,-1.0,1.0,-1.0,1.0,1.0,1.0,0.0,-1.0,1.0,-1.0,0.5897695840201006,1,model_only,
-1.0,-1.0,-1.0,-1.0,-1.0,1.0,1.0,1.0,0.0,-1.0,-1.0,-1.0,1.0,0.0,-1.0,-1.0,-1.0,-1.0,0.0,-1.0,-1.0,-1.0,-1.0,1.0,-1.0,1.0,-1.0,-1.0,0.0,-1.0,0.8589179600437292,1,model_only,
-1.0,-1.0,-1.0,-1.0,-1.0,-1.0,-1.0,1.0,-1.0,-1.0,-1.0,-1.0,1.0,1.0,0.0,-1.0,-1.0,-1.0,0.0,-1.0,-1.0,-1.0,-1.0,1.0,-1.0,1.0,1.0,-1.0,0.0,-1.0,0.8093211621950024,1,model_only,
-1.0,-1.0,-1.0,-1.0,-1.0,-1.0,-1.0,1.0,0.0,-1.0,-1.0,-1.0,1.0,1.0,0.0,-1.0,-1.0,-1.0,0.0,-1.0,-1.0,-1.0,-1.0,1.0,-1.0,1.0,1.0,-1.0,0.0,-1.0,0.6869232756698729,1,model_only,
-1.0,-1.0,-1.0,-1.0,-1.0,-1.0,0.0,1.0,0.0,-1.0,-1.0,-1.0,1.0,0.0,0.0,-1.0,-1.0,-1.0,0.0,-1.0,-1.0,-1.0,-1.0,-1.0,-1.0,0.0,-1.0,-1.0,0.0,-1.0,0.07611241676789092,0,model_only,
-1.0,-1.0,-1.0,-1.0,-1.0,0.0,-1.0,1.0,-1.0,-1.0,-1.0,-1.0,1.0,1.0,0.0,-1.0,-1.0,-1.0,0.0,-1.0,-1.0,-1.0,-1.0,1.0,1.0,-1.0,1.0,-1.0,1.0,-1.0,0.9974980510570551,1,model_only,
-1.0,1.0,-1.0,-1.0,-1.0,1.0,-1.0,1.0,-1.0,1.0,1.0,-1.0,1.0,1.0,-1.0,1.0,1.0,-1.0,0.0,-1.0,-1.0,1.0,1.0,1.0,-1.0,1.0,-1.0,-1.0,0.0,1.0,0.999999344335338,1,model_only,
-1.0,-1.0,-1.0,-1.0,-1.0,0.0,1.0,1.0,0.0,-1.0,-1.0,-1.0,1.0,0.0,1.0,-1.0,-1.0,-1.0,0.0,-1.0,-1.0,-1.0,-1.0,0.0,1.0,1.0,0.0,-1.0,0.0,-1.0,0.6425830523537093,1,model_only,
-1.0,-1.0,-1.0,-1.0,-1.0,-1.0,-1.0,1.0,0.0,-1.0,-1.0,-1.0,1.0,0.0,-1.0,-1.0,-1.0,-1.0,0.0,-1.0,-1.0,-1.0,-1.0,1.0,-1.0,0.0,-1.0,-1.0,0.0,-1.0,0.035433484906535744,0,model_only,
-1.0,-1.0,-1.0,-1.0,-1.0,0.0,0.0,0.0,0.0,-1.0,-1.0,-1.0,-1.0,-1.0,-1.0,-1.0,-1.0,-1.0,0.0,-1.0,-1.0,-1.0,-1.0,0.0,1.0,-1.0,-1.0,-1.0,1.0,-1.0,2.4979245581767484e-09,0,model_only,
-1.0,-1.0,-1.0,-1.0,-1.0,0.0,-1.0,1.0,1.0,-1.0,-1.0,-1.0,-1.0,-1.0,-1.0,-1.0,-1.0,-1.0,0.0,-1.0,-1.0,-1.0,-1.0,-1.0,-1.0,-1.0,0.0,-1.0,0.0,-1.0,1.3819875527791552e-08,0,model_only,
-1.0,-1.0,-1.0,-1.0,-1.0,0.0,-1.0,-1.0,0.0,1.0,1.0,-1.0,-1.0,-1.0,0.0,-1.0,1.0,-1.0,0.0,-1.0,-1.0,1.0,1.0,-1.0,-1.0,0.0,-1.0,-1.0,0.0,1.0,2.9139519234715976e-06,0,model_only,
-1.0,1.0,-1.0,-1.0,-1.0,-1.0,0.0,0.0,0.0,-1.0,-1.0,-1.0,-1.0,-1.0,-1.0,1.0,-1.0,-1.0,0.0,-1.0,-1.0,-1.0,-1.0,1.0,1.0,-1.0,-1.0,-1.0,1.0,-1.0,9.434418016539914e-12,0,model_only,
-1.0,-1.0,-1.0,-1.0,-1.0,0.0,1.0,1.0,0.0,-1.0,-1.0,-1.0,1.0,0.0,0.0,-1.0,-1.0,-1.0,0.0,-1.0,-1.0,-1.0,-1.0,1.0,-1.0,1.0,1.0,-1.0,0.0,-1.0,0.7410245562413585,1,model_only,
-1.0,-1.0,-1.0,-1.0,-1.0,0.0,0.0,-1.0,-1.0,-1.0,-1.0,-1.0,1.0,1.0,1.0,-1.0,-1.0,-1.0,0.0,-1.0,-1.0,-1.0,-1.0,0.0,-1.0,1.0,1.0,-1.0,0.0,-1.0,0.5023448816483368,1,model_only,
-1.0,-1.0,-1.0,-1.0,-1.0,0.0,1.0,-1.0,1.0,-1.0,-1.0,-1.0,1.0,0.0,0.0,-1.0,-1.0,-1.0,0.0,-1.0,-1.0,-1.0,-1.0,1.0,1.0,-1.0,1.0,-1.0,1.0,-1.0,0.00029781920718832715,0,model_only,
-1.0,1.0,-1.0,-1.0,-1.0,1.0,1.0,1.0,-1.0,-1.0,-1.0,-1.0,1.0,1.0,0.0,1.0,-1.0,-1.0,0.0,-1.0,-1.0,-1.0,-1.0,1.0,-1.0,1.0,-1.0,-1.0,0.0,-1.0,0.9999999256771192,1,model_only,
1.0,-1.0,1.0,-1.0,1.0,-1.0,-1.0,-1.0,0.0,-1.0,-1.0,1.0,1.0,-1.0,-1.0,-1.0,-1.0,1.0,1.0,-1.0,-1.0,-1.0,-1.0,-1.0,1.0,1.0,-1.0,-1.0,1.0,-1.0,3.57704818398108e-11,0,model_only,
-1.0,-1.0,-1.0,-1.0,-1.0,-1.0,0.0,0.0,1.0,1.0,1.0,-1.0,1.0,-1.0,0.0,-1.0,1.0,-1.0,0.0,-1.0,-1.0,1.0,-1.0,1.0,1.0,0.0,-1.0,-1.0,0.0,1.0,8.265011079462971e-08,0,model_only,
-1.0,-1.0,-1.0,-1.0,-1.0,0.0,-1.0,-1.0,0.0,-1.0,-1.0,-1.0,1.0,-1.0,0.0,-1.0,-1.0,-1.0,0.0,-1.0,-1.0,-1.0,-1.0,-1.0,1.0,0.0,-1.0,-1.0,1.0,-1.0,5.9705324001045705e-09,0,model_only,
1.0,1.0,1.0,-1.0,1.0,0.0,-1.0,1.0,-1.0,-1.0,-1.0,1.0,1.0,0.0,-1.0,1.0,-1.0,1.0,1.0,-1.0,-1.0,-1.0,-1.0,1.0,1.0,0.0,-1.0,-1.0,1.0,-1.0,0.8610254613980998,1,model_only,
-1.0,-1.0,-1.0,-1.0,-1.0,0.0,0.0,1.0,0.0,-1.0,-1.0,-1.0,-1.0,1.0,0.0,-1.0,-1.0,-1.0,0.0,-1.0,-1.0,-1.0,-1.0,-1.0,-1.0,1.0,-1.0,-1.0,0.0,-1.0,0.7016494290680008,1,model_only,
-1.0,-1.0,-1.0,-1.0,-1.0,-1.0,-1.0,1.0,0.0,-1.0,-1.0,-1.0,1.0,1.0,-1.0,-1.0,-1.0,-1.0,0.0,-1.0,-1.0,-1.0,-1.0,-1.0,-1.0,0.0,-1.0,-1.0,0.0,-1.0,0.6639886880511606,1,model_only,
-1.0,-1.0,-1.0,-1.0,-1.0,0.0,1.0,1.0,1.0,-1.0,-1.0,-1.0,1.0,0.0,-1.0,-1.0,-1.0,-1.0,0.0,-1.0,-1.0,-1.0,-1.0,1.0,1.0,1.0,1.0,-1.0,1.0,-1.0,0.5976471056621281,1,model_only,
-1.0,-1.0,-1.0,-1.0,-1.0,0.0,0.0,1.0,-1.0,-1.0,-1.0,-1.0,1.0,0.0,-1.0,-1.0,-1.0,-1.0,0.0,-1.0,-1.0,-1.0,-1.0,-1.0,-1.0,1.0,1.0,-1.0,0.0,-1.0,0.745244870970506,1,model_only,
-1.0,-1.0,-1.0,-1.0,-1.0,-1.0,-1.0,-1.0,1.0,1.0,1.0,-1.0,1.0,-1.0,0.0,-1.0,1.0,-1.0,0.0,-1.0,-1.0,1.0,-1.0,-1.0,1.0,0.0,-1.0,-1.0,0.0,1.0,2.2020961752512082e-09,0,model_only,
-1.0,-1.0,-1.0,-1.0,-1.0,-1.0,1.0,1.0,0.0,1.0,1.0,-1.0,1.0,0.0,-1.0,-1.0,1.0,-1.0,0.0,-1.0,-1.0,-1.0,-1.0,1.0,-1.0,1.0,-1.0,-1.0,0.0,1.0,0.6167814498735197,1,model_only,
-1.0,1.0,-1.0,-1.0,-1.0,-1.0,1.0,1.0,-1.0,1.0,1.0,-1.0,1.0,1.0,0.0,1.0,1.0,-1.0,0.0,-1.0,-1.0,1.0,-1.0,0.0,-1.0,1.0,1.0,-1.0,1.0,1.0,0.9999998505014679,1,model_only,
-1.0,1.0,-1.0,-1.0,-1.0,0.0,1.0,1.0,-1.0,-1.0,-1.0,-1.0,1.0,1.0,0.0,1.0,-1.0,-1.0,0.0,-1.0,-1.0,-1.0,-1.0,1.0,-1.0,1.0,0.0,-1.0,0.0,-1.0,0.9999975979630936,1,model_only,
-1.0,-1.0,-1.0,-1.0,-1.0,0.0,-1.0,1.0,1.0,-1.0,-1.0,-1.0,-1.0,0.0,0.0,-1.0,-1.0,-1.0,0.0,-1.0,-1.0,-1.0,-1.0,1.0,-1.0,1.0,-1.0,-1.0,0.0,-1.0,0.6560234866087122,1,model_only,
-1.0,1.0,-1.0,-1.0,-1.0,1.0,-1.0,1.0,-1.0,-1.0,-1.0,-1.0,1.0,1.0,0.0,1.0,-1.0,-1.0,0.0,-1.0,-1.0,-1.0,-1.0,-1.0,-1.0,1.0,-1.0,-1.0,0.0,-1.0,0.9999999878454767,1,model_only,
-1.0,-1.0,-1.0,-1.0,-1.0,-1.0,0.0,0.0,0.0,1.0,1.0,-1.0,-1.0,-1.0,0.0,-1.0,1.0,-1.0,0.0,-1.0,-1.0,1.0,-1.0,1.0,1.0,0.0,-1.0,-1.0,0.0,1.0,1.1286325687508083e-08,0,model_only,
-1.0,-1.0,-1.0,-1.0,-1.0,0.0,1.0,1.0,1.0,-1.0,-1.0,-1.0,-1.0,0.0,-1.0,-1.0,-1.0,-1.0,0.0,-1.0,-1.0,-1.0,-1.0,1.0,-1.0,1.0,-1.0,1.0,0.0,-1.0,0.5582606345270396,1,model_only,
-1.0,1.0,-1.0,-1.0,-1.0,0.0,-1.0,1.0,-1.0,1.0,1.0,-1.0,1.0,0.0,0.0,1.0,1.0,-1.0,0.0,-1.0,-1.0,-1.0,-1.0,-1.0,-1.0,1.0,1.0,-1.0,0.0,1.0,0.9999871744832814,1,model_only,
-1.0,-1.0,-1.0,-1.0,-1.0,0.0,-1.0,1.0,-1.0,-1.0,-1.0,-1.0,1.0,0.0,1.0,-1.0,-1.0,-1.0,0.0,-1.0,-1.0,-1.0,-1.0,1.0,-1.0,1.0,-1.0,-1.0,0.0,-1.0,0.9897328000407796,1,model_only,
-1.0,-1.0,-1.0,-1.0,-1.0,-1.0,0.0,0.0,1.0,1.0,1.0,-1.0,-1.0,-1.0,1.0,-1.0,1.0,-1.0,0.0,-1.0,-1.0,1.0,-1.0,0.0,1.0,-1.0,-1.0,-1.0,0.0,1.0,4.868918822034813e-09,0,model_only,
1.0,-1.0,1.0,-1.0,1.0,0.0,-1.0,1.0,1.0,-1.0,-1.0,1.0,-1.0,0.0,-1.0,-1.0,-1.0,1.0,1.0,-1.0,-1.0,-1.0,-1.0,1.0,-1.0,1.0,1.0,-1.0,1.0,-1.0,0.6411420066098746,1,model_only,
-1.0,-1.0,-1.0,-1.0,-1.0,-1.0,0.0,0.0,1.0,1.0,1.0,-1.0,-1.0,-1.0,1.0,-1.0,1.0,-1.0,0.0,-1.0,-1.0,1.0,-1.0,1.0,-1.0,-1.0,-1.0,-1.0,0.0,1.0,9.57385242684868e-08,0,model_only,
-1.0,-1.0,-1.0,-1.0,-1.0,-1.0,-1.0,-1.0,1.0,-1.0,-1.0,-1.0,-1.0,0.0,-1.0,-1.0,-1.0,-1.0,0.0,-1.0,-1.0,-1.0,-1.0,-1.0,-1.0,0.0,-1.0,-1.0,0.0,-1.0,1.7883530871691214e-12,0,model_only,
-1.0,-1.0,-1.0,-1.0,-1.0,-1.0,-1.0,-1.0,1.0,-1.0,-1.0,-1.0,1.0,0.0,0.0,-1.0,-1.0,-1.0,0.0,-1.0,-1.0,-1.0,-1.0,-1.0,-1.0,1.0,-1.0,-1.0,1.0,-1.0,9.539551932124916e-07,0,model_only,
-1.0,-1.0,-1.0,-1.0,-1.0,-1.0,-1.0,1.0,-1.0,-1.0,-1.0,-1.0,1.0,0.0,0.0,-1.0,-1.0,-1.0,0.0,-1.0,-1.0,-1.0,-1.0,-1.0,-1.0,0.0,-1.0,-1.0,0.0,-1.0,0.613923403014118,1,model_only,
-1.0,-1.0,-1.0,-1.0,-1.0,-1.0,-1.0,-1.0,0.0,-1.0,-1.0,-1.0,-1.0,0.0,-1.0,-1.0,-1.0,-1.0,0.0,-1.0,-1.0,-1.0,-1.0,-1.0,1.0,1.0,-1.0,-1.0,0.0,-1.0,9.666015423553195e-12,0,model_only,
-1.0,1.0,-1.0,1.0,-1.0,-1.0,-1.0,-1.0,0.0,-1.0,-1.0,-1.0,1.0,-1.0,0.0,1.0,-1.0,-1.0,0.0,-1.0,-1.0,-1.0,-1.0,-1.0,1.0,-1.0,-1.0,-1.0,0.0,-1.0,1.1670665009753021e-11,0,model_only,
-1.0,-1.0,-1.0,-1.0,-1.0,0.0,-1.0,-1.0,0.0,1.0,1.0,-1.0,-1.0,-1.0,0.0,-1.0,1.0,-1.0,0.0,-1.0,-1.0,1.0,-1.0,-1.0,1.0,0.0,0.0,-1.0,1.0,1.0,3.258893116866198e-07,0,model_only,
1.0,-1.0,1.0,-1.0,1.0,0.0,-1.0,-1.0,0.0,1.0,1.0,1.0,-1.0,-1.0,1.0,-1.0,1.0,1.0,1.0,-1.0,-1.0,1.0,-1.0,-1.0,1.0,0.0,-1.0,-1.0,1.0,1.0,5.921143366547285e-06,0,model_only,
-1.0,-1.0,-1.0,1.0,-1.0,1.0,-1.0,1.0,0.0,-1.0,-1.0,-1.0,1.0,1.0,1.0,-1.0,-1.0,-1.0,0.0,-1.0,-1.0,-1.0,-1.0,1.0,-1.0,1.0,-1.0,-1.0,0.0,-1.0,0.9999979094852752,1,model_only,
-1.0,-1.0,-1.0,-1.0,-1.0,0.0,-1.0,1.0,1.0,1.0,1.0,-1.0,-1.0,0.0,0.0,-1.0,1.0,-1.0,0.0,-1.0,-1.0,1.0,-1.0,1.0,-1.0,1.0,1.0,-1.0,1.0,1.0,0.9999484786900407,1,model_only,
-1.0,-1.0,-1.0,-1.0,-1.0,-1.0,1.0,1.0,-1.0,-1.0,-1.0,-1.0,1.0,0.0,-1.0,-1.0,-1.0,-1.0,0.0,-1.0,-1.0,-1.0,-1.0,1.0,-1.0,0.0,-1.0,-1.0,0.0,-1.0,0.10478051266855788,0,model_only,
-1.0,-1.0,-1.0,-1.0,-1.0,-1.0,0.0,0.0,1.0,-1.0,-1.0,-1.0,-1.0,-1.0,0.0,-1.0,-1.0,-1.0,0.0,-1.0,-1.0,-1.0,-1.0,1.0,-1.0,-1.0,-1.0,1.0,0.0,-1.0,4.889502576646323e-11,0,model_only,
-1.0,-1.0,-1.0,-1.0,-1.0,-1.0,1.0,1.0,0.0,-1.0,-1.0,-1.0,1.0,1.0,-1.0,-1.0,-1.0,-1.0,0.0,-1.0,-1.0,-1.0,-1.0,1.0,-1.0,1.0,1.0,1.0,1.0,-1.0,0.7927845709442716,1,model_only,
1.0,1.0,1.0,-1.0,1.0,1.0,0.0,-1.0,-1.0,1.0,1.0,1.0,1.0,1.0,1.0,1.0,1.0,1.0,1.0,-1.0,1.0,1.0,1.0,-1.0,-1.0,0.0,-1.0,1.0,1.0,1.0,0.9998674936703265,1,model_only,
-1.0,-1.0,-1.0,-1.0,-1.0,0.0,0.0,0.0,-1.0,-1.0,-1.0,-1.0,1.0,-1.0,-1.0,-1.0,-1.0,-1.0,0.0,-1.0,-1.0,-1.0,-1.0,1.0,1.0,-1.0,-1.0,-1.0,0.0,-1.0,2.5193050742876826e-06,0,model_only,
-1.0,-1.0,-1.0,-1.0,-1.0,0.0,1.0,1.0,1.0,1.0,1.0,-1.0,-1.0,0.0,0.0,-1.0,1.0,-1.0,0.0,1.0,-1.0,1.0,1.0,1.0,-1.0,-1.0,0.0,-1.0,0.0,1.0,0.9986607705100884,1,model_only,
-1.0,-1.0,-1.0,-1.0,-1.0,0.0,1.0,1.0,1.0,-1.0,-1.0,-1.0,-1.0,1.0,1.0,-1.0,-1.0,-1.0,0.0,-1.0,-1.0,-1.0,-1.0,1.0,-1.0,1.0,-1.0,-1.0,0.0,-1.0,0.6665341354657999,1,model_only,
1.0,1.0,1.0,-1.0,1.0,0.0,-1.0,1.0,0.0,-1.0,-1.0,1.0,1.0,0.0,0.0,1.0,-1.0,1.0,1.0,-1.0,-1.0,-1.0,-1.0,-1.0,1.0,1.0,0.0,-1.0,1.0,-1.0,0.9999684267505801,1,model_only,
-1.0,-1.0,-1.0,-1.0,-1.0,0.0,1.0,1.0,1.0,-1.0,-1.0,-1.0,-1.0,-1.0,0.0,-1.0,-1.0,-1.0,0.0,-1.0,-1.0,-1.0,-1.0,1.0,1.0,-1.0,0.0,-1.0,1.0,-1.0,0.0023161685364037243,0,model_only,
-1.0,-1.0,-1.0,-1.0,-1.0,-1.0,-1.0,-1.0,1.0,-1.0,-1.0,-1.0,-1.0,1.0,-1.0,-1.0,-1.0,-1.0,0.0,-1.0,-1.0,-1.0,-1.0,1.0,-1.0,-1.0,-1.0,-1.0,0.0,-1.0,1.205580890253857e-09,0,model_only,
-1.0,-1.0,-1.0,-1.0,-1.0,0.0,0.0,1.0,1.0,-1.0,-1.0,-1.0,-1.0,0.0,0.0,-1.0,-1.0,-1.0,0.0,-1.0,-1.0,-1.0,-1.0,-1.0,1.0,0.0,1.0,-1.0,1.0,-1.0,0.6516043894201061,1,model_only,
1.0,-1.0,1.0,-1.0,1.0,0.0,0.0,1.0,1.0,-1.0,-1.0,1.0,-1.0,1.0,1.0,-1.0,-1.0,1.0,1.0,-1.0,-1.0,-1.0,-1.0,0.0,1.0,1.0,-1.0,-1.0,1.0,-1.0,0.46145538550603343,0,model_only,
-1.0,-1.0,-1.0,-1.0,-1.0,-1.0,-1.0,-1.0,0.0,-1.0,-1.0,-1.0,1.0,1.0,-1.0,-1.0,-1.0,-1.0,0.0,-1.0,-1.0,-1.0,-1.0,-1.0,-1.0,-1.0,-1.0,1.0,0.0,-1.0,3.596983584832787e-07,0,model_only,
-1.0,-1.0,-1.0,-1.0,-1.0,0.0,0.0,0.0,0.0,-1.0,-1.0,-1.0,1.0,0.0,0.0,-1.0,-1.0,-1.0,0.0,-1.0,-1.0,-1.0,-1.0,1.0,1.0,-1.0,0.0,-1.0,0.0,-1.0,0.5132849893025851,1,model_only,
-1.0,1.0,-1.0,-1.0,-1.0,-1.0,0.0,-1.0,1.0,-1.0,-1.0,-1.0,-1.0,0.0,-1.0,1.0,-1.0,-1.0,0.0,-1.0,-1.0,-1.0,-1.0,-1.0,1.0,0.0,-1.0,-1.0,0.0,-1.0,1.0959792926604005e-12,0,model_only,
-1.0,-1.0,-1.0,-1.0,-1.0,0.0,1.0,1.0,1.0,-1.0,-1.0,-1.0,-1.0,0.0,-1.0,-1.0,-1.0,-1.0,0.0,-1.0,-1.0,-1.0,-1.0,1.0,-1.0,1.0,1.0,1.0,0.0,-1.0,0.6756038840154436,1,model_only,
-1.0,-1.0,-1.0,-1.0,-1.0,0.0,0.0,1.0,-1.0,-1.0,-1.0,-1.0,1.0,1.0,0.0,-1.0,-1.0,-1.0,0.0,-1.0,-1.0,-1.0,-1.0,-1.0,-1.0,0.0,-1.0,-1.0,0.0,-1.0,0.9592798743938399,1,model_only,
-1.0,-1.0,-1.0,-1.0,-1.0,0.0,1.0,1.0,1.0,-1.0,-1.0,-1.0,-1.0,0.0,0.0,-1.0,-1.0,-1.0,0.0,-1.0,-1.0,-1.0,-1.0,1.0,-1.0,1.0,1.0,1.0,0.0,-1.0,0.6768075897691221,1,model_only,
-1.0,-1.0,-1.0,-1.0,-1.0,1.0,0.0,-1.0,0.0,-1.0,-1.0,-1.0,1.0,1.0,-1.0,-1.0,-1.0,-1.0,0.0,-1.0,-1.0,-1.0,-1.0,-1.0,-1.0,0.0,-1.0,-1.0,0.0,-1.0,0.23321901411702564,0,model_only,
-1.0,-1.0,-1.0,-1.0,-1.0,0.0,-1.0,1.0,1.0,-1.0,-1.0,-1.0,-1.0,1.0,-1.0,-1.0,-1.0,-1.0,0.0,-1.0,-1.0,-1.0,-1.0,1.0,-1.0,-1.0,-1.0,-1.0,0.0,-1.0,0.6667458856757276,1,model_only,
1.0,1.0,1.0,-1.0,1.0,0.0,-1.0,1.0,-1.0,-1.0,-1.0,1.0,1.0,1.0,-1.0,1.0,-1.0,1.0,1.0,-1.0,-1.0,-1.0,-1.0,1.0,1.0,1.0,-1.0,-1.0,1.0,-1.0,0.9993058776527161,1,model_only,
1.0,-1.0,1.0,-1.0,1.0,1.0,-1.0,1.0,-1.0,-1.0,-1.0,1.0,1.0,1.0,-1.0,-1.0,-1.0,1.0,1.0,-1.0,-1.0,-1.0,-1.0,1.0,1.0,1.0,-1.0,-1.0,1.0,-1.0,0.9794226517050713,1,model_only,
-1.0,-1.0,-1.0,-1.0,-1.0,0.0,-1.0,-1.0,-1.0,-1.0,-1.0,-1.0,1.0,-1.0,0.0,-1.0,-1.0,-1.0,0.0,-1.0,-1.0,-1.0,-1.0,-1.0,1.0,-1.0,-1.0,-1.0,0.0,-1.0,4.852652270584332e-09,0,model_only,
-1.0,-1.0,-1.0,-1.0,-1.0,-1.0,-1.0,-1.0,1.0,-1.0,-1.0,-1.0,-1.0,-1.0,-1.0,-1.0,-1.0,-1.0,0.0,-1.0,-1.0,-1.0,-1.0,1.0,-1.0,-1.0,-1.0,-1.0,0.0,-1.0,1.8116272693602684e-15,0,model_only,
-1.0,-1.0,-1.0,-1.0,-1.0,0.0,-1.0,-1.0,1.0,-1.0,-1.0,-1.0,1.0,0.0,-1.0,-1.0,-1.0,-1.0,0.0,-1.0,-1.0,-1.0,-1.0,0.0,1.0,1.0,-1.0,-1.0,1.0,-1.0,3.2403420766762447e-06,0,model_only,
-1.0,-1.0,-1.0,-1.0,-1.0,1.0,1.0,1.0,0.0,1.0,1.0,-1.0,1.0,1.0,0.0,-1.0,1.0,-1.0,0.0,1.0,-1.0,1.0,1.0,1.0,1.0,1.0,-1.0,-1.0,0.0,1.0,0.9999791680171864,1,model_only,
-1.0,-1.0,-1.0,-1.0,-1.0,1.0,0.0,-1.0,0.0,-1.0,-1.0,-1.0,-1.0,1.0,1.0,-1.0,-1.0,-1.0,0.0,-1.0,-1.0,-1.0,-1.0,-1.0,1.0,1.0,-1.0,-1.0,1.0,-1.0,0.6683644708058725,1,model_only,
-1.0,-1.0,-1.0,-1.0,-1.0,0.0,-1.0,1.0,0.0,-1.0,-1.0,-1.0,-1.0,0.0,-1.0,-1.0,-1.0,-1.0,0.0,-1.0,-1.0,-1.0,-1.0,1.0,1.0,1.0,0.0,-1.0,0.0,-1.0,0.6202973549369658,1,model_only,
1.0,-1.0,1.0,-1.0,1.0,0.0,-1.0,1.0,0.0,-1.0,-1.0,1.0,1.0,0.0,0.0,-1.0,-1.0,1.0,1.0,-1.0,-1.0,-1.0,-1.0,1.0,1.0,1.0,0.0,-1.0,1.0,-1.0,0.8978716454954192,1,model_only,
-1.0,-1.0,-1.0,-1.0,-1.0,-1.0,0.0,-1.0,0.0,-1.0,-1.0,-1.0,1.0,-1.0,-1.0,-1.0,-1.0,-1.0,0.0,-1.0,-1.0,-1.0,-1.0,-1.0,1.0,0.0,-1.0,-1.0,0.0,-1.0,1.7190063990472364e-13,0,model_only,
1.0,-1.0,1.0,-1.0,1.0,0.0,0.0,-1.0,-1.0,-1.0,-1.0,1.0,1.0,1.0,0.0,-1.0,-1.0,1.0,1.0,-1.0,-1.0,-1.0,-1.0,0.0,1.0,1.0,-1.0,-1.0,1.0,-1.0,0.0001623578199276324,0,model_only,
-1.0,-1.0,-1.0,-1.0,-1.0,-1.0,-1.0,-1.0,1.0,-1.0,-1.0,-1.0,1.0,-1.0,0.0,-1.0,-1.0,-1.0,0.0,-1.0,-1.0,-1.0,-1.0,-1.0,1.0,0.0,-1.0,-1.0,0.0,-1.0,2.0591566770854446e-13,0,model_only,
-1.0,-1.0,-1.0,-1.0,-1.0,0.0,0.0,1.0,1.0,-1.0,-1.0,-1.0,-1.0,0.0,1.0,-1.0,-1.0,-1.0,0.0,-1.0,-1.0,-1.0,-1.0,-1.0,-1.0,1.0,-1.0,-1.0,0.0,-1.0,0.6066148844296664,1,model_only,
1.0,-1.0,1.0,-1.0,1.0,0.0,1.0,1.0,1.0,-1.0,-1.0,1.0,-1.0,0.0,1.0,-1.0,-1.0,1.0,1.0,-1.0,-1.0,-1.0,-1.0,0.0,1.0,1.0,1.0,-1.0,1.0,-1.0,0.2199014978927901,0,model_only,
-1.0,-1.0,-1.0,-1.0,-1.0,0.0,0.0,0.0,0.0,-1.0,-1.0,-1.0,1.0,-1.0,0.0,-1.0,-1.0,-1.0,0.0,-1.0,-1.0,-1.0,-1.0,1.0,-1.0,-1.0,-1.0,-1.0,0.0,-1.0,2.1800875436120077e-08,0,model_only,
-1.0,-1.0,-1.0,-1.0,-1.0,0.0,0.0,1.0,1.0,1.0,1.0,-1.0,-1.0,1.0,0.0,-1.0,1.0,-1.0,0.0,1.0,-1.0,1.0,1.0,-1.0,1.0,1.0,-1.0,1.0,1.0,1.0,0.9999992842832826,1,model_only,
-1.0,-1.0,-1.0,-1.0,-1.0,-1.0,-1.0,1.0,0.0,-1.0,-1.0,-1.0,1.0,0.0,0.0,-1.0,-1.0,-1.0,0.0,-1.0,-1.0,-1.0,-1.0,1.0,-1.0,1.0,-1.0,-1.0,0.0,-1.0,0.3242258938023173,0,model_only,
-1.0,1.0,-1.0,-1.0,-1.0,0.0,0.0,-1.0,0.0,-1.0,-1.0,-1.0,1.0,-1.0,-1.0,1.0,-1.0,-1.0,0.0,-1.0,-1.0,-1.0,-1.0,-1.0,-1.0,0.0,-1.0,-1.0,0.0,-1.0,1.4709492712529085e-12,0,model_only,
-1.0,-1.0,-1.0,-1.0,-1.0,-1.0,-1.0,-1.0,0.0,-1.0,-1.0,-1.0,-1.0,0.0,-1.0,-1.0,-1.0,-1.0,0.0,-1.0,-1.0,-1.0,-1.0,-1.0,1.0,0.0,-1.0,-1.0,1.0,-1.0,2.0451495774583175e-11,0,model_only,
-1.0,-1.0,-1.0,-1.0,-1.0,-1.0,0.0,-1.0,-1.0,-1.0,-1.0,-1.0,1.0,-1.0,0.0,-1.0,-1.0,-1.0,0.0,-1.0,-1.0,-1.0,-1.0,-1.0,-1.0,-1.0,-1.0,-1.0,0.0,-1.0,1.1256073801672177e-12,0,model_only,
-1.0,-1.0,-1.0,-1.0,-1.0,-1.0,0.0,1.0,-1.0,-1.0,-1.0,-1.0,1.0,0.0,1.0,-1.0,-1.0,-1.0,0.0,-1.0,-1.0,-1.0,-1.0,-1.0,-1.0,1.0,-1.0,-1.0,0.0,-1.0,0.7736044733847116,1,model_only,
-1.0,1.0,-1.0,1.0,-1.0,1.0,1.0,1.0,1.0,-1.0,-1.0,-1.0,-1.0,1.0,1.0,1.0,-1.0,-1.0,0.0,-1.0,-1.0,-1.0,-1.0,1.0,-1.0,1.0,-1.0,-1.0,0.0,-1.0,0.9999994026313432,1,model_only,
-1.0,1.0,-1.0,-1.0,-1.0,1.0,-1.0,1.0,-1.0,-1.0,-1.0,-1.0,1.0,1.0,0.0,1.0,-1.0,-1.0,0.0,-1.0,-1.0,-1.0,-1.0,1.0,1.0,-1.0,-1.0,-1.0,1.0,-1.0,0.9999995521868712,1,model_only,
-1.0,-1.0,-1.0,-1.0,-1.0,-1.0,0.0,1.0,0.0,-1.0,-1.0,-1.0,1.0,0.0,-1.0,-1.0,-1.0,-1.0,0.0,-1.0,-1.0,-1.0,-1.0,1.0,1.0,1.0,-1.0,-1.0,1.0,-1.0,0.0005689870386880369,0,model_only,
-1.0,-1.0,-1.0,-1.0,-1.0,-1.0,0.0,-1.0,1.0,-1.0,-1.0,-1.0,-1.0,0.0,-1.0,-1.0,-1.0,-1.0,0.0,-1.0,-1.0,-1.0,-1.0,-1.0,-1.0,0.0,-1.0,1.0,0.0,-1.0,3.3929767129560246e-12,0,model_only,
-1.0,-1.0,-1.0,-1.0,-1.0,0.0,-1.0,1.0,0.0,-1.0,-1.0,-1.0,1.0,0.0,1.0,-1.0,-1.0,-1.0,0.0,-1.0,-1.0,-1.0,-1.0,1.0,-1.0,1.0,1.0,-1.0,0.0,-1.0,0.9654765762523896,1,model_only,
-1.0,-1.0,-1.0,1.0,-1.0,-1.0,0.0,0.0,1.0,-1.0,-1.0,-1.0,-1.0,-1.0,0.0,-1.0,-1.0,-1.0,0.0,-1.0,-1.0,-1.0,-1.0,1.0,-1.0,-1.0,-1.0,-1.0,0.0,-1.0,1.313769255157231e-11,0,model_only,
-1.0,1.0,-1.0,-1.0,-1.0,-1.0,0.0,0.0,-1.0,-1.0,-1.0,-1.0,1.0,1.0,0.0,1.0,-1.0,-1.0,0.0,-1.0,-1.0,-1.0,-1.0,1.0,-1.0,-1.0,-1.0,1.0,0.0,-1.0,0.6796981797609095,1,model_only,
-1.0,1.0,-1.0,-1.0,-1.0,1.0,1.0,1.0,-1.0,-1.0,-1.0,-1.0,1.0,1.0,0.0,1.0,-1.0,-1.0,0.0,-1.0,-1.0,-1.0,-1.0,1.0,1.0,-1.0,-1.0,-1.0,1.0,-1.0,0.9999996125371711,1,model_only,
-1.0,-1.0,-1.0,-1.0,-1.0,-1.0,0.0,-1.0,1.0,-1.0,-1.0,-1.0,-1.0,0.0,1.0,-1.0,-1.0,-1.0,0.0,-1.0,-1.0,-1.0,-1.0,1.0,1.0,1.0,-1.0,1.0,1.0,-1.0,5.91543969467005e-10,0,model_only,
-1.0,-1.0,-1.0,-1.0,-1.0,0.0,0.0,1.0,1.0,-1.0,-1.0,-1.0,-1.0,0.0,1.0,-1.0,-1.0,-1.0,0.0,-1.0,-1.0,-1.0,-1.0,-1.0,1.0,1.0,1.0,-1.0,1.0,-1.0,0.6668707831290255,1,model_only,
-1.0,1.0,-1.0,-1.0,-1.0,0.0,-1.0,-1.0,0.0,1.0,1.0,-1.0,-1.0,-1.0,0.0,1.0,1.0,-1.0,0.0,1.0,-1.0,1.0,1.0,-1.0,-1.0,-1.0,-1.0,-1.0,0.0,1.0,7.228465541218689e-08,0,model_only,
-1.0,1.0,-1.0,1.0,-1.0,-1.0,0.0,0.0,0.0,-1.0,-1.0,-1.0,1.0,-1.0,0.0,1.0,-1.0,-1.0,0.0,-1.0,-1.0,-1.0,-1.0,1.0,1.0,-1.0,-1.0,-1.0,0.0,-1.0,4.725468172814492e-08,0,model_only,
-1.0,1.0,-1.0,-1.0,-1.0,-1.0,-1.0,-1.0,0.0,-1.0,-1.0,-1.0,1.0,-1.0,-1.0,1.0,-1.0,-1.0,0.0,-1.0,-1.0,-1.0,-1.0,-1.0,1.0,-1.0,-1.0,-1.0,1.0,-1.0,1.7292062125925193e-12,0,model_only,
1.0,1.0,1.0,-1.0,1.0,0.0,-1.0,1.0,0.0,-1.0,-1.0,1.0,1.0,1.0,0.0,1.0,-1.0,1.0,1.0,-1.0,-1.0,-1.0,-1.0,1.0,1.0,1.0,0.0,-1.0,1.0,-1.0,0.9998434665129764,1,model_only,
-1.0,-1.0,-1.0,-1.0,-1.0,-1.0,0.0,-1.0,0.0,-1.0,-1.0,-1.0,1.0,-1.0,0.0,-1.0,-1.0,-1.0,0.0,-1.0,-1.0,-1.0,-1.0,-1.0,1.0,-1.0,-1.0,-1.0,0.0,-1.0,1.8001830538764435e-12,0,model_only,
-1.0,-1.0,-1.0,-1.0,-1.0,-1.0,-1.0,-1.0,1.0,1.0,1.0,-1.0,-1.0,-1.0,0.0,-1.0,1.0,-1.0,0.0,1.0,1.0,1.0,1.0,-1.0,1.0,0.0,-1.0,-1.0,1.0,1.0,0.0003843586298141334,0,model_only,
-1.0,-1.0,-1.0,-1.0,-1.0,1.0,-1.0,1.0,-1.0,-1.0,-1.0,-1.0,1.0,0.0,-1.0,-1.0,-1.0,-1.0,0.0,-1.0,-1.0,-1.0,-1.0,1.0,1.0,1.0,1.0,-1.0,1.0,-1.0,0.9693563551112977,1,model_only,
-1.0,-1.0,-1.0,-1.0,-1.0,-1.0,-1.0,-1.0,1.0,-1.0,-1.0,-1.0,-1.0,0.0,-1.0,-1.0,-1.0,-1.0,0.0,-1.0,-1.0,-1.0,-1.0,-1.0,1.0,1.0,-1.0,-1.0,1.0,-1.0,1.221861102450357e-11,0,model_only,
-1.0,1.0,-1.0,-1.0,-1.0,-1.0,0.0,0.0,0.0,-1.0,-1.0,-1.0,1.0,-1.0,0.0,1.0,-1.0,-1.0,0.0,-1.0,-1.0,-1.0,-1.0,1.0,1.0,-1.0,-1.0,-1.0,0.0,-1.0,7.066515779375394e-09,0,model_only,
-1.0,-1.0,-1.0,-1.0,-1.0,0.0,1.0,1.0,-1.0,-1.0,-1.0,-1.0,1.0,1.0,0.0,-1.0,-1.0,-1.0,0.0,-1.0,-1.0,-1.0,-1.0,1.0,1.0,-1.0,-1.0,-1.0,1.0,-1.0,0.9978155149233509,1,model_only,
-1.0,-1.0,-1.0,-1.0,-1.0,0.0,1.0,1.0,1.0,-1.0,-1.0,-1.0,-1.0,0.0,1.0,-1.0,-1.0,-1.0,0.0,-1.0,-1.0,-1.0,-1.0,1.0,1.0,1.0,1.0,-1.0,1.0,-1.0,0.5549092238116424,1,model_only,
-1.0,-1.0,-1.0,-1.0,-1.0,-1.0,-1.0,1.0,1.0,-1.0,-1.0,-1.0,-1.0,-1.0,0.0,-1.0,-1.0,-1.0,0.0,-1.0,-1.0,-1.0,-1.0,-1.0,1.0,0.0,-1.0,-1.0,0.0,-1.0,3.6983156881343316e-10,0,model_only,
-1.0,-1.0,-1.0,-1.0,-1.0,0.0,-1.0,-1.0,1.0,-1.0,-1.0,-1.0,-1.0,0.0,-1.0,-1.0,-1.0,-1.0,0.0,-1.0,-1.0,-1.0,-1.0,-1.0,1.0,1.0,-1.0,-1.0,1.0,-1.0,9.48170287877841e-10,0,model_only,
-1.0,-1.0,-1.0,-1.0,-1.0,-1.0,0.0,0.0,-1.0,1.0,1.0,-1.0,1.0,-1.0,-1.0,-1.0,1.0,-1.0,0.0,1.0,1.0,1.0,1.0,0.0,-1.0,1.0,-1.0,-1.0,1.0,1.0,0.0007939127676835078,0,model_only,
-1.0,1.0,-1.0,-1.0,-1.0,1.0,1.0,1.0,-1.0,-1.0,-1.0,-1.0,1.0,0.0,1.0,1.0,-1.0,-1.0,0.0,-1.0,-1.0,-1.0,-1.0,1.0,-1.0,-1.0,-1.0,-1.0,1.0,-1.0,0.9999990436485313,1,model_only,
-1.0,-1.0,-1.0,-1.0,-1.0,-1.0,1.0,1.0,1.0,-1.0,-1.0,-1.0,-1.0,1.0,1.0,-1.0,-1.0,-1.0,0.0,-1.0,-1.0,-1.0,-1.0,1.0,-1.0,1.0,1.0,1.0,0.0,-1.0,0.6863842388664617,1,model_only,
1.0,-1.0,1.0,-1.0,1.0,0.0,-1.0,1.0,0.0,-1.0,-1.0,1.0,1.0,0.0,1.0,-1.0,-1.0,1.0,1.0,-1.0,-1.0,-1.0,-1.0,1.0,1.0,1.0,-1.0,-1.0,1.0,-1.0,0.9674835456456359,1,model_only,
-1.0,-1.0,-1.0,-1.0,-1.0,0.0,0.0,0.0,1.0,-1.0,-1.0,-1.0,-1.0,-1.0,1.0,-1.0,-1.0,-1.0,0.0,-1.0,-1.0,-1.0,-1.0,0.0,1.0,-1.0,-1.0,-1.0,1.0,-1.0,1.2359195832310637e-08,0,model_only,
-1.0,-1.0,-1.0,-1.0,-1.0,0.0,0.0,1.0,1.0,-1.0,-1.0,-1.0,-1.0,0.0,0.0,-1.0,-1.0,-1.0,0.0,-1.0,-1.0,-1.0,-1.0,-1.0,-1.0,-1.0,-1.0,-1.0,0.0,-1.0,0.664723902704927,1,model_only,
-1.0,-1.0,-1.0,-1.0,-1.0,-1.0,0.0,0.0,1.0,1.0,1.0,-1.0,-1.0,-1.0,-1.0,-1.0,1.0,-1.0,0.0,1.0,1.0,1.0,1.0,1.0,1.0,1.0,-1.0,1.0,1.0,1.0,0.0007946146964773129,0,model_only,
-1.0,-1.0,-1.0,-1.0,-1.0,-1.0,-1.0,-1.0,0.0,-1.0,-1.0,-1.0,-1.0,0.0,0.0,-1.0,-1.0,-1.0,0.0,-1.0,-1.0,-1.0,-1.0,-1.0,-1.0,0.0,-1.0,1.0,0.0,-1.0,5.093880028278682e-10,0,model_only,
-1.0,-1.0,-1.0,-1.0,-1.0,0.0,0.0,-1.0,1.0,-1.0,-1.0,-1.0,-1.0,-1.0,-1.0,-1.0,-1.0,-1.0,0.0,-1.0,-1.0,-1.0,-1.0,-1.0,-1.0,1.0,0.0,-1.0,0.0,-1.0,6.373709770141976e-13,0,model_only,
-1.0,-1.0,-1.0,1.0,-1.0,0.0,0.0,0.0,1.0,-1.0,-1.0,-1.0,-1.0,-1.0,0.0,-1.0,-1.0,-1.0,0.0,-1.0,-1.0,-1.0,-1.0,0.0,1.0,-1.0,0.0,-1.0,1.0,-1.0,3.227342951615824e-07,0,model_only,
-1.0,-1.0,-1.0,-1.0,-1.0,0.0,0.0,1.0,0.0,-1.0,-1.0,-1.0,1.0,0.0,1.0,-1.0,-1.0,-1.0,0.0,-1.0,-1.0,-1.0,-1.0,-1.0,-1.0,1.0,0.0,-1.0,0.0,-1.0,0.9881429091676167,1,model_only,
-1.0,-1.0,-1.0,-1.0,-1.0,0.0,-1.0,-1.0,1.0,-1.0,-1.0,-1.0,1.0,-1.0,-1.0,-1.0,-1.0,-1.0,0.0,-1.0,-1.0,-1.0,-1.0,1.0,-1.0,-1.0,-1.0,-1.0,0.0,-1.0,5.132528848712848e-13,0,model_only,
-1.0,-1.0,-1.0,-1.0,-1.0,0.0,0.0,1.0,0.0,-1.0,-1.0,-1.0,1.0,0.0,0.0,-1.0,-1.0,-1.0,0.0,-1.0,-1.0,-1.0,-1.0,-1.0,-1.0,1.0,1.0,-1.0,0.0,-1.0,0.8863771349325645,1,model_only,
-1.0,-1.0,-1.0,-1.0,-1.0,0.0,-1.0,-1.0,1.0,-1.0,-1.0,-1.0,1.0,0.0,0.0,-1.0,-1.0,-1.0,0.0,-1.0,-1.0,-1.0,-1.0,-1.0,1.0,1.0,-1.0,1.0,1.0,-1.0,0.0003506342459746027,0,model_only,
-1.0,-1.0,-1.0,-1.0,-1.0,1.0,1.0,1.0,1.0,-1.0,-1.0,-1.0,-1.0,1.0,1.0,-1.0,-1.0,-1.0,0.0,-1.0,-1.0,-1.0,-1.0,1.0,1.0,-1.0,-1.0,-1.0,1.0,-1.0,0.9243476499130785,1,model_only,
-1.0,-1.0,-1.0,-1.0,-1.0,-1.0,-1.0,-1.0,1.0,-1.0,-1.0,-1.0,-1.0,0.0,-1.0,-1.0,-1.0,-1.0,0.0,-1.0,-1.0,-1.0,-1.0,0.0,-1.0,1.0,-1.0,-1.0,0.0,-1.0,6.707654518098946e-12,0,model_only,
-1.0,1.0,-1.0,-1.0,-1.0,0.0,1.0,1.0,-1.0,-1.0,-1.0,-1.0,1.0,1.0,1.0,1.0,-1.0,-1.0,0.0,-1.0,-1.0,-1.0,-1.0,0.0,-1.0,1.0,-1.0,-1.0,0.0,-1.0,0.9999999889456671,1,model_only,
1.0,-1.0,1.0,-1.0,1.0,-1.0,1.0,-1.0,1.0,1.0,1.0,1.0,-1.0,-1.0,1.0,-1.0,1.0,1.0,1.0,1.0,-1.0,1.0,1.0,-1.0,1.0,-1.0,-1.0,1.0,1.0,1.0,8.49798431323277e-05,0,model_only,
-1.0,1.0,-1.0,-1.0,-1.0,0.0,-1.0,-1.0,-1.0,-1.0,-1.0,-1.0,1.0,0.0,0.0,1.0,-1.0,-1.0,0.0,-1.0,-1.0,-1.0,-1.0,-1.0,-1.0,0.0,0.0,1.0,0.0,-1.0,3.49486665284352e-05,0,model_only,
-1.0,1.0,-1.0,-1.0,-1.0,-1.0,0.0,0.0,-1.0,1.0,1.0,-1.0,1.0,-1.0,1.0,1.0,1.0,-1.0,0.0,1.0,-1.0,1.0,1.0,1.0,-1.0,-1.0,-1.0,1.0,0.0,1.0,3.818873900260552e-07,0,model_only,
-1.0,-1.0,-1.0,-1.0,-1.0,1.0,0.0,-1.0,1.0,-1.0,-1.0,-1.0,-1.0,0.0,0.0,-1.0,-1.0,-1.0,0.0,-1.0,-1.0,-1.0,-1.0,0.0,1.0,1.0,-1.0,1.0,1.0,-1.0,0.00013093308459428485,0,model_only,
-1.0,-1.0,-1.0,-1.0,-1.0,0.0,0.0,0.0,1.0,1.0,1.0,-1.0,-1.0,0.0,0.0,-1.0,1.0,-1.0,0.0,1.0,1.0,1.0,1.0,1.0,-1.0,-1.0,0.0,1.0,0.0,1.0,0.9978999907893105,1,model_only,
-1.0,-1.0,-1.0,-1.0,-1.0,0.0,-1.0,-1.0,0.0,1.0,1.0,-1.0,-1.0,-1.0,1.0,-1.0,1.0,-1.0,0.0,1.0,1.0,1.0,1.0,-1.0,-1.0,-1.0,-1.0,1.0,0.0,1.0,0.0019381997217688884,0,model_only,
-1.0,-1.0,-1.0,-1.0,-1.0,-1.0,-1.0,-1.0,0.0,-1.0,-1.0,-1.0,-1.0,0.0,0.0,-1.0,-1.0,-1.0,0.0,-1.0,-1.0,-1.0,-1.0,-1.0,-1.0,1.0,-1.0,1.0,0.0,-1.0,1.8714002673422084e-09,0,model_only,
-1.0,-1.0,-1.0,-1.0,-1.0,0.0,-1.0,1.0,-1.0,-1.0,-1.0,-1.0,1.0,1.0,0.0,-1.0,-1.0,-1.0,0.0,-1.0,-1.0,-1.0,-1.0,1.0,1.0,1.0,1.0,-1.0,1.0,-1.0,0.8742730138782738,1,model_only,
-1.0,-1.0,-1.0,-1.0,-1.0,1.0,0.0,1.0,-1.0,-1.0,-1.0,-1.0,1.0,0.0,0.0,-1.0,-1.0,-1.0,0.0,-1.0,-1.0,-1.0,-1.0,0.0,-1.0,1.0,1.0,-1.0,0.0,-1.0,0.9970937179326255,1,model_only,
-1.0,-1.0,-1.0,-1.0,-1.0,-1.0,-1.0,1.0,0.0,-1.0,-1.0,-1.0,1.0,0.0,-1.0,-1.0,-1.0,-1.0,0.0,-1.0,-1.0,-1.0,-1.0,-1.0,-1.0,1.0,-1.0,-1.0,0.0,-1.0,0.050647766806511514,0,model_only,
-1.0,-1.0,-1.0,-1.0,-1.0,-1.0,1.0,-1.0,1.0,-1.0,-1.0,-1.0,1.0,0.0,-1.0,-1.0,-1.0,-1.0,0.0,-1.0,-1.0,-1.0,-1.0,-1.0,1.0,1.0,-1.0,1.0,0.0,-1.0,8.668840798113091e-10,0,model_only,
-1.0,-1.0,-1.0,-1.0,-1.0,-1.0,-1.0,-1.0,1.0,-1.0,-1.0,-1.0,-1.0,-1.0,-1.0,-1.0,-1.0,-1.0,0.0,-1.0,-1.0,-1.0,-1.0,-1.0,1.0,1.0,-1.0,-1.0,0.0,-1.0,4.223173774419222e-15,0,model_only,
-1.0,-1.0,-1.0,-1.0,-1.0,0.0,0.0,-1.0,-1.0,-1.0,-1.0,-1.0,1.0,1.0,0.0,-1.0,-1.0,-1.0,0.0,-1.0,-1.0,-1.0,-1.0,0.0,1.0,1.0,1.0,-1.0,0.0,-1.0,0.014712282887862358,0,model_only,
-1.0,1.0,-1.0,-1.0,-1.0,-1.0,-1.0,1.0,-1.0,-1.0,-1.0,-1.0,1.0,0.0,1.0,1.0,-1.0,-1.0,0.0,-1.0,-1.0,-1.0,-1.0,1.0,1.0,0.0,-1.0,1.0,1.0,-1.0,0.9994065949713545,1,model_only,
-1.0,-1.0,-1.0,1.0,-1.0,-1.0,1.0,1.0,0.0,-1.0,-1.0,-1.0,1.0,1.0,1.0,-1.0,-1.0,-1.0,0.0,-1.0,-1.0,-1.0,-1.0,1.0,1.0,1.0,-1.0,-1.0,0.0,-1.0,0.8339105765583401,1,model_only,
-1.0,-1.0,-1.0,-1.0,-1.0,0.0,0.0,1.0,0.0,-1.0,-1.0,-1.0,1.0,0.0,-1.0,-1.0,-1.0,-1.0,0.0,-1.0,-1.0,-1.0,-1.0,-1.0,1.0,1.0,1.0,-1.0,1.0,-1.0,0.6661037958473742,1,model_only,
-1.0,-1.0,-1.0,-1.0,-1.0,-1.0,-1.0,1.0,-1.0,1.0,1.0,-1.0,1.0,0.0,0.0,-1.0,1.0,-1.0,0.0,1.0,1.0,1.0,1.0,1.0,1.0,1.0,-1.0,-1.0,1.0,1.0,0.9992631788725758,1,model_only,
-1.0,-1.0,-1.0,-1.0,-1.0,-1.0,0.0,1.0,-1.0,-1.0,-1.0,-1.0,1.0,0.0,-1.0,-1.0,-1.0,-1.0,0.0,-1.0,-1.0,-1.0,-1.0,1.0,1.0,0.0,-1.0,-1.0,0.0,-1.0,0.02625386324384812,0,model_only,
-1.0,-1.0,-1.0,-1.0,-1.0,0.0,1.0,1.0,0.0,-1.0,-1.0,-1.0,-1.0,0.0,0.0,-1.0,-1.0,-1.0,0.0,-1.0,-1.0,-1.0,-1.0,1.0,-1.0,1.0,0.0,-1.0,0.0,-1.0,0.6557755637181636,1,model_only,
-1.0,-1.0,-1.0,-1.0,-1.0,-1.0,-1.0,-1.0,0.0,-1.0,-1.0,-1.0,-1.0,-1.0,1.0,-1.0,-1.0,-1.0,0.0,-1.0,-1.0,-1.0,-1.0,-1.0,1.0,-1.0,-1.0,-1.0,1.0,-1.0,1.035427510001946e-11,0,model_only,
-1.0,-1.0,-1.0,-1.0,-1.0,-1.0,-1.0,-1.0,0.0,-1.0,-1.0,-1.0,-1.0,0.0,-1.0,-1.0,-1.0,-1.0,0.0,-1.0,-1.0,-1.0,-1.0,0.0,1.0,1.0,-1.0,-1.0,1.0,-1.0,6.014654996800101e-11,0,model_only,
-1.0,1.0,-1.0,-1.0,-1.0,0.0,0.0,1.0,0.0,1.0,1.0,-1.0,1.0,0.0,0.0,1.0,1.0,-1.0,0.0,1.0,-1.0,1.0,1.0,-1.0,-1.0,1.0,0.0,-1.0,1.0,1.0,0.9999997614904115,1,model_only,
-1.0,1.0,-1.0,-1.0,-1.0,-1.0,0.0,0.0,-1.0,-1.0,-1.0,-1.0,1.0,-1.0,0.0,1.0,-1.0,-1.0,0.0,-1.0,-1.0,-1.0,-1.0,0.0,1.0,-1.0,-1.0,-1.0,0.0,-1.0,3.908318749583075e-08,0,model_only,
-1.0,-1.0,-1.0,-1.0,-1.0,0.0,1.0,1.0,1.0,-1.0,-1.0,-1.0,-1.0,1.0,1.0,-1.0,-1.0,-1.0,0.0,-1.0,-1.0,-1.0,-1.0,1.0,1.0,-1.0,1.0,-1.0,1.0,-1.0,0.6798136192269313,1,model_only,
-1.0,-1.0,-1.0,-1.0,-1.0,0.0,-1.0,1.0,0.0,-1.0,-1.0,-1.0,-1.0,0.0,1.0,-1.0,-1.0,-1.0,0.0,-1.0,-1.0,-1.0,-1.0,1.0,-1.0,1.0,1.0,-1.0,0.0,-1.0,0.6684668282165743,1,model_only,
-1.0,-1.0,-1.0,-1.0,-1.0,-1.0,0.0,0.0,-1.0,-1.0,-1.0,-1.0,1.0,-1.0,-1.0,-1.0,-1.0,-1.0,0.0,-1.0,-1.0,-1.0,-1.0,1.0,-1.0,-1.0,-1.0,1.0,0.0,-1.0,5.540513098515824e-10,0,model_only,
-1.0,1.0,-1.0,-1.0,-1.0,0.0,-1.0,1.0,-1.0,1.0,1.0,-1.0,1.0,0.0,-1.0,1.0,1.0,-1.0,0.0,1.0,1.0,1.0,1.0,1.0,1.0,1.0,0.0,-1.0,1.0,1.0,0.9999050028732356,1,model_only,
-1.0,-1.0,-1.0,-1.0,-1.0,1.0,-1.0,1.0,-1.0,1.0,1.0,-1.0,1.0,1.0,0.0,-1.0,1.0,-1.0,0.0,1.0,1.0,1.0,1.0,1.0,1.0,1.0,-1.0,-1.0,1.0,1.0,0.9999999189696909,1,model_only,
1.0,-1.0,1.0,-1.0,1.0,-1.0,0.0,-1.0,0.0,1.0,1.0,1.0,1.0,-1.0,1.0,-1.0,1.0,1.0,1.0,1.0,1.0,1.0,1.0,1.0,1.0,-1.0,-1.0,1.0,1.0,1.0,0.02065417873616373,0,model_only,
-1.0,1.0,-1.0,1.0,-1.0,0.0,-1.0,1.0,-1.0,-1.0,-1.0,-1.0,1.0,0.0,1.0,1.0,-1.0,-1.0,0.0,-1.0,-1.0,-1.0,-1.0,1.0,-1.0,1.0,1.0,-1.0,0.0,-1.0,0.9999999805884295,1,model_only,
-1.0,-1.0,-1.0,-1.0,-1.0,0.0,-1.0,-1.0,1.0,-1.0,-1.0,-1.0,-1.0,-1.0,-1.0,-1.0,-1.0,-1.0,0.0,-1.0,-1.0,-1.0,-1.0,1.0,-1.0,-1.0,-1.0,1.0,0.0,-1.0,2.818598839095488e-12,0,model_only,
1.0,-1.0,1.0,-1.0,1.0,-1.0,0.0,0.0,1.0,1.0,1.0,1.0,-1.0,-1.0,1.0,-1.0,1.0,1.0,1.0,1.0,1.0,1.0,1.0,1.0,1.0,0.0,-1.0,1.0,1.0,1.0,0.00011881653366277498,0,model_only,
-1.0,1.0,-1.0,-1.0,-1.0,1.0,1.0,1.0,0.0,-1.0,-1.0,-1.0,1.0,1.0,0.0,1.0,-1.0,-1.0,0.0,-1.0,-1.0,-1.0,-1.0,1.0,-1.0,-1.0,1.0,-1.0,0.0,-1.0,0.9999984864022221,1,model_only,
-1.0,-1.0,-1.0,-1.0,-1.0,-1.0,1.0,1.0,-1.0,-1.0,-1.0,-1.0,1.0,0.0,1.0,-1.0,-1.0,-1.0,0.0,-1.0,-1.0,-1.0,-1.0,1.0,-1.0,0.0,-1.0,1.0,0.0,-1.0,0.697372113726194,1,model_only,
-1.0,-1.0,-1.0,-1.0,-1.0,0.0,0.0,1.0,-1.0,1.0,1.0,-1.0,1.0,0.0,1.0,-1.0,1.0,-1.0,0.0,1.0,1.0,1.0,1.0,-1.0,1.0,1.0,-1.0,-1.0,1.0,1.0,0.9999979455912409,1,model_only,
-1.0,-1.0,-1.0,-1.0,-1.0,1.0,1.0,1.0,1.0,-1.0,-1.0,-1.0,-1.0,1.0,-1.0,-1.0,-1.0,-1.0,0.0,-1.0,-1.0,-1.0,-1.0,1.0,1.0,-1.0,-1.0,-1.0,1.0,-1.0,0.682480501487334,1,model_only,
-1.0,-1.0,-1.0,-1.0,-1.0,0.0,-1.0,1.0,1.0,-1.0,-1.0,-1.0,1.0,0.0,1.0,-1.0,-1.0,-1.0,0.0,-1.0,-1.0,-1.0,-1.0,-1.0,1.0,-1.0,-1.0,1.0,1.0,-1.0,0.9986855869358106,1,model_only,
-1.0,1.0,-1.0,-1.0,-1.0,0.0,1.0,-1.0,-1.0,-1.0,-1.0,-1.0,1.0,1.0,1.0,1.0,-1.0,-1.0,0.0,-1.0,-1.0,-1.0,-1.0,1.0,1.0,1.0,-1.0,-1.0,1.0,-1.0,0.7050145667912918,1,model_only,
-1.0,-1.0,-1.0,-1.0,-1.0,0.0,0.0,1.0,-1.0,-1.0,-1.0,-1.0,1.0,1.0,-1.0,-1.0,-1.0,-1.0,0.0,-1.0,-1.0,-1.0,-1.0,-1.0,-1.0,0.0,-1.0,-1.0,0.0,-1.0,0.6914048947079011,1,model_only,
-1.0,-1.0,-1.0,-1.0,-1.0,-1.0,-1.0,1.0,-1.0,-1.0,-1.0,-1.0,1.0,0.0,-1.0,-1.0,-1.0,-1.0,0.0,-1.0,-1.0,-1.0,-1.0,-1.0,-1.0,0.0,-1.0,1.0,0.0,-1.0,0.12389600637385889,0,model_only,
-1.0,-1.0,-1.0,-1.0,-1.0,-1.0,-1.0,-1.0,1.0,-1.0,-1.0,-1.0,-1.0,-1.0,0.0,-1.0,-1.0,-1.0,0.0,-1.0,-1.0,-1.0,-1.0,-1.0,1.0,0.0,-1.0,1.0,0.0,-1.0,1.1737543245893335e-14,0,model_only,
-1.0,1.0,-1.0,1.0,-1.0,0.0,0.0,1.0,-1.0,-1.0,-1.0,-1.0,1.0,0.0,1.0,1.0,-1.0,-1.0,0.0,-1.0,-1.0,-1.0,-1.0,-1.0,1.0,1.0,1.0,-1.0,0.0,-1.0,0.9999999021125485,1,model_only,
-1.0,-1.0,-1.0,-1.0,-1.0,0.0,0.0,0.0,0.0,-1.0,-1.0,-1.0,-1.0,-1.0,0.0,-1.0,-1.0,-1.0,0.0,-1.0,-1.0,-1.0,-1.0,1.0,-1.0,0.0,-1.0,-1.0,0.0,-1.0,1.1125029848362661e-10,0,model_only,
-1.0,1.0,-1.0,-1.0,-1.0,1.0,0.0,1.0,-1.0,-1.0,-1.0,-1.0,1.0,0.0,-1.0,1.0,-1.0,-1.0,0.0,-1.0,-1.0,-1.0,-1.0,-1.0,-1.0,0.0,-1.0,1.0,0.0,-1.0,0.9999619093260638,1,model_only,
-1.0,-1.0,-1.0,-1.0,-1.0,0.0,1.0,1.0,-1.0,-1.0,-1.0,-1.0,1.0,1.0,0.0,-1.0,-1.0,-1.0,0.0,-1.0,-1.0,-1.0,-1.0,1.0,-1.0,1.0,-1.0,1.0,0.0,-1.0,0.9990517999167552,1,model_only,
-1.0,-1.0,-1.0,-1.0,-1.0,-1.0,-1.0,-1.0,-1.0,-1.0,-1.0,-1.0,1.0,-1.0,0.0,-1.0,-1.0,-1.0,0.0,-1.0,-1.0,-1.0,-1.0,-1.0,-1.0,-1.0,-1.0,-1.0,0.0,-1.0,1.2209898237593795e-12,0,model_only,
-1.0,-1.0,-1.0,-1.0,-1.0,0.0,0.0,-1.0,0.0,-1.0,-1.0,-1.0,1.0,1.0,0.0,-1.0,-1.0,-1.0,0.0,-1.0,-1.0,-1.0,-1.0,-1.0,-1.0,1.0,-1.0,-1.0,0.0,-1.0,0.058687449117462036,0,model_only,
-1.0,-1.0,-1.0,-1.0,-1.0,0.0,-1.0,-1.0,0.0,-1.0,-1.0,-1.0,-1.0,0.0,-1.0,-1.0,-1.0,-1.0,0.0,-1.0,-1.0,-1.0,-1.0,-1.0,1.0,-1.0,0.0,-1.0,1.0,-1.0,1.6779164439902616e-09,0,model_only,
-1.0,-1.0,-1.0,-1.0,-1.0,1.0,0.0,-1.0,1.0,-1.0,-1.0,-1.0,-1.0,0.0,-1.0,-1.0,-1.0,-1.0,0.0,-1.0,-1.0,-1.0,-1.0,0.0,-1.0,-1.0,-1.0,-1.0,1.0,-1.0,0.000278472294757905,0,model_only,
-1.0,-1.0,-1.0,-1.0,1.0,0.0,-1.0,1.0,0.0,-1.0,-1.0,-1.0,-1.0,0.0,-1.0,-1.0,-1.0,-1.0,1.0,-1.0,-1.0,-1.0,-1.0,-1.0,1.0,1.0,-1.0,1.0,0.0,-1.0,0.6630478265484098,1,model_only,
-1.0,-1.0,-1.0,-1.0,1.0,-1.0,-1.0,0.0,1.0,-1.0,-1.0,-1.0,-1.0,0.0,-1.0,-1.0,-1.0,-1.0,1.0,-1.0,-1.0,-1.0,-1.0,-1.0,-1.0,0.0,-1.0,1.0,1.0,-1.0,6.931325366430015e-07,0,model_only,
-1.0,-1.0,-1.0,-1.0,-1.0,0.0,-1.0,1.0,1.0,-1.0,-1.0,1.0,-1.0,1.0,1.0,-1.0,-1.0,-1.0,0.0,-1.0,-1.0,-1.0,-1.0,1.0,1.0,1.0,0.0,-1.0,1.0,-1.0,0.6669543215877224,1,model_only,
-1.0,-1.0,-1.0,-1.0,1.0,-1.0,1.0,-1.0,0.0,-1.0,-1.0,-1.0,1.0,0.0,0.0,-1.0,1.0,-1.0,1.0,-1.0,-1.0,-1.0,-1.0,-1.0,-1.0,0.0,-1.0,1.0,0.0,-1.0,5.785454401927967e-09,0,model_only,
1.0,-1.0,1.0,-1.0,-1.0,0.0,-1.0,1.0,1.0,-1.0,-1.0,1.0,-1.0,0.0,-1.0,-1.0,1.0,-1.0,0.0,-1.0,-1.0,-1.0,-1.0,1.0,1.0,1.0,0.0,-1.0,1.0,-1.0,0.4788033512544376,0,model_only,
-1.0,-1.0,-1.0,-1.0,-1.0,0.0,0.0,-1.0,1.0,-1.0,-1.0,-1.0,-1.0,-1.0,-1.0,-1.0,-1.0,-1.0,0.0,-1.0,-1.0,-1.0,-1.0,-1.0,1.0,-1.0,0.0,-1.0,1.0,-1.0,1.6447666834853048e-13,0,model_only,
-1.0,-1.0,-1.0,-1.0,1.0,-1.0,1.0,1.0,-1.0,-1.0,-1.0,-1.0,1.0,1.0,0.0,-1.0,-1.0,-1.0,1.0,-1.0,-1.0,-1.0,-1.0,1.0,-1.0,1.0,1.0,1.0,-1.0,-1.0,0.7654579707397408,1,model_only,
-1.0,-1.0,-1.0,-1.0,-1.0,-1.0,-1.0,-1.0,0.0,-1.0,-1.0,-1.0,1.0,0.0,-1.0,-1.0,-1.0,-1.0,0.0,-1.0,-1.0,-1.0,-1.0,-1.0,-1.0,1.0,-1.0,-1.0,0.0,-1.0,5.132655196429492e-10,0,model_only,
1.0,-1.0,1.0,-1.0,-1.0,1.0,1.0,1.0,-1.0,-1.0,-1.0,1.0,1.0,0.0,-1.0,-1.0,-1.0,-1.0,0.0,-1.0,-1.0,-1.0,-1.0,1.0,1.0,1.0,-1.0,-1.0,-1.0,-1.0,0.725238295871347,1,model_only,
-1.0,-1.0,-1.0,-1.0,-1.0,-1.0,0.0,0.0,1.0,-1.0,-1.0,-1.0,-1.0,-1.0,-1.0,-1.0,1.0,-1.0,0.0,-1.0,-1.0,-1.0,-1.0,1.0,-1.0,-1.0,-1.0,-1.0,1.0,-1.0,2.0334540319903057e-11,0,model_only,
-1.0,-1.0,-1.0,-1.0,1.0,-1.0,-1.0,1.0,0.0,-1.0,-1.0,1.0,-1.0,0.0,-1.0,-1.0,-1.0,-1.0,1.0,-1.0,-1.0,-1.0,-1.0,-1.0,1.0,1.0,-1.0,-1.0,0.0,-1.0,0.00040366553269847354,0,model_only,
-1.0,-1.0,-1.0,-1.0,-1.0,-1.0,-1.0,1.0,-1.0,-1.0,-1.0,-1.0,1.0,0.0,0.0,-1.0,-1.0,-1.0,0.0,-1.0,-1.0,-1.0,-1.0,-1.0,1.0,0.0,-1.0,-1.0,-1.0,-1.0,0.5862784233568882,1,model_only,
-1.0,1.0,-1.0,1.0,-1.0,-1.0,0.0,0.0,-1.0,-1.0,-1.0,-1.0,1.0,-1.0,0.0,1.0,-1.0,-1.0,0.0,-1.0,-1.0,-1.0,-1.0,0.0,1.0,-1.0,-1.0,-1.0,-1.0,-1.0,8.252991095600598e-08,0,model_only,
-1.0,-1.0,-1.0,-1.0,-1.0,-1.0,1.0,-1.0,-1.0,1.0,-1.0,-1.0,1.0,0.0,0.0,-1.0,-1.0,-1.0,0.0,1.0,-1.0,1.0,-1.0,1.0,1.0,0.0,-1.0,-1.0,-1.0,-1.0,3.4608310663380683e-07,0,model_only,
-1.0,-1.0,-1.0,-1.0,-1.0,0.0,1.0,-1.0,1.0,-1.0,-1.0,-1.0,-1.0,0.0,-1.0,-1.0,-1.0,-1.0,0.0,-1.0,-1.0,-1.0,-1.0,1.0,1.0,0.0,-1.0,-1.0,1.0,-1.0,1.507505695330355e-09,0,model_only,
-1.0,1.0,-1.0,-1.0,-1.0,-1.0,-1.0,-1.0,1.0,-1.0,-1.0,-1.0,-1.0,-1.0,0.0,1.0,-1.0,-1.0,0.0,-1.0,-1.0,-1.0,-1.0,-1.0,1.0,0.0,-1.0,-1.0,1.0,-1.0,1.9162447632706544e-14,0,model_only,
-1.0,-1.0,-1.0,-1.0,-1.0,-1.0,-1.0,1.0,1.0,-1.0,-1.0,-1.0,1.0,0.0,-1.0,-1.0,1.0,-1.0,0.0,-1.0,-1.0,-1.0,-1.0,-1.0,-1.0,0.0,-1.0,-1.0,1.0,-1.0,0.14137831743272244,0,model_only,
-1.0,-1.0,-1.0,-1.0,-1.0,0.0,-1.0,-1.0,-1.0,-1.0,-1.0,-1.0,1.0,-1.0,0.0,-1.0,1.0,-1.0,0.0,-1.0,-1.0,-1.0,-1.0,-1.0,-1.0,1.0,0.0,-1.0,-1.0,-1.0,3.6843956683127887e-10,0,model_only,
-1.0,-1.0,-1.0,-1.0,-1.0,0.0,0.0,1.0,1.0,-1.0,-1.0,-1.0,-1.0,0.0,1.0,-1.0,1.0,-1.0,0.0,-1.0,-1.0,-1.0,-1.0,-1.0,1.0,-1.0,-1.0,-1.0,1.0,-1.0,0.7722488808192446,1,model_only,
-1.0,-1.0,-1.0,-1.0,-1.0,-1.0,-1.0,1.0,-1.0,-1.0,-1.0,-1.0,1.0,0.0,0.0,-1.0,1.0,-1.0,0.0,-1.0,-1.0,-1.0,-1.0,1.0,-1.0,1.0,-1.0,-1.0,-1.0,-1.0,0.00684867288247033,0,model_only,
-1.0,1.0,-1.0,-1.0,-1.0,-1.0,1.0,1.0,0.0,-1.0,-1.0,-1.0,1.0,0.0,-1.0,1.0,1.0,-1.0,0.0,-1.0,-1.0,-1.0,-1.0,1.0,-1.0,0.0,-1.0,1.0,0.0,-1.0,0.24604413869684508,0,model_only,
1.0,1.0,1.0,-1.0,1.0,-1.0,-1.0,1.0,-1.0,-1.0,-1.0,1.0,1.0,1.0,-1.0,1.0,-1.0,-1.0,1.0,-1.0,-1.0,-1.0,-1.0,1.0,1.0,1.0,1.0,-1.0,-1.0,-1.0,0.6854889873528113,1,model_only,
-1.0,-1.0,-1.0,-1.0,-1.0,-1.0,1.0,1.0,0.0,-1.0,-1.0,-1.0,1.0,0.0,-1.0,-1.0,-1.0,-1.0,0.0,-1.0,-1.0,-1.0,-1.0,1.0,1.0,1.0,-1.0,-1.0,0.0,-1.0,1.9535821312741286e-05,0,model_only,
-1.0,-1.0,-1.0,-1.0,-1.0,0.0,-1.0,1.0,-1.0,1.0,-1.0,1.0,1.0,1.0,-1.0,-1.0,-1.0,-1.0,0.0,1.0,-1.0,1.0,-1.0,1.0,1.0,1.0,-1.0,-1.0,-1.0,-1.0,0.6308766289242845,1,model_only,
-1.0,-1.0,-1.0,-1.0,-1.0,-1.0,0.0,-1.0,1.0,-1.0,-1.0,-1.0,-1.0,-1.0,1.0,-1.0,-1.0,-1.0,0.0,-1.0,-1.0,-1.0,-1.0,-1.0,1.0,-1.0,-1.0,-1.0,1.0,-1.0,1.4735106765146162e-12,0,model_only,
-1.0,-1.0,-1.0,-1.0,-1.0,0.0,0.0,1.0,0.0,-1.0,-1.0,-1.0,1.0,0.0,1.0,-1.0,-1.0,-1.0,0.0,-1.0,-1.0,-1.0,-1.0,-1.0,1.0,1.0,0.0,-1.0,1.0,-1.0,0.9213453242760354,1,model_only,
-1.0,-1.0,-1.0,-1.0,-1.0,0.0,0.0,1.0,-1.0,-1.0,-1.0,-1.0,1.0,0.0,1.0,-1.0,-1.0,-1.0,0.0,-1.0,-1.0,-1.0,-1.0,-1.0,-1.0,1.0,1.0,-1.0,0.0,-1.0,0.9985871895802058,1,model_only,
-1.0,1.0,-1.0,-1.0,-1.0,0.0,0.0,1.0,0.0,1.0,-1.0,-1.0,1.0,0.0,0.0,1.0,-1.0,1.0,0.0,-1.0,1.0,1.0,1.0,-1.0,1.0,1.0,-1.0,-1.0,1.0,1.0,0.9999409380386197,1,model_only,
-1.0,-1.0,-1.0,-1.0,-1.0,0.0,1.0,1.0,0.0,-1.0,-1.0,-1.0,1.0,1.0,0.0,-1.0,-1.0,-1.0,0.0,-1.0,-1.0,-1.0,-1.0,1.0,-1.0,1.0,0.0,-1.0,0.0,-1.0,0.6975834383971335,1,model_only,
-1.0,-1.0,-1.0,-1.0,-1.0,-1.0,0.0,-1.0,1.0,-1.0,-1.0,-1.0,-1.0,0.0,-1.0,-1.0,-1.0,-1.0,0.0,-1.0,-1.0,-1.0,-1.0,0.0,1.0,1.0,-1.0,-1.0,1.0,-1.0,5.885083768591158e-12,0,model_only,
-1.0,-1.0,-1.0,-1.0,-1.0,0.0,-1.0,1.0,1.0,-1.0,-1.0,1.0,-1.0,0.0,1.0,-1.0,1.0,-1.0,0.0,-1.0,-1.0,-1.0,-1.0,1.0,-1.0,1.0,0.0,-1.0,0.0,-1.0,0.5269473277012352,1,model_only,
-1.0,-1.0,-1.0,-1.0,-1.0,-1.0,-1.0,-1.0,0.0,-1.0,-1.0,1.0,1.0,-1.0,-1.0,-1.0,1.0,-1.0,0.0,-1.0,-1.0,-1.0,-1.0,-1.0,1.0,1.0,-1.0,-1.0,0.0,-1.0,4.426382827701924e-11,0,model_only,
-1.0,-1.0,-1.0,-1.0,-1.0,1.0,0.0,1.0,-1.0,1.0,-1.0,1.0,1.0,1.0,-1.0,-1.0,1.0,-1.0,0.0,-1.0,1.0,1.0,1.0,-1.0,1.0,1.0,-1.0,-1.0,1.0,-1.0,0.9999810510916453,1,model_only,
-1.0,-1.0,-1.0,-1.0,-1.0,0.0,-1.0,-1.0,0.0,-1.0,-1.0,-1.0,1.0,0.0,0.0,-1.0,1.0,-1.0,0.0,-1.0,-1.0,-1.0,-1.0,-1.0,1.0,1.0,-1.0,-1.0,0.0,-1.0,6.382559082810989e-05,0,model_only,
-1.0,-1.0,-1.0,-1.0,-1.0,1.0,0.0,1.0,-1.0,-1.0,-1.0,-1.0,1.0,1.0,0.0,-1.0,-1.0,-1.0,0.0,-1.0,-1.0,-1.0,-1.0,-1.0,-1.0,1.0,-1.0,-1.0,0.0,-1.0,0.9999457414496251,1,model_only,
-1.0,-1.0,-1.0,1.0,-1.0,1.0,1.0,1.0,-1.0,-1.0,-1.0,-1.0,1.0,1.0,1.0,-1.0,-1.0,-1.0,0.0,-1.0,-1.0,-1.0,-1.0,1.0,-1.0,1.0,-1.0,-1.0,0.0,-1.0,0.9999995443833454,1,model_only,
1.0,1.0,1.0,-1.0,1.0,1.0,0.0,1.0,-1.0,-1.0,-1.0,1.0,1.0,0.0,-1.0,1.0,-1.0,1.0,1.0,-1.0,-1.0,-1.0,-1.0,-1.0,1.0,1.0,-1.0,-1.0,1.0,1.0,0.9999995947447579,1,model_only,
-1.0,-1.0,-1.0,-1.0,-1.0,-1.0,0.0,-1.0,0.0,-1.0,-1.0,-1.0,1.0,-1.0,-1.0,-1.0,-1.0,-1.0,0.0,-1.0,-1.0,-1.0,-1.0,-1.0,1.0,1.0,-1.0,-1.0,0.0,-1.0,1.1387206608344876e-12,0,model_only,
1.0,1.0,1.0,-1.0,1.0,1.0,1.0,1.0,-1.0,-1.0,-1.0,1.0,1.0,0.0,1.0,1.0,-1.0,1.0,1.0,-1.0,-1.0,-1.0,-1.0,1.0,1.0,1.0,-1.0,-1.0,1.0,1.0,0.9999999817109254,1,model_only,
-1.0,-1.0,-1.0,-1.0,-1.0,-1.0,0.0,1.0,1.0,1.0,-1.0,-1.0,-1.0,1.0,0.0,-1.0,-1.0,-1.0,0.0,-1.0,-1.0,1.0,1.0,-1.0,1.0,1.0,1.0,1.0,1.0,-1.0,0.611625777443658,1,model_only,
-1.0,-1.0,-1.0,-1.0,-1.0,0.0,-1.0,-1.0,0.0,1.0,1.0,-1.0,1.0,0.0,-1.0,-1.0,1.0,-1.0,0.0,-1.0,-1.0,1.0,-1.0,0.0,-1.0,1.0,0.0,1.0,0.0,-1.0,0.014897106264329893,0,model_only,
-1.0,-1.0,-1.0,-1.0,-1.0,0.0,0.0,1.0,-1.0,-1.0,-1.0,-1.0,1.0,0.0,0.0,-1.0,-1.0,-1.0,0.0,-1.0,-1.0,-1.0,-1.0,-1.0,-1.0,1.0,1.0,1.0,0.0,-1.0,0.9990830164306206,1,model_only,
-1.0,-1.0,-1.0,-1.0,-1.0,0.0,1.0,1.0,-1.0,-1.0,-1.0,-1.0,1.0,1.0,-1.0,-1.0,-1.0,-1.0,0.0,-1.0,-1.0,-1.0,-1.0,1.0,1.0,0.0,1.0,1.0,1.0,-1.0,0.908011677332531,1,model_only,
-1.0,-1.0,-1.0,-1.0,-1.0,0.0,1.0,1.0,0.0,1.0,1.0,-1.0,-1.0,0.0,1.0,-1.0,1.0,-1.0,0.0,-1.0,-1.0,1.0,-1.0,1.0,1.0,1.0,1.0,-1.0,1.0,-1.0,0.7122501768235695,1,model_only,
-1.0,-1.0,-1.0,-1.0,-1.0,0.0,0.0,-1.0,-1.0,-1.0,-1.0,-1.0,1.0,0.0,1.0,-1.0,-1.0,-1.0,0.0,-1.0,-1.0,-1.0,-1.0,-1.0,-1.0,1.0,-1.0,-1.0,0.0,-1.0,0.0003411873510191541,0,model_only,
-1.0,-1.0,-1.0,-1.0,-1.0,-1.0,-1.0,-1.0,1.0,-1.0,-1.0,-1.0,-1.0,1.0,-1.0,-1.0,-1.0,-1.0,0.0,-1.0,-1.0,-1.0,-1.0,-1.0,1.0,-1.0,-1.0,1.0,1.0,-1.0,3.3228907152616268e-09,0,model_only,
-1.0,-1.0,-1.0,-1.0,-1.0,-1.0,1.0,1.0,0.0,-1.0,-1.0,-1.0,1.0,1.0,1.0,-1.0,-1.0,-1.0,0.0,-1.0,-1.0,-1.0,-1.0,1.0,1.0,1.0,1.0,1.0,1.0,-1.0,0.9800997736438165,1,model_only,
-1.0,-1.0,-1.0,-1.0,-1.0,0.0,1.0,1.0,1.0,1.0,-1.0,-1.0,-1.0,0.0,0.0,-1.0,-1.0,-1.0,0.0,-1.0,-1.0,1.0,-1.0,1.0,1.0,0.0,1.0,-1.0,1.0,-1.0,0.0008102846473857589,0,model_only,
-1.0,-1.0,-1.0,-1.0,-1.0,0.0,0.0,-1.0,0.0,-1.0,-1.0,-1.0,-1.0,-1.0,0.0,-1.0,-1.0,-1.0,0.0,-1.0,-1.0,1.0,-1.0,-1.0,1.0,0.0,-1.0,-1.0,1.0,-1.0,3.0401356942691856e-11,0,model_only,
-1.0,-1.0,-1.0,-1.0,-1.0,-1.0,1.0,1.0,1.0,-1.0,-1.0,-1.0,1.0,0.0,0.0,-1.0,-1.0,-1.0,0.0,-1.0,-1.0,-1.0,-1.0,0.0,1.0,0.0,-1.0,-1.0,1.0,-1.0,0.00220038964481918,0,model_only,
1.0,1.0,1.0,-1.0,1.0,1.0,1.0,1.0,0.0,-1.0,-1.0,1.0,-1.0,0.0,1.0,1.0,-1.0,1.0,1.0,-1.0,-1.0,-1.0,-1.0,1.0,1.0,1.0,-1.0,-1.0,1.0,1.0,0.999930902695378,1,model_only,
-1.0,-1.0,-1.0,-1.0,-1.0,0.0,-1.0,-1.0,1.0,-1.0,-1.0,-1.0,-1.0,0.0,-1.0,-1.0,-1.0,-1.0,0.0,-1.0,-1.0,-1.0,-1.0,-1.0,1.0,-1.0,0.0,1.0,1.0,-1.0,4.59003678186239e-09,0,model_only,
-1.0,-1.0,-1.0,-1.0,-1.0,-1.0,-1.0,1.0,0.0,-1.0,-1.0,-1.0,1.0,0.0,1.0,-1.0,-1.0,-1.0,0.0,-1.0,-1.0,-1.0,-1.0,-1.0,-1.0,0.0,-1.0,-1.0,0.0,-1.0,0.6537705267641116,1,model_only,
-1.0,-1.0,-1.0,1.0,-1.0,-1.0,0.0,0.0,1.0,-1.0,-1.0,-1.0,-1.0,-1.0,0.0,-1.0,-1.0,-1.0,0.0,-1.0,-1.0,-1.0,-1.0,0.0,1.0,-1.0,-1.0,-1.0,1.0,-1.0,9.051792814563763e-11,0,model_only,
-1.0,-1.0,-1.0,1.0,-1.0,0.0,-1.0,1.0,0.0,-1.0,-1.0,-1.0,1.0,1.0,1.0,-1.0,-1.0,-1.0,0.0,-1.0,-1.0,-1.0,-1.0,1.0,-1.0,1.0,-1.0,-1.0,0.0,-1.0,0.9998030857971214,1,model_only,
-1.0,-1.0,-1.0,-1.0,-1.0,-1.0,1.0,1.0,0.0,-1.0,-1.0,-1.0,1.0,0.0,1.0,-1.0,-1.0,-1.0,0.0,-1.0,-1.0,-1.0,-1.0,0.0,-1.0,1.0,-1.0,-1.0,0.0,-1.0,0.009365037983771965,0,model_only,
-1.0,-1.0,-1.0,-1.0,-1.0,0.0,0.0,-1.0,-1.0,1.0,-1.0,-1.0,1.0,-1.0,1.0,-1.0,-1.0,-1.0,0.0,-1.0,-1.0,1.0,-1.0,-1.0,-1.0,-1.0,-1.0,-1.0,0.0,-1.0,5.2923806766061616e-08,0,model_only,
-1.0,-1.0,-1.0,1.0,-1.0,-1.0,-1.0,1.0,-1.0,-1.0,-1.0,-1.0,1.0,1.0,1.0,-1.0,-1.0,-1.0,0.0,-1.0,-1.0,-1.0,-1.0,1.0,-1.0,1.0,-1.0,-1.0,0.0,-1.0,0.9996094175645301,1,model_only,
1.0,1.0,1.0,-1.0,1.0,1.0,0.0,-1.0,0.0,-1.0,-1.0,1.0,1.0,1.0,1.0,1.0,-1.0,1.0,1.0,-1.0,-1.0,-1.0,-1.0,0.0,1.0,1.0,-1.0,-1.0,1.0,1.0,0.9899314276786851,1,model_only,
-1.0,-1.0,-1.0,-1.0,-1.0,0.0,1.0,1.0,-1.0,1.0,1.0,-1.0,1.0,1.0,0.0,-1.0,1.0,-1.0,0.0,-1.0,-1.0,1.0,1.0,1.0,1.0,1.0,-1.0,-1.0,1.0,-1.0,0.9987353277752565,1,model_only,
-1.0,-1.0,-1.0,-1.0,-1.0,-1.0,-1.0,-1.0,0.0,-1.0,-1.0,-1.0,-1.0,0.0,-1.0,-1.0,-1.0,-1.0,0.0,-1.0,-1.0,-1.0,-1.0,-1.0,-1.0,0.0,-1.0,-1.0,0.0,-1.0,7.076284326894126e-12,0,model_only,
-1.0,-1.0,-1.0,-1.0,-1.0,1.0,-1.0,1.0,1.0,1.0,1.0,-1.0,-1.0,1.0,0.0,-1.0,1.0,-1.0,0.0,-1.0,-1.0,1.0,1.0,-1.0,-1.0,0.0,-1.0,-1.0,0.0,-1.0,0.9999659562032903,1,model_only,
-1.0,-1.0,-1.0,-1.0,-1.0,0.0,-1.0,1.0,-1.0,-1.0,-1.0,-1.0,1.0,0.0,0.0,-1.0,1.0,-1.0,0.0,-1.0,-1.0,1.0,1.0,1.0,-1.0,1.0,1.0,1.0,0.0,-1.0,0.999972609154996,1,model_only,
-1.0,1.0,-1.0,-1.0,-1.0,0.0,-1.0,1.0,-1.0,-1.0,-1.0,-1.0,1.0,0.0,1.0,1.0,-1.0,-1.0,0.0,-1.0,-1.0,-1.0,-1.0,1.0,1.0,1.0,-1.0,-1.0,1.0,-1.0,0.9999798456160848,1,model_only,
-1.0,-1.0,-1.0,-1.0,-1.0,-1.0,0.0,-1.0,1.0,-1.0,-1.0,-1.0,-1.0,-1.0,-1.0,-1.0,-1.0,-1.0,0.0,-1.0,-1.0,-1.0,-1.0,-1.0,1.0,-1.0,-1.0,-1.0,0.0,-1.0,4.837356615620992e-16,0,model_only,
-1.0,-1.0,-1.0,-1.0,-1.0,-1.0,-1.0,1.0,1.0,1.0,-1.0,-1.0,1.0,0.0,-1.0,-1.0,-1.0,-1.0,0.0,-1.0,1.0,1.0,1.0,0.0,1.0,0.0,-1.0,-1.0,1.0,-1.0,0.00024211252394043263,0,model_only,
-1.0,-1.0,-1.0,-1.0,-1.0,0.0,0.0,0.0,1.0,-1.0,-1.0,-1.0,-1.0,0.0,-1.0,-1.0,-1.0,-1.0,0.0,-1.0,-1.0,-1.0,-1.0,1.0,1.0,-1.0,0.0,-1.0,1.0,-1.0,0.00045786135372808567,0,model_only,
-1.0,1.0,-1.0,1.0,-1.0,1.0,-1.0,1.0,-1.0,-1.0,-1.0,-1.0,1.0,0.0,1.0,1.0,-1.0,-1.0,0.0,-1.0,-1.0,-1.0,-1.0,-1.0,1.0,1.0,-1.0,-1.0,0.0,-1.0,0.9999999789895598,1,model_only,
-1.0,-1.0,-1.0,-1.0,-1.0,-1.0,0.0,-1.0,-1.0,-1.0,-1.0,-1.0,1.0,-1.0,-1.0,-1.0,-1.0,-1.0,0.0,-1.0,-1.0,-1.0,-1.0,-1.0,1.0,-1.0,-1.0,-1.0,0.0,-1.0,9.907092468786843e-13,0,model_only,
-1.0,-1.0,-1.0,-1.0,-1.0,-1.0,1.0,1.0,-1.0,1.0,-1.0,-1.0,1.0,0.0,1.0,-1.0,-1.0,-1.0,0.0,-1.0,-1.0,1.0,1.0,1.0,1.0,0.0,-1.0,-1.0,1.0,-1.0,0.4368388147642679,0,model_only,
-1.0,-1.0,-1.0,-1.0,-1.0,-1.0,-1.0,-1.0,0.0,-1.0,-1.0,-1.0,1.0,-1.0,-1.0,-1.0,-1.0,-1.0,0.0,-1.0,-1.0,-1.0,-1.0,-1.0,1.0,-1.0,-1.0,1.0,0.0,-1.0,4.1240492619061376e-13,0,model_only,
-1.0,-1.0,-1.0,-1.0,-1.0,0.0,0.0,1.0,1.0,-1.0,-1.0,-1.0,-1.0,0.0,0.0,-1.0,-1.0,-1.0,0.0,-1.0,-1.0,-1.0,-1.0,-1.0,1.0,1.0,0.0,-1.0,0.0,-1.0,0.11756463836728596,0,model_only,
-1.0,1.0,-1.0,-1.0,-1.0,0.0,0.0,1.0,-1.0,1.0,-1.0,-1.0,1.0,0.0,0.0,1.0,-1.0,-1.0,0.0,1.0,-1.0,1.0,1.0,-1.0,1.0,1.0,-1.0,-1.0,1.0,-1.0,0.9997932614152633,1,model_only,
-1.0,-1.0,-1.0,-1.0,-1.0,-1.0,1.0,1.0,-1.0,-1.0,-1.0,1.0,1.0,1.0,1.0,-1.0,-1.0,-1.0,0.0,-1.0,-1.0,-1.0,-1.0,1.0,1.0,-1.0,-1.0,-1.0,1.0,-1.0,0.9975629886605656,1,model_only,
-1.0,1.0,-1.0,-1.0,-1.0,1.0,-1.0,1.0,-1.0,-1.0,-1.0,-1.0,1.0,1.0,0.0,1.0,-1.0,-1.0,0.0,-1.0,-1.0,-1.0,-1.0,1.0,1.0,1.0,-1.0,-1.0,1.0,-1.0,0.9999986625779531,1,model_only,
1.0,-1.0,1.0,-1.0,1.0,0.0,-1.0,1.0,-1.0,-1.0,-1.0,1.0,1.0,1.0,-1.0,-1.0,-1.0,1.0,1.0,-1.0,-1.0,-1.0,-1.0,1.0,1.0,1.0,1.0,-1.0,1.0,-1.0,0.8128385200673346,1,model_only,
-1.0,-1.0,-1.0,-1.0,-1.0,0.0,0.0,1.0,0.0,1.0,1.0,-1.0,1.0,1.0,-1.0,-1.0,1.0,-1.0,0.0,1.0,-1.0,1.0,-1.0,-1.0,1.0,1.0,-1.0,-1.0,1.0,1.0,0.9999707508423521,1,model_only,
-1.0,-1.0,-1.0,-1.0,-1.0,0.0,1.0,1.0,-1.0,-1.0,-1.0,-1.0,1.0,0.0,0.0,-1.0,-1.0,-1.0,0.0,-1.0,-1.0,-1.0,-1.0,0.0,-1.0,1.0,0.0,-1.0,0.0,-1.0,0.9642365811247194,1,model_only,
-1.0,-1.0,-1.0,-1.0,-1.0,-1.0,0.0,0.0,1.0,-1.0,-1.0,-1.0,1.0,-1.0,-1.0,-1.0,-1.0,-1.0,0.0,-1.0,-1.0,-1.0,-1.0,1.0,1.0,-1.0,-1.0,-1.0,0.0,-1.0,5.325003436035433e-12,0,model_only,
-1.0,-1.0,-1.0,-1.0,-1.0,-1.0,0.0,-1.0,1.0,-1.0,-1.0,-1.0,-1.0,0.0,-1.0,-1.0,-1.0,-1.0,0.0,-1.0,-1.0,-1.0,-1.0,0.0,1.0,1.0,-1.0,-1.0,1.0,-1.0,5.885083768591158e-12,0,model_only,
-1.0,-1.0,-1.0,-1.0,-1.0,0.0,-1.0,1.0,1.0,-1.0,-1.0,-1.0,1.0,0.0,0.0,-1.0,-1.0,-1.0,0.0,-1.0,-1.0,-1.0,-1.0,1.0,-1.0,-1.0,1.0,-1.0,0.0,-1.0,0.7648517486157371,1,model_only,
-1.0,-1.0,-1.0,-1.0,-1.0,0.0,0.0,0.0,0.0,-1.0,-1.0,-1.0,1.0,-1.0,-1.0,-1.0,-1.0,-1.0,0.0,-1.0,-1.0,-1.0,-1.0,1.0,1.0,0.0,0.0,-1.0,0.0,-1.0,7.713358336556641e-09,0,model_only,
-1.0,-1.0,-1.0,-1.0,-1.0,-1.0,-1.0,1.0,-1.0,-1.0,-1.0,-1.0,1.0,0.0,0.0,-1.0,-1.0,-1.0,0.0,-1.0,-1.0,-1.0,-1.0,1.0,-1.0,1.0,0.0,-1.0,0.0,-1.0,0.8138441359589308,1,model_only,
-1.0,-1.0,-1.0,-1.0,-1.0,-1.0,1.0,-1.0,1.0,-1.0,-1.0,-1.0,-1.0,0.0,-1.0,-1.0,-1.0,-1.0,0.0,-1.0,-1.0,-1.0,-1.0,1.0,1.0,1.0,-1.0,-1.0,1.0,-1.0,7.459744783802872e-12,0,model_only,
1.0,-1.0,1.0,-1.0,1.0,1.0,-1.0,1.0,-1.0,-1.0,-1.0,1.0,1.0,0.0,0.0,-1.0,-1.0,1.0,1.0,-1.0,-1.0,-1.0,-1.0,-1.0,1.0,1.0,-1.0,-1.0,1.0,-1.0,0.9999744107084694,1,model_only,
-1.0,-1.0,-1.0,-1.0,-1.0,-1.0,-1.0,1.0,0.0,-1.0,-1.0,-1.0,1.0,0.0,0.0,-1.0,-1.0,-1.0,0.0,-1.0,-1.0,-1.0,-1.0,1.0,1.0,0.0,-1.0,1.0,1.0,-1.0,0.8191365986712259,1,model_only,
-1.0,1.0,-1.0,-1.0,-1.0,0.0,-1.0,-1.0,0.0,-1.0,-1.0,-1.0,1.0,-1.0,-1.0,1.0,-1.0,-1.0,0.0,-1.0,-1.0,-1.0,-1.0,-1.0,1.0,-1.0,-1.0,1.0,1.0,-1.0,1.6952459726214683e-09,0,model_only,
-1.0,-1.0,-1.0,-1.0,-1.0,0.0,0.0,1.0,1.0,-1.0,-1.0,-1.0,-1.0,0.0,1.0,-1.0,-1.0,-1.0,0.0,-1.0,-1.0,-1.0,-1.0,0.0,1.0,1.0,-1.0,-1.0,1.0,-1.0,0.5365550489092737,1,model_only,
-1.0,-1.0,-1.0,-1.0,-1.0,0.0,0.0,0.0,0.0,1.0,1.0,-1.0,-1.0,-1.0,-1.0,-1.0,1.0,-1.0,0.0,-1.0,-1.0,1.0,-1.0,1.0,1.0,1.0,-1.0,-1.0,1.0,-1.0,2.102830553852722e-06,0,model_only,
1.0,1.0,1.0,-1.0,1.0,-1.0,-1.0,-1.0,-1.0,-1.0,-1.0,1.0,1.0,-1.0,-1.0,1.0,-1.0,1.0,1.0,-1.0,-1.0,-1.0,-1.0,-1.0,1.0,1.0,-1.0,-1.0,1.0,-1.0,6.771312634400693e-11,0,model_only,
-1.0,-1.0,-1.0,-1.0,-1.0,-1.0,1.0,1.0,1.0,-1.0,-1.0,-1.0,-1.0,0.0,-1.0,-1.0,-1.0,-1.0,0.0,-1.0,-1.0,-1.0,-1.0,-1.0,1.0,0.0,-1.0,-1.0,0.0,-1.0,2.0213496134740173e-06,0,model_only,
-1.0,-1.0,-1.0,-1.0,-1.0,-1.0,0.0,0.0,1.0,-1.0,-1.0,-1.0,-1.0,-1.0,0.0,-1.0,-1.0,-1.0,0.0,-1.0,-1.0,-1.0,-1.0,0.0,1.0,-1.0,-1.0,1.0,0.0,-1.0,1.0885259865024089e-11,0,model_only,
-1.0,-1.0,-1.0,1.0,-1.0,0.0,1.0,1.0,0.0,-1.0,-1.0,-1.0,1.0,1.0,1.0,-1.0,-1.0,-1.0,0.0,-1.0,-1.0,-1.0,-1.0,1.0,-1.0,1.0,-1.0,-1.0,0.0,-1.0,0.9996482082702093,1,model_only,
-1.0,-1.0,-1.0,-1.0,-1.0,1.0,1.0,1.0,1.0,-1.0,-1.0,-1.0,-1.0,0.0,0.0,-1.0,-1.0,-1.0,0.0,-1.0,-1.0,-1.0,-1.0,0.0,-1.0,-1.0,1.0,-1.0,0.0,-1.0,0.6880087270371898,1,model_only,
-1.0,-1.0,-1.0,-1.0,-1.0,1.0,0.0,1.0,0.0,-1.0,-1.0,-1.0,1.0,1.0,1.0,-1.0,-1.0,-1.0,0.0,-1.0,-1.0,-1.0,-1.0,-1.0,-1.0,1.0,1.0,-1.0,0.0,-1.0,0.9999339470510735,1,model_only,
-1.0,-1.0,-1.0,-1.0,-1.0,-1.0,-1.0,-1.0,-1.0,1.0,1.0,-1.0,1.0,-1.0,0.0,-1.0,1.0,-1.0,0.0,-1.0,-1.0,1.0,-1.0,-1.0,1.0,-1.0,-1.0,1.0,0.0,-1.0,4.8098931789674916e-09,0,model_only,
-1.0,-1.0,-1.0,-1.0,-1.0,0.0,0.0,0.0,-1.0,-1.0,-1.0,-1.0,1.0,-1.0,0.0,-1.0,-1.0,-1.0,0.0,-1.0,-1.0,-1.0,-1.0,1.0,1.0,-1.0,-1.0,1.0,0.0,-1.0,0.00025584893339371126,0,model_only,
-1.0,1.0,-1.0,-1.0,-1.0,-1.0,0.0,0.0,-1.0,-1.0,-1.0,-1.0,1.0,-1.0,0.0,1.0,-1.0,-1.0,0.0,-1.0,-1.0,-1.0,-1.0,1.0,1.0,1.0,-1.0,1.0,1.0,-1.0,7.044282291034195e-07,0,model_only,
-1.0,-1.0,-1.0,-1.0,-1.0,-1.0,-1.0,0.0,0.0,-1.0,-1.0,-1.0,-1.0,0.0,-1.0,-1.0,-1.0,-1.0,0.0,-1.0,-1.0,-1.0,-1.0,-1.0,-1.0,1.0,-1.0,1.0,0.0,-1.0,3.339881293102682e-08,0,model_only,
-1.0,-1.0,-1.0,-1.0,-1.0,-1.0,-1.0,-1.0,-1.0,-1.0,-1.0,-1.0,1.0,0.0,-1.0,-1.0,-1.0,-1.0,0.0,-1.0,-1.0,-1.0,-1.0,-1.0,1.0,0.0,-1.0,1.0,0.0,-1.0,9.768060957790734e-10,0,model_only,
-1.0,-1.0,-1.0,-1.0,-1.0,-1.0,1.0,1.0,-1.0,-1.0,-1.0,-1.0,1.0,0.0,-1.0,-1.0,-1.0,-1.0,0.0,-1.0,-1.0,-1.0,-1.0,1.0,-1.0,0.0,-1.0,-1.0,0.0,-1.0,0.10478051266855788,0,model_only,
-1.0,-1.0,-1.0,1.0,-1.0,1.0,1.0,1.0,-1.0,-1.0,-1.0,-1.0,1.0,1.0,1.0,-1.0,-1.0,-1.0,0.0,-1.0,-1.0,-1.0,-1.0,1.0,-1.0,1.0,1.0,-1.0,0.0,-1.0,0.9999999672385876,1,model_only,
1.0,-1.0,1.0,-1.0,1.0,1.0,1.0,1.0,-1.0,-1.0,-1.0,1.0,1.0,0.0,-1.0,-1.0,-1.0,1.0,1.0,-1.0,-1.0,-1.0,-1.0,0.0,1.0,1.0,-1.0,-1.0,1.0,-1.0,0.9966443592581463,1,model_only,
-1.0,-1.0,-1.0,-1.0,-1.0,0.0,-1.0,-1.0,0.0,-1.0,-1.0,-1.0,1.0,-1.0,-1.0,-1.0,-1.0,-1.0,0.0,-1.0,-1.0,-1.0,-1.0,1.0,1.0,0.0,0.0,1.0,1.0,-1.0,1.0728880107232386e-09,0,model_only,
-1.0,-1.0,-1.0,-1.0,-1.0,-1.0,-1.0,-1.0,-1.0,1.0,1.0,-1.0,1.0,-1.0,0.0,-1.0,1.0,-1.0,0.0,-1.0,-1.0,-1.0,-1.0,-1.0,-1.0,1.0,-1.0,1.0,0.0,1.0,1.1020708943552368e-08,0,model_only,
-1.0,1.0,-1.0,-1.0,-1.0,-1.0,0.0,0.0,-1.0,1.0,1.0,-1.0,1.0,-1.0,0.0,1.0,1.0,-1.0,0.0,-1.0,-1.0,-1.0,-1.0,1.0,1.0,0.0,-1.0,-1.0,1.0,1.0,6.062082149997481e-08,0,model_only,
-1.0,1.0,-1.0,-1.0,-1.0,-1.0,-1.0,-1.0,0.0,-1.0,-1.0,-1.0,1.0,-1.0,-1.0,1.0,-1.0,-1.0,0.0,-1.0,-1.0,-1.0,-1.0,-1.0,-1.0,0.0,-1.0,-1.0,0.0,-1.0,2.904578832818167e-14,0,model_only,
-1.0,-1.0,-1.0,-1.0,-1.0,-1.0,-1.0,1.0,0.0,1.0,1.0,-1.0,-1.0,0.0,-1.0,-1.0,1.0,-1.0,0.0,-1.0,-1.0,-1.0,-1.0,0.0,1.0,0.0,-1.0,-1.0,1.0,1.0,0.6670831215501164,1,model_only,
-1.0,-1.0,-1.0,-1.0,-1.0,0.0,1.0,1.0,0.0,-1.0,-1.0,-1.0,1.0,0.0,0.0,-1.0,-1.0,-1.0,0.0,-1.0,-1.0,-1.0,-1.0,-1.0,-1.0,0.0,-1.0,-1.0,0.0,-1.0,0.6721051654940823,1,model_only,
-1.0,-1.0,-1.0,-1.0,-1.0,-1.0,0.0,-1.0,1.0,-1.0,-1.0,-1.0,-1.0,-1.0,0.0,-1.0,-1.0,-1.0,0.0,-1.0,-1.0,-1.0,-1.0,-1.0,-1.0,0.0,-1.0,-1.0,0.0,-1.0,1.6780107326175047e-14,0,model_only,
-1.0,-1.0,-1.0,-1.0,-1.0,0.0,-1.0,-1.0,1.0,-1.0,-1.0,-1.0,-1.0,-1.0,0.0,-1.0,-1.0,-1.0,0.0,-1.0,-1.0,-1.0,-1.0,-1.0,1.0,-1.0,0.0,-1.0,0.0,-1.0,4.9918122347764345e-14,0,model_only,
-1.0,-1.0,-1.0,-1.0,-1.0,0.0,1.0,1.0,1.0,-1.0,-1.0,-1.0,1.0,1.0,0.0,-1.0,-1.0,-1.0,0.0,-1.0,-1.0,-1.0,-1.0,1.0,-1.0,1.0,0.0,-1.0,0.0,-1.0,0.6691090366883216,1,model_only,
1.0,-1.0,1.0,-1.0,1.0,1.0,0.0,1.0,-1.0,-1.0,-1.0,1.0,1.0,1.0,0.0,-1.0,-1.0,1.0,1.0,-1.0,-1.0,-1.0,-1.0,0.0,1.0,1.0,-1.0,-1.0,1.0,-1.0,0.998890387270959,1,model_only,
-1.0,-1.0,-1.0,-1.0,-1.0,1.0,0.0,-1.0,-1.0,-1.0,-1.0,-1.0,1.0,1.0,1.0,-1.0,-1.0,-1.0,0.0,-1.0,-1.0,-1.0,-1.0,0.0,-1.0,1.0,-1.0,-1.0,0.0,-1.0,0.6714710437761804,1,model_only,
1.0,1.0,1.0,-1.0,1.0,-1.0,0.0,0.0,0.0,-1.0,-1.0,1.0,-1.0,-1.0,1.0,1.0,-1.0,1.0,1.0,-1.0,-1.0,-1.0,-1.0,0.0,1.0,-1.0,-1.0,-1.0,0.0,-1.0,4.489196673447452e-12,0,model_only,
-1.0,-1.0,-1.0,-1.0,-1.0,0.0,1.0,1.0,0.0,-1.0,-1.0,-1.0,-1.0,0.0,0.0,-1.0,-1.0,-1.0,0.0,-1.0,-1.0,-1.0,-1.0,-1.0,1.0,-1.0,-1.0,-1.0,1.0,-1.0,0.6902099080536462,1,model_only,
-1.0,-1.0,-1.0,-1.0,-1.0,-1.0,0.0,0.0,1.0,-1.0,-1.0,-1.0,-1.0,-1.0,0.0,-1.0,-1.0,-1.0,0.0,-1.0,-1.0,-1.0,-1.0,1.0,-1.0,0.0,-1.0,-1.0,0.0,-1.0,9.989829663679985e-13,0,model_only,
-1.0,-1.0,-1.0,-1.0,-1.0,0.0,-1.0,1.0,0.0,-1.0,-1.0,-1.0,1.0,0.0,0.0,-1.0,-1.0,-1.0,0.0,-1.0,-1.0,-1.0,-1.0,1.0,-1.0,1.0,0.0,-1.0,0.0,-1.0,0.9416516158105689,1,model_only,
-1.0,-1.0,-1.0,-1.0,-1.0,0.0,-1.0,1.0,-1.0,1.0,1.0,-1.0,1.0,0.0,-1.0,-1.0,1.0,-1.0,0.0,-1.0,1.0,1.0,1.0,1.0,1.0,1.0,1.0,-1.0,1.0,1.0,0.9900079704350148,1,model_only,
-1.0,-1.0,-1.0,-1.0,-1.0,0.0,0.0,1.0,1.0,-1.0,-1.0,-1.0,-1.0,1.0,0.0,-1.0,-1.0,-1.0,0.0,-1.0,-1.0,-1.0,-1.0,-1.0,-1.0,1.0,0.0,-1.0,0.0,-1.0,0.6719912058613472,1,model_only,
-1.0,1.0,-1.0,-1.0,-1.0,-1.0,-1.0,-1.0,1.0,-1.0,-1.0,-1.0,-1.0,-1.0,0.0,1.0,-1.0,-1.0,0.0,-1.0,-1.0,-1.0,-1.0,-1.0,1.0,0.0,-1.0,-1.0,1.0,-1.0,1.9162447632706544e-14,0,model_only,
1.0,-1.0,1.0,-1.0,1.0,-1.0,0.0,-1.0,1.0,-1.0,-1.0,1.0,-1.0,-1.0,1.0,-1.0,-1.0,1.0,1.0,-1.0,-1.0,-1.0,-1.0,-1.0,-1.0,-1.0,-1.0,-1.0,0.0,-1.0,2.8312905783815365e-15,0,model_only,
-1.0,-1.0,-1.0,-1.0,-1.0,-1.0,-1.0,1.0,1.0,-1.0,-1.0,-1.0,-1.0,-1.0,-1.0,-1.0,-1.0,-1.0,0.0,-1.0,-1.0,-1.0,-1.0,-1.0,-1.0,1.0,-1.0,-1.0,0.0,-1.0,9.246477376195493e-11,0,model_only,
1.0,-1.0,1.0,-1.0,1.0,0.0,0.0,1.0,1.0,-1.0,-1.0,1.0,-1.0,1.0,0.0,-1.0,-1.0,1.0,1.0,-1.0,-1.0,-1.0,-1.0,-1.0,1.0,1.0,-1.0,-1.0,1.0,-1.0,0.037158633022981995,0,model_only,
-1.0,-1.0,-1.0,-1.0,-1.0,-1.0,0.0,1.0,0.0,-1.0,-1.0,-1.0,-1.0,0.0,-1.0,-1.0,-1.0,-1.0,0.0,-1.0,-1.0,-1.0,-1.0,1.0,1.0,1.0,-1.0,-1.0,1.0,-1.0,1.4646843135289987e-05,0,model_only,
-1.0,-1.0,-1.0,-1.0,-1.0,0.0,1.0,1.0,0.0,-1.0,-1.0,-1.0,-1.0,0.0,0.0,-1.0,-1.0,-1.0,0.0,-1.0,-1.0,-1.0,-1.0,1.0,-1.0,1.0,1.0,-1.0,0.0,-1.0,0.6679313709566358,1,model_only,
-1.0,-1.0,-1.0,1.0,-1.0,-1.0,-1.0,-1.0,1.0,-1.0,-1.0,-1.0,-1.0,-1.0,0.0,-1.0,-1.0,-1.0,0.0,-1.0,-1.0,-1.0,-1.0,-1.0,-1.0,-1.0,-1.0,-1.0,0.0,-1.0,1.8187250065933956e-14,0,model_only,
-1.0,-1.0,-1.0,-1.0,-1.0,0.0,-1.0,-1.0,1.0,-1.0,-1.0,-1.0,-1.0,-1.0,-1.0,-1.0,-1.0,-1.0,0.0,-1.0,-1.0,-1.0,-1.0,-1.0,-1.0,0.0,0.0,-1.0,0.0,-1.0,1.4344184723577616e-14,0,model_only,
-1.0,-1.0,-1.0,-1.0,-1.0,0.0,1.0,1.0,1.0,-1.0,-1.0,-1.0,-1.0,0.0,-1.0,-1.0,-1.0,-1.0,0.0,-1.0,-1.0,-1.0,-1.0,1.0,-1.0,-1.0,0.0,-1.0,0.0,-1.0,0.6656285915704342,1,model_only,
-1.0,-1.0,-1.0,-1.0,-1.0,0.0,0.0,0.0,1.0,-1.0,-1.0,-1.0,-1.0,-1.0,0.0,-1.0,-1.0,-1.0,0.0,-1.0,-1.0,-1.0,-1.0,1.0,-1.0,1.0,-1.0,-1.0,0.0,-1.0,2.9341523171127577e-11,0,model_only,
-1.0,-1.0,-1.0,-1.0,-1.0,0.0,1.0,1.0,-1.0,-1.0,-1.0,-1.0,1.0,0.0,0.0,-1.0,-1.0,-1.0,0.0,-1.0,-1.0,-1.0,-1.0,1.0,-1.0,1.0,1.0,1.0,0.0,-1.0,0.995946307457988,1,model_only,
-1.0,-1.0,-1.0,-1.0,-1.0,-1.0,-1.0,-1.0,-1.0,-1.0,-1.0,-1.0,1.0,-1.0,-1.0,-1.0,-1.0,-1.0,0.0,-1.0,-1.0,-1.0,-1.0,-1.0,1.0,1.0,-1.0,-1.0,0.0,-1.0,8.660615454928805e-12,0,model_only,
-1.0,-1.0,-1.0,-1.0,-1.0,0.0,0.0,1.0,1.0,-1.0,-1.0,-1.0,-1.0,1.0,-1.0,-1.0,-1.0,-1.0,0.0,-1.0,-1.0,-1.0,-1.0,-1.0,1.0,1.0,-1.0,-1.0,1.0,-1.0,0.5656959195767425,1,model_only,
-1.0,-1.0,-1.0,-1.0,-1.0,0.0,1.0,1.0,1.0,-1.0,-1.0,-1.0,-1.0,0.0,-1.0,-1.0,-1.0,-1.0,0.0,-1.0,-1.0,-1.0,-1.0,1.0,-1.0,-1.0,1.0,-1.0,0.0,-1.0,0.6666843098098661,1,model_only,
-1.0,-1.0,-1.0,-1.0,-1.0,-1.0,-1.0,-1.0,0.0,-1.0,-1.0,-1.0,1.0,-1.0,-1.0,-1.0,-1.0,-1.0,0.0,-1.0,-1.0,-1.0,-1.0,-1.0,1.0,-1.0,-1.0,-1.0,1.0,-1.0,1.2827163596960459e-12,0,model_only,
-1.0,-1.0,-1.0,-1.0,-1.0,1.0,-1.0,1.0,1.0,-1.0,-1.0,-1.0,-1.0,0.0,1.0,-1.0,-1.0,-1.0,0.0,-1.0,-1.0,-1.0,-1.0,1.0,1.0,1.0,-1.0,-1.0,1.0,-1.0,0.6993175505612282,1,model_only,
-1.0,-1.0,-1.0,-1.0,-1.0,-1.0,-1.0,1.0,-1.0,-1.0,-1.0,-1.0,1.0,0.0,0.0,-1.0,-1.0,-1.0,0.0,-1.0,-1.0,-1.0,-1.0,1.0,-1.0,0.0,-1.0,-1.0,0.0,-1.0,0.6842326125401273,1,model_only,
-1.0,1.0,-1.0,-1.0,-1.0,-1.0,-1.0,-1.0,1.0,-1.0,-1.0,-1.0,1.0,0.0,0.0,1.0,-1.0,-1.0,0.0,-1.0,-1.0,-1.0,-1.0,1.0,1.0,1.0,-1.0,1.0,1.0,-1.0,9.882419496729613e-06,0,model_only,
1.0,-1.0,1.0,-1.0,1.0,0.0,0.0,0.0,0.0,1.0,1.0,1.0,-1.0,-1.0,1.0,-1.0,1.0,1.0,1.0,1.0,-1.0,1.0,-1.0,0.0,1.0,-1.0,-1.0,-1.0,1.0,1.0,0.0018870315340660422,0,model_only,
-1.0,-1.0,-1.0,-1.0,-1.0,-1.0,1.0,1.0,-1.0,-1.0,-1.0,-1.0,1.0,0.0,0.0,-1.0,-1.0,-1.0,0.0,-1.0,-1.0,-1.0,-1.0,1.0,-1.0,0.0,-1.0,-1.0,0.0,-1.0,0.36691117137289314,0,model_only,
-1.0,-1.0,-1.0,-1.0,-1.0,0.0,-1.0,1.0,0.0,-1.0,-1.0,-1.0,1.0,0.0,0.0,-1.0,-1.0,-1.0,0.0,-1.0,-1.0,-1.0,-1.0,-1.0,1.0,1.0,1.0,-1.0,1.0,-1.0,0.8409611015618997,1,model_only,
-1.0,-1.0,-1.0,-1.0,-1.0,-1.0,-1.0,1.0,0.0,-1.0,-1.0,-1.0,1.0,0.0,0.0,-1.0,-1.0,-1.0,0.0,-1.0,-1.0,-1.0,-1.0,-1.0,1.0,0.0,-1.0,-1.0,0.0,-1.0,0.6042504141121855,1,model_only,
-1.0,1.0,-1.0,-1.0,-1.0,0.0,0.0,1.0,-1.0,-1.0,-1.0,-1.0,1.0,1.0,0.0,1.0,-1.0,-1.0,0.0,-1.0,-1.0,-1.0,-1.0,-1.0,-1.0,1.0,0.0,-1.0,0.0,-1.0,0.9999999511635304,1,model_only,
-1.0,-1.0,-1.0,-1.0,-1.0,0.0,-1.0,-1.0,-1.0,-1.0,-1.0,-1.0,1.0,0.0,-1.0,-1.0,-1.0,-1.0,0.0,-1.0,-1.0,-1.0,-1.0,-1.0,1.0,-1.0,1.0,-1.0,1.0,-1.0,5.438696482284629e-07,0,model_only,
-1.0,-1.0,-1.0,-1.0,-1.0,-1.0,-1.0,-1.0,0.0,-1.0,-1.0,-1.0,1.0,0.0,0.0,-1.0,-1.0,-1.0,0.0,-1.0,-1.0,-1.0,-1.0,-1.0,-1.0,0.0,-1.0,-1.0,0.0,-1.0,3.398327834043781e-09,0,model_only,
-1.0,-1.0,-1.0,-1.0,-1.0,0.0,0.0,1.0,0.0,1.0,1.0,-1.0,1.0,0.0,-1.0,-1.0,1.0,-1.0,0.0,1.0,-1.0,1.0,1.0,-1.0,1.0,1.0,1.0,-1.0,1.0,1.0,0.999807828177136,1,model_only,
-1.0,-1.0,-1.0,-1.0,-1.0,-1.0,-1.0,1.0,-1.0,1.0,1.0,-1.0,1.0,-1.0,1.0,-1.0,1.0,-1.0,0.0,1.0,-1.0,1.0,1.0,1.0,1.0,1.0,-1.0,-1.0,1.0,1.0,0.7674508029772943,1,model_only,
-1.0,-1.0,-1.0,-1.0,-1.0,-1.0,1.0,1.0,1.0,1.0,1.0,-1.0,-1.0,0.0,1.0,-1.0,1.0,-1.0,0.0,1.0,-1.0,1.0,1.0,1.0,1.0,1.0,-1.0,-1.0,1.0,1.0,0.8918911423896296,1,model_only,
1.0,-1.0,1.0,-1.0,1.0,0.0,1.0,1.0,1.0,-1.0,-1.0,1.0,-1.0,0.0,1.0,-1.0,-1.0,1.0,1.0,-1.0,-1.0,-1.0,-1.0,1.0,-1.0,-1.0,-1.0,-1.0,0.0,-1.0,0.00196527225370729,0,model_only,
-1.0,-1.0,-1.0,-1.0,-1.0,1.0,-1.0,1.0,0.0,1.0,1.0,-1.0,-1.0,1.0,1.0,-1.0,1.0,-1.0,0.0,1.0,1.0,1.0,1.0,1.0,1.0,1.0,-1.0,-1.0,1.0,1.0,0.9999999790714861,1,model_only,
-1.0,-1.0,-1.0,-1.0,-1.0,0.0,1.0,1.0,1.0,-1.0,-1.0,-1.0,-1.0,0.0,-1.0,-1.0,-1.0,-1.0,0.0,-1.0,-1.0,-1.0,-1.0,1.0,-1.0,0.0,-1.0,-1.0,0.0,-1.0,0.23591604354155815,0,model_only,
-1.0,-1.0,-1.0,-1.0,-1.0,1.0,0.0,1.0,0.0,-1.0,-1.0,-1.0,1.0,1.0,0.0,-1.0,-1.0,-1.0,0.0,-1.0,-1.0,-1.0,-1.0,0.0,1.0,1.0,-1.0,-1.0,1.0,-1.0,0.9528535985567693,1,model_only,
-1.0,1.0,-1.0,-1.0,-1.0,0.0,-1.0,1.0,-1.0,-1.0,-1.0,-1.0,1.0,0.0,1.0,1.0,-1.0,-1.0,0.0,-1.0,-1.0,-1.0,-1.0,1.0,-1.0,1.0,1.0,-1.0,0.0,-1.0,0.999997474293114,1,model_only,
-1.0,-1.0,-1.0,-1.0,-1.0,-1.0,0.0,-1.0,0.0,-1.0,-1.0,-1.0,-1.0,-1.0,1.0,-1.0,-1.0,-1.0,0.0,-1.0,-1.0,-1.0,-1.0,-1.0,1.0,-1.0,-1.0,-1.0,1.0,-1.0,8.734058299787252e-12,0,model_only,
-1.0,-1.0,-1.0,-1.0,-1.0,0.0,-1.0,1.0,0.0,-1.0,-1.0,-1.0,1.0,0.0,-1.0,-1.0,-1.0,-1.0,0.0,-1.0,-1.0,-1.0,-1.0,1.0,-1.0,1.0,-1.0,-1.0,0.0,-1.0,0.7004723267796619,1,model_only,
-1.0,1.0,-1.0,1.0,-1.0,0.0,-1.0,-1.0,-1.0,-1.0,-1.0,-1.0,1.0,0.0,1.0,1.0,-1.0,-1.0,0.0,-1.0,-1.0,-1.0,-1.0,0.0,-1.0,1.0,0.0,-1.0,0.0,-1.0,0.3680000810263732,0,model_only,
-1.0,-1.0,-1.0,-1.0,-1.0,-1.0,-1.0,-1.0,0.0,-1.0,-1.0,-1.0,1.0,-1.0,-1.0,-1.0,-1.0,-1.0,0.0,-1.0,-1.0,-1.0,-1.0,-1.0,-1.0,0.0,-1.0,-1.0,0.0,-1.0,4.638392077218212e-14,0,model_only,
-1.0,-1.0,-1.0,-1.0,-1.0,0.0,-1.0,1.0,0.0,-1.0,-1.0,-1.0,-1.0,1.0,1.0,-1.0,-1.0,-1.0,0.0,-1.0,-1.0,-1.0,-1.0,1.0,-1.0,1.0,-1.0,-1.0,0.0,-1.0,0.6711391777250736,1,model_only,
-1.0,-1.0,-1.0,-1.0,-1.0,-1.0,-1.0,-1.0,0.0,-1.0,-1.0,-1.0,1.0,-1.0,0.0,-1.0,-1.0,-1.0,0.0,-1.0,-1.0,-1.0,-1.0,-1.0,1.0,1.0,-1.0,-1.0,1.0,-1.0,5.571610970150172e-11,0,model_only,
-1.0,-1.0,-1.0,-1.0,-1.0,-1.0,-1.0,-1.0,1.0,-1.0,-1.0,-1.0,-1.0,-1.0,0.0,-1.0,-1.0,-1.0,0.0,-1.0,-1.0,-1.0,-1.0,1.0,1.0,-1.0,-1.0,-1.0,1.0,-1.0,3.5911877217171407e-13,0,model_only,
-1.0,-1.0,-1.0,-1.0,-1.0,0.0,-1.0,1.0,-1.0,-1.0,-1.0,-1.0,1.0,0.0,0.0,-1.0,-1.0,-1.0,0.0,-1.0,-1.0,-1.0,-1.0,-1.0,-1.0,1.0,1.0,-1.0,0.0,-1.0,0.9961911340069372,1,model_only,
-1.0,1.0,-1.0,-1.0,-1.0,-1.0,-1.0,-1.0,-1.0,-1.0,-1.0,-1.0,1.0,-1.0,-1.0,1.0,-1.0,-1.0,0.0,-1.0,-1.0,-1.0,-1.0,-1.0,1.0,-1.0,-1.0,-1.0,1.0,-1.0,1.2387496450490876e-11,0,model_only,
-1.0,1.0,-1.0,-1.0,-1.0,1.0,-1.0,1.0,-1.0,-1.0,-1.0,-1.0,1.0,0.0,0.0,1.0,-1.0,-1.0,0.0,-1.0,-1.0,-1.0,-1.0,1.0,-1.0,1.0,1.0,-1.0,0.0,-1.0,0.9999998289928401,1,model_only,
-1.0,-1.0,-1.0,-1.0,-1.0,-1.0,0.0,-1.0,1.0,-1.0,-1.0,-1.0,1.0,-1.0,-1.0,-1.0,-1.0,-1.0,0.0,-1.0,-1.0,-1.0,-1.0,-1.0,-1.0,0.0,-1.0,-1.0,0.0,-1.0,3.919052169138944e-15,0,model_only,
-1.0,-1.0,-1.0,-1.0,-1.0,-1.0,0.0,0.0,0.0,1.0,1.0,-1.0,-1.0,-1.0,-1.0,-1.0,1.0,-1.0,0.0,1.0,1.0,1.0,1.0,1.0,1.0,1.0,-1.0,-1.0,1.0,1.0,0.00042559558540654135,0,model_only,
1.0,-1.0,1.0,-1.0,1.0,0.0,-1.0,-1.0,1.0,1.0,1.0,1.0,-1.0,-1.0,1.0,-1.0,1.0,1.0,1.0,1.0,-1.0,1.0,1.0,1.0,1.0,1.0,-1.0,-1.0,1.0,1.0,0.003434375958747155,0,model_only,
-1.0,-1.0,-1.0,-1.0,-1.0,0.0,1.0,1.0,0.0,-1.0,-1.0,-1.0,1.0,0.0,1.0,-1.0,-1.0,-1.0,0.0,-1.0,-1.0,-1.0,-1.0,1.0,-1.0,1.0,-1.0,-1.0,0.0,-1.0,0.27530178200686817,0,model_only,
-1.0,-1.0,-1.0,-1.0,-1.0,1.0,-1.0,1.0,-1.0,-1.0,-1.0,-1.0,1.0,0.0,1.0,-1.0,-1.0,-1.0,0.0,-1.0,-1.0,-1.0,-1.0,1.0,1.0,1.0,-1.0,-1.0,1.0,-1.0,0.9986138302304536,1,model_only,
-1.0,-1.0,-1.0,-1.0,-1.0,1.0,1.0,1.0,0.0,-1.0,-1.0,-1.0,1.0,1.0,1.0,-1.0,-1.0,-1.0,0.0,-1.0,-1.0,-1.0,-1.0,1.0,1.0,-1.0,1.0,-1.0,1.0,-1.0,0.9994282767150963,1,model_only,
-1.0,-1.0,-1.0,-1.0,-1.0,0.0,-1.0,1.0,0.0,-1.0,-1.0,-1.0,1.0,1.0,1.0,-1.0,-1.0,-1.0,0.0,-1.0,-1.0,-1.0,-1.0,1.0,1.0,1.0,-1.0,-1.0,1.0,-1.0,0.7756995613356349,1,model_only,
-1.0,-1.0,-1.0,1.0,-1.0,0.0,1.0,1.0,1.0,-1.0,-1.0,-1.0,-1.0,1.0,1.0,-1.0,-1.0,-1.0,0.0,-1.0,-1.0,-1.0,-1.0,1.0,-1.0,1.0,0.0,-1.0,0.0,-1.0,0.9672556817623441,1,model_only,
-1.0,-1.0,-1.0,-1.0,-1.0,-1.0,-1.0,-1.0,0.0,-1.0,-1.0,-1.0,1.0,1.0,0.0,-1.0,-1.0,-1.0,0.0,-1.0,-1.0,-1.0,-1.0,-1.0,-1.0,1.0,-1.0,1.0,0.0,-1.0,0.00010145551773996334,0,model_only,
-1.0,-1.0,-1.0,-1.0,-1.0,0.0,1.0,1.0,1.0,-1.0,-1.0,-1.0,1.0,0.0,0.0,-1.0,-1.0,-1.0,0.0,-1.0,-1.0,-1.0,-1.0,1.0,-1.0,1.0,1.0,-1.0,0.0,-1.0,0.5185587806306498,1,model_only,
-1.0,-1.0,-1.0,-1.0,-1.0,0.0,0.0,0.0,1.0,-1.0,-1.0,-1.0,-1.0,-1.0,-1.0,-1.0,-1.0,-1.0,0.0,-1.0,-1.0,-1.0,-1.0,1.0,-1.0,-1.0,-1.0,-1.0,0.0,-1.0,5.350188306867091e-12,0,model_only,
-1.0,-1.0,-1.0,-1.0,-1.0,-1.0,-1.0,1.0,-1.0,-1.0,-1.0,-1.0,1.0,0.0,0.0,-1.0,-1.0,-1.0,0.0,-1.0,-1.0,-1.0,-1.0,1.0,-1.0,0.0,-1.0,-1.0,0.0,-1.0,0.6842326125401273,1,model_only,
-1.0,-1.0,-1.0,-1.0,-1.0,-1.0,-1.0,-1.0,0.0,1.0,1.0,-1.0,1.0,1.0,0.0,-1.0,1.0,-1.0,0.0,1.0,1.0,1.0,1.0,-1.0,-1.0,0.0,-1.0,1.0,0.0,1.0,0.9896622573173949,1,model_only,
-1.0,-1.0,-1.0,1.0,-1.0,-1.0,-1.0,-1.0,1.0,-1.0,-1.0,-1.0,1.0,-1.0,0.0,-1.0,-1.0,-1.0,0.0,-1.0,-1.0,-1.0,-1.0,-1.0,1.0,-1.0,-1.0,-1.0,1.0,-1.0,9.72151824866072e-12,0,model_only,
-1.0,-1.0,-1.0,-1.0,-1.0,0.0,-1.0,-1.0,0.0,1.0,1.0,-1.0,1.0,-1.0,0.0,-1.0,1.0,-1.0,0.0,1.0,-1.0,1.0,1.0,-1.0,1.0,0.0,0.0,-1.0,1.0,1.0,0.5142530936577724,1,model_only,
-1.0,-1.0,-1.0,-1.0,-1.0,-1.0,-1.0,1.0,0.0,-1.0,-1.0,-1.0,1.0,0.0,-1.0,-1.0,-1.0,-1.0,0.0,-1.0,-1.0,-1.0,-1.0,1.0,-1.0,1.0,-1.0,-1.0,0.0,-1.0,0.010994564780943806,0,model_only,
-1.0,-1.0,-1.0,-1.0,-1.0,0.0,1.0,1.0,-1.0,-1.0,-1.0,-1.0,1.0,0.0,0.0,-1.0,-1.0,-1.0,0.0,-1.0,-1.0,-1.0,-1.0,-1.0,1.0,0.0,-1.0,1.0,1.0,-1.0,0.9885925807122393,1,model_only,
-1.0,-1.0,-1.0,-1.0,-1.0,-1.0,-1.0,1.0,0.0,-1.0,-1.0,-1.0,1.0,0.0,-1.0,-1.0,-1.0,-1.0,0.0,-1.0,-1.0,-1.0,-1.0,-1.0,-1.0,0.0,-1.0,-1.0,0.0,-1.0,0.004092736224076088,0,model_only,
-1.0,-1.0,-1.0,-1.0,-1.0,-1.0,-1.0,-1.0,1.0,1.0,1.0,-1.0,-1.0,-1.0,1.0,-1.0,1.0,-1.0,0.0,1.0,-1.0,1.0,1.0,1.0,-1.0,-1.0,-1.0,-1.0,0.0,1.0,1.2036253527857519e-06,0,model_only,
-1.0,-1.0,-1.0,-1.0,-1.0,-1.0,1.0,1.0,-1.0,-1.0,-1.0,-1.0,1.0,0.0,0.0,-1.0,-1.0,-1.0,0.0,-1.0,-1.0,-1.0,-1.0,-1.0,-1.0,0.0,-1.0,-1.0,0.0,-1.0,0.29505271970421143,0,model_only,
-1.0,-1.0,-1.0,-1.0,-1.0,-1.0,0.0,-1.0,0.0,-1.0,-1.0,-1.0,1.0,-1.0,-1.0,-1.0,-1.0,-1.0,0.0,-1.0,-1.0,-1.0,-1.0,-1.0,-1.0,0.0,-1.0,-1.0,0.0,-1.0,4.977348982719482e-14,0,model_only,
1.0,-1.0,1.0,-1.0,1.0,0.0,0.0,-1.0,-1.0,-1.0,-1.0,1.0,1.0,1.0,0.0,-1.0,-1.0,1.0,1.0,-1.0,-1.0,-1.0,-1.0,0.0,1.0,1.0,-1.0,-1.0,1.0,-1.0,0.0001623578199276324,0,model_only,
-1.0,-1.0,-1.0,-1.0,-1.0,-1.0,-1.0,-1.0,1.0,-1.0,-1.0,-1.0,1.0,-1.0,0.0,-1.0,-1.0,-1.0,0.0,-1.0,-1.0,-1.0,-1.0,-1.0,-1.0,0.0,-1.0,-1.0,0.0,-1.0,4.801177534931474e-14,0,model_only,
-1.0,-1.0,-1.0,-1.0,-1.0,0.0,0.0,1.0,1.0,-1.0,-1.0,-1.0,-1.0,0.0,1.0,-1.0,-1.0,-1.0,0.0,-1.0,-1.0,-1.0,-1.0,-1.0,-1.0,1.0,-1.0,-1.0,0.0,-1.0,0.6066148844296664,1,model_only,
1.0,-1.0,1.0,-1.0,1.0,0.0,1.0,1.0,1.0,-1.0,-1.0,1.0,-1.0,0.0,1.0,-1.0,-1.0,1.0,1.0,-1.0,-1.0,-1.0,-1.0,0.0,1.0,1.0,1.0,-1.0,1.0,-1.0,0.2199014978927901,0,model_only,
-1.0,-1.0,-1.0,-1.0,-1.0,0.0,0.0,0.0,0.0,-1.0,-1.0,-1.0,1.0,-1.0,0.0,-1.0,-1.0,-1.0,0.0,-1.0,-1.0,-1.0,-1.0,1.0,-1.0,-1.0,-1.0,-1.0,0.0,-1.0,2.1800875436120077e-08,0,model_only,
-1.0,-1.0,-1.0,-1.0,-1.0,0.0,0.0,1.0,1.0,1.0,1.0,-1.0,-1.0,1.0,0.0,-1.0,1.0,-1.0,0.0,1.0,-1.0,1.0,1.0,-1.0,1.0,1.0,-1.0,-1.0,1.0,1.0,0.9999970874165759,1,model_only,
-1.0,-1.0,-1.0,-1.0,-1.0,-1.0,-1.0,1.0,0.0,-1.0,-1.0,-1.0,1.0,0.0,0.0,-1.0,-1.0,-1.0,0.0,-1.0,-1.0,-1.0,-1.0,1.0,-1.0,1.0,-1.0,-1.0,0.0,-1.0,0.3242258938023173,0,model_only,
-1.0,1.0,-1.0,-1.0,-1.0,0.0,0.0,-1.0,0.0,-1.0,-1.0,-1.0,1.0,-1.0,-1.0,1.0,-1.0,-1.0,0.0,-1.0,-1.0,-1.0,-1.0,-1.0,-1.0,0.0,-1.0,-1.0,0.0,-1.0,1.4709492712529085e-12,0,model_only,
-1.0,-1.0,-1.0,-1.0,-1.0,-1.0,-1.0,-1.0,0.0,-1.0,-1.0,-1.0,-1.0,0.0,-1.0,-1.0,-1.0,-1.0,0.0,-1.0,-1.0,-1.0,-1.0,-1.0,1.0,0.0,-1.0,1.0,1.0,-1.0,7.470150718764808e-11,0,model_only,
-1.0,-1.0,-1.0,-1.0,-1.0,-1.0,0.0,-1.0,-1.0,-1.0,-1.0,-1.0,1.0,-1.0,0.0,-1.0,-1.0,-1.0,0.0,-1.0,-1.0,-1.0,-1.0,-1.0,-1.0,-1.0,-1.0,-1.0,0.0,-1.0,1.1256073801672177e-12,0,model_only,
-1.0,-1.0,-1.0,-1.0,-1.0,-1.0,0.0,1.0,-1.0,-1.0,-1.0,-1.0,1.0,0.0,1.0,-1.0,-1.0,-1.0,0.0,-1.0,-1.0,-1.0,-1.0,-1.0,-1.0,1.0,-1.0,-1.0,0.0,-1.0,0.7736044733847116,1,model_only,
-1.0,1.0,-1.0,1.0,-1.0,1.0,1.0,1.0,1.0,-1.0,-1.0,-1.0,-1.0,1.0,1.0,1.0,-1.0,-1.0,0.0,-1.0,-1.0,-1.0,-1.0,1.0,-1.0,1.0,-1.0,-1.0,0.0,-1.0,0.9999994026313432,1,model_only,
-1.0,1.0,-1.0,-1.0,-1.0,1.0,-1.0,1.0,-1.0,-1.0,-1.0,-1.0,1.0,1.0,0.0,1.0,-1.0,-1.0,0.0,-1.0,-1.0,-1.0,-1.0,1.0,1.0,-1.0,-1.0,-1.0,1.0,-1.0,0.9999995521868712,1,model_only,
-1.0,-1.0,-1.0,-1.0,-1.0,-1.0,0.0,1.0,0.0,-1.0,-1.0,-1.0,1.0,0.0,-1.0,-1.0,-1.0,-1.0,0.0,-1.0,-1.0,-1.0,-1.0,1.0,1.0,1.0,-1.0,-1.0,1.0,-1.0,0.0005689870386880369,0,model_only,
-1.0,-1.0,-1.0,-1.0,-1.0,-1.0,0.0,-1.0,1.0,-1.0,-1.0,-1.0,-1.0,0.0,-1.0,-1.0,-1.0,-1.0,0.0,-1.0,-1.0,-1.0,-1.0,-1.0,-1.0,0.0,-1.0,1.0,0.0,-1.0,3.3929767129560246e-12,0,model_only,
-1.0,-1.0,-1.0,-1.0,-1.0,0.0,0.0,0.0,1.0,-1.0,-1.0,-1.0,-1.0,-1.0,1.0,-1.0,-1.0,-1.0,0.0,-1.0,-1.0,-1.0,-1.0,1.0,1.0,-1.0,-1.0,-1.0,1.0,-1.0,1.3274123944922469e-08,0,model_only,
-1.0,-1.0,-1.0,-1.0,-1.0,0.0,-1.0,1.0,1.0,-1.0,-1.0,-1.0,-1.0,0.0,0.0,-1.0,-1.0,-1.0,0.0,-1.0,-1.0,-1.0,-1.0,1.0,-1.0,1.0,1.0,-1.0,0.0,-1.0,0.6667780145320309,1,model_only,
-1.0,-1.0,-1.0,-1.0,-1.0,-1.0,-1.0,-1.0,0.0,-1.0,-1.0,-1.0,1.0,-1.0,0.0,-1.0,-1.0,-1.0,0.0,-1.0,-1.0,-1.0,-1.0,-1.0,-1.0,1.0,-1.0,-1.0,0.0,-1.0,2.7889072992325187e-12,0,model_only,
1.0,-1.0,1.0,-1.0,1.0,0.0,-1.0,1.0,-1.0,-1.0,-1.0,1.0,1.0,1.0,1.0,-1.0,-1.0,1.0,1.0,-1.0,-1.0,-1.0,-1.0,1.0,1.0,1.0,-1.0,-1.0,1.0,-1.0,0.9887225970409504,1,model_only,
1.0,1.0,1.0,-1.0,1.0,-1.0,1.0,1.0,-1.0,-1.0,-1.0,1.0,1.0,0.0,-1.0,1.0,-1.0,1.0,1.0,-1.0,-1.0,-1.0,-1.0,1.0,1.0,0.0,-1.0,-1.0,1.0,-1.0,0.3294076940079807,0,model_only,
1.0,-1.0,1.0,-1.0,1.0,0.0,1.0,1.0,-1.0,-1.0,-1.0,1.0,1.0,1.0,0.0,-1.0,-1.0,1.0,1.0,-1.0,-1.0,-1.0,-1.0,1.0,1.0,1.0,-1.0,-1.0,1.0,-1.0,0.9277719055130259,1,model_only,
-1.0,-1.0,-1.0,-1.0,-1.0,0.0,0.0,1.0,0.0,-1.0,-1.0,-1.0,-1.0,0.0,0.0,-1.0,-1.0,-1.0,0.0,-1.0,-1.0,-1.0,-1.0,-1.0,-1.0,1.0,0.0,-1.0,0.0,-1.0,0.670190834863137,1,model_only,
-1.0,-1.0,-1.0,-1.0,-1.0,-1.0,0.0,-1.0,0.0,1.0,1.0,-1.0,1.0,-1.0,0.0,-1.0,1.0,-1.0,0.0,1.0,1.0,1.0,1.0,-1.0,-1.0,1.0,-1.0,-1.0,0.0,1.0,2.5426735530501537e-05,0,model_only,
-1.0,-1.0,-1.0,-1.0,-1.0,-1.0,-1.0,-1.0,0.0,-1.0,-1.0,-1.0,-1.0,-1.0,-1.0,-1.0,-1.0,-1.0,0.0,-1.0,-1.0,-1.0,-1.0,-1.0,-1.0,0.0,-1.0,-1.0,0.0,-1.0,4.188857024426992e-15,0,model_only,
1.0,-1.0,1.0,-1.0,1.0,1.0,-1.0,1.0,0.0,-1.0,-1.0,1.0,1.0,0.0,0.0,-1.0,-1.0,1.0,1.0,-1.0,-1.0,-1.0,-1.0,-1.0,1.0,1.0,-1.0,-1.0,1.0,-1.0,0.9990421607801663,1,model_only,
1.0,1.0,1.0,-1.0,1.0,0.0,-1.0,-1.0,1.0,1.0,1.0,1.0,-1.0,-1.0,1.0,1.0,1.0,1.0,1.0,1.0,1.0,1.0,1.0,-1.0,1.0,-1.0,0.0,-1.0,1.0,1.0,8.56976244803604e-07,0,model_only,
-1.0,-1.0,-1.0,-1.0,-1.0,0.0,1.0,1.0,0.0,-1.0,-1.0,-1.0,1.0,0.0,1.0,-1.0,-1.0,-1.0,0.0,-1.0,-1.0,-1.0,-1.0,1.0,1.0,-1.0,1.0,-1.0,1.0,-1.0,0.9688542555197639,1,model_only,
-1.0,-1.0,-1.0,-1.0,-1.0,0.0,-1.0,1.0,-1.0,-1.0,-1.0,-1.0,1.0,0.0,0.0,-1.0,-1.0,-1.0,0.0,-1.0,-1.0,-1.0,-1.0,1.0,-1.0,1.0,0.0,-1.0,0.0,-1.0,0.9896236075496705,1,model_only,
-1.0,-1.0,-1.0,-1.0,-1.0,0.0,1.0,1.0,-1.0,-1.0,-1.0,-1.0,1.0,0.0,-1.0,-1.0,-1.0,-1.0,0.0,-1.0,-1.0,-1.0,-1.0,1.0,-1.0,1.0,1.0,-1.0,0.0,-1.0,0.756137101336726,1,model_only,
-1.0,-1.0,-1.0,-1.0,-1.0,-1.0,0.0,-1.0,0.0,1.0,1.0,-1.0,1.0,-1.0,1.0,-1.0,1.0,-1.0,0.0,1.0,1.0,1.0,1.0,-1.0,-1.0,-1.0,-1.0,-1.0,0.0,1.0,6.303495601516988e-07,0,model_only,
-1.0,-1.0,-1.0,-1.0,-1.0,-1.0,0.0,-1.0,0.0,-1.0,-1.0,-1.0,1.0,-1.0,1.0,-1.0,-1.0,-1.0,0.0,-1.0,-1.0,-1.0,-1.0,-1.0,-1.0,1.0,-1.0,-1.0,0.0,-1.0,6.444410727868728e-12,0,model_only,
-1.0,-1.0,-1.0,-1.0,-1.0,0.0,1.0,1.0,1.0,-1.0,-1.0,-1.0,-1.0,1.0,1.0,-1.0,-1.0,-1.0,0.0,-1.0,-1.0,-1.0,-1.0,1.0,1.0,-1.0,1.0,-1.0,1.0,-1.0,0.6798136192269313,1,model_only,
-1.0,-1.0,-1.0,-1.0,-1.0,0.0,-1.0,1.0,0.0,-1.0,-1.0,-1.0,-1.0,0.0,1.0,-1.0,-1.0,-1.0,0.0,-1.0,-1.0,-1.0,-1.0,1.0,-1.0,1.0,1.0,-1.0,0.0,-1.0,0.6684668282165743,1,model_only,
-1.0,-1.0,-1.0,-1.0,-1.0,-1.0,0.0,0.0,-1.0,-1.0,-1.0,-1.0,1.0,-1.0,-1.0,-1.0,-1.0,-1.0,0.0,-1.0,-1.0,-1.0,-1.0,1.0,-1.0,-1.0,-1.0,-1.0,0.0,-1.0,9.277636196442314e-11,0,model_only,
-1.0,1.0,-1.0,-1.0,-1.0,0.0,-1.0,1.0,-1.0,1.0,1.0,-1.0,1.0,0.0,-1.0,1.0,1.0,-1.0,0.0,1.0,1.0,1.0,1.0,1.0,1.0,1.0,0.0,-1.0,1.0,1.0,0.9999050028732356,1,model_only,
-1.0,-1.0,-1.0,-1.0,-1.0,1.0,-1.0,1.0,-1.0,1.0,1.0,-1.0,1.0,1.0,0.0,-1.0,1.0,-1.0,0.0,1.0,1.0,1.0,1.0,1.0,1.0,1.0,-1.0,-1.0,1.0,1.0,0.9999999189696909,1,model_only,
1.0,-1.0,1.0,-1.0,1.0,-1.0,0.0,-1.0,0.0,1.0,1.0,1.0,1.0,-1.0,1.0,-1.0,1.0,1.0,1.0,1.0,1.0,1.0,1.0,1.0,1.0,-1.0,-1.0,-1.0,1.0,1.0,0.002755117213900898,0,model_only,
-1.0,1.0,-1.0,1.0,-1.0,0.0,-1.0,1.0,-1.0,-1.0,-1.0,-1.0,1.0,0.0,1.0,1.0,-1.0,-1.0,0.0,-1.0,-1.0,-1.0,-1.0,1.0,-1.0,1.0,1.0,-1.0,0.0,-1.0,0.9999999805884295,1,model_only,
-1.0,-1.0,-1.0,-1.0,-1.0,0.0,-1.0,-1.0,1.0,-1.0,-1.0,-1.0,-1.0,-1.0,-1.0,-1.0,-1.0,-1.0,0.0,-1.0,-1.0,-1.0,-1.0,1.0,-1.0,-1.0,-1.0,-1.0,0.0,-1.0,9.330600982116954e-14,0,model_only,
1.0,-1.0,1.0,-1.0,1.0,-1.0,0.0,0.0,1.0,1.0,1.0,1.0,-1.0,-1.0,1.0,-1.0,1.0,1.0,1.0,1.0,1.0,1.0,1.0,1.0,1.0,0.0,-1.0,-1.0,1.0,1.0,1.0632797848801546e-05,0,model_only,
-1.0,-1.0,-1.0,-1.0,-1.0,-1.0,-1.0,1.0,1.0,-1.0,-1.0,-1.0,-1.0,-1.0,0.0,-1.0,-1.0,-1.0,0.0,-1.0,-1.0,-1.0,-1.0,-1.0,-1.0,0.0,-1.0,-1.0,0.0,-1.0,6.793490062976413e-11,0,model_only,
-1.0,-1.0,-1.0,-1.0,-1.0,0.0,-1.0,-1.0,1.0,-1.0,-1.0,-1.0,-1.0,0.0,-1.0,-1.0,-1.0,-1.0,0.0,-1.0,-1.0,-1.0,-1.0,-1.0,1.0,1.0,-1.0,-1.0,1.0,-1.0,9.48170287877841e-10,0,model_only,
-1.0,-1.0,-1.0,-1.0,-1.0,-1.0,0.0,0.0,-1.0,1.0,1.0,-1.0,1.0,-1.0,-1.0,-1.0,1.0,-1.0,0.0,1.0,1.0,1.0,1.0,0.0,1.0,1.0,-1.0,-1.0,1.0,1.0,0.010224075970596743,0,model_only,
-1.0,1.0,-1.0,-1.0,-1.0,1.0,1.0,1.0,-1.0,-1.0,-1.0,-1.0,1.0,0.0,1.0,1.0,-1.0,-1.0,0.0,-1.0,-1.0,-1.0,-1.0,1.0,1.0,-1.0,-1.0,-1.0,1.0,-1.0,0.9999992562014239,1,model_only,
-1.0,-1.0,-1.0,-1.0,-1.0,-1.0,1.0,1.0,1.0,-1.0,-1.0,-1.0,-1.0,1.0,1.0,-1.0,-1.0,-1.0,0.0,-1.0,-1.0,-1.0,-1.0,1.0,-1.0,1.0,1.0,1.0,0.0,-1.0,0.6863842388664617,1,model_only,
1.0,-1.0,1.0,-1.0,1.0,0.0,-1.0,1.0,0.0,-1.0,-1.0,1.0,1.0,0.0,1.0,-1.0,-1.0,1.0,1.0,-1.0,-1.0,-1.0,-1.0,1.0,1.0,1.0,-1.0,-1.0,1.0,-1.0,0.9674835456456359,1,model_only,
-1.0,-1.0,-1.0,-1.0,-1.0,0.0,0.0,0.0,1.0,-1.0,-1.0,-1.0,-1.0,-1.0,1.0,-1.0,-1.0,-1.0,0.0,-1.0,-1.0,-1.0,-1.0,0.0,1.0,-1.0,-1.0,-1.0,1.0,-1.0,1.2359195832310637e-08,0,model_only,
-1.0,-1.0,-1.0,-1.0,-1.0,0.0,0.0,1.0,1.0,-1.0,-1.0,-1.0,-1.0,0.0,0.0,-1.0,-1.0,-1.0,0.0,-1.0,-1.0,-1.0,-1.0,-1.0,-1.0,-1.0,-1.0,-1.0,0.0,-1.0,0.664723902704927,1,model_only,
-1.0,-1.0,-1.0,-1.0,-1.0,-1.0,0.0,0.0,1.0,1.0,1.0,-1.0,-1.0,-1.0,-1.0,-1.0,1.0,-1.0,0.0,1.0,1.0,1.0,1.0,1.0,1.0,1.0,-1.0,1.0,1.0,1.0,0.0007946146964773129,0,model_only,
-1.0,-1.0,-1.0,-1.0,-1.0,-1.0,-1.0,-1.0,0.0,-1.0,-1.0,-1.0,-1.0,0.0,0.0,-1.0,-1.0,-1.0,0.0,-1.0,-1.0,-1.0,-1.0,-1.0,-1.0,0.0,-1.0,1.0,0.0,-1.0,5.093880028278682e-10,0,model_only,
-1.0,-1.0,-1.0,-1.0,-1.0,0.0,0.0,-1.0,1.0,-1.0,-1.0,-1.0,-1.0,-1.0,-1.0,-1.0,-1.0,-1.0,0.0,-1.0,-1.0,-1.0,-1.0,-1.0,-1.0,1.0,0.0,-1.0,0.0,-1.0,6.373709770141976e-13,0,model_only,
-1.0,-1.0,-1.0,1.0,-1.0,0.0,0.0,0.0,1.0,-1.0,-1.0,-1.0,-1.0,-1.0,0.0,-1.0,-1.0,-1.0,0.0,-1.0,-1.0,-1.0,-1.0,0.0,1.0,-1.0,0.0,-1.0,1.0,-1.0,3.227342951615824e-07,0,model_only,
-1.0,-1.0,-1.0,-1.0,-1.0,0.0,0.0,1.0,0.0,-1.0,-1.0,-1.0,1.0,0.0,1.0,-1.0,-1.0,-1.0,0.0,-1.0,-1.0,-1.0,-1.0,-1.0,-1.0,1.0,0.0,-1.0,0.0,-1.0,0.9881429091676167,1,model_only,
-1.0,-1.0,-1.0,-1.0,-1.0,0.0,-1.0,-1.0,1.0,-1.0,-1.0,-1.0,1.0,-1.0,-1.0,-1.0,-1.0,-1.0,0.0,-1.0,-1.0,-1.0,-1.0,1.0,-1.0,-1.0,-1.0,-1.0,0.0,-1.0,5.132528848712867e-13,0,model_only,
-1.0,-1.0,-1.0,-1.0,-1.0,0.0,0.0,1.0,0.0,-1.0,-1.0,-1.0,1.0,0.0,0.0,-1.0,-1.0,-1.0,0.0,-1.0,-1.0,-1.0,-1.0,-1.0,-1.0,1.0,1.0,-1.0,0.0,-1.0,0.8863771349325645,1,model_only,
